<?xml version="1.0" encoding="UTF-8" standalone="yes"?>
<gpx version="1.1" creator="outdooractive - http://www.outdooractive.com" xmlns="http://www.topografix.com/GPX/1/1" xmlns:oa="http://www.outdooractive.com/GPX/Extensions/1" xmlns:xsi="http://www.w3.org/2001/XMLSchema-instance" xsi:schemaLocation="http://www.topografix.com/GPX/1/1 http://www.topografix.com/GPX/1/1/gpx.xsd http://www.outdooractive.com/GPX/Extensions/1 https://www.outdooractive.com/schema/gpx_extensions.xsd">
  <metadata>
    <name>Daubenhorn Via Ferrata Variant 2 (K5 - K6)</name>
    <author>
      <name>My Leukerbad AG - Leukerbad</name>
    </author>
    <link href="https://www.outdooractive.com/r/20134174"/>
    <time>2026-06-27T23:17:10.672Z</time>
    <extensions>
      <oa:oaCategory>viaferrata</oa:oaCategory>
    </extensions>
  </metadata>
  <trk>
    <name>Daubenhorn Via Ferrata Variant 2 (K5 - K6)</name>
    <desc>Experience the steep rocks around Leukerbad up close. The longest via ferrata in Switzerland provides an adrenaline rush with ladders, passages, and rock crossings.</desc>
    <type>viaferrata</type>
    <trkseg>
      <trkpt lat="46.398223" lon="7.615885">
        <ele>2338.1</ele>
        <name>46.398223,7.615885</name>
        <extensions>
          <oa:Extension>
            <oa:mapZoom>16</oa:mapZoom>
          </oa:Extension>
        </extensions>
      </trkpt>
      <trkpt lat="46.398223" lon="7.61588">
        <ele>2338.2</ele>
      </trkpt>
      <trkpt lat="46.398316" lon="7.615596">
        <ele>2335.8</ele>
      </trkpt>
      <trkpt lat="46.398366" lon="7.615471">
        <ele>2333.8</ele>
      </trkpt>
      <trkpt lat="46.398392" lon="7.615349">
        <ele>2332.6</ele>
      </trkpt>
      <trkpt lat="46.398391" lon="7.615215">
        <ele>2331.1</ele>
      </trkpt>
      <trkpt lat="46.398391" lon="7.615136">
        <ele>2330.0</ele>
      </trkpt>
      <trkpt lat="46.398413" lon="7.61506">
        <ele>2329.4</ele>
      </trkpt>
      <trkpt lat="46.39845" lon="7.614995">
        <ele>2328.4</ele>
      </trkpt>
      <trkpt lat="46.39848" lon="7.614962">
        <ele>2327.3</ele>
      </trkpt>
      <trkpt lat="46.398498" lon="7.614937">
        <ele>2326.8</ele>
      </trkpt>
      <trkpt lat="46.398499" lon="7.614896">
        <ele>2326.4</ele>
      </trkpt>
      <trkpt lat="46.398482" lon="7.614815">
        <ele>2325.1</ele>
      </trkpt>
      <trkpt lat="46.398466" lon="7.614745">
        <ele>2324.0</ele>
      </trkpt>
      <trkpt lat="46.398426" lon="7.614615">
        <ele>2321.7</ele>
      </trkpt>
      <trkpt lat="46.398389" lon="7.614517">
        <ele>2320.2</ele>
      </trkpt>
      <trkpt lat="46.39838" lon="7.614472">
        <ele>2320.0</ele>
      </trkpt>
      <trkpt lat="46.398376" lon="7.61443">
        <ele>2320.3</ele>
      </trkpt>
      <trkpt lat="46.398349" lon="7.614438">
        <ele>2320.4</ele>
      </trkpt>
      <trkpt lat="46.398315" lon="7.614434">
        <ele>2320.4</ele>
      </trkpt>
      <trkpt lat="46.398275" lon="7.614398">
        <ele>2320.0</ele>
      </trkpt>
      <trkpt lat="46.398243" lon="7.614349">
        <ele>2319.2</ele>
      </trkpt>
      <trkpt lat="46.398216" lon="7.614283">
        <ele>2318.2</ele>
      </trkpt>
      <trkpt lat="46.39819" lon="7.614227">
        <ele>2318.2</ele>
      </trkpt>
      <trkpt lat="46.398151" lon="7.614173">
        <ele>2319.0</ele>
      </trkpt>
      <trkpt lat="46.398036" lon="7.614055">
        <ele>2318.3</ele>
      </trkpt>
      <trkpt lat="46.397983" lon="7.613993">
        <ele>2318.2</ele>
      </trkpt>
      <trkpt lat="46.397947" lon="7.613983">
        <ele>2317.9</ele>
      </trkpt>
      <trkpt lat="46.397914" lon="7.613991">
        <ele>2317.5</ele>
      </trkpt>
      <trkpt lat="46.39787" lon="7.614014">
        <ele>2316.6</ele>
      </trkpt>
      <trkpt lat="46.397789" lon="7.613973">
        <ele>2314.0</ele>
      </trkpt>
      <trkpt lat="46.397731" lon="7.613939">
        <ele>2312.5</ele>
      </trkpt>
      <trkpt lat="46.397702" lon="7.613888">
        <ele>2312.1</ele>
      </trkpt>
      <trkpt lat="46.397694" lon="7.613876">
        <ele>2311.9</ele>
      </trkpt>
      <trkpt lat="46.397654" lon="7.613793">
        <ele>2310.8</ele>
      </trkpt>
      <trkpt lat="46.397633" lon="7.613713">
        <ele>2309.6</ele>
      </trkpt>
      <trkpt lat="46.397616" lon="7.613652">
        <ele>2308.5</ele>
      </trkpt>
      <trkpt lat="46.397606" lon="7.613556">
        <ele>2307.1</ele>
      </trkpt>
      <trkpt lat="46.397616" lon="7.613463">
        <ele>2305.6</ele>
      </trkpt>
      <trkpt lat="46.397588" lon="7.613341">
        <ele>2303.8</ele>
      </trkpt>
      <trkpt lat="46.397511" lon="7.613181">
        <ele>2301.5</ele>
      </trkpt>
      <trkpt lat="46.397378" lon="7.612994">
        <ele>2298.2</ele>
      </trkpt>
      <trkpt lat="46.397328" lon="7.612903">
        <ele>2296.1</ele>
      </trkpt>
      <trkpt lat="46.397239" lon="7.612693">
        <ele>2294.6</ele>
      </trkpt>
      <trkpt lat="46.397191" lon="7.612544">
        <ele>2292.2</ele>
      </trkpt>
      <trkpt lat="46.397165" lon="7.612486">
        <ele>2291.9</ele>
      </trkpt>
      <trkpt lat="46.397089" lon="7.61237">
        <ele>2289.1</ele>
      </trkpt>
      <trkpt lat="46.397033" lon="7.612293">
        <ele>2289.5</ele>
      </trkpt>
      <trkpt lat="46.396945" lon="7.612221">
        <ele>2292.0</ele>
      </trkpt>
      <trkpt lat="46.396858" lon="7.612163">
        <ele>2290.2</ele>
      </trkpt>
      <trkpt lat="46.396745" lon="7.61217">
        <ele>2289.0</ele>
      </trkpt>
      <trkpt lat="46.396613" lon="7.612139">
        <ele>2288.2</ele>
      </trkpt>
      <trkpt lat="46.396556" lon="7.612122">
        <ele>2287.4</ele>
      </trkpt>
      <trkpt lat="46.396541" lon="7.612088">
        <ele>2286.8</ele>
      </trkpt>
      <trkpt lat="46.396541" lon="7.612033">
        <ele>2286.0</ele>
      </trkpt>
      <trkpt lat="46.396576" lon="7.61191">
        <ele>2284.7</ele>
      </trkpt>
      <trkpt lat="46.396639" lon="7.611778">
        <ele>2282.4</ele>
      </trkpt>
      <trkpt lat="46.3967" lon="7.611594">
        <ele>2279.9</ele>
      </trkpt>
      <trkpt lat="46.396685" lon="7.611533">
        <ele>2279.2</ele>
      </trkpt>
      <trkpt lat="46.396659" lon="7.611522">
        <ele>2278.7</ele>
      </trkpt>
      <trkpt lat="46.396623" lon="7.611536">
        <ele>2278.1</ele>
      </trkpt>
      <trkpt lat="46.396572" lon="7.611552">
        <ele>2277.1</ele>
      </trkpt>
      <trkpt lat="46.396541" lon="7.611538">
        <ele>2276.4</ele>
      </trkpt>
      <trkpt lat="46.396546" lon="7.611484">
        <ele>2275.4</ele>
      </trkpt>
      <trkpt lat="46.396558" lon="7.611395">
        <ele>2274.1</ele>
      </trkpt>
      <trkpt lat="46.396527" lon="7.611364">
        <ele>2273.1</ele>
      </trkpt>
      <trkpt lat="46.396443" lon="7.611374">
        <ele>2271.7</ele>
      </trkpt>
      <trkpt lat="46.396373" lon="7.611397">
        <ele>2270.0</ele>
      </trkpt>
      <trkpt lat="46.396344" lon="7.611442">
        <ele>2269.9</ele>
      </trkpt>
      <trkpt lat="46.396281" lon="7.611411">
        <ele>2268.5</ele>
      </trkpt>
      <trkpt lat="46.396257" lon="7.611583">
        <ele>2267.9</ele>
      </trkpt>
      <trkpt lat="46.396247" lon="7.611701">
        <ele>2267.1</ele>
      </trkpt>
      <trkpt lat="46.396245" lon="7.611847">
        <ele>2267.3</ele>
      </trkpt>
      <trkpt lat="46.396253" lon="7.612153">
        <ele>2260.6</ele>
      </trkpt>
      <trkpt lat="46.396259" lon="7.612376">
        <ele>2258.5</ele>
      </trkpt>
      <trkpt lat="46.396253" lon="7.612491">
        <ele>2256.5</ele>
      </trkpt>
      <trkpt lat="46.396241" lon="7.612507">
        <ele>2255.7</ele>
      </trkpt>
      <trkpt lat="46.396222" lon="7.612504">
        <ele>2254.5</ele>
      </trkpt>
      <trkpt lat="46.396215" lon="7.612478">
        <ele>2254.4</ele>
      </trkpt>
      <trkpt lat="46.396214" lon="7.612414">
        <ele>2254.0</ele>
      </trkpt>
      <trkpt lat="46.396211" lon="7.612386">
        <ele>2253.6</ele>
      </trkpt>
      <trkpt lat="46.396194" lon="7.612339">
        <ele>2251.7</ele>
      </trkpt>
      <trkpt lat="46.396173" lon="7.612299">
        <ele>2250.3</ele>
      </trkpt>
      <trkpt lat="46.396166" lon="7.612258">
        <ele>2249.8</ele>
      </trkpt>
      <trkpt lat="46.396165" lon="7.612199">
        <ele>2250.6</ele>
      </trkpt>
      <trkpt lat="46.396149" lon="7.612141">
        <ele>2249.7</ele>
      </trkpt>
      <trkpt lat="46.396129" lon="7.61211">
        <ele>2248.2</ele>
      </trkpt>
      <trkpt lat="46.396077" lon="7.61206">
        <ele>2244.3</ele>
      </trkpt>
      <trkpt lat="46.396015" lon="7.612045">
        <ele>2240.9</ele>
      </trkpt>
      <trkpt lat="46.395987" lon="7.612002">
        <ele>2240.8</ele>
      </trkpt>
      <trkpt lat="46.395974" lon="7.611988">
        <ele>2241.0</ele>
      </trkpt>
      <trkpt lat="46.395961" lon="7.611993">
        <ele>2240.4</ele>
      </trkpt>
      <trkpt lat="46.39596" lon="7.612017">
        <ele>2239.1</ele>
      </trkpt>
      <trkpt lat="46.395961" lon="7.612157">
        <ele>2235.4</ele>
      </trkpt>
      <trkpt lat="46.395978" lon="7.61226">
        <ele>2232.9</ele>
      </trkpt>
      <trkpt lat="46.395999" lon="7.612338">
        <ele>2231.4</ele>
      </trkpt>
      <trkpt lat="46.395999" lon="7.612371">
        <ele>2230.8</ele>
      </trkpt>
      <trkpt lat="46.395988" lon="7.6124">
        <ele>2230.0</ele>
      </trkpt>
      <trkpt lat="46.395969" lon="7.612391">
        <ele>2229.1</ele>
      </trkpt>
      <trkpt lat="46.395932" lon="7.612375">
        <ele>2227.3</ele>
      </trkpt>
      <trkpt lat="46.395891" lon="7.61235">
        <ele>2226.0</ele>
      </trkpt>
      <trkpt lat="46.395846" lon="7.612335">
        <ele>2224.4</ele>
      </trkpt>
      <trkpt lat="46.395807" lon="7.612332">
        <ele>2222.6</ele>
      </trkpt>
      <trkpt lat="46.395769" lon="7.612335">
        <ele>2221.5</ele>
      </trkpt>
      <trkpt lat="46.395733" lon="7.612354">
        <ele>2220.2</ele>
      </trkpt>
      <trkpt lat="46.395678" lon="7.6124">
        <ele>2217.8</ele>
      </trkpt>
      <trkpt lat="46.395629" lon="7.612425">
        <ele>2216.1</ele>
      </trkpt>
      <trkpt lat="46.395588" lon="7.612433">
        <ele>2214.5</ele>
      </trkpt>
      <trkpt lat="46.395566" lon="7.61243">
        <ele>2213.7</ele>
      </trkpt>
      <trkpt lat="46.395475" lon="7.612421">
        <ele>2210.1</ele>
      </trkpt>
      <trkpt lat="46.395433" lon="7.612424">
        <ele>2208.7</ele>
      </trkpt>
      <trkpt lat="46.395398" lon="7.612435">
        <ele>2207.7</ele>
      </trkpt>
      <trkpt lat="46.395365" lon="7.612462">
        <ele>2206.3</ele>
      </trkpt>
      <trkpt lat="46.395308" lon="7.61252">
        <ele>2204.5</ele>
      </trkpt>
      <trkpt lat="46.395227" lon="7.612589">
        <ele>2202.9</ele>
      </trkpt>
      <trkpt lat="46.395182" lon="7.612626">
        <ele>2201.8</ele>
      </trkpt>
      <trkpt lat="46.395139" lon="7.612676">
        <ele>2200.3</ele>
      </trkpt>
      <trkpt lat="46.395077" lon="7.612717">
        <ele>2198.6</ele>
      </trkpt>
      <trkpt lat="46.394989" lon="7.612767">
        <ele>2197.0</ele>
      </trkpt>
      <trkpt lat="46.394931" lon="7.612809">
        <ele>2195.8</ele>
      </trkpt>
      <trkpt lat="46.394896" lon="7.612857">
        <ele>2195.0</ele>
      </trkpt>
      <trkpt lat="46.394858" lon="7.612895">
        <ele>2194.3</ele>
      </trkpt>
      <trkpt lat="46.394829" lon="7.612939">
        <ele>2193.2</ele>
      </trkpt>
      <trkpt lat="46.39481" lon="7.612952">
        <ele>2193.0</ele>
      </trkpt>
      <trkpt lat="46.394776" lon="7.612971">
        <ele>2192.4</ele>
      </trkpt>
      <trkpt lat="46.394751" lon="7.613002">
        <ele>2191.5</ele>
      </trkpt>
      <trkpt lat="46.394743" lon="7.613024">
        <ele>2190.7</ele>
      </trkpt>
      <trkpt lat="46.394728" lon="7.613039">
        <ele>2190.1</ele>
      </trkpt>
      <trkpt lat="46.394697" lon="7.613036">
        <ele>2189.6</ele>
      </trkpt>
      <trkpt lat="46.394681" lon="7.613045">
        <ele>2189.3</ele>
      </trkpt>
      <trkpt lat="46.394675" lon="7.613092">
        <ele>2188.1</ele>
      </trkpt>
      <trkpt lat="46.394673" lon="7.613219">
        <ele>2185.1</ele>
      </trkpt>
      <trkpt lat="46.394696" lon="7.61327">
        <ele>2183.4</ele>
      </trkpt>
      <trkpt lat="46.394684" lon="7.613326">
        <ele>2182.4</ele>
      </trkpt>
      <trkpt lat="46.394675" lon="7.613365">
        <ele>2181.9</ele>
      </trkpt>
      <trkpt lat="46.394681" lon="7.613394">
        <ele>2181.6</ele>
      </trkpt>
      <trkpt lat="46.394701" lon="7.613399">
        <ele>2181.2</ele>
      </trkpt>
      <trkpt lat="46.394723" lon="7.613385">
        <ele>2180.8</ele>
      </trkpt>
      <trkpt lat="46.394798" lon="7.613359">
        <ele>2179.0</ele>
      </trkpt>
      <trkpt lat="46.394877" lon="7.613336">
        <ele>2177.3</ele>
      </trkpt>
      <trkpt lat="46.394966" lon="7.613327">
        <ele>2174.4</ele>
      </trkpt>
      <trkpt lat="46.395046" lon="7.613361">
        <ele>2171.3</ele>
      </trkpt>
      <trkpt lat="46.395122" lon="7.613349">
        <ele>2168.1</ele>
      </trkpt>
      <trkpt lat="46.395202" lon="7.613311">
        <ele>2166.8</ele>
      </trkpt>
      <trkpt lat="46.395284" lon="7.613326">
        <ele>2165.9</ele>
      </trkpt>
      <trkpt lat="46.395327" lon="7.613348">
        <ele>2165.0</ele>
      </trkpt>
      <trkpt lat="46.395347" lon="7.613387">
        <ele>2164.4</ele>
      </trkpt>
      <trkpt lat="46.39536" lon="7.613444">
        <ele>2163.9</ele>
      </trkpt>
      <trkpt lat="46.39536" lon="7.613515">
        <ele>2163.4</ele>
      </trkpt>
      <trkpt lat="46.395337" lon="7.613595">
        <ele>2161.7</ele>
      </trkpt>
      <trkpt lat="46.395312" lon="7.613653">
        <ele>2160.1</ele>
      </trkpt>
      <trkpt lat="46.395284" lon="7.613712">
        <ele>2158.5</ele>
      </trkpt>
      <trkpt lat="46.395257" lon="7.613765">
        <ele>2158.7</ele>
      </trkpt>
      <trkpt lat="46.395224" lon="7.613793">
        <ele>2156.6</ele>
      </trkpt>
      <trkpt lat="46.39518" lon="7.61384">
        <ele>2154.3</ele>
      </trkpt>
      <trkpt lat="46.39515" lon="7.613885">
        <ele>2152.9</ele>
      </trkpt>
      <trkpt lat="46.395105" lon="7.613971">
        <ele>2150.3</ele>
      </trkpt>
      <trkpt lat="46.395078" lon="7.614064">
        <ele>2151.9</ele>
      </trkpt>
      <trkpt lat="46.395078" lon="7.614106">
        <ele>2151.5</ele>
      </trkpt>
      <trkpt lat="46.395067" lon="7.614195">
        <ele>2145.3</ele>
      </trkpt>
      <trkpt lat="46.395053" lon="7.614265">
        <ele>2138.3</ele>
      </trkpt>
      <trkpt lat="46.395049" lon="7.614304">
        <ele>2135.3</ele>
      </trkpt>
      <trkpt lat="46.395035" lon="7.614303">
        <ele>2134.4</ele>
      </trkpt>
      <trkpt lat="46.395031" lon="7.614284">
        <ele>2134.7</ele>
      </trkpt>
      <trkpt lat="46.395033" lon="7.614226">
        <ele>2137.2</ele>
      </trkpt>
      <trkpt lat="46.395027" lon="7.614213">
        <ele>2136.2</ele>
      </trkpt>
      <trkpt lat="46.395017" lon="7.614216">
        <ele>2134.8</ele>
      </trkpt>
      <trkpt lat="46.394992" lon="7.614288">
        <ele>2132.1</ele>
      </trkpt>
      <trkpt lat="46.394979" lon="7.614354">
        <ele>2130.4</ele>
      </trkpt>
      <trkpt lat="46.394974" lon="7.614382">
        <ele>2129.6</ele>
      </trkpt>
      <trkpt lat="46.394962" lon="7.614381">
        <ele>2129.3</ele>
      </trkpt>
      <trkpt lat="46.394946" lon="7.614359">
        <ele>2129.0</ele>
      </trkpt>
      <trkpt lat="46.394935" lon="7.614326">
        <ele>2128.5</ele>
      </trkpt>
      <trkpt lat="46.394932" lon="7.614301">
        <ele>2128.0</ele>
      </trkpt>
      <trkpt lat="46.394938" lon="7.614275">
        <ele>2127.6</ele>
      </trkpt>
      <trkpt lat="46.394953" lon="7.614232">
        <ele>2127.3</ele>
      </trkpt>
      <trkpt lat="46.394988" lon="7.614164">
        <ele>2128.6</ele>
      </trkpt>
      <trkpt lat="46.394999" lon="7.614135">
        <ele>2128.8</ele>
      </trkpt>
      <trkpt lat="46.394999" lon="7.614105">
        <ele>2128.5</ele>
      </trkpt>
      <trkpt lat="46.394988" lon="7.614058">
        <ele>2125.2</ele>
      </trkpt>
      <trkpt lat="46.394973" lon="7.614026">
        <ele>2122.6</ele>
      </trkpt>
      <trkpt lat="46.394932" lon="7.613967">
        <ele>2118.6</ele>
      </trkpt>
      <trkpt lat="46.394899" lon="7.61395">
        <ele>2115.3</ele>
      </trkpt>
      <trkpt lat="46.39488" lon="7.613965">
        <ele>2114.4</ele>
      </trkpt>
      <trkpt lat="46.394902" lon="7.614012">
        <ele>2116.0</ele>
      </trkpt>
      <trkpt lat="46.394922" lon="7.614105">
        <ele>2116.8</ele>
      </trkpt>
      <trkpt lat="46.394923" lon="7.614154">
        <ele>2118.7</ele>
      </trkpt>
      <trkpt lat="46.394905" lon="7.614155">
        <ele>2116.4</ele>
      </trkpt>
      <trkpt lat="46.394877" lon="7.614124">
        <ele>2112.7</ele>
      </trkpt>
      <trkpt lat="46.394842" lon="7.614099">
        <ele>2109.2</ele>
      </trkpt>
      <trkpt lat="46.394819" lon="7.614092">
        <ele>2108.6</ele>
      </trkpt>
      <trkpt lat="46.394807" lon="7.614109">
        <ele>2108.0</ele>
      </trkpt>
      <trkpt lat="46.394814" lon="7.614136">
        <ele>2107.2</ele>
      </trkpt>
      <trkpt lat="46.394836" lon="7.614165">
        <ele>2108.3</ele>
      </trkpt>
      <trkpt lat="46.394841" lon="7.614213">
        <ele>2108.4</ele>
      </trkpt>
      <trkpt lat="46.394849" lon="7.614236">
        <ele>2110.6</ele>
      </trkpt>
      <trkpt lat="46.394833" lon="7.614249">
        <ele>2109.2</ele>
      </trkpt>
      <trkpt lat="46.394808" lon="7.614233">
        <ele>2105.2</ele>
      </trkpt>
      <trkpt lat="46.394754" lon="7.614199">
        <ele>2102.4</ele>
      </trkpt>
      <trkpt lat="46.394719" lon="7.614183">
        <ele>2104.4</ele>
      </trkpt>
      <trkpt lat="46.394714" lon="7.614199">
        <ele>2103.6</ele>
      </trkpt>
      <trkpt lat="46.394725" lon="7.614233">
        <ele>2100.7</ele>
      </trkpt>
      <trkpt lat="46.39476" lon="7.61429">
        <ele>2101.7</ele>
      </trkpt>
      <trkpt lat="46.394776" lon="7.614339">
        <ele>2108.2</ele>
      </trkpt>
      <trkpt lat="46.39477" lon="7.614355">
        <ele>2108.7</ele>
      </trkpt>
      <trkpt lat="46.394755" lon="7.614358">
        <ele>2106.2</ele>
      </trkpt>
      <trkpt lat="46.394695" lon="7.61434">
        <ele>2096.8</ele>
      </trkpt>
      <trkpt lat="46.394652" lon="7.614337">
        <ele>2094.6</ele>
      </trkpt>
      <trkpt lat="46.394606" lon="7.614361">
        <ele>2094.9</ele>
      </trkpt>
      <trkpt lat="46.394541" lon="7.614416">
        <ele>2090.8</ele>
      </trkpt>
      <trkpt lat="46.394476" lon="7.614481">
        <ele>2088.2</ele>
      </trkpt>
      <trkpt lat="46.394434" lon="7.614534">
        <ele>2086.1</ele>
      </trkpt>
      <trkpt lat="46.394383" lon="7.614629">
        <ele>2083.6</ele>
      </trkpt>
      <trkpt lat="46.394185" lon="7.614813">
        <ele>2076.0</ele>
      </trkpt>
      <trkpt lat="46.394103" lon="7.614889">
        <ele>2072.8</ele>
      </trkpt>
      <trkpt lat="46.393965" lon="7.61496">
        <ele>2069.5</ele>
      </trkpt>
      <trkpt lat="46.393918" lon="7.614971">
        <ele>2068.9</ele>
      </trkpt>
      <trkpt lat="46.393903" lon="7.614995">
        <ele>2068.1</ele>
      </trkpt>
      <trkpt lat="46.3939" lon="7.615026">
        <ele>2067.3</ele>
      </trkpt>
      <trkpt lat="46.393942" lon="7.61504">
        <ele>2066.4</ele>
      </trkpt>
      <trkpt lat="46.393903" lon="7.615129">
        <ele>2063.9</ele>
      </trkpt>
      <trkpt lat="46.393915" lon="7.615179">
        <ele>2062.5</ele>
      </trkpt>
      <trkpt lat="46.393915" lon="7.615206">
        <ele>2061.8</ele>
      </trkpt>
      <trkpt lat="46.393902" lon="7.615222">
        <ele>2061.5</ele>
      </trkpt>
      <trkpt lat="46.393859" lon="7.615246">
        <ele>2061.2</ele>
      </trkpt>
      <trkpt lat="46.3938" lon="7.615289">
        <ele>2060.0</ele>
      </trkpt>
      <trkpt lat="46.393747" lon="7.615357">
        <ele>2059.3</ele>
      </trkpt>
      <trkpt lat="46.393723" lon="7.615395">
        <ele>2059.4</ele>
      </trkpt>
      <trkpt lat="46.393687" lon="7.615407">
        <ele>2059.6</ele>
      </trkpt>
      <trkpt lat="46.393637" lon="7.615385">
        <ele>2059.8</ele>
      </trkpt>
      <trkpt lat="46.393607" lon="7.615343">
        <ele>2060.3</ele>
      </trkpt>
      <trkpt lat="46.393515" lon="7.615294">
        <ele>2060.4</ele>
      </trkpt>
      <trkpt lat="46.393446" lon="7.615267">
        <ele>2060.5</ele>
      </trkpt>
      <trkpt lat="46.393376" lon="7.615289">
        <ele>2059.9</ele>
      </trkpt>
      <trkpt lat="46.393285" lon="7.615277">
        <ele>2058.3</ele>
      </trkpt>
      <trkpt lat="46.393254" lon="7.615287">
        <ele>2057.4</ele>
      </trkpt>
      <trkpt lat="46.393216" lon="7.615295">
        <ele>2056.3</ele>
      </trkpt>
      <trkpt lat="46.393186" lon="7.615297">
        <ele>2055.5</ele>
      </trkpt>
      <trkpt lat="46.393149" lon="7.615276">
        <ele>2055.1</ele>
      </trkpt>
      <trkpt lat="46.393129" lon="7.615252">
        <ele>2055.4</ele>
      </trkpt>
      <trkpt lat="46.393092" lon="7.615247">
        <ele>2055.0</ele>
      </trkpt>
      <trkpt lat="46.393063" lon="7.615228">
        <ele>2055.5</ele>
      </trkpt>
      <trkpt lat="46.393042" lon="7.615219">
        <ele>2056.1</ele>
      </trkpt>
      <trkpt lat="46.393017" lon="7.615209">
        <ele>2057.1</ele>
      </trkpt>
      <trkpt lat="46.393006" lon="7.615187">
        <ele>2057.6</ele>
      </trkpt>
      <trkpt lat="46.393008" lon="7.615141">
        <ele>2058.5</ele>
      </trkpt>
      <trkpt lat="46.392987" lon="7.61511">
        <ele>2059.4</ele>
      </trkpt>
      <trkpt lat="46.392977" lon="7.615069">
        <ele>2060.2</ele>
      </trkpt>
      <trkpt lat="46.392953" lon="7.615038">
        <ele>2060.9</ele>
      </trkpt>
      <trkpt lat="46.392935" lon="7.61501">
        <ele>2061.3</ele>
      </trkpt>
      <trkpt lat="46.392921" lon="7.614993">
        <ele>2061.4</ele>
      </trkpt>
      <trkpt lat="46.392909" lon="7.614956">
        <ele>2061.7</ele>
      </trkpt>
      <trkpt lat="46.392894" lon="7.614936">
        <ele>2061.6</ele>
      </trkpt>
      <trkpt lat="46.392885" lon="7.614892">
        <ele>2062.0</ele>
      </trkpt>
      <trkpt lat="46.392875" lon="7.614848">
        <ele>2062.5</ele>
      </trkpt>
      <trkpt lat="46.392852" lon="7.614774">
        <ele>2063.9</ele>
      </trkpt>
      <trkpt lat="46.392824" lon="7.614708">
        <ele>2065.5</ele>
      </trkpt>
      <trkpt lat="46.392816" lon="7.614622">
        <ele>2067.4</ele>
      </trkpt>
      <trkpt lat="46.392816" lon="7.614545">
        <ele>2068.9</ele>
      </trkpt>
      <trkpt lat="46.392823" lon="7.614509">
        <ele>2069.3</ele>
      </trkpt>
      <trkpt lat="46.392847" lon="7.614446">
        <ele>2069.0</ele>
      </trkpt>
      <trkpt lat="46.392887" lon="7.61436">
        <ele>2069.1</ele>
      </trkpt>
      <trkpt lat="46.392902" lon="7.614298">
        <ele>2069.2</ele>
      </trkpt>
      <trkpt lat="46.392908" lon="7.614167">
        <ele>2068.6</ele>
      </trkpt>
      <trkpt lat="46.392901" lon="7.614054">
        <ele>2066.5</ele>
      </trkpt>
      <trkpt lat="46.39291" lon="7.614018">
        <ele>2065.6</ele>
      </trkpt>
      <trkpt lat="46.392913" lon="7.613989">
        <ele>2064.8</ele>
        <name>46.392913,7.613989</name>
        <extensions>
          <oa:Extension>
            <oa:mapZoom>16</oa:mapZoom>
          </oa:Extension>
        </extensions>
      </trkpt>
      <trkpt lat="46.392914" lon="7.613975">
        <ele>2064.4</ele>
      </trkpt>
      <trkpt lat="46.392889" lon="7.613918">
        <ele>2062.3</ele>
      </trkpt>
      <trkpt lat="46.3929" lon="7.613846">
        <ele>2060.9</ele>
      </trkpt>
      <trkpt lat="46.392925" lon="7.613756">
        <ele>2057.5</ele>
      </trkpt>
      <trkpt lat="46.392945" lon="7.61372">
        <ele>2056.6</ele>
      </trkpt>
      <trkpt lat="46.392964" lon="7.613699">
        <ele>2056.4</ele>
      </trkpt>
      <trkpt lat="46.392977" lon="7.613698">
        <ele>2056.6</ele>
      </trkpt>
      <trkpt lat="46.392999" lon="7.613695">
        <ele>2056.9</ele>
      </trkpt>
      <trkpt lat="46.39304" lon="7.613676">
        <ele>2057.4</ele>
      </trkpt>
      <trkpt lat="46.393077" lon="7.613417">
        <ele>2050.8</ele>
      </trkpt>
      <trkpt lat="46.393086" lon="7.613314">
        <ele>2047.5</ele>
      </trkpt>
      <trkpt lat="46.393125" lon="7.613242">
        <ele>2055.9</ele>
      </trkpt>
      <trkpt lat="46.393153" lon="7.612999">
        <ele>2057.7</ele>
      </trkpt>
      <trkpt lat="46.393165" lon="7.612865">
        <ele>2046.2</ele>
      </trkpt>
      <trkpt lat="46.393221" lon="7.612758">
        <ele>2046.2</ele>
      </trkpt>
      <trkpt lat="46.393192" lon="7.612607">
        <ele>2037.2</ele>
      </trkpt>
      <trkpt lat="46.39321" lon="7.612402">
        <ele>2030.7</ele>
      </trkpt>
      <trkpt lat="46.393243" lon="7.612289">
        <ele>2031.6</ele>
      </trkpt>
      <trkpt lat="46.393295" lon="7.612175">
        <ele>2041.1</ele>
      </trkpt>
      <trkpt lat="46.393273" lon="7.611954">
        <ele>2031.8</ele>
      </trkpt>
      <trkpt lat="46.393205" lon="7.611476">
        <ele>2122.6</ele>
      </trkpt>
      <trkpt lat="46.393048" lon="7.611434">
        <ele>2053.2</ele>
      </trkpt>
      <trkpt lat="46.392996" lon="7.61136">
        <ele>2086.2</ele>
      </trkpt>
      <trkpt lat="46.392939" lon="7.611323">
        <ele>2095.3</ele>
      </trkpt>
      <trkpt lat="46.392839" lon="7.611281">
        <ele>2080.7</ele>
      </trkpt>
      <trkpt lat="46.392794" lon="7.611271">
        <ele>2063.3</ele>
      </trkpt>
      <trkpt lat="46.392667" lon="7.611321">
        <ele>2041.8</ele>
      </trkpt>
      <trkpt lat="46.392602" lon="7.611326">
        <ele>2041.9</ele>
      </trkpt>
      <trkpt lat="46.392509" lon="7.61127">
        <ele>2047.3</ele>
      </trkpt>
      <trkpt lat="46.39244" lon="7.61122">
        <ele>2048.9</ele>
      </trkpt>
      <trkpt lat="46.392397" lon="7.611179">
        <ele>2049.2</ele>
      </trkpt>
      <trkpt lat="46.392355" lon="7.61119">
        <ele>2047.3</ele>
      </trkpt>
      <trkpt lat="46.392271" lon="7.611223">
        <ele>2047.0</ele>
      </trkpt>
      <trkpt lat="46.392141" lon="7.611222">
        <ele>2052.8</ele>
      </trkpt>
      <trkpt lat="46.392108" lon="7.611226">
        <ele>2054.5</ele>
      </trkpt>
      <trkpt lat="46.392058" lon="7.611257">
        <ele>2053.7</ele>
      </trkpt>
      <trkpt lat="46.391928" lon="7.61129">
        <ele>2056.5</ele>
      </trkpt>
      <trkpt lat="46.391895" lon="7.611294">
        <ele>2056.6</ele>
      </trkpt>
      <trkpt lat="46.391817" lon="7.611313">
        <ele>2056.4</ele>
      </trkpt>
      <trkpt lat="46.391737" lon="7.611311">
        <ele>2054.6</ele>
      </trkpt>
      <trkpt lat="46.391688" lon="7.611279">
        <ele>2055.7</ele>
      </trkpt>
      <trkpt lat="46.39164" lon="7.61125">
        <ele>2057.4</ele>
      </trkpt>
      <trkpt lat="46.391576" lon="7.611263">
        <ele>2055.9</ele>
      </trkpt>
      <trkpt lat="46.391489" lon="7.611262">
        <ele>2057.2</ele>
      </trkpt>
      <trkpt lat="46.39139" lon="7.611283">
        <ele>2060.1</ele>
      </trkpt>
      <trkpt lat="46.391254" lon="7.611328">
        <ele>2062.7</ele>
      </trkpt>
      <trkpt lat="46.391168" lon="7.611383">
        <ele>2065.1</ele>
      </trkpt>
      <trkpt lat="46.391076" lon="7.611426">
        <ele>2065.2</ele>
      </trkpt>
      <trkpt lat="46.391025" lon="7.611416">
        <ele>2066.2</ele>
      </trkpt>
      <trkpt lat="46.390935" lon="7.611405">
        <ele>2070.6</ele>
      </trkpt>
      <trkpt lat="46.390817" lon="7.611363">
        <ele>2067.7</ele>
      </trkpt>
      <trkpt lat="46.390751" lon="7.611333">
        <ele>2068.5</ele>
      </trkpt>
      <trkpt lat="46.390678" lon="7.611297">
        <ele>2071.3</ele>
      </trkpt>
      <trkpt lat="46.390655" lon="7.611312">
        <ele>2070.7</ele>
      </trkpt>
      <trkpt lat="46.390598" lon="7.611336">
        <ele>2069.8</ele>
      </trkpt>
      <trkpt lat="46.390541" lon="7.611314">
        <ele>2071.2</ele>
      </trkpt>
      <trkpt lat="46.39049" lon="7.611287">
        <ele>2073.4</ele>
      </trkpt>
      <trkpt lat="46.390459" lon="7.611307">
        <ele>2073.4</ele>
      </trkpt>
      <trkpt lat="46.390415" lon="7.611289">
        <ele>2074.0</ele>
      </trkpt>
      <trkpt lat="46.390378" lon="7.611286">
        <ele>2071.4</ele>
      </trkpt>
      <trkpt lat="46.390339" lon="7.611273">
        <ele>2067.6</ele>
      </trkpt>
      <trkpt lat="46.390311" lon="7.611243">
        <ele>2072.3</ele>
      </trkpt>
      <trkpt lat="46.39028" lon="7.611279">
        <ele>2070.1</ele>
      </trkpt>
      <trkpt lat="46.390254" lon="7.611311">
        <ele>2069.7</ele>
      </trkpt>
      <trkpt lat="46.390217" lon="7.611338">
        <ele>2069.7</ele>
      </trkpt>
      <trkpt lat="46.390184" lon="7.611339">
        <ele>2071.5</ele>
      </trkpt>
      <trkpt lat="46.390123" lon="7.611362">
        <ele>2070.5</ele>
      </trkpt>
      <trkpt lat="46.390063" lon="7.61136">
        <ele>2071.0</ele>
      </trkpt>
      <trkpt lat="46.389995" lon="7.611368">
        <ele>2071.0</ele>
      </trkpt>
      <trkpt lat="46.389877" lon="7.611294">
        <ele>2069.8</ele>
      </trkpt>
      <trkpt lat="46.389851" lon="7.611254">
        <ele>2071.2</ele>
      </trkpt>
      <trkpt lat="46.38981" lon="7.611176">
        <ele>2075.2</ele>
      </trkpt>
      <trkpt lat="46.389753" lon="7.611074">
        <ele>2077.8</ele>
      </trkpt>
      <trkpt lat="46.389726" lon="7.61106">
        <ele>2072.9</ele>
      </trkpt>
      <trkpt lat="46.389699" lon="7.610975">
        <ele>2076.2</ele>
      </trkpt>
      <trkpt lat="46.389638" lon="7.610909">
        <ele>2068.6</ele>
      </trkpt>
      <trkpt lat="46.389551" lon="7.610801">
        <ele>2065.3</ele>
      </trkpt>
      <trkpt lat="46.389456" lon="7.610732">
        <ele>2062.2</ele>
      </trkpt>
      <trkpt lat="46.389295" lon="7.610621">
        <ele>2063.6</ele>
      </trkpt>
      <trkpt lat="46.389214" lon="7.610641">
        <ele>2063.9</ele>
      </trkpt>
      <trkpt lat="46.38914" lon="7.610617">
        <ele>2063.9</ele>
      </trkpt>
      <trkpt lat="46.38905" lon="7.610567">
        <ele>2064.0</ele>
      </trkpt>
      <trkpt lat="46.388975" lon="7.610535">
        <ele>2064.3</ele>
      </trkpt>
      <trkpt lat="46.388962" lon="7.610511">
        <ele>2065.4</ele>
      </trkpt>
      <trkpt lat="46.38893" lon="7.610515">
        <ele>2065.0</ele>
      </trkpt>
      <trkpt lat="46.388866" lon="7.610525">
        <ele>2066.1</ele>
      </trkpt>
      <trkpt lat="46.388816" lon="7.610542">
        <ele>2065.6</ele>
      </trkpt>
      <trkpt lat="46.388734" lon="7.610575">
        <ele>2065.6</ele>
      </trkpt>
      <trkpt lat="46.388654" lon="7.61059">
        <ele>2065.7</ele>
      </trkpt>
      <trkpt lat="46.388632" lon="7.610619">
        <ele>2064.6</ele>
      </trkpt>
      <trkpt lat="46.388616" lon="7.610673">
        <ele>2064.0</ele>
      </trkpt>
      <trkpt lat="46.388609" lon="7.610689">
        <ele>2063.8</ele>
      </trkpt>
      <trkpt lat="46.388574" lon="7.610719">
        <ele>2061.9</ele>
      </trkpt>
      <trkpt lat="46.388583" lon="7.610744">
        <ele>2062.3</ele>
      </trkpt>
      <trkpt lat="46.388569" lon="7.610779">
        <ele>2061.1</ele>
      </trkpt>
      <trkpt lat="46.388538" lon="7.610785">
        <ele>2059.4</ele>
      </trkpt>
      <trkpt lat="46.388498" lon="7.610646">
        <ele>2055.1</ele>
      </trkpt>
      <trkpt lat="46.38834" lon="7.610371">
        <ele>2048.3</ele>
      </trkpt>
      <trkpt lat="46.388321" lon="7.610357">
        <ele>2048.0</ele>
      </trkpt>
      <trkpt lat="46.388268" lon="7.610335">
        <ele>2048.9</ele>
      </trkpt>
      <trkpt lat="46.388163" lon="7.610326">
        <ele>2048.5</ele>
      </trkpt>
      <trkpt lat="46.388124" lon="7.610284">
        <ele>2047.1</ele>
      </trkpt>
      <trkpt lat="46.388066" lon="7.61025">
        <ele>2044.9</ele>
      </trkpt>
      <trkpt lat="46.388016" lon="7.610219">
        <ele>2043.7</ele>
      </trkpt>
      <trkpt lat="46.387967" lon="7.610187">
        <ele>2043.6</ele>
      </trkpt>
      <trkpt lat="46.387927" lon="7.610152">
        <ele>2044.6</ele>
        <name>46.387927,7.610152</name>
        <extensions>
          <oa:Extension>
            <oa:mapZoom>16</oa:mapZoom>
          </oa:Extension>
        </extensions>
      </trkpt>
      <trkpt lat="46.387898" lon="7.610126">
        <ele>2045.2</ele>
      </trkpt>
      <trkpt lat="46.387858" lon="7.610084">
        <ele>2046.3</ele>
      </trkpt>
      <trkpt lat="46.387796" lon="7.610059">
        <ele>2048.0</ele>
      </trkpt>
      <trkpt lat="46.387791" lon="7.610051">
        <ele>2048.0</ele>
      </trkpt>
      <trkpt lat="46.387754" lon="7.610007">
        <ele>2049.1</ele>
      </trkpt>
      <trkpt lat="46.387733" lon="7.609976">
        <ele>2051.1</ele>
      </trkpt>
      <trkpt lat="46.3877" lon="7.609948">
        <ele>2050.2</ele>
      </trkpt>
      <trkpt lat="46.387657" lon="7.609923">
        <ele>2049.0</ele>
      </trkpt>
      <trkpt lat="46.387649" lon="7.609883">
        <ele>2051.0</ele>
      </trkpt>
      <trkpt lat="46.387643" lon="7.609843">
        <ele>2053.4</ele>
      </trkpt>
      <trkpt lat="46.38763" lon="7.609803">
        <ele>2055.1</ele>
      </trkpt>
      <trkpt lat="46.387643" lon="7.60974">
        <ele>2060.1</ele>
      </trkpt>
      <trkpt lat="46.3877" lon="7.609713">
        <ele>2065.4</ele>
      </trkpt>
      <trkpt lat="46.387757" lon="7.609713">
        <ele>2069.1</ele>
      </trkpt>
      <trkpt lat="46.387836" lon="7.609745">
        <ele>2073.9</ele>
      </trkpt>
      <trkpt lat="46.387893" lon="7.609718">
        <ele>2093.5</ele>
      </trkpt>
      <trkpt lat="46.38794" lon="7.609747">
        <ele>2097.7</ele>
      </trkpt>
      <trkpt lat="46.387992" lon="7.609733">
        <ele>2111.9</ele>
      </trkpt>
      <trkpt lat="46.388038" lon="7.609714">
        <ele>2119.3</ele>
      </trkpt>
      <trkpt lat="46.388058" lon="7.609707">
        <ele>2122.0</ele>
      </trkpt>
      <trkpt lat="46.388101" lon="7.609693">
        <ele>2128.8</ele>
      </trkpt>
      <trkpt lat="46.388109" lon="7.609683">
        <ele>2131.4</ele>
      </trkpt>
      <trkpt lat="46.388125" lon="7.609661">
        <ele>2137.9</ele>
      </trkpt>
      <trkpt lat="46.388133" lon="7.609651">
        <ele>2140.7</ele>
      </trkpt>
      <trkpt lat="46.388134" lon="7.609593">
        <ele>2149.8</ele>
      </trkpt>
      <trkpt lat="46.388133" lon="7.60954">
        <ele>2153.9</ele>
      </trkpt>
      <trkpt lat="46.388126" lon="7.609443">
        <ele>2155.3</ele>
      </trkpt>
      <trkpt lat="46.388126" lon="7.609318">
        <ele>2156.2</ele>
      </trkpt>
      <trkpt lat="46.388135" lon="7.609209">
        <ele>2152.3</ele>
      </trkpt>
      <trkpt lat="46.388213" lon="7.60907">
        <ele>2154.8</ele>
      </trkpt>
      <trkpt lat="46.388251" lon="7.608991">
        <ele>2158.2</ele>
      </trkpt>
      <trkpt lat="46.388249" lon="7.608908">
        <ele>2159.7</ele>
      </trkpt>
      <trkpt lat="46.388234" lon="7.608874">
        <ele>2160.0</ele>
      </trkpt>
      <trkpt lat="46.388201" lon="7.608759">
        <ele>2187.5</ele>
      </trkpt>
      <trkpt lat="46.388092" lon="7.608644">
        <ele>2216.7</ele>
      </trkpt>
      <trkpt lat="46.387978" lon="7.608474">
        <ele>2245.3</ele>
      </trkpt>
      <trkpt lat="46.387859" lon="7.608267">
        <ele>2284.4</ele>
      </trkpt>
      <trkpt lat="46.387801" lon="7.608219">
        <ele>2293.6</ele>
      </trkpt>
      <trkpt lat="46.387713" lon="7.608209">
        <ele>2290.0</ele>
      </trkpt>
      <trkpt lat="46.387531" lon="7.608235">
        <ele>2290.1</ele>
      </trkpt>
      <trkpt lat="46.38736" lon="7.608282">
        <ele>2274.6</ele>
      </trkpt>
      <trkpt lat="46.387221" lon="7.608341">
        <ele>2272.3</ele>
      </trkpt>
      <trkpt lat="46.38709" lon="7.608475">
        <ele>2240.7</ele>
      </trkpt>
      <trkpt lat="46.387028" lon="7.608577">
        <ele>2219.3</ele>
      </trkpt>
      <trkpt lat="46.386999" lon="7.608818">
        <ele>2183.6</ele>
      </trkpt>
      <trkpt lat="46.386991" lon="7.608829">
        <ele>2183.6</ele>
      </trkpt>
      <trkpt lat="46.3868" lon="7.609226">
        <ele>2196.1</ele>
      </trkpt>
      <trkpt lat="46.386597" lon="7.60961">
        <ele>2204.2</ele>
      </trkpt>
      <trkpt lat="46.386596" lon="7.609615">
        <ele>2204.2</ele>
        <name>46.386596,7.609615</name>
        <extensions>
          <oa:Extension>
            <oa:mapZoom>16</oa:mapZoom>
          </oa:Extension>
        </extensions>
      </trkpt>
      <trkpt lat="46.386537" lon="7.60985">
        <ele>2203.5</ele>
      </trkpt>
      <trkpt lat="46.386498" lon="7.609989">
        <ele>2207.6</ele>
      </trkpt>
      <trkpt lat="46.386403" lon="7.610024">
        <ele>2205.3</ele>
      </trkpt>
      <trkpt lat="46.386328" lon="7.610027">
        <ele>2209.8</ele>
      </trkpt>
      <trkpt lat="46.386284" lon="7.610067">
        <ele>2207.1</ele>
      </trkpt>
      <trkpt lat="46.386223" lon="7.610072">
        <ele>2206.8</ele>
      </trkpt>
      <trkpt lat="46.386167" lon="7.610011">
        <ele>2227.7</ele>
      </trkpt>
      <trkpt lat="46.386134" lon="7.609975">
        <ele>2242.8</ele>
      </trkpt>
      <trkpt lat="46.386104" lon="7.609951">
        <ele>2252.5</ele>
      </trkpt>
      <trkpt lat="46.38606" lon="7.609966">
        <ele>2248.3</ele>
      </trkpt>
      <trkpt lat="46.385957" lon="7.609926">
        <ele>2298.9</ele>
      </trkpt>
      <trkpt lat="46.385869" lon="7.609929">
        <ele>2294.8</ele>
      </trkpt>
      <trkpt lat="46.385867" lon="7.60993">
        <ele>2294.5</ele>
      </trkpt>
      <trkpt lat="46.385779" lon="7.609964">
        <ele>2290.7</ele>
      </trkpt>
      <trkpt lat="46.385718" lon="7.610004">
        <ele>2286.2</ele>
      </trkpt>
      <trkpt lat="46.385671" lon="7.609997">
        <ele>2289.3</ele>
      </trkpt>
      <trkpt lat="46.38572" lon="7.609986">
        <ele>2291.7</ele>
      </trkpt>
      <trkpt lat="46.385732" lon="7.609994">
        <ele>2287.6</ele>
      </trkpt>
      <trkpt lat="46.385774" lon="7.609926">
        <ele>2303.6</ele>
      </trkpt>
      <trkpt lat="46.38581" lon="7.609893">
        <ele>2310.9</ele>
      </trkpt>
      <trkpt lat="46.385807" lon="7.609815">
        <ele>2332.5</ele>
      </trkpt>
      <trkpt lat="46.385768" lon="7.609767">
        <ele>2339.2</ele>
      </trkpt>
      <trkpt lat="46.385717" lon="7.609745">
        <ele>2342.0</ele>
      </trkpt>
      <trkpt lat="46.385653" lon="7.609751">
        <ele>2342.6</ele>
      </trkpt>
      <trkpt lat="46.385613" lon="7.609724">
        <ele>2343.0</ele>
      </trkpt>
      <trkpt lat="46.385556" lon="7.609633">
        <ele>2344.2</ele>
      </trkpt>
      <trkpt lat="46.385508" lon="7.609528">
        <ele>2345.3</ele>
      </trkpt>
      <trkpt lat="46.385487" lon="7.609423">
        <ele>2345.1</ele>
      </trkpt>
      <trkpt lat="46.385488" lon="7.609349">
        <ele>2345.9</ele>
      </trkpt>
      <trkpt lat="46.385512" lon="7.60928">
        <ele>2346.8</ele>
      </trkpt>
      <trkpt lat="46.385552" lon="7.609203">
        <ele>2348.7</ele>
      </trkpt>
      <trkpt lat="46.385559" lon="7.609146">
        <ele>2349.7</ele>
      </trkpt>
      <trkpt lat="46.385571" lon="7.609089">
        <ele>2351.0</ele>
      </trkpt>
      <trkpt lat="46.385614" lon="7.609037">
        <ele>2353.5</ele>
      </trkpt>
      <trkpt lat="46.385678" lon="7.608989">
        <ele>2358.1</ele>
      </trkpt>
      <trkpt lat="46.385705" lon="7.608941">
        <ele>2358.9</ele>
      </trkpt>
      <trkpt lat="46.385758" lon="7.608855">
        <ele>2358.0</ele>
      </trkpt>
      <trkpt lat="46.385769" lon="7.608769">
        <ele>2356.7</ele>
      </trkpt>
      <trkpt lat="46.385878" lon="7.60862">
        <ele>2367.5</ele>
      </trkpt>
      <trkpt lat="46.385952" lon="7.608481">
        <ele>2400.7</ele>
      </trkpt>
      <trkpt lat="46.385992" lon="7.60842">
        <ele>2413.0</ele>
      </trkpt>
      <trkpt lat="46.385975" lon="7.608185">
        <ele>2422.1</ele>
      </trkpt>
      <trkpt lat="46.385956" lon="7.608083">
        <ele>2431.2</ele>
      </trkpt>
      <trkpt lat="46.385721" lon="7.607778">
        <ele>2411.5</ele>
      </trkpt>
      <trkpt lat="46.385767" lon="7.607635">
        <ele>2450.3</ele>
      </trkpt>
      <trkpt lat="46.385783" lon="7.6076">
        <ele>2470.2</ele>
      </trkpt>
      <trkpt lat="46.385819" lon="7.607514">
        <ele>2515.1</ele>
      </trkpt>
      <trkpt lat="46.385826" lon="7.60744">
        <ele>2547.1</ele>
      </trkpt>
      <trkpt lat="46.385837" lon="7.607256">
        <ele>2622.9</ele>
      </trkpt>
      <trkpt lat="46.385819" lon="7.60717">
        <ele>2639.5</ele>
      </trkpt>
      <trkpt lat="46.385812" lon="7.607086">
        <ele>2659.9</ele>
      </trkpt>
      <trkpt lat="46.385775" lon="7.607">
        <ele>2667.7</ele>
      </trkpt>
      <trkpt lat="46.385758" lon="7.606949">
        <ele>2674.7</ele>
      </trkpt>
      <trkpt lat="46.385792" lon="7.606784">
        <ele>2725.7</ele>
      </trkpt>
      <trkpt lat="46.385804" lon="7.606747">
        <ele>2730.1</ele>
      </trkpt>
      <trkpt lat="46.385827" lon="7.606712">
        <ele>2731.8</ele>
      </trkpt>
      <trkpt lat="46.385884" lon="7.606652">
        <ele>2732.8</ele>
      </trkpt>
      <trkpt lat="46.385907" lon="7.606584">
        <ele>2735.2</ele>
      </trkpt>
      <trkpt lat="46.385923" lon="7.606524">
        <ele>2734.2</ele>
      </trkpt>
      <trkpt lat="46.385932" lon="7.606452">
        <ele>2731.8</ele>
      </trkpt>
      <trkpt lat="46.385959" lon="7.606361">
        <ele>2730.1</ele>
      </trkpt>
      <trkpt lat="46.385996" lon="7.606227">
        <ele>2730.1</ele>
      </trkpt>
      <trkpt lat="46.385998" lon="7.606126">
        <ele>2732.0</ele>
      </trkpt>
      <trkpt lat="46.386004" lon="7.606078">
        <ele>2733.0</ele>
      </trkpt>
      <trkpt lat="46.386026" lon="7.606038">
        <ele>2733.8</ele>
      </trkpt>
      <trkpt lat="46.386018" lon="7.605973">
        <ele>2735.0</ele>
      </trkpt>
      <trkpt lat="46.386027" lon="7.605866">
        <ele>2740.4</ele>
      </trkpt>
      <trkpt lat="46.386024" lon="7.60583">
        <ele>2742.0</ele>
      </trkpt>
      <trkpt lat="46.386015" lon="7.605763">
        <ele>2742.3</ele>
      </trkpt>
      <trkpt lat="46.386028" lon="7.605698">
        <ele>2744.2</ele>
      </trkpt>
      <trkpt lat="46.386058" lon="7.605721">
        <ele>2745.9</ele>
      </trkpt>
      <trkpt lat="46.386115" lon="7.605742">
        <ele>2749.5</ele>
      </trkpt>
      <trkpt lat="46.386131" lon="7.605717">
        <ele>2750.6</ele>
      </trkpt>
      <trkpt lat="46.386164" lon="7.605707">
        <ele>2751.3</ele>
      </trkpt>
      <trkpt lat="46.386198" lon="7.605662">
        <ele>2751.0</ele>
      </trkpt>
      <trkpt lat="46.38623" lon="7.605579">
        <ele>2750.6</ele>
      </trkpt>
      <trkpt lat="46.386275" lon="7.605534">
        <ele>2752.2</ele>
      </trkpt>
      <trkpt lat="46.386311" lon="7.605513">
        <ele>2752.0</ele>
      </trkpt>
      <trkpt lat="46.386324" lon="7.605458">
        <ele>2755.7</ele>
      </trkpt>
      <trkpt lat="46.386365" lon="7.605422">
        <ele>2756.5</ele>
      </trkpt>
      <trkpt lat="46.386426" lon="7.6054">
        <ele>2761.8</ele>
      </trkpt>
      <trkpt lat="46.386451" lon="7.605309">
        <ele>2769.1</ele>
      </trkpt>
      <trkpt lat="46.386496" lon="7.605265">
        <ele>2776.0</ele>
      </trkpt>
      <trkpt lat="46.386492" lon="7.605189">
        <ele>2781.3</ele>
      </trkpt>
      <trkpt lat="46.386521" lon="7.605152">
        <ele>2783.0</ele>
      </trkpt>
      <trkpt lat="46.386547" lon="7.605078">
        <ele>2785.7</ele>
      </trkpt>
      <trkpt lat="46.386583" lon="7.604986">
        <ele>2788.7</ele>
      </trkpt>
      <trkpt lat="46.386634" lon="7.604924">
        <ele>2792.6</ele>
      </trkpt>
      <trkpt lat="46.386655" lon="7.604848">
        <ele>2795.2</ele>
      </trkpt>
      <trkpt lat="46.386684" lon="7.6048">
        <ele>2794.7</ele>
      </trkpt>
      <trkpt lat="46.386678" lon="7.604737">
        <ele>2796.3</ele>
      </trkpt>
      <trkpt lat="46.386687" lon="7.604675">
        <ele>2798.6</ele>
      </trkpt>
      <trkpt lat="46.38669" lon="7.604638">
        <ele>2800.3</ele>
      </trkpt>
      <trkpt lat="46.386752" lon="7.604554">
        <ele>2810.7</ele>
      </trkpt>
      <trkpt lat="46.386784" lon="7.604443">
        <ele>2817.6</ele>
      </trkpt>
      <trkpt lat="46.386814" lon="7.604395">
        <ele>2819.6</ele>
      </trkpt>
      <trkpt lat="46.386865" lon="7.604301">
        <ele>2823.1</ele>
      </trkpt>
      <trkpt lat="46.386921" lon="7.6042">
        <ele>2828.8</ele>
      </trkpt>
      <trkpt lat="46.387029" lon="7.604209">
        <ele>2826.3</ele>
      </trkpt>
      <trkpt lat="46.387057" lon="7.604196">
        <ele>2826.0</ele>
      </trkpt>
      <trkpt lat="46.387121" lon="7.604161">
        <ele>2819.5</ele>
      </trkpt>
      <trkpt lat="46.387181" lon="7.604176">
        <ele>2817.2</ele>
      </trkpt>
      <trkpt lat="46.387311" lon="7.604101">
        <ele>2810.3</ele>
      </trkpt>
      <trkpt lat="46.387356" lon="7.604007">
        <ele>2808.1</ele>
      </trkpt>
      <trkpt lat="46.387416" lon="7.603936">
        <ele>2807.1</ele>
      </trkpt>
      <trkpt lat="46.387465" lon="7.603903">
        <ele>2805.3</ele>
      </trkpt>
      <trkpt lat="46.387513" lon="7.603819">
        <ele>2806.0</ele>
      </trkpt>
      <trkpt lat="46.387566" lon="7.603734">
        <ele>2812.1</ele>
      </trkpt>
      <trkpt lat="46.387604" lon="7.603684">
        <ele>2815.3</ele>
      </trkpt>
      <trkpt lat="46.387634" lon="7.603609">
        <ele>2816.8</ele>
      </trkpt>
      <trkpt lat="46.387639" lon="7.60355">
        <ele>2820.5</ele>
      </trkpt>
      <trkpt lat="46.387674" lon="7.603534">
        <ele>2822.4</ele>
      </trkpt>
      <trkpt lat="46.387753" lon="7.603574">
        <ele>2825.2</ele>
      </trkpt>
      <trkpt lat="46.387807" lon="7.603612">
        <ele>2823.0</ele>
      </trkpt>
      <trkpt lat="46.387859" lon="7.603625">
        <ele>2824.0</ele>
      </trkpt>
      <trkpt lat="46.387925" lon="7.603617">
        <ele>2818.6</ele>
      </trkpt>
      <trkpt lat="46.387983" lon="7.603615">
        <ele>2817.0</ele>
      </trkpt>
      <trkpt lat="46.388015" lon="7.603607">
        <ele>2817.7</ele>
      </trkpt>
      <trkpt lat="46.388049" lon="7.603567">
        <ele>2821.8</ele>
      </trkpt>
      <trkpt lat="46.388086" lon="7.603534">
        <ele>2821.9</ele>
      </trkpt>
      <trkpt lat="46.38811" lon="7.603509">
        <ele>2821.1</ele>
      </trkpt>
      <trkpt lat="46.388135" lon="7.603468">
        <ele>2820.5</ele>
      </trkpt>
      <trkpt lat="46.388123" lon="7.603429">
        <ele>2824.5</ele>
      </trkpt>
      <trkpt lat="46.388089" lon="7.603339">
        <ele>2833.4</ele>
      </trkpt>
      <trkpt lat="46.388226" lon="7.603301">
        <ele>2837.0</ele>
      </trkpt>
      <trkpt lat="46.388299" lon="7.603313">
        <ele>2837.2</ele>
      </trkpt>
      <trkpt lat="46.38838" lon="7.60336">
        <ele>2834.8</ele>
      </trkpt>
      <trkpt lat="46.388553" lon="7.603574">
        <ele>2841.7</ele>
      </trkpt>
      <trkpt lat="46.388674" lon="7.603681">
        <ele>2844.8</ele>
      </trkpt>
      <trkpt lat="46.388694" lon="7.603647">
        <ele>2848.8</ele>
      </trkpt>
      <trkpt lat="46.388724" lon="7.603617">
        <ele>2850.8</ele>
      </trkpt>
      <trkpt lat="46.38873" lon="7.603611">
        <ele>2851.0</ele>
      </trkpt>
      <trkpt lat="46.388711" lon="7.603562">
        <ele>2856.4</ele>
      </trkpt>
      <trkpt lat="46.388677" lon="7.603546">
        <ele>2859.6</ele>
      </trkpt>
      <trkpt lat="46.388685" lon="7.603455">
        <ele>2882.3</ele>
      </trkpt>
      <trkpt lat="46.388668" lon="7.603423">
        <ele>2888.8</ele>
      </trkpt>
      <trkpt lat="46.388658" lon="7.603332">
        <ele>2894.8</ele>
      </trkpt>
      <trkpt lat="46.38861" lon="7.60322">
        <ele>2902.0</ele>
      </trkpt>
      <trkpt lat="46.388619" lon="7.603178">
        <ele>2904.2</ele>
      </trkpt>
      <trkpt lat="46.388618" lon="7.603105">
        <ele>2905.8</ele>
      </trkpt>
      <trkpt lat="46.388618" lon="7.603101">
        <ele>2905.9</ele>
      </trkpt>
      <trkpt lat="46.388603" lon="7.603047">
        <ele>2911.3</ele>
      </trkpt>
      <trkpt lat="46.388565" lon="7.602969">
        <ele>2936.6</ele>
      </trkpt>
      <trkpt lat="46.388524" lon="7.602944">
        <ele>2938.9</ele>
      </trkpt>
      <trkpt lat="46.388491" lon="7.602914">
        <ele>2939.5</ele>
      </trkpt>
      <trkpt lat="46.388446" lon="7.60291">
        <ele>2939.1</ele>
      </trkpt>
      <trkpt lat="46.388425" lon="7.602916">
        <ele>2939.1</ele>
      </trkpt>
      <trkpt lat="46.388376" lon="7.602904">
        <ele>2939.6</ele>
      </trkpt>
      <trkpt lat="46.388333" lon="7.602886">
        <ele>2939.4</ele>
      </trkpt>
      <trkpt lat="46.388273" lon="7.602858">
        <ele>2939.1</ele>
      </trkpt>
      <trkpt lat="46.388205" lon="7.602831">
        <ele>2935.4</ele>
      </trkpt>
      <trkpt lat="46.388079" lon="7.602795">
        <ele>2931.8</ele>
      </trkpt>
      <trkpt lat="46.388011" lon="7.602744">
        <ele>2927.2</ele>
      </trkpt>
      <trkpt lat="46.387917" lon="7.602726">
        <ele>2924.1</ele>
      </trkpt>
      <trkpt lat="46.387812" lon="7.602661">
        <ele>2917.0</ele>
      </trkpt>
      <trkpt lat="46.387716" lon="7.602646">
        <ele>2913.2</ele>
      </trkpt>
      <trkpt lat="46.387607" lon="7.602551">
        <ele>2905.3</ele>
      </trkpt>
      <trkpt lat="46.387541" lon="7.602528">
        <ele>2902.6</ele>
      </trkpt>
      <trkpt lat="46.387488" lon="7.602476">
        <ele>2900.6</ele>
      </trkpt>
      <trkpt lat="46.387482" lon="7.602447">
        <ele>2899.4</ele>
      </trkpt>
      <trkpt lat="46.387464" lon="7.602421">
        <ele>2898.6</ele>
      </trkpt>
      <trkpt lat="46.387461" lon="7.602393">
        <ele>2897.5</ele>
      </trkpt>
      <trkpt lat="46.387436" lon="7.602356">
        <ele>2896.2</ele>
      </trkpt>
      <trkpt lat="46.38743" lon="7.602315">
        <ele>2894.8</ele>
      </trkpt>
      <trkpt lat="46.387421" lon="7.602254">
        <ele>2892.2</ele>
      </trkpt>
      <trkpt lat="46.387434" lon="7.60227">
        <ele>2892.5</ele>
      </trkpt>
      <trkpt lat="46.387447" lon="7.602269">
        <ele>2892.1</ele>
      </trkpt>
      <trkpt lat="46.387435" lon="7.602223">
        <ele>2890.5</ele>
      </trkpt>
      <trkpt lat="46.387439" lon="7.602188">
        <ele>2888.9</ele>
      </trkpt>
      <trkpt lat="46.387467" lon="7.602181">
        <ele>2887.2</ele>
      </trkpt>
      <trkpt lat="46.387515" lon="7.602168">
        <ele>2885.3</ele>
      </trkpt>
      <trkpt lat="46.387512" lon="7.602117">
        <ele>2883.4</ele>
      </trkpt>
      <trkpt lat="46.387492" lon="7.602077">
        <ele>2882.1</ele>
      </trkpt>
      <trkpt lat="46.387514" lon="7.602076">
        <ele>2881.7</ele>
      </trkpt>
      <trkpt lat="46.387508" lon="7.602043">
        <ele>2880.4</ele>
      </trkpt>
      <trkpt lat="46.38748" lon="7.602021">
        <ele>2879.6</ele>
      </trkpt>
      <trkpt lat="46.38751" lon="7.601984">
        <ele>2877.7</ele>
      </trkpt>
      <trkpt lat="46.387485" lon="7.601944">
        <ele>2875.7</ele>
      </trkpt>
      <trkpt lat="46.387503" lon="7.6019">
        <ele>2872.9</ele>
      </trkpt>
      <trkpt lat="46.387478" lon="7.601858">
        <ele>2871.3</ele>
      </trkpt>
      <trkpt lat="46.387471" lon="7.60183">
        <ele>2870.2</ele>
      </trkpt>
      <trkpt lat="46.387478" lon="7.601772">
        <ele>2867.5</ele>
      </trkpt>
      <trkpt lat="46.387471" lon="7.601743">
        <ele>2866.0</ele>
      </trkpt>
      <trkpt lat="46.387443" lon="7.601719">
        <ele>2864.8</ele>
      </trkpt>
      <trkpt lat="46.38745" lon="7.601654">
        <ele>2861.9</ele>
      </trkpt>
      <trkpt lat="46.387427" lon="7.601618">
        <ele>2859.8</ele>
      </trkpt>
      <trkpt lat="46.387412" lon="7.601583">
        <ele>2857.8</ele>
      </trkpt>
      <trkpt lat="46.387374" lon="7.60154">
        <ele>2856.2</ele>
      </trkpt>
      <trkpt lat="46.387359" lon="7.601519">
        <ele>2855.0</ele>
      </trkpt>
      <trkpt lat="46.387346" lon="7.601464">
        <ele>2851.7</ele>
      </trkpt>
      <trkpt lat="46.387362" lon="7.601444">
        <ele>2850.5</ele>
      </trkpt>
      <trkpt lat="46.387338" lon="7.601353">
        <ele>2846.4</ele>
      </trkpt>
      <trkpt lat="46.387282" lon="7.601115">
        <ele>2839.5</ele>
      </trkpt>
      <trkpt lat="46.387174" lon="7.600987">
        <ele>2833.8</ele>
      </trkpt>
      <trkpt lat="46.387241" lon="7.60072">
        <ele>2827.2</ele>
      </trkpt>
      <trkpt lat="46.387185" lon="7.600536">
        <ele>2821.6</ele>
      </trkpt>
      <trkpt lat="46.387106" lon="7.600428">
        <ele>2815.5</ele>
      </trkpt>
      <trkpt lat="46.387076" lon="7.600336">
        <ele>2814.3</ele>
      </trkpt>
      <trkpt lat="46.386996" lon="7.600214">
        <ele>2814.4</ele>
      </trkpt>
      <trkpt lat="46.387057" lon="7.599877">
        <ele>2811.4</ele>
      </trkpt>
      <trkpt lat="46.387118" lon="7.59954">
        <ele>2808.2</ele>
      </trkpt>
      <trkpt lat="46.387206" lon="7.599048">
        <ele>2803.0</ele>
      </trkpt>
      <trkpt lat="46.387293" lon="7.598556">
        <ele>2794.6</ele>
      </trkpt>
      <trkpt lat="46.387279" lon="7.598047">
        <ele>2786.6</ele>
      </trkpt>
      <trkpt lat="46.387265" lon="7.597538">
        <ele>2778.8</ele>
      </trkpt>
      <trkpt lat="46.387258" lon="7.596984">
        <ele>2771.4</ele>
      </trkpt>
      <trkpt lat="46.387336" lon="7.596773">
        <ele>2767.3</ele>
      </trkpt>
      <trkpt lat="46.3875" lon="7.596601">
        <ele>2763.8</ele>
      </trkpt>
      <trkpt lat="46.387506" lon="7.596592">
        <ele>2763.8</ele>
      </trkpt>
      <trkpt lat="46.38758" lon="7.596492">
        <ele>2765.4</ele>
      </trkpt>
      <trkpt lat="46.387584" lon="7.596441">
        <ele>2766.6</ele>
      </trkpt>
      <trkpt lat="46.387651" lon="7.596304">
        <ele>2766.9</ele>
      </trkpt>
      <trkpt lat="46.387778" lon="7.596191">
        <ele>2764.8</ele>
      </trkpt>
      <trkpt lat="46.387863" lon="7.596075">
        <ele>2764.7</ele>
      </trkpt>
      <trkpt lat="46.387961" lon="7.59592">
        <ele>2763.3</ele>
      </trkpt>
      <trkpt lat="46.38806" lon="7.595653">
        <ele>2762.0</ele>
      </trkpt>
      <trkpt lat="46.388109" lon="7.595553">
        <ele>2762.7</ele>
      </trkpt>
      <trkpt lat="46.388079" lon="7.595457">
        <ele>2762.4</ele>
      </trkpt>
      <trkpt lat="46.388091" lon="7.595389">
        <ele>2760.7</ele>
      </trkpt>
      <trkpt lat="46.38816" lon="7.595208">
        <ele>2756.8</ele>
      </trkpt>
      <trkpt lat="46.388195" lon="7.595206">
        <ele>2755.6</ele>
      </trkpt>
      <trkpt lat="46.388209" lon="7.595196">
        <ele>2755.1</ele>
      </trkpt>
      <trkpt lat="46.38822" lon="7.595174">
        <ele>2754.6</ele>
      </trkpt>
      <trkpt lat="46.388219" lon="7.595124">
        <ele>2754.1</ele>
      </trkpt>
      <trkpt lat="46.388219" lon="7.595086">
        <ele>2753.5</ele>
      </trkpt>
      <trkpt lat="46.38823" lon="7.595067">
        <ele>2752.7</ele>
      </trkpt>
      <trkpt lat="46.388251" lon="7.59507">
        <ele>2752.0</ele>
      </trkpt>
      <trkpt lat="46.388257" lon="7.595028">
        <ele>2750.9</ele>
      </trkpt>
      <trkpt lat="46.388265" lon="7.595015">
        <ele>2750.4</ele>
      </trkpt>
      <trkpt lat="46.388284" lon="7.59503">
        <ele>2750.5</ele>
      </trkpt>
      <trkpt lat="46.388292" lon="7.594989">
        <ele>2749.5</ele>
      </trkpt>
      <trkpt lat="46.388325" lon="7.594963">
        <ele>2748.7</ele>
      </trkpt>
      <trkpt lat="46.388338" lon="7.594911">
        <ele>2747.8</ele>
      </trkpt>
      <trkpt lat="46.38832" lon="7.594835">
        <ele>2746.5</ele>
      </trkpt>
      <trkpt lat="46.388331" lon="7.594799">
        <ele>2745.8</ele>
      </trkpt>
      <trkpt lat="46.388328" lon="7.594731">
        <ele>2744.4</ele>
      </trkpt>
      <trkpt lat="46.38833" lon="7.594672">
        <ele>2743.2</ele>
      </trkpt>
      <trkpt lat="46.388359" lon="7.594579">
        <ele>2740.8</ele>
      </trkpt>
      <trkpt lat="46.388378" lon="7.59453">
        <ele>2739.4</ele>
      </trkpt>
      <trkpt lat="46.388413" lon="7.594496">
        <ele>2737.8</ele>
      </trkpt>
      <trkpt lat="46.388417" lon="7.594439">
        <ele>2736.4</ele>
      </trkpt>
      <trkpt lat="46.388454" lon="7.594429">
        <ele>2735.5</ele>
      </trkpt>
      <trkpt lat="46.388458" lon="7.594392">
        <ele>2734.7</ele>
      </trkpt>
      <trkpt lat="46.388466" lon="7.594314">
        <ele>2733.0</ele>
      </trkpt>
      <trkpt lat="46.388474" lon="7.594262">
        <ele>2731.4</ele>
      </trkpt>
      <trkpt lat="46.388502" lon="7.594246">
        <ele>2730.4</ele>
      </trkpt>
      <trkpt lat="46.388506" lon="7.594202">
        <ele>2729.5</ele>
      </trkpt>
      <trkpt lat="46.388531" lon="7.594196">
        <ele>2728.7</ele>
      </trkpt>
      <trkpt lat="46.388529" lon="7.59418">
        <ele>2728.4</ele>
      </trkpt>
      <trkpt lat="46.388517" lon="7.594145">
        <ele>2727.9</ele>
      </trkpt>
      <trkpt lat="46.38852" lon="7.594125">
        <ele>2727.3</ele>
      </trkpt>
      <trkpt lat="46.388524" lon="7.594089">
        <ele>2726.3</ele>
      </trkpt>
      <trkpt lat="46.388528" lon="7.59405">
        <ele>2725.2</ele>
      </trkpt>
      <trkpt lat="46.388549" lon="7.594052">
        <ele>2724.9</ele>
      </trkpt>
      <trkpt lat="46.388568" lon="7.594028">
        <ele>2724.1</ele>
      </trkpt>
      <trkpt lat="46.388559" lon="7.593996">
        <ele>2723.5</ele>
      </trkpt>
      <trkpt lat="46.388571" lon="7.593976">
        <ele>2722.8</ele>
      </trkpt>
      <trkpt lat="46.388585" lon="7.593953">
        <ele>2722.1</ele>
      </trkpt>
      <trkpt lat="46.388572" lon="7.593907">
        <ele>2721.5</ele>
      </trkpt>
      <trkpt lat="46.38857" lon="7.593835">
        <ele>2720.2</ele>
      </trkpt>
      <trkpt lat="46.388598" lon="7.593815">
        <ele>2719.2</ele>
      </trkpt>
      <trkpt lat="46.388633" lon="7.593738">
        <ele>2716.4</ele>
      </trkpt>
      <trkpt lat="46.388638" lon="7.593714">
        <ele>2715.7</ele>
      </trkpt>
      <trkpt lat="46.388626" lon="7.593667">
        <ele>2714.6</ele>
      </trkpt>
      <trkpt lat="46.388667" lon="7.593653">
        <ele>2713.6</ele>
      </trkpt>
      <trkpt lat="46.388665" lon="7.593599">
        <ele>2712.0</ele>
      </trkpt>
      <trkpt lat="46.388693" lon="7.593603">
        <ele>2711.4</ele>
      </trkpt>
      <trkpt lat="46.388703" lon="7.593565">
        <ele>2710.2</ele>
      </trkpt>
      <trkpt lat="46.388692" lon="7.593543">
        <ele>2709.9</ele>
      </trkpt>
      <trkpt lat="46.388691" lon="7.593522">
        <ele>2709.4</ele>
      </trkpt>
      <trkpt lat="46.388701" lon="7.593506">
        <ele>2708.7</ele>
      </trkpt>
      <trkpt lat="46.388712" lon="7.593476">
        <ele>2707.7</ele>
      </trkpt>
      <trkpt lat="46.388723" lon="7.593477">
        <ele>2707.3</ele>
      </trkpt>
      <trkpt lat="46.388732" lon="7.593466">
        <ele>2706.8</ele>
      </trkpt>
      <trkpt lat="46.388725" lon="7.593412">
        <ele>2705.8</ele>
      </trkpt>
      <trkpt lat="46.388761" lon="7.593395">
        <ele>2704.1</ele>
      </trkpt>
      <trkpt lat="46.388754" lon="7.593349">
        <ele>2703.5</ele>
      </trkpt>
      <trkpt lat="46.388765" lon="7.593308">
        <ele>2702.4</ele>
      </trkpt>
      <trkpt lat="46.388794" lon="7.593297">
        <ele>2701.2</ele>
      </trkpt>
      <trkpt lat="46.388819" lon="7.593277">
        <ele>2700.2</ele>
      </trkpt>
      <trkpt lat="46.388836" lon="7.593239">
        <ele>2699.2</ele>
      </trkpt>
      <trkpt lat="46.388851" lon="7.593226">
        <ele>2698.7</ele>
      </trkpt>
      <trkpt lat="46.388858" lon="7.593202">
        <ele>2698.3</ele>
      </trkpt>
      <trkpt lat="46.388873" lon="7.593167">
        <ele>2697.6</ele>
      </trkpt>
      <trkpt lat="46.38888" lon="7.593101">
        <ele>2696.5</ele>
      </trkpt>
      <trkpt lat="46.388895" lon="7.59306">
        <ele>2695.5</ele>
      </trkpt>
      <trkpt lat="46.388915" lon="7.593054">
        <ele>2694.6</ele>
      </trkpt>
      <trkpt lat="46.388915" lon="7.593017">
        <ele>2693.7</ele>
      </trkpt>
      <trkpt lat="46.388908" lon="7.592983">
        <ele>2693.5</ele>
      </trkpt>
      <trkpt lat="46.388908" lon="7.592947">
        <ele>2693.0</ele>
      </trkpt>
      <trkpt lat="46.388914" lon="7.59293">
        <ele>2692.6</ele>
      </trkpt>
      <trkpt lat="46.388924" lon="7.59293">
        <ele>2692.2</ele>
      </trkpt>
      <trkpt lat="46.388944" lon="7.59296">
        <ele>2692.0</ele>
      </trkpt>
      <trkpt lat="46.388966" lon="7.592959">
        <ele>2691.4</ele>
      </trkpt>
      <trkpt lat="46.38899" lon="7.592974">
        <ele>2690.9</ele>
      </trkpt>
      <trkpt lat="46.389019" lon="7.59297">
        <ele>2689.7</ele>
      </trkpt>
      <trkpt lat="46.389047" lon="7.592942">
        <ele>2688.1</ele>
      </trkpt>
      <trkpt lat="46.389044" lon="7.592917">
        <ele>2687.8</ele>
      </trkpt>
      <trkpt lat="46.389049" lon="7.592904">
        <ele>2687.3</ele>
      </trkpt>
      <trkpt lat="46.389068" lon="7.59291">
        <ele>2686.6</ele>
      </trkpt>
      <trkpt lat="46.3891" lon="7.592925">
        <ele>2685.6</ele>
      </trkpt>
      <trkpt lat="46.389122" lon="7.592864">
        <ele>2683.6</ele>
      </trkpt>
      <trkpt lat="46.389147" lon="7.59287">
        <ele>2682.3</ele>
      </trkpt>
      <trkpt lat="46.389155" lon="7.592797">
        <ele>2680.9</ele>
      </trkpt>
      <trkpt lat="46.38919" lon="7.592789">
        <ele>2679.3</ele>
      </trkpt>
      <trkpt lat="46.389195" lon="7.592765">
        <ele>2678.8</ele>
      </trkpt>
      <trkpt lat="46.389206" lon="7.59275">
        <ele>2678.0</ele>
      </trkpt>
      <trkpt lat="46.389224" lon="7.592731">
        <ele>2676.8</ele>
      </trkpt>
      <trkpt lat="46.38924" lon="7.592764">
        <ele>2676.8</ele>
      </trkpt>
      <trkpt lat="46.389248" lon="7.592745">
        <ele>2676.0</ele>
      </trkpt>
      <trkpt lat="46.389263" lon="7.592728">
        <ele>2675.0</ele>
      </trkpt>
      <trkpt lat="46.389261" lon="7.592679">
        <ele>2674.1</ele>
      </trkpt>
      <trkpt lat="46.389284" lon="7.592678">
        <ele>2673.3</ele>
      </trkpt>
      <trkpt lat="46.389315" lon="7.592667">
        <ele>2671.9</ele>
      </trkpt>
      <trkpt lat="46.389322" lon="7.592628">
        <ele>2671.1</ele>
      </trkpt>
      <trkpt lat="46.389349" lon="7.592629">
        <ele>2670.3</ele>
      </trkpt>
      <trkpt lat="46.389356" lon="7.592578">
        <ele>2669.6</ele>
      </trkpt>
      <trkpt lat="46.389385" lon="7.592569">
        <ele>2668.6</ele>
      </trkpt>
      <trkpt lat="46.389386" lon="7.59252">
        <ele>2668.1</ele>
      </trkpt>
      <trkpt lat="46.389413" lon="7.592513">
        <ele>2667.5</ele>
      </trkpt>
      <trkpt lat="46.389425" lon="7.592472">
        <ele>2667.0</ele>
      </trkpt>
      <trkpt lat="46.389446" lon="7.592429">
        <ele>2665.9</ele>
      </trkpt>
      <trkpt lat="46.389472" lon="7.592415">
        <ele>2664.9</ele>
      </trkpt>
      <trkpt lat="46.389506" lon="7.592433">
        <ele>2664.0</ele>
      </trkpt>
      <trkpt lat="46.389543" lon="7.592439">
        <ele>2663.2</ele>
      </trkpt>
      <trkpt lat="46.389569" lon="7.592407">
        <ele>2662.4</ele>
      </trkpt>
      <trkpt lat="46.389599" lon="7.592409">
        <ele>2661.5</ele>
      </trkpt>
      <trkpt lat="46.389627" lon="7.592402">
        <ele>2660.4</ele>
      </trkpt>
      <trkpt lat="46.389647" lon="7.592418">
        <ele>2659.7</ele>
      </trkpt>
      <trkpt lat="46.389672" lon="7.592458">
        <ele>2658.8</ele>
      </trkpt>
      <trkpt lat="46.389699" lon="7.592479">
        <ele>2658.2</ele>
      </trkpt>
      <trkpt lat="46.389725" lon="7.592536">
        <ele>2657.6</ele>
      </trkpt>
      <trkpt lat="46.389748" lon="7.592558">
        <ele>2657.2</ele>
      </trkpt>
      <trkpt lat="46.389795" lon="7.592572">
        <ele>2656.5</ele>
      </trkpt>
      <trkpt lat="46.389827" lon="7.592586">
        <ele>2655.7</ele>
      </trkpt>
      <trkpt lat="46.389863" lon="7.59258">
        <ele>2654.4</ele>
      </trkpt>
      <trkpt lat="46.389897" lon="7.59256">
        <ele>2652.9</ele>
      </trkpt>
      <trkpt lat="46.389923" lon="7.592588">
        <ele>2651.2</ele>
      </trkpt>
      <trkpt lat="46.389928" lon="7.592529">
        <ele>2651.1</ele>
      </trkpt>
      <trkpt lat="46.389942" lon="7.592547">
        <ele>2650.4</ele>
      </trkpt>
      <trkpt lat="46.389955" lon="7.592576">
        <ele>2649.6</ele>
      </trkpt>
      <trkpt lat="46.389967" lon="7.592581">
        <ele>2648.8</ele>
      </trkpt>
      <trkpt lat="46.389981" lon="7.592575">
        <ele>2648.2</ele>
      </trkpt>
      <trkpt lat="46.389985" lon="7.592532">
        <ele>2648.4</ele>
      </trkpt>
      <trkpt lat="46.389997" lon="7.592537">
        <ele>2647.8</ele>
      </trkpt>
      <trkpt lat="46.390018" lon="7.59256">
        <ele>2646.7</ele>
      </trkpt>
      <trkpt lat="46.390038" lon="7.592554">
        <ele>2645.7</ele>
      </trkpt>
      <trkpt lat="46.390067" lon="7.592596">
        <ele>2644.1</ele>
      </trkpt>
      <trkpt lat="46.390088" lon="7.592583">
        <ele>2643.4</ele>
      </trkpt>
      <trkpt lat="46.390114" lon="7.592621">
        <ele>2642.7</ele>
      </trkpt>
      <trkpt lat="46.39013" lon="7.592609">
        <ele>2642.3</ele>
      </trkpt>
      <trkpt lat="46.39014" lon="7.592559">
        <ele>2641.4</ele>
      </trkpt>
      <trkpt lat="46.390146" lon="7.59252">
        <ele>2640.6</ele>
      </trkpt>
      <trkpt lat="46.39018" lon="7.592484">
        <ele>2638.9</ele>
      </trkpt>
      <trkpt lat="46.390173" lon="7.59244">
        <ele>2637.4</ele>
      </trkpt>
      <trkpt lat="46.39019" lon="7.592435">
        <ele>2636.8</ele>
      </trkpt>
      <trkpt lat="46.390192" lon="7.59236">
        <ele>2633.5</ele>
      </trkpt>
      <trkpt lat="46.390216" lon="7.592329">
        <ele>2631.9</ele>
      </trkpt>
      <trkpt lat="46.390218" lon="7.592285">
        <ele>2629.9</ele>
      </trkpt>
      <trkpt lat="46.390244" lon="7.592279">
        <ele>2629.1</ele>
      </trkpt>
      <trkpt lat="46.390238" lon="7.59224">
        <ele>2627.7</ele>
      </trkpt>
      <trkpt lat="46.390239" lon="7.592202">
        <ele>2626.1</ele>
      </trkpt>
      <trkpt lat="46.390245" lon="7.592176">
        <ele>2624.9</ele>
      </trkpt>
      <trkpt lat="46.390242" lon="7.592142">
        <ele>2624.0</ele>
      </trkpt>
      <trkpt lat="46.390249" lon="7.592111">
        <ele>2623.0</ele>
      </trkpt>
      <trkpt lat="46.390211" lon="7.592045">
        <ele>2621.6</ele>
      </trkpt>
      <trkpt lat="46.390204" lon="7.592018">
        <ele>2620.7</ele>
      </trkpt>
      <trkpt lat="46.390213" lon="7.591981">
        <ele>2619.6</ele>
      </trkpt>
      <trkpt lat="46.390238" lon="7.591981">
        <ele>2618.7</ele>
      </trkpt>
      <trkpt lat="46.390246" lon="7.591952">
        <ele>2617.5</ele>
      </trkpt>
      <trkpt lat="46.390262" lon="7.591923">
        <ele>2616.1</ele>
      </trkpt>
      <trkpt lat="46.390262" lon="7.591885">
        <ele>2615.0</ele>
      </trkpt>
      <trkpt lat="46.390258" lon="7.591831">
        <ele>2613.3</ele>
      </trkpt>
      <trkpt lat="46.390261" lon="7.591813">
        <ele>2612.6</ele>
      </trkpt>
      <trkpt lat="46.39029" lon="7.591777">
        <ele>2610.7</ele>
      </trkpt>
      <trkpt lat="46.390308" lon="7.591764">
        <ele>2609.8</ele>
      </trkpt>
      <trkpt lat="46.390313" lon="7.591731">
        <ele>2608.9</ele>
      </trkpt>
      <trkpt lat="46.390327" lon="7.591719">
        <ele>2608.0</ele>
      </trkpt>
      <trkpt lat="46.390331" lon="7.591695">
        <ele>2607.2</ele>
      </trkpt>
      <trkpt lat="46.390329" lon="7.591645">
        <ele>2605.8</ele>
      </trkpt>
      <trkpt lat="46.390323" lon="7.591616">
        <ele>2605.2</ele>
      </trkpt>
      <trkpt lat="46.390328" lon="7.591595">
        <ele>2604.6</ele>
      </trkpt>
      <trkpt lat="46.390346" lon="7.591599">
        <ele>2604.2</ele>
      </trkpt>
      <trkpt lat="46.390344" lon="7.591546">
        <ele>2602.9</ele>
      </trkpt>
      <trkpt lat="46.390327" lon="7.591499">
        <ele>2602.3</ele>
      </trkpt>
      <trkpt lat="46.390327" lon="7.591467">
        <ele>2601.4</ele>
      </trkpt>
      <trkpt lat="46.390319" lon="7.591428">
        <ele>2600.5</ele>
      </trkpt>
      <trkpt lat="46.390324" lon="7.59141">
        <ele>2599.9</ele>
      </trkpt>
      <trkpt lat="46.390347" lon="7.591396">
        <ele>2599.0</ele>
      </trkpt>
      <trkpt lat="46.390376" lon="7.591386">
        <ele>2597.8</ele>
      </trkpt>
      <trkpt lat="46.390365" lon="7.591347">
        <ele>2597.2</ele>
      </trkpt>
      <trkpt lat="46.390362" lon="7.5913">
        <ele>2595.8</ele>
      </trkpt>
      <trkpt lat="46.390375" lon="7.59128">
        <ele>2594.7</ele>
      </trkpt>
      <trkpt lat="46.390396" lon="7.591278">
        <ele>2594.1</ele>
      </trkpt>
      <trkpt lat="46.390398" lon="7.59125">
        <ele>2593.2</ele>
      </trkpt>
      <trkpt lat="46.390391" lon="7.591223">
        <ele>2592.7</ele>
      </trkpt>
      <trkpt lat="46.390376" lon="7.591186">
        <ele>2591.9</ele>
      </trkpt>
      <trkpt lat="46.390377" lon="7.591154">
        <ele>2590.8</ele>
      </trkpt>
      <trkpt lat="46.390405" lon="7.591147">
        <ele>2589.8</ele>
      </trkpt>
      <trkpt lat="46.390412" lon="7.591117">
        <ele>2588.8</ele>
      </trkpt>
      <trkpt lat="46.390408" lon="7.591067">
        <ele>2587.6</ele>
      </trkpt>
      <trkpt lat="46.390413" lon="7.591022">
        <ele>2586.2</ele>
      </trkpt>
      <trkpt lat="46.390384" lon="7.590979">
        <ele>2585.2</ele>
      </trkpt>
      <trkpt lat="46.390401" lon="7.590941">
        <ele>2583.8</ele>
      </trkpt>
      <trkpt lat="46.390396" lon="7.590909">
        <ele>2582.7</ele>
      </trkpt>
      <trkpt lat="46.390373" lon="7.590873">
        <ele>2581.7</ele>
      </trkpt>
      <trkpt lat="46.390368" lon="7.590825">
        <ele>2580.4</ele>
      </trkpt>
      <trkpt lat="46.390358" lon="7.590782">
        <ele>2579.3</ele>
      </trkpt>
      <trkpt lat="46.390366" lon="7.590746">
        <ele>2578.0</ele>
      </trkpt>
      <trkpt lat="46.390421" lon="7.590719">
        <ele>2575.9</ele>
      </trkpt>
      <trkpt lat="46.390415" lon="7.590666">
        <ele>2574.5</ele>
      </trkpt>
      <trkpt lat="46.390423" lon="7.590636">
        <ele>2573.3</ele>
      </trkpt>
      <trkpt lat="46.390459" lon="7.590619">
        <ele>2571.9</ele>
      </trkpt>
      <trkpt lat="46.390456" lon="7.590584">
        <ele>2571.0</ele>
      </trkpt>
      <trkpt lat="46.390434" lon="7.590526">
        <ele>2569.9</ele>
      </trkpt>
      <trkpt lat="46.390412" lon="7.590453">
        <ele>2568.2</ele>
      </trkpt>
      <trkpt lat="46.39039" lon="7.590361">
        <ele>2565.8</ele>
      </trkpt>
      <trkpt lat="46.390426" lon="7.59036">
        <ele>2564.8</ele>
      </trkpt>
      <trkpt lat="46.390422" lon="7.590332">
        <ele>2564.1</ele>
      </trkpt>
      <trkpt lat="46.390435" lon="7.590309">
        <ele>2563.1</ele>
      </trkpt>
      <trkpt lat="46.390434" lon="7.590287">
        <ele>2562.3</ele>
      </trkpt>
      <trkpt lat="46.390449" lon="7.59027">
        <ele>2561.4</ele>
      </trkpt>
      <trkpt lat="46.390475" lon="7.590261">
        <ele>2560.7</ele>
      </trkpt>
      <trkpt lat="46.390489" lon="7.590215">
        <ele>2559.5</ele>
      </trkpt>
      <trkpt lat="46.390541" lon="7.590206">
        <ele>2558.2</ele>
      </trkpt>
      <trkpt lat="46.39056" lon="7.590196">
        <ele>2557.4</ele>
      </trkpt>
      <trkpt lat="46.390564" lon="7.590158">
        <ele>2556.2</ele>
      </trkpt>
      <trkpt lat="46.390584" lon="7.590161">
        <ele>2555.9</ele>
      </trkpt>
      <trkpt lat="46.390586" lon="7.590132">
        <ele>2555.0</ele>
      </trkpt>
      <trkpt lat="46.390579" lon="7.590098">
        <ele>2554.3</ele>
      </trkpt>
      <trkpt lat="46.390589" lon="7.590053">
        <ele>2552.9</ele>
      </trkpt>
      <trkpt lat="46.390605" lon="7.59006">
        <ele>2552.9</ele>
      </trkpt>
      <trkpt lat="46.390626" lon="7.59005">
        <ele>2552.2</ele>
      </trkpt>
      <trkpt lat="46.390663" lon="7.590032">
        <ele>2550.9</ele>
      </trkpt>
      <trkpt lat="46.390656" lon="7.589999">
        <ele>2549.9</ele>
      </trkpt>
      <trkpt lat="46.390662" lon="7.589985">
        <ele>2549.5</ele>
      </trkpt>
      <trkpt lat="46.390685" lon="7.589973">
        <ele>2548.9</ele>
      </trkpt>
      <trkpt lat="46.39067" lon="7.589936">
        <ele>2548.1</ele>
      </trkpt>
      <trkpt lat="46.390637" lon="7.589861">
        <ele>2546.6</ele>
      </trkpt>
      <trkpt lat="46.390632" lon="7.589809">
        <ele>2545.3</ele>
      </trkpt>
      <trkpt lat="46.390711" lon="7.589806">
        <ele>2543.1</ele>
      </trkpt>
      <trkpt lat="46.39069" lon="7.589749">
        <ele>2542.1</ele>
      </trkpt>
      <trkpt lat="46.3907" lon="7.589706">
        <ele>2540.7</ele>
      </trkpt>
      <trkpt lat="46.390724" lon="7.589686">
        <ele>2539.8</ele>
      </trkpt>
      <trkpt lat="46.390712" lon="7.589633">
        <ele>2538.3</ele>
      </trkpt>
      <trkpt lat="46.390714" lon="7.589598">
        <ele>2537.3</ele>
      </trkpt>
      <trkpt lat="46.390706" lon="7.589571">
        <ele>2537.0</ele>
      </trkpt>
      <trkpt lat="46.390702" lon="7.58952">
        <ele>2535.7</ele>
      </trkpt>
      <trkpt lat="46.390705" lon="7.58951">
        <ele>2535.3</ele>
      </trkpt>
      <trkpt lat="46.390719" lon="7.589506">
        <ele>2535.0</ele>
      </trkpt>
      <trkpt lat="46.390722" lon="7.58948">
        <ele>2534.2</ele>
      </trkpt>
      <trkpt lat="46.390716" lon="7.589466">
        <ele>2534.0</ele>
      </trkpt>
      <trkpt lat="46.390702" lon="7.589448">
        <ele>2533.8</ele>
      </trkpt>
      <trkpt lat="46.390707" lon="7.589429">
        <ele>2533.1</ele>
      </trkpt>
      <trkpt lat="46.390727" lon="7.589425">
        <ele>2532.3</ele>
      </trkpt>
      <trkpt lat="46.39074" lon="7.589397">
        <ele>2531.1</ele>
      </trkpt>
      <trkpt lat="46.390711" lon="7.589359">
        <ele>2530.7</ele>
      </trkpt>
      <trkpt lat="46.390699" lon="7.589302">
        <ele>2529.2</ele>
      </trkpt>
      <trkpt lat="46.390686" lon="7.58927">
        <ele>2528.8</ele>
      </trkpt>
      <trkpt lat="46.390723" lon="7.589275">
        <ele>2527.7</ele>
      </trkpt>
      <trkpt lat="46.39074" lon="7.589248">
        <ele>2526.3</ele>
      </trkpt>
      <trkpt lat="46.390751" lon="7.589224">
        <ele>2525.3</ele>
      </trkpt>
      <trkpt lat="46.390734" lon="7.589117">
        <ele>2522.8</ele>
      </trkpt>
      <trkpt lat="46.390763" lon="7.589098">
        <ele>2521.5</ele>
      </trkpt>
      <trkpt lat="46.390763" lon="7.589076">
        <ele>2521.1</ele>
      </trkpt>
      <trkpt lat="46.390766" lon="7.589035">
        <ele>2520.2</ele>
      </trkpt>
      <trkpt lat="46.390831" lon="7.58906">
        <ele>2518.4</ele>
      </trkpt>
      <trkpt lat="46.390832" lon="7.588987">
        <ele>2517.2</ele>
      </trkpt>
      <trkpt lat="46.390849" lon="7.588976">
        <ele>2516.4</ele>
      </trkpt>
      <trkpt lat="46.390858" lon="7.588944">
        <ele>2515.6</ele>
      </trkpt>
      <trkpt lat="46.390874" lon="7.588948">
        <ele>2515.1</ele>
      </trkpt>
      <trkpt lat="46.390874" lon="7.588903">
        <ele>2514.6</ele>
      </trkpt>
      <trkpt lat="46.390905" lon="7.588914">
        <ele>2513.6</ele>
      </trkpt>
      <trkpt lat="46.390911" lon="7.588821">
        <ele>2512.0</ele>
      </trkpt>
      <trkpt lat="46.390943" lon="7.58883">
        <ele>2511.2</ele>
      </trkpt>
      <trkpt lat="46.390962" lon="7.588802">
        <ele>2510.4</ele>
      </trkpt>
      <trkpt lat="46.390988" lon="7.588819">
        <ele>2510.0</ele>
      </trkpt>
      <trkpt lat="46.391019" lon="7.588766">
        <ele>2508.3</ele>
      </trkpt>
      <trkpt lat="46.391055" lon="7.588731">
        <ele>2506.7</ele>
      </trkpt>
      <trkpt lat="46.391065" lon="7.588683">
        <ele>2505.3</ele>
      </trkpt>
      <trkpt lat="46.391083" lon="7.588659">
        <ele>2504.2</ele>
      </trkpt>
      <trkpt lat="46.391092" lon="7.588678">
        <ele>2504.5</ele>
      </trkpt>
      <trkpt lat="46.391104" lon="7.588636">
        <ele>2503.0</ele>
      </trkpt>
      <trkpt lat="46.391123" lon="7.588646">
        <ele>2502.7</ele>
      </trkpt>
      <trkpt lat="46.391153" lon="7.588658">
        <ele>2502.2</ele>
      </trkpt>
      <trkpt lat="46.391176" lon="7.588644">
        <ele>2501.2</ele>
      </trkpt>
      <trkpt lat="46.391197" lon="7.588625">
        <ele>2500.3</ele>
      </trkpt>
      <trkpt lat="46.391197" lon="7.588591">
        <ele>2499.8</ele>
      </trkpt>
      <trkpt lat="46.391214" lon="7.588591">
        <ele>2499.2</ele>
      </trkpt>
      <trkpt lat="46.391215" lon="7.588565">
        <ele>2498.7</ele>
      </trkpt>
      <trkpt lat="46.391233" lon="7.588554">
        <ele>2498.1</ele>
      </trkpt>
      <trkpt lat="46.391247" lon="7.588554">
        <ele>2497.7</ele>
      </trkpt>
      <trkpt lat="46.391264" lon="7.588481">
        <ele>2496.3</ele>
      </trkpt>
      <trkpt lat="46.391313" lon="7.588432">
        <ele>2494.8</ele>
      </trkpt>
      <trkpt lat="46.391346" lon="7.58838">
        <ele>2493.5</ele>
      </trkpt>
      <trkpt lat="46.391362" lon="7.588344">
        <ele>2492.3</ele>
      </trkpt>
      <trkpt lat="46.391362" lon="7.588297">
        <ele>2491.4</ele>
      </trkpt>
      <trkpt lat="46.391373" lon="7.588264">
        <ele>2490.5</ele>
      </trkpt>
      <trkpt lat="46.39139" lon="7.588258">
        <ele>2490.1</ele>
      </trkpt>
      <trkpt lat="46.391395" lon="7.588221">
        <ele>2489.3</ele>
      </trkpt>
      <trkpt lat="46.391405" lon="7.588192">
        <ele>2488.4</ele>
      </trkpt>
      <trkpt lat="46.391423" lon="7.588124">
        <ele>2486.5</ele>
      </trkpt>
      <trkpt lat="46.391416" lon="7.588019">
        <ele>2484.5</ele>
      </trkpt>
      <trkpt lat="46.391424" lon="7.587971">
        <ele>2483.5</ele>
      </trkpt>
      <trkpt lat="46.391443" lon="7.58793">
        <ele>2482.7</ele>
      </trkpt>
      <trkpt lat="46.39148" lon="7.587841">
        <ele>2480.5</ele>
      </trkpt>
      <trkpt lat="46.391491" lon="7.587795">
        <ele>2479.4</ele>
      </trkpt>
      <trkpt lat="46.391491" lon="7.587734">
        <ele>2478.0</ele>
      </trkpt>
      <trkpt lat="46.391508" lon="7.587693">
        <ele>2476.9</ele>
      </trkpt>
      <trkpt lat="46.391527" lon="7.587648">
        <ele>2475.6</ele>
      </trkpt>
      <trkpt lat="46.391543" lon="7.587643">
        <ele>2475.0</ele>
      </trkpt>
      <trkpt lat="46.391537" lon="7.587607">
        <ele>2474.4</ele>
      </trkpt>
      <trkpt lat="46.391574" lon="7.587561">
        <ele>2472.3</ele>
      </trkpt>
      <trkpt lat="46.391597" lon="7.587506">
        <ele>2470.3</ele>
      </trkpt>
      <trkpt lat="46.391598" lon="7.587458">
        <ele>2468.8</ele>
      </trkpt>
      <trkpt lat="46.391625" lon="7.587433">
        <ele>2467.5</ele>
      </trkpt>
      <trkpt lat="46.391612" lon="7.587353">
        <ele>2466.5</ele>
      </trkpt>
      <trkpt lat="46.39163" lon="7.587287">
        <ele>2465.0</ele>
      </trkpt>
      <trkpt lat="46.391643" lon="7.587186">
        <ele>2463.3</ele>
      </trkpt>
      <trkpt lat="46.391751" lon="7.586976">
        <ele>2458.3</ele>
      </trkpt>
      <trkpt lat="46.391808" lon="7.586932">
        <ele>2456.6</ele>
      </trkpt>
      <trkpt lat="46.391829" lon="7.586865">
        <ele>2455.5</ele>
      </trkpt>
      <trkpt lat="46.391853" lon="7.586801">
        <ele>2454.3</ele>
      </trkpt>
      <trkpt lat="46.391872" lon="7.586753">
        <ele>2453.4</ele>
      </trkpt>
      <trkpt lat="46.39186" lon="7.586692">
        <ele>2453.0</ele>
      </trkpt>
      <trkpt lat="46.391876" lon="7.58664">
        <ele>2452.2</ele>
      </trkpt>
      <trkpt lat="46.391893" lon="7.586602">
        <ele>2451.7</ele>
      </trkpt>
      <trkpt lat="46.391908" lon="7.58654">
        <ele>2450.8</ele>
      </trkpt>
      <trkpt lat="46.391966" lon="7.58639">
        <ele>2447.6</ele>
      </trkpt>
      <trkpt lat="46.391983" lon="7.586374">
        <ele>2447.0</ele>
      </trkpt>
      <trkpt lat="46.392002" lon="7.586355">
        <ele>2446.3</ele>
      </trkpt>
      <trkpt lat="46.392005" lon="7.586318">
        <ele>2445.4</ele>
      </trkpt>
      <trkpt lat="46.392018" lon="7.586301">
        <ele>2444.7</ele>
      </trkpt>
      <trkpt lat="46.391998" lon="7.58626">
        <ele>2444.1</ele>
      </trkpt>
      <trkpt lat="46.392026" lon="7.586242">
        <ele>2442.8</ele>
      </trkpt>
      <trkpt lat="46.392024" lon="7.586219">
        <ele>2441.9</ele>
      </trkpt>
      <trkpt lat="46.39203" lon="7.586179">
        <ele>2440.8</ele>
      </trkpt>
      <trkpt lat="46.392052" lon="7.586192">
        <ele>2440.5</ele>
      </trkpt>
      <trkpt lat="46.392059" lon="7.586148">
        <ele>2439.5</ele>
      </trkpt>
      <trkpt lat="46.39209" lon="7.586166">
        <ele>2439.2</ele>
      </trkpt>
      <trkpt lat="46.392102" lon="7.58615">
        <ele>2438.6</ele>
      </trkpt>
      <trkpt lat="46.392108" lon="7.586118">
        <ele>2437.7</ele>
      </trkpt>
      <trkpt lat="46.392129" lon="7.586108">
        <ele>2436.8</ele>
      </trkpt>
      <trkpt lat="46.392138" lon="7.586095">
        <ele>2436.1</ele>
      </trkpt>
      <trkpt lat="46.39213" lon="7.586039">
        <ele>2435.2</ele>
      </trkpt>
      <trkpt lat="46.392117" lon="7.585967">
        <ele>2433.7</ele>
      </trkpt>
      <trkpt lat="46.39211" lon="7.585924">
        <ele>2432.9</ele>
      </trkpt>
      <trkpt lat="46.392119" lon="7.585873">
        <ele>2431.7</ele>
      </trkpt>
      <trkpt lat="46.392116" lon="7.585822">
        <ele>2430.6</ele>
      </trkpt>
      <trkpt lat="46.39213" lon="7.585787">
        <ele>2429.7</ele>
      </trkpt>
      <trkpt lat="46.39213" lon="7.585737">
        <ele>2428.5</ele>
      </trkpt>
      <trkpt lat="46.392126" lon="7.585691">
        <ele>2427.7</ele>
      </trkpt>
      <trkpt lat="46.392143" lon="7.585654">
        <ele>2426.8</ele>
      </trkpt>
      <trkpt lat="46.39212" lon="7.585533">
        <ele>2424.8</ele>
      </trkpt>
      <trkpt lat="46.392103" lon="7.585461">
        <ele>2423.9</ele>
      </trkpt>
      <trkpt lat="46.392082" lon="7.585394">
        <ele>2423.1</ele>
      </trkpt>
      <trkpt lat="46.392074" lon="7.585343">
        <ele>2422.0</ele>
      </trkpt>
      <trkpt lat="46.39208" lon="7.585322">
        <ele>2421.5</ele>
      </trkpt>
      <trkpt lat="46.3921" lon="7.585293">
        <ele>2420.9</ele>
      </trkpt>
      <trkpt lat="46.392117" lon="7.585279">
        <ele>2420.3</ele>
      </trkpt>
      <trkpt lat="46.392119" lon="7.585234">
        <ele>2419.5</ele>
      </trkpt>
      <trkpt lat="46.392122" lon="7.585209">
        <ele>2418.8</ele>
      </trkpt>
      <trkpt lat="46.392145" lon="7.585204">
        <ele>2417.9</ele>
      </trkpt>
      <trkpt lat="46.392142" lon="7.585159">
        <ele>2417.1</ele>
      </trkpt>
      <trkpt lat="46.392136" lon="7.58511">
        <ele>2416.3</ele>
      </trkpt>
      <trkpt lat="46.392119" lon="7.585087">
        <ele>2416.1</ele>
      </trkpt>
      <trkpt lat="46.392089" lon="7.585077">
        <ele>2416.2</ele>
      </trkpt>
      <trkpt lat="46.392077" lon="7.585042">
        <ele>2415.7</ele>
      </trkpt>
      <trkpt lat="46.392072" lon="7.584982">
        <ele>2415.1</ele>
      </trkpt>
      <trkpt lat="46.392078" lon="7.584946">
        <ele>2414.7</ele>
      </trkpt>
      <trkpt lat="46.392085" lon="7.584895">
        <ele>2413.9</ele>
      </trkpt>
      <trkpt lat="46.39208" lon="7.584801">
        <ele>2411.7</ele>
      </trkpt>
      <trkpt lat="46.392138" lon="7.584642">
        <ele>2409.3</ele>
      </trkpt>
      <trkpt lat="46.392143" lon="7.584637">
        <ele>2409.1</ele>
      </trkpt>
      <trkpt lat="46.392169" lon="7.584607">
        <ele>2408.4</ele>
      </trkpt>
      <trkpt lat="46.392174" lon="7.584548">
        <ele>2407.7</ele>
      </trkpt>
      <trkpt lat="46.392207" lon="7.584532">
        <ele>2406.7</ele>
      </trkpt>
      <trkpt lat="46.392214" lon="7.584473">
        <ele>2405.9</ele>
      </trkpt>
      <trkpt lat="46.392226" lon="7.584428">
        <ele>2405.0</ele>
      </trkpt>
      <trkpt lat="46.392208" lon="7.584362">
        <ele>2404.2</ele>
      </trkpt>
      <trkpt lat="46.39221" lon="7.584292">
        <ele>2402.7</ele>
      </trkpt>
      <trkpt lat="46.39221" lon="7.584269">
        <ele>2402.4</ele>
      </trkpt>
      <trkpt lat="46.392218" lon="7.58425">
        <ele>2402.0</ele>
      </trkpt>
      <trkpt lat="46.392274" lon="7.584104">
        <ele>2399.7</ele>
      </trkpt>
      <trkpt lat="46.392285" lon="7.584063">
        <ele>2399.2</ele>
      </trkpt>
      <trkpt lat="46.392306" lon="7.584034">
        <ele>2398.4</ele>
      </trkpt>
      <trkpt lat="46.392301" lon="7.584011">
        <ele>2398.3</ele>
      </trkpt>
      <trkpt lat="46.392326" lon="7.583929">
        <ele>2396.6</ele>
      </trkpt>
      <trkpt lat="46.392372" lon="7.58373">
        <ele>2392.1</ele>
      </trkpt>
      <trkpt lat="46.39238" lon="7.583699">
        <ele>2391.8</ele>
      </trkpt>
      <trkpt lat="46.392384" lon="7.583691">
        <ele>2391.6</ele>
      </trkpt>
      <trkpt lat="46.392415" lon="7.58364">
        <ele>2390.7</ele>
      </trkpt>
      <trkpt lat="46.392444" lon="7.583527">
        <ele>2389.3</ele>
      </trkpt>
      <trkpt lat="46.392471" lon="7.583469">
        <ele>2388.4</ele>
      </trkpt>
      <trkpt lat="46.39248" lon="7.583372">
        <ele>2388.1</ele>
      </trkpt>
      <trkpt lat="46.392487" lon="7.583307">
        <ele>2387.6</ele>
      </trkpt>
      <trkpt lat="46.392503" lon="7.583238">
        <ele>2386.7</ele>
      </trkpt>
      <trkpt lat="46.39251" lon="7.58316">
        <ele>2385.8</ele>
      </trkpt>
      <trkpt lat="46.392526" lon="7.583116">
        <ele>2385.1</ele>
      </trkpt>
      <trkpt lat="46.392525" lon="7.583073">
        <ele>2384.5</ele>
      </trkpt>
      <trkpt lat="46.392533" lon="7.58302">
        <ele>2383.1</ele>
      </trkpt>
      <trkpt lat="46.392537" lon="7.583001">
        <ele>2382.8</ele>
      </trkpt>
      <trkpt lat="46.392602" lon="7.582814">
        <ele>2378.6</ele>
      </trkpt>
      <trkpt lat="46.392665" lon="7.582653">
        <ele>2374.9</ele>
      </trkpt>
      <trkpt lat="46.392676" lon="7.582624">
        <ele>2374.1</ele>
      </trkpt>
      <trkpt lat="46.392692" lon="7.582583">
        <ele>2373.2</ele>
      </trkpt>
      <trkpt lat="46.39277" lon="7.582419">
        <ele>2368.2</ele>
      </trkpt>
      <trkpt lat="46.392819" lon="7.58241">
        <ele>2365.9</ele>
      </trkpt>
      <trkpt lat="46.392881" lon="7.582399">
        <ele>2363.2</ele>
      </trkpt>
      <trkpt lat="46.392998" lon="7.582331">
        <ele>2357.4</ele>
      </trkpt>
      <trkpt lat="46.39304" lon="7.582378">
        <ele>2354.5</ele>
      </trkpt>
      <trkpt lat="46.393057" lon="7.58237">
        <ele>2353.8</ele>
      </trkpt>
      <trkpt lat="46.39309" lon="7.582436">
        <ele>2351.6</ele>
      </trkpt>
      <trkpt lat="46.393115" lon="7.582431">
        <ele>2350.5</ele>
      </trkpt>
      <trkpt lat="46.393141" lon="7.582459">
        <ele>2349.2</ele>
      </trkpt>
      <trkpt lat="46.39315" lon="7.582461">
        <ele>2348.8</ele>
      </trkpt>
      <trkpt lat="46.393167" lon="7.582464">
        <ele>2347.9</ele>
      </trkpt>
      <trkpt lat="46.393181" lon="7.582489">
        <ele>2346.7</ele>
      </trkpt>
      <trkpt lat="46.393242" lon="7.582537">
        <ele>2343.3</ele>
      </trkpt>
      <trkpt lat="46.393249" lon="7.582543">
        <ele>2343.0</ele>
      </trkpt>
      <trkpt lat="46.393264" lon="7.582563">
        <ele>2342.3</ele>
      </trkpt>
      <trkpt lat="46.393298" lon="7.582608">
        <ele>2340.5</ele>
      </trkpt>
      <trkpt lat="46.393327" lon="7.582685">
        <ele>2338.5</ele>
      </trkpt>
      <trkpt lat="46.393361" lon="7.582674">
        <ele>2338.4</ele>
      </trkpt>
      <trkpt lat="46.393415" lon="7.582656">
        <ele>2337.4</ele>
      </trkpt>
      <trkpt lat="46.393476" lon="7.582688">
        <ele>2335.6</ele>
      </trkpt>
      <trkpt lat="46.393514" lon="7.582767">
        <ele>2333.7</ele>
      </trkpt>
      <trkpt lat="46.393605" lon="7.582972">
        <ele>2329.5</ele>
      </trkpt>
      <trkpt lat="46.393697" lon="7.583091">
        <ele>2326.8</ele>
      </trkpt>
      <trkpt lat="46.393791" lon="7.583175">
        <ele>2324.7</ele>
      </trkpt>
      <trkpt lat="46.393841" lon="7.583188">
        <ele>2323.5</ele>
      </trkpt>
      <trkpt lat="46.393875" lon="7.583228">
        <ele>2322.5</ele>
      </trkpt>
      <trkpt lat="46.393977" lon="7.583306">
        <ele>2320.1</ele>
      </trkpt>
      <trkpt lat="46.394118" lon="7.583309">
        <ele>2317.1</ele>
      </trkpt>
      <trkpt lat="46.394217" lon="7.58335">
        <ele>2314.8</ele>
      </trkpt>
      <trkpt lat="46.39429" lon="7.583348">
        <ele>2313.4</ele>
      </trkpt>
      <trkpt lat="46.394315" lon="7.58331">
        <ele>2312.8</ele>
      </trkpt>
      <trkpt lat="46.394337" lon="7.583278">
        <ele>2312.4</ele>
      </trkpt>
      <trkpt lat="46.394386" lon="7.583252">
        <ele>2311.5</ele>
      </trkpt>
      <trkpt lat="46.39447" lon="7.583237">
        <ele>2310.3</ele>
      </trkpt>
      <trkpt lat="46.394519" lon="7.583295">
        <ele>2310.0</ele>
      </trkpt>
      <trkpt lat="46.39464" lon="7.583285">
        <ele>2308.9</ele>
      </trkpt>
      <trkpt lat="46.394898" lon="7.583279">
        <ele>2306.4</ele>
      </trkpt>
      <trkpt lat="46.395156" lon="7.583272">
        <ele>2304.2</ele>
      </trkpt>
      <trkpt lat="46.395227" lon="7.583265">
        <ele>2303.2</ele>
      </trkpt>
      <trkpt lat="46.395276" lon="7.583283">
        <ele>2302.8</ele>
      </trkpt>
      <trkpt lat="46.3953" lon="7.583291">
        <ele>2302.5</ele>
      </trkpt>
      <trkpt lat="46.395308" lon="7.583287">
        <ele>2302.4</ele>
      </trkpt>
      <trkpt lat="46.395358" lon="7.583263">
        <ele>2302.0</ele>
      </trkpt>
      <trkpt lat="46.395425" lon="7.583223">
        <ele>2301.7</ele>
      </trkpt>
      <trkpt lat="46.395476" lon="7.583218">
        <ele>2301.6</ele>
      </trkpt>
      <trkpt lat="46.39549" lon="7.583315">
        <ele>2301.2</ele>
      </trkpt>
      <trkpt lat="46.395496" lon="7.583355">
        <ele>2301.0</ele>
      </trkpt>
      <trkpt lat="46.395505" lon="7.58347">
        <ele>2300.8</ele>
      </trkpt>
      <trkpt lat="46.39552" lon="7.583533">
        <ele>2300.8</ele>
      </trkpt>
      <trkpt lat="46.395518" lon="7.5836">
        <ele>2300.9</ele>
      </trkpt>
      <trkpt lat="46.395508" lon="7.583804">
        <ele>2301.4</ele>
      </trkpt>
      <trkpt lat="46.395525" lon="7.583893">
        <ele>2301.7</ele>
      </trkpt>
      <trkpt lat="46.395525" lon="7.583932">
        <ele>2301.8</ele>
      </trkpt>
      <trkpt lat="46.395524" lon="7.584014">
        <ele>2301.9</ele>
      </trkpt>
      <trkpt lat="46.395504" lon="7.5841">
        <ele>2302.3</ele>
      </trkpt>
      <trkpt lat="46.395473" lon="7.584157">
        <ele>2302.5</ele>
      </trkpt>
      <trkpt lat="46.395463" lon="7.584188">
        <ele>2302.5</ele>
      </trkpt>
      <trkpt lat="46.395453" lon="7.584275">
        <ele>2301.9</ele>
      </trkpt>
      <trkpt lat="46.395453" lon="7.584348">
        <ele>2301.7</ele>
      </trkpt>
      <trkpt lat="46.395463" lon="7.584507">
        <ele>2301.0</ele>
      </trkpt>
      <trkpt lat="46.395465" lon="7.584601">
        <ele>2300.8</ele>
      </trkpt>
      <trkpt lat="46.395469" lon="7.584684">
        <ele>2300.6</ele>
      </trkpt>
      <trkpt lat="46.395403" lon="7.585267">
        <ele>2299.7</ele>
      </trkpt>
      <trkpt lat="46.395351" lon="7.585641">
        <ele>2298.3</ele>
      </trkpt>
      <trkpt lat="46.395297" lon="7.58609">
        <ele>2297.5</ele>
      </trkpt>
      <trkpt lat="46.395299" lon="7.586426">
        <ele>2296.9</ele>
      </trkpt>
      <trkpt lat="46.395291" lon="7.586579">
        <ele>2296.4</ele>
      </trkpt>
      <trkpt lat="46.395249" lon="7.586696">
        <ele>2296.0</ele>
      </trkpt>
      <trkpt lat="46.395187" lon="7.587139">
        <ele>2294.8</ele>
      </trkpt>
      <trkpt lat="46.395213" lon="7.587617">
        <ele>2293.7</ele>
      </trkpt>
      <trkpt lat="46.395195" lon="7.58778">
        <ele>2293.4</ele>
      </trkpt>
      <trkpt lat="46.395141" lon="7.588245">
        <ele>2292.7</ele>
      </trkpt>
      <trkpt lat="46.395137" lon="7.588584">
        <ele>2291.8</ele>
      </trkpt>
      <trkpt lat="46.395157" lon="7.588774">
        <ele>2291.2</ele>
      </trkpt>
      <trkpt lat="46.395208" lon="7.58886">
        <ele>2291.1</ele>
      </trkpt>
      <trkpt lat="46.395259" lon="7.588994">
        <ele>2291.3</ele>
      </trkpt>
      <trkpt lat="46.395327" lon="7.589176">
        <ele>2290.4</ele>
      </trkpt>
      <trkpt lat="46.395385" lon="7.589334">
        <ele>2289.9</ele>
      </trkpt>
      <trkpt lat="46.395421" lon="7.589465">
        <ele>2289.7</ele>
      </trkpt>
      <trkpt lat="46.39542" lon="7.589471">
        <ele>2289.8</ele>
        <name>46.395420,7.589471</name>
        <extensions>
          <oa:Extension>
            <oa:mapZoom>16</oa:mapZoom>
          </oa:Extension>
        </extensions>
      </trkpt>
      <trkpt lat="46.395396" lon="7.589577">
        <ele>2290.2</ele>
      </trkpt>
      <trkpt lat="46.395413" lon="7.589796">
        <ele>2289.5</ele>
      </trkpt>
      <trkpt lat="46.39545" lon="7.590179">
        <ele>2288.8</ele>
      </trkpt>
      <trkpt lat="46.395477" lon="7.590518">
        <ele>2288.7</ele>
      </trkpt>
      <trkpt lat="46.395573" lon="7.590838">
        <ele>2288.4</ele>
      </trkpt>
      <trkpt lat="46.395534" lon="7.591182">
        <ele>2288.1</ele>
      </trkpt>
      <trkpt lat="46.395523" lon="7.591489">
        <ele>2288.0</ele>
      </trkpt>
      <trkpt lat="46.395424" lon="7.591766">
        <ele>2287.8</ele>
      </trkpt>
      <trkpt lat="46.395411" lon="7.592047">
        <ele>2287.4</ele>
      </trkpt>
      <trkpt lat="46.395432" lon="7.59222">
        <ele>2287.4</ele>
      </trkpt>
      <trkpt lat="46.395474" lon="7.592404">
        <ele>2287.2</ele>
      </trkpt>
      <trkpt lat="46.395521" lon="7.592633">
        <ele>2286.9</ele>
      </trkpt>
      <trkpt lat="46.395569" lon="7.592812">
        <ele>2286.8</ele>
      </trkpt>
      <trkpt lat="46.395582" lon="7.59286">
        <ele>2286.7</ele>
      </trkpt>
      <trkpt lat="46.395659" lon="7.593093">
        <ele>2286.3</ele>
      </trkpt>
      <trkpt lat="46.395644" lon="7.593383">
        <ele>2286.7</ele>
      </trkpt>
      <trkpt lat="46.395712" lon="7.593826">
        <ele>2286.2</ele>
      </trkpt>
      <trkpt lat="46.395694" lon="7.59438">
        <ele>2285.8</ele>
      </trkpt>
      <trkpt lat="46.395739" lon="7.594766">
        <ele>2285.7</ele>
      </trkpt>
      <trkpt lat="46.395783" lon="7.595152">
        <ele>2285.2</ele>
      </trkpt>
      <trkpt lat="46.39583" lon="7.595544">
        <ele>2284.9</ele>
      </trkpt>
      <trkpt lat="46.395876" lon="7.595935">
        <ele>2284.6</ele>
      </trkpt>
      <trkpt lat="46.395985" lon="7.596427">
        <ele>2284.2</ele>
      </trkpt>
      <trkpt lat="46.396" lon="7.596917">
        <ele>2283.8</ele>
      </trkpt>
      <trkpt lat="46.396137" lon="7.597378">
        <ele>2283.3</ele>
      </trkpt>
      <trkpt lat="46.396272" lon="7.597772">
        <ele>2283.1</ele>
      </trkpt>
      <trkpt lat="46.396382" lon="7.597938">
        <ele>2282.8</ele>
      </trkpt>
      <trkpt lat="46.39644" lon="7.59811">
        <ele>2282.5</ele>
      </trkpt>
      <trkpt lat="46.396465" lon="7.598341">
        <ele>2282.5</ele>
      </trkpt>
      <trkpt lat="46.396464" lon="7.59869">
        <ele>2282.4</ele>
      </trkpt>
      <trkpt lat="46.396462" lon="7.599038">
        <ele>2282.3</ele>
      </trkpt>
      <trkpt lat="46.396467" lon="7.599593">
        <ele>2281.8</ele>
      </trkpt>
      <trkpt lat="46.396477" lon="7.600148">
        <ele>2281.8</ele>
      </trkpt>
      <trkpt lat="46.396519" lon="7.600194">
        <ele>2281.8</ele>
      </trkpt>
      <trkpt lat="46.396541" lon="7.600296">
        <ele>2281.9</ele>
      </trkpt>
      <trkpt lat="46.396549" lon="7.600387">
        <ele>2282.1</ele>
      </trkpt>
      <trkpt lat="46.396611" lon="7.600622">
        <ele>2281.7</ele>
      </trkpt>
      <trkpt lat="46.396641" lon="7.60066">
        <ele>2281.8</ele>
      </trkpt>
      <trkpt lat="46.39666" lon="7.600711">
        <ele>2281.9</ele>
      </trkpt>
      <trkpt lat="46.396656" lon="7.600767">
        <ele>2282.0</ele>
      </trkpt>
      <trkpt lat="46.39665" lon="7.600938">
        <ele>2281.7</ele>
      </trkpt>
      <trkpt lat="46.396651" lon="7.601103">
        <ele>2281.9</ele>
      </trkpt>
      <trkpt lat="46.396804" lon="7.601524">
        <ele>2281.4</ele>
      </trkpt>
      <trkpt lat="46.396832" lon="7.601722">
        <ele>2281.3</ele>
      </trkpt>
      <trkpt lat="46.396888" lon="7.602035">
        <ele>2280.9</ele>
      </trkpt>
      <trkpt lat="46.396875" lon="7.602163">
        <ele>2280.9</ele>
      </trkpt>
      <trkpt lat="46.396882" lon="7.602406">
        <ele>2281.1</ele>
      </trkpt>
      <trkpt lat="46.396872" lon="7.602598">
        <ele>2280.9</ele>
      </trkpt>
      <trkpt lat="46.396836" lon="7.602697">
        <ele>2280.6</ele>
      </trkpt>
      <trkpt lat="46.396807" lon="7.602895">
        <ele>2280.8</ele>
      </trkpt>
      <trkpt lat="46.396784" lon="7.60298">
        <ele>2280.8</ele>
      </trkpt>
      <trkpt lat="46.396772" lon="7.603005">
        <ele>2280.4</ele>
      </trkpt>
      <trkpt lat="46.396737" lon="7.603069">
        <ele>2280.0</ele>
      </trkpt>
      <trkpt lat="46.396739" lon="7.603132">
        <ele>2279.9</ele>
      </trkpt>
      <trkpt lat="46.396683" lon="7.603342">
        <ele>2279.9</ele>
      </trkpt>
      <trkpt lat="46.396651" lon="7.603487">
        <ele>2280.0</ele>
      </trkpt>
      <trkpt lat="46.396667" lon="7.60365">
        <ele>2280.1</ele>
      </trkpt>
      <trkpt lat="46.396676" lon="7.603836">
        <ele>2280.3</ele>
      </trkpt>
      <trkpt lat="46.396666" lon="7.603981">
        <ele>2280.7</ele>
      </trkpt>
      <trkpt lat="46.396643" lon="7.604117">
        <ele>2280.9</ele>
      </trkpt>
      <trkpt lat="46.396616" lon="7.604219">
        <ele>2280.5</ele>
      </trkpt>
      <trkpt lat="46.396563" lon="7.604285">
        <ele>2280.6</ele>
      </trkpt>
      <trkpt lat="46.396526" lon="7.604349">
        <ele>2280.9</ele>
      </trkpt>
      <trkpt lat="46.396514" lon="7.604476">
        <ele>2281.6</ele>
      </trkpt>
      <trkpt lat="46.396503" lon="7.604548">
        <ele>2281.4</ele>
      </trkpt>
      <trkpt lat="46.396484" lon="7.604617">
        <ele>2282.1</ele>
      </trkpt>
      <trkpt lat="46.396459" lon="7.604721">
        <ele>2281.8</ele>
      </trkpt>
      <trkpt lat="46.396434" lon="7.604779">
        <ele>2281.6</ele>
      </trkpt>
      <trkpt lat="46.396418" lon="7.604831">
        <ele>2281.3</ele>
      </trkpt>
      <trkpt lat="46.396407" lon="7.604911">
        <ele>2281.1</ele>
      </trkpt>
      <trkpt lat="46.396392" lon="7.605014">
        <ele>2281.5</ele>
      </trkpt>
      <trkpt lat="46.396388" lon="7.60513">
        <ele>2281.1</ele>
      </trkpt>
      <trkpt lat="46.396374" lon="7.605194">
        <ele>2281.1</ele>
      </trkpt>
      <trkpt lat="46.396327" lon="7.60531">
        <ele>2281.4</ele>
      </trkpt>
      <trkpt lat="46.396299" lon="7.605404">
        <ele>2281.0</ele>
      </trkpt>
      <trkpt lat="46.396299" lon="7.605502">
        <ele>2280.3</ele>
      </trkpt>
      <trkpt lat="46.396315" lon="7.605626">
        <ele>2279.6</ele>
      </trkpt>
      <trkpt lat="46.396343" lon="7.605739">
        <ele>2279.1</ele>
      </trkpt>
      <trkpt lat="46.396379" lon="7.605874">
        <ele>2277.9</ele>
      </trkpt>
      <trkpt lat="46.396415" lon="7.605965">
        <ele>2277.5</ele>
      </trkpt>
      <trkpt lat="46.396439" lon="7.606059">
        <ele>2277.3</ele>
      </trkpt>
      <trkpt lat="46.396439" lon="7.60627">
        <ele>2277.5</ele>
      </trkpt>
      <trkpt lat="46.396427" lon="7.606368">
        <ele>2276.4</ele>
      </trkpt>
      <trkpt lat="46.396374" lon="7.606454">
        <ele>2275.7</ele>
      </trkpt>
      <trkpt lat="46.396328" lon="7.606536">
        <ele>2276.5</ele>
      </trkpt>
      <trkpt lat="46.396352" lon="7.60663">
        <ele>2273.7</ele>
      </trkpt>
      <trkpt lat="46.396403" lon="7.606777">
        <ele>2273.1</ele>
      </trkpt>
      <trkpt lat="46.396416" lon="7.606991">
        <ele>2273.7</ele>
      </trkpt>
      <trkpt lat="46.39643" lon="7.607477">
        <ele>2274.0</ele>
      </trkpt>
      <trkpt lat="46.396432" lon="7.607737">
        <ele>2273.9</ele>
      </trkpt>
      <trkpt lat="46.396426" lon="7.607827">
        <ele>2274.5</ele>
      </trkpt>
      <trkpt lat="46.396436" lon="7.608207">
        <ele>2275.3</ele>
      </trkpt>
      <trkpt lat="46.39643" lon="7.608487">
        <ele>2275.1</ele>
      </trkpt>
      <trkpt lat="46.396464" lon="7.608576">
        <ele>2274.6</ele>
      </trkpt>
      <trkpt lat="46.396478" lon="7.608792">
        <ele>2274.8</ele>
      </trkpt>
      <trkpt lat="46.396457" lon="7.608896">
        <ele>2274.8</ele>
      </trkpt>
      <trkpt lat="46.396438" lon="7.60899">
        <ele>2275.1</ele>
      </trkpt>
      <trkpt lat="46.396443" lon="7.609289">
        <ele>2275.2</ele>
      </trkpt>
      <trkpt lat="46.396443" lon="7.609524">
        <ele>2275.6</ele>
      </trkpt>
      <trkpt lat="46.39644" lon="7.609658">
        <ele>2275.7</ele>
      </trkpt>
      <trkpt lat="46.396412" lon="7.609708">
        <ele>2276.4</ele>
      </trkpt>
      <trkpt lat="46.39641" lon="7.609778">
        <ele>2277.4</ele>
      </trkpt>
      <trkpt lat="46.396434" lon="7.60981">
        <ele>2277.4</ele>
      </trkpt>
      <trkpt lat="46.396426" lon="7.609911">
        <ele>2278.3</ele>
      </trkpt>
      <trkpt lat="46.396438" lon="7.60997">
        <ele>2279.0</ele>
      </trkpt>
      <trkpt lat="46.396458" lon="7.610029">
        <ele>2279.2</ele>
      </trkpt>
      <trkpt lat="46.396465" lon="7.610057">
        <ele>2279.2</ele>
      </trkpt>
      <trkpt lat="46.39647" lon="7.610075">
        <ele>2279.2</ele>
      </trkpt>
      <trkpt lat="46.39646" lon="7.610112">
        <ele>2279.1</ele>
      </trkpt>
      <trkpt lat="46.396452" lon="7.610124">
        <ele>2279.1</ele>
      </trkpt>
      <trkpt lat="46.396397" lon="7.610205">
        <ele>2280.0</ele>
      </trkpt>
      <trkpt lat="46.396336" lon="7.610285">
        <ele>2280.1</ele>
      </trkpt>
      <trkpt lat="46.396285" lon="7.610317">
        <ele>2280.7</ele>
      </trkpt>
      <trkpt lat="46.396236" lon="7.610362">
        <ele>2280.6</ele>
      </trkpt>
      <trkpt lat="46.396175" lon="7.610399">
        <ele>2279.9</ele>
      </trkpt>
      <trkpt lat="46.396181" lon="7.610447">
        <ele>2277.4</ele>
      </trkpt>
      <trkpt lat="46.396205" lon="7.610485">
        <ele>2276.1</ele>
      </trkpt>
      <trkpt lat="46.396239" lon="7.610495">
        <ele>2275.6</ele>
      </trkpt>
      <trkpt lat="46.396292" lon="7.610472">
        <ele>2274.3</ele>
      </trkpt>
      <trkpt lat="46.396359" lon="7.610475">
        <ele>2272.3</ele>
      </trkpt>
      <trkpt lat="46.39638" lon="7.610499">
        <ele>2271.4</ele>
      </trkpt>
      <trkpt lat="46.396334" lon="7.610672">
        <ele>2270.6</ele>
      </trkpt>
      <trkpt lat="46.396313" lon="7.610801">
        <ele>2271.1</ele>
      </trkpt>
      <trkpt lat="46.396335" lon="7.610859">
        <ele>2271.5</ele>
      </trkpt>
      <trkpt lat="46.396363" lon="7.610921">
        <ele>2270.9</ele>
      </trkpt>
      <trkpt lat="46.396363" lon="7.610958">
        <ele>2270.2</ele>
      </trkpt>
      <trkpt lat="46.39635" lon="7.610998">
        <ele>2269.9</ele>
      </trkpt>
      <trkpt lat="46.396299" lon="7.611076">
        <ele>2269.6</ele>
      </trkpt>
      <trkpt lat="46.396266" lon="7.611137">
        <ele>2269.4</ele>
      </trkpt>
      <trkpt lat="46.396272" lon="7.611212">
        <ele>2269.0</ele>
      </trkpt>
      <trkpt lat="46.396281" lon="7.611411">
        <ele>2268.5</ele>
      </trkpt>
      <trkpt lat="46.396344" lon="7.611442">
        <ele>2269.9</ele>
      </trkpt>
      <trkpt lat="46.396373" lon="7.611397">
        <ele>2270.0</ele>
      </trkpt>
      <trkpt lat="46.396443" lon="7.611374">
        <ele>2271.7</ele>
      </trkpt>
      <trkpt lat="46.396527" lon="7.611364">
        <ele>2273.1</ele>
      </trkpt>
      <trkpt lat="46.396558" lon="7.611395">
        <ele>2274.1</ele>
      </trkpt>
      <trkpt lat="46.396546" lon="7.611484">
        <ele>2275.4</ele>
      </trkpt>
      <trkpt lat="46.396541" lon="7.611538">
        <ele>2276.4</ele>
      </trkpt>
      <trkpt lat="46.396572" lon="7.611552">
        <ele>2277.1</ele>
      </trkpt>
      <trkpt lat="46.396623" lon="7.611536">
        <ele>2278.1</ele>
      </trkpt>
      <trkpt lat="46.396659" lon="7.611522">
        <ele>2278.7</ele>
      </trkpt>
      <trkpt lat="46.396685" lon="7.611533">
        <ele>2279.2</ele>
      </trkpt>
      <trkpt lat="46.3967" lon="7.611594">
        <ele>2279.9</ele>
      </trkpt>
      <trkpt lat="46.396639" lon="7.611778">
        <ele>2282.4</ele>
      </trkpt>
      <trkpt lat="46.396576" lon="7.61191">
        <ele>2284.7</ele>
      </trkpt>
      <trkpt lat="46.396541" lon="7.612033">
        <ele>2286.0</ele>
      </trkpt>
      <trkpt lat="46.396541" lon="7.612088">
        <ele>2286.8</ele>
      </trkpt>
      <trkpt lat="46.396556" lon="7.612122">
        <ele>2287.4</ele>
      </trkpt>
      <trkpt lat="46.396613" lon="7.612139">
        <ele>2288.2</ele>
      </trkpt>
      <trkpt lat="46.396745" lon="7.61217">
        <ele>2289.0</ele>
      </trkpt>
      <trkpt lat="46.396858" lon="7.612163">
        <ele>2290.2</ele>
      </trkpt>
      <trkpt lat="46.396945" lon="7.612221">
        <ele>2292.0</ele>
      </trkpt>
      <trkpt lat="46.397033" lon="7.612293">
        <ele>2289.5</ele>
      </trkpt>
      <trkpt lat="46.397089" lon="7.61237">
        <ele>2289.1</ele>
      </trkpt>
      <trkpt lat="46.397165" lon="7.612486">
        <ele>2291.9</ele>
      </trkpt>
      <trkpt lat="46.397191" lon="7.612544">
        <ele>2292.2</ele>
      </trkpt>
      <trkpt lat="46.397239" lon="7.612693">
        <ele>2294.6</ele>
      </trkpt>
      <trkpt lat="46.397328" lon="7.612903">
        <ele>2296.1</ele>
      </trkpt>
      <trkpt lat="46.397378" lon="7.612994">
        <ele>2298.2</ele>
      </trkpt>
      <trkpt lat="46.397511" lon="7.613181">
        <ele>2301.5</ele>
      </trkpt>
      <trkpt lat="46.397588" lon="7.613341">
        <ele>2303.8</ele>
      </trkpt>
      <trkpt lat="46.397616" lon="7.613463">
        <ele>2305.6</ele>
      </trkpt>
      <trkpt lat="46.397606" lon="7.613556">
        <ele>2307.1</ele>
      </trkpt>
      <trkpt lat="46.397616" lon="7.613652">
        <ele>2308.5</ele>
      </trkpt>
      <trkpt lat="46.397633" lon="7.613713">
        <ele>2309.6</ele>
      </trkpt>
      <trkpt lat="46.397654" lon="7.613793">
        <ele>2310.8</ele>
      </trkpt>
      <trkpt lat="46.397694" lon="7.613876">
        <ele>2311.9</ele>
      </trkpt>
      <trkpt lat="46.397702" lon="7.613888">
        <ele>2312.1</ele>
      </trkpt>
      <trkpt lat="46.397731" lon="7.613939">
        <ele>2312.5</ele>
      </trkpt>
      <trkpt lat="46.397789" lon="7.613973">
        <ele>2314.0</ele>
      </trkpt>
      <trkpt lat="46.39787" lon="7.614014">
        <ele>2316.6</ele>
      </trkpt>
      <trkpt lat="46.397914" lon="7.613991">
        <ele>2317.5</ele>
      </trkpt>
      <trkpt lat="46.397947" lon="7.613983">
        <ele>2317.9</ele>
      </trkpt>
      <trkpt lat="46.397983" lon="7.613993">
        <ele>2318.2</ele>
      </trkpt>
      <trkpt lat="46.398036" lon="7.614055">
        <ele>2318.3</ele>
      </trkpt>
      <trkpt lat="46.398151" lon="7.614173">
        <ele>2319.0</ele>
      </trkpt>
      <trkpt lat="46.39819" lon="7.614227">
        <ele>2318.2</ele>
      </trkpt>
      <trkpt lat="46.398216" lon="7.614283">
        <ele>2318.2</ele>
      </trkpt>
      <trkpt lat="46.398243" lon="7.614349">
        <ele>2319.2</ele>
      </trkpt>
      <trkpt lat="46.398275" lon="7.614398">
        <ele>2320.0</ele>
      </trkpt>
      <trkpt lat="46.398315" lon="7.614434">
        <ele>2320.4</ele>
      </trkpt>
      <trkpt lat="46.398349" lon="7.614438">
        <ele>2320.4</ele>
      </trkpt>
      <trkpt lat="46.398376" lon="7.61443">
        <ele>2320.3</ele>
      </trkpt>
      <trkpt lat="46.39838" lon="7.614472">
        <ele>2320.0</ele>
      </trkpt>
      <trkpt lat="46.398389" lon="7.614517">
        <ele>2320.2</ele>
      </trkpt>
      <trkpt lat="46.398426" lon="7.614615">
        <ele>2321.7</ele>
      </trkpt>
      <trkpt lat="46.398466" lon="7.614745">
        <ele>2324.0</ele>
      </trkpt>
      <trkpt lat="46.398482" lon="7.614815">
        <ele>2325.1</ele>
      </trkpt>
      <trkpt lat="46.398499" lon="7.614896">
        <ele>2326.4</ele>
      </trkpt>
      <trkpt lat="46.398498" lon="7.614937">
        <ele>2326.8</ele>
      </trkpt>
      <trkpt lat="46.39848" lon="7.614962">
        <ele>2327.3</ele>
      </trkpt>
      <trkpt lat="46.39845" lon="7.614995">
        <ele>2328.4</ele>
      </trkpt>
      <trkpt lat="46.398413" lon="7.61506">
        <ele>2329.4</ele>
      </trkpt>
      <trkpt lat="46.398391" lon="7.615136">
        <ele>2330.0</ele>
      </trkpt>
      <trkpt lat="46.398391" lon="7.615215">
        <ele>2331.1</ele>
      </trkpt>
      <trkpt lat="46.398392" lon="7.615349">
        <ele>2332.6</ele>
      </trkpt>
      <trkpt lat="46.398366" lon="7.615471">
        <ele>2333.8</ele>
      </trkpt>
      <trkpt lat="46.398316" lon="7.615596">
        <ele>2335.8</ele>
      </trkpt>
      <trkpt lat="46.398223" lon="7.615879">
        <ele>2338.2</ele>
        <name>46.398223,7.615879</name>
        <extensions>
          <oa:Extension>
            <oa:mapZoom>16</oa:mapZoom>
          </oa:Extension>
        </extensions>
      </trkpt>
    </trkseg>
  </trk>
</gpx>