<?xml version="1.0" encoding="UTF-8" standalone="yes"?>
<gpx version="1.1" creator="outdooractive - http://www.outdooractive.com" xmlns="http://www.topografix.com/GPX/1/1" xmlns:oa="http://www.outdooractive.com/GPX/Extensions/1" xmlns:xsi="http://www.w3.org/2001/XMLSchema-instance" xsi:schemaLocation="http://www.topografix.com/GPX/1/1 http://www.topografix.com/GPX/1/1/gpx.xsd http://www.outdooractive.com/GPX/Extensions/1 https://www.outdooractive.com/schema/gpx_extensions.xsd">
  <metadata>
    <name>Tälli via ferrata</name>
    <author>
      <name>Engelberg - Titlis Tourismus - Engelberg-Titlis Tourismus</name>
    </author>
    <link href="https://www.outdooractive.com/r/800289711"/>
    <time>2026-03-20T07:45:41.130Z</time>
    <extensions>
      <oa:oaCategory>viaferrata</oa:oaCategory>
    </extensions>
  </metadata>
  <wpt lon="8.337772" lat="46.747982">
    <ele>2067</ele>
    <name>Alpligerstöckli</name>
    <desc>altitude: 2067 m a.s.l</desc>
    <src>swisstopo-static.21430.7282496</src>
    <type>Summit</type>
  </wpt>
  <wpt lon="8.31411" lat="46.739951">
    <ele>2116</ele>
    <name>Sätteli</name>
    <src>outdooractive.21430.5640454</src>
    <type>Summit</type>
  </wpt>
  <wpt lon="8.328229" lat="46.740146">
    <ele>1728</ele>
    <name>Berggasthaus Tälli</name>
    <src>outdooractive.21430.8885338</src>
    <link href="http://www.taelli.ch"/>
    <type>Mountain Restaurant</type>
  </wpt>
  <wpt lon="8.337185" lat="46.747945">
    <ele>2032</ele>
    <name>Tälli-Klettersteig</name>
    <src>outdooractive.21430.5640453</src>
    <type>Access</type>
  </wpt>
  <wpt lon="8.328849" lat="46.739261">
    <ele>1666</ele>
    <name>Tällibahn (Grimselwelt)</name>
    <src>outdooractive.21430.10233468</src>
    <link href="http://www.grimselwelt.ch"/>
    <type>Gondola - Top Station</type>
  </wpt>
  <trk>
    <name>Tälli via ferrata</name>
    <desc>Via ferrata in Switzerland with many great climbing sections along the over 600 m high rock face of the Tällistock.</desc>
    <type>viaferrata</type>
    <trkseg>
      <trkpt lat="46.740189" lon="8.328036">
        <ele>1729.0</ele>
        <name>46.740100,8.328041</name>
        <extensions>
          <oa:Extension>
            <oa:mapZoom>14</oa:mapZoom>
          </oa:Extension>
        </extensions>
      </trkpt>
      <trkpt lat="46.740199" lon="8.328095">
        <ele>1728.3</ele>
      </trkpt>
      <trkpt lat="46.740183" lon="8.328143">
        <ele>1727.6</ele>
      </trkpt>
      <trkpt lat="46.740165" lon="8.328174">
        <ele>1727.5</ele>
      </trkpt>
      <trkpt lat="46.740139" lon="8.328225">
        <ele>1727.8</ele>
      </trkpt>
      <trkpt lat="46.740141" lon="8.328296">
        <ele>1728.2</ele>
      </trkpt>
      <trkpt lat="46.740151" lon="8.328377">
        <ele>1728.4</ele>
      </trkpt>
      <trkpt lat="46.740176" lon="8.328435">
        <ele>1728.2</ele>
      </trkpt>
      <trkpt lat="46.740239" lon="8.328519">
        <ele>1728.1</ele>
      </trkpt>
      <trkpt lat="46.740245" lon="8.328529">
        <ele>1728.1</ele>
      </trkpt>
      <trkpt lat="46.740262" lon="8.328559">
        <ele>1727.9</ele>
      </trkpt>
      <trkpt lat="46.740279" lon="8.32861">
        <ele>1727.4</ele>
      </trkpt>
      <trkpt lat="46.740309" lon="8.328642">
        <ele>1726.5</ele>
      </trkpt>
      <trkpt lat="46.74032" lon="8.32867">
        <ele>1725.5</ele>
      </trkpt>
      <trkpt lat="46.740353" lon="8.328688">
        <ele>1726.5</ele>
      </trkpt>
      <trkpt lat="46.740379" lon="8.328701">
        <ele>1727.8</ele>
      </trkpt>
      <trkpt lat="46.740396" lon="8.328702">
        <ele>1728.4</ele>
      </trkpt>
      <trkpt lat="46.740409" lon="8.328696">
        <ele>1729.0</ele>
      </trkpt>
      <trkpt lat="46.740436" lon="8.328703">
        <ele>1730.0</ele>
      </trkpt>
      <trkpt lat="46.740457" lon="8.328721">
        <ele>1730.5</ele>
      </trkpt>
      <trkpt lat="46.740489" lon="8.328742">
        <ele>1731.1</ele>
      </trkpt>
      <trkpt lat="46.740519" lon="8.328753">
        <ele>1731.8</ele>
      </trkpt>
      <trkpt lat="46.740528" lon="8.328749">
        <ele>1732.1</ele>
        <name>46.740528,8.328749</name>
        <extensions>
          <oa:Extension>
            <oa:mapZoom>14</oa:mapZoom>
          </oa:Extension>
        </extensions>
      </trkpt>
      <trkpt lat="46.740509" lon="8.328684">
        <ele>1733.1</ele>
      </trkpt>
      <trkpt lat="46.740498" lon="8.328646">
        <ele>1733.5</ele>
      </trkpt>
      <trkpt lat="46.740502" lon="8.328626">
        <ele>1734.2</ele>
      </trkpt>
      <trkpt lat="46.74053" lon="8.328635">
        <ele>1735.0</ele>
      </trkpt>
      <trkpt lat="46.740563" lon="8.328652">
        <ele>1735.9</ele>
      </trkpt>
      <trkpt lat="46.740589" lon="8.328669">
        <ele>1736.4</ele>
      </trkpt>
      <trkpt lat="46.740609" lon="8.328691">
        <ele>1737.2</ele>
      </trkpt>
      <trkpt lat="46.740628" lon="8.328702">
        <ele>1737.8</ele>
      </trkpt>
      <trkpt lat="46.740649" lon="8.328721">
        <ele>1738.0</ele>
      </trkpt>
      <trkpt lat="46.740669" lon="8.328731">
        <ele>1738.7</ele>
      </trkpt>
      <trkpt lat="46.740687" lon="8.328734">
        <ele>1739.4</ele>
      </trkpt>
      <trkpt lat="46.74069" lon="8.328704">
        <ele>1740.0</ele>
      </trkpt>
      <trkpt lat="46.74069" lon="8.328661">
        <ele>1741.5</ele>
      </trkpt>
      <trkpt lat="46.740674" lon="8.328612">
        <ele>1742.1</ele>
      </trkpt>
      <trkpt lat="46.740668" lon="8.328571">
        <ele>1742.5</ele>
      </trkpt>
      <trkpt lat="46.740665" lon="8.328526">
        <ele>1743.7</ele>
      </trkpt>
      <trkpt lat="46.740653" lon="8.328494">
        <ele>1744.0</ele>
      </trkpt>
      <trkpt lat="46.740661" lon="8.32848">
        <ele>1744.3</ele>
      </trkpt>
      <trkpt lat="46.740677" lon="8.32848">
        <ele>1744.6</ele>
      </trkpt>
      <trkpt lat="46.74071" lon="8.328479">
        <ele>1745.8</ele>
      </trkpt>
      <trkpt lat="46.740732" lon="8.328487">
        <ele>1746.7</ele>
      </trkpt>
      <trkpt lat="46.740751" lon="8.328468">
        <ele>1747.7</ele>
      </trkpt>
      <trkpt lat="46.740778" lon="8.32847">
        <ele>1748.8</ele>
      </trkpt>
      <trkpt lat="46.740799" lon="8.328463">
        <ele>1749.8</ele>
      </trkpt>
      <trkpt lat="46.740814" lon="8.328469">
        <ele>1750.4</ele>
      </trkpt>
      <trkpt lat="46.740836" lon="8.328477">
        <ele>1751.0</ele>
      </trkpt>
      <trkpt lat="46.740869" lon="8.32849">
        <ele>1752.0</ele>
      </trkpt>
      <trkpt lat="46.740904" lon="8.328509">
        <ele>1753.0</ele>
      </trkpt>
      <trkpt lat="46.740957" lon="8.328533">
        <ele>1754.9</ele>
      </trkpt>
      <trkpt lat="46.740963" lon="8.328534">
        <ele>1755.1</ele>
        <name>46.740951,8.328619</name>
        <extensions>
          <oa:Extension>
            <oa:mapZoom>14</oa:mapZoom>
          </oa:Extension>
        </extensions>
      </trkpt>
      <trkpt lat="46.740994" lon="8.328543">
        <ele>1756.3</ele>
      </trkpt>
      <trkpt lat="46.741008" lon="8.328561">
        <ele>1756.4</ele>
      </trkpt>
      <trkpt lat="46.741033" lon="8.328588">
        <ele>1756.6</ele>
      </trkpt>
      <trkpt lat="46.741033" lon="8.328589">
        <ele>1756.6</ele>
        <name>46.741033,8.328588</name>
        <extensions>
          <oa:Extension>
            <oa:mapZoom>14</oa:mapZoom>
          </oa:Extension>
        </extensions>
      </trkpt>
      <trkpt lat="46.741054" lon="8.3286">
        <ele>1757.0</ele>
      </trkpt>
      <trkpt lat="46.741081" lon="8.328617">
        <ele>1757.6</ele>
      </trkpt>
      <trkpt lat="46.741105" lon="8.328644">
        <ele>1757.3</ele>
      </trkpt>
      <trkpt lat="46.741125" lon="8.328687">
        <ele>1756.4</ele>
      </trkpt>
      <trkpt lat="46.741148" lon="8.32872">
        <ele>1756.6</ele>
      </trkpt>
      <trkpt lat="46.741172" lon="8.328735">
        <ele>1757.8</ele>
      </trkpt>
      <trkpt lat="46.74119" lon="8.328758">
        <ele>1758.1</ele>
      </trkpt>
      <trkpt lat="46.741221" lon="8.328807">
        <ele>1757.9</ele>
      </trkpt>
      <trkpt lat="46.74125" lon="8.328855">
        <ele>1758.4</ele>
      </trkpt>
      <trkpt lat="46.741289" lon="8.328903">
        <ele>1758.9</ele>
      </trkpt>
      <trkpt lat="46.741313" lon="8.328915">
        <ele>1759.2</ele>
      </trkpt>
      <trkpt lat="46.741336" lon="8.328923">
        <ele>1759.4</ele>
      </trkpt>
      <trkpt lat="46.741374" lon="8.328961">
        <ele>1759.2</ele>
      </trkpt>
      <trkpt lat="46.741405" lon="8.328998">
        <ele>1759.2</ele>
      </trkpt>
      <trkpt lat="46.741415" lon="8.329056">
        <ele>1758.3</ele>
      </trkpt>
      <trkpt lat="46.741447" lon="8.329087">
        <ele>1758.6</ele>
      </trkpt>
      <trkpt lat="46.741496" lon="8.329094">
        <ele>1759.3</ele>
      </trkpt>
      <trkpt lat="46.741571" lon="8.329142">
        <ele>1758.9</ele>
      </trkpt>
      <trkpt lat="46.741619" lon="8.329161">
        <ele>1759.4</ele>
      </trkpt>
      <trkpt lat="46.741649" lon="8.329183">
        <ele>1759.7</ele>
      </trkpt>
      <trkpt lat="46.741669" lon="8.329213">
        <ele>1759.9</ele>
      </trkpt>
      <trkpt lat="46.741694" lon="8.32927">
        <ele>1760.6</ele>
      </trkpt>
      <trkpt lat="46.741729" lon="8.329317">
        <ele>1762.0</ele>
      </trkpt>
      <trkpt lat="46.741769" lon="8.329343">
        <ele>1764.4</ele>
      </trkpt>
      <trkpt lat="46.741799" lon="8.329365">
        <ele>1765.3</ele>
      </trkpt>
      <trkpt lat="46.741834" lon="8.329379">
        <ele>1766.9</ele>
      </trkpt>
      <trkpt lat="46.741864" lon="8.329404">
        <ele>1767.3</ele>
      </trkpt>
      <trkpt lat="46.741894" lon="8.329426">
        <ele>1767.8</ele>
      </trkpt>
      <trkpt lat="46.741904" lon="8.329464">
        <ele>1768.5</ele>
      </trkpt>
      <trkpt lat="46.741913" lon="8.329501">
        <ele>1769.4</ele>
      </trkpt>
      <trkpt lat="46.741945" lon="8.329524">
        <ele>1770.9</ele>
      </trkpt>
      <trkpt lat="46.741962" lon="8.329504">
        <ele>1771.9</ele>
      </trkpt>
      <trkpt lat="46.741992" lon="8.329527">
        <ele>1773.3</ele>
      </trkpt>
      <trkpt lat="46.742043" lon="8.329638">
        <ele>1776.2</ele>
      </trkpt>
      <trkpt lat="46.742131" lon="8.329767">
        <ele>1780.9</ele>
      </trkpt>
      <trkpt lat="46.742182" lon="8.329896">
        <ele>1783.8</ele>
      </trkpt>
      <trkpt lat="46.742212" lon="8.329919">
        <ele>1785.2</ele>
      </trkpt>
      <trkpt lat="46.742255" lon="8.329991">
        <ele>1786.8</ele>
      </trkpt>
      <trkpt lat="46.742346" lon="8.330073">
        <ele>1790.0</ele>
      </trkpt>
      <trkpt lat="46.742393" lon="8.330112">
        <ele>1791.9</ele>
      </trkpt>
      <trkpt lat="46.742467" lon="8.330165">
        <ele>1794.6</ele>
      </trkpt>
      <trkpt lat="46.742517" lon="8.330231">
        <ele>1795.8</ele>
      </trkpt>
      <trkpt lat="46.742597" lon="8.330312">
        <ele>1797.9</ele>
      </trkpt>
      <trkpt lat="46.742641" lon="8.33036">
        <ele>1799.2</ele>
      </trkpt>
      <trkpt lat="46.742681" lon="8.330382">
        <ele>1800.0</ele>
      </trkpt>
      <trkpt lat="46.742714" lon="8.330433">
        <ele>1800.7</ele>
      </trkpt>
      <trkpt lat="46.742756" lon="8.330449">
        <ele>1801.7</ele>
      </trkpt>
      <trkpt lat="46.742795" lon="8.330484">
        <ele>1802.6</ele>
      </trkpt>
      <trkpt lat="46.742851" lon="8.330532">
        <ele>1804.6</ele>
      </trkpt>
      <trkpt lat="46.742886" lon="8.330584">
        <ele>1805.6</ele>
      </trkpt>
      <trkpt lat="46.742921" lon="8.330633">
        <ele>1806.8</ele>
      </trkpt>
      <trkpt lat="46.742936" lon="8.330706">
        <ele>1808.1</ele>
      </trkpt>
      <trkpt lat="46.742964" lon="8.330827">
        <ele>1810.2</ele>
      </trkpt>
      <trkpt lat="46.743021" lon="8.330914">
        <ele>1812.9</ele>
      </trkpt>
      <trkpt lat="46.743093" lon="8.331005">
        <ele>1816.1</ele>
      </trkpt>
      <trkpt lat="46.743186" lon="8.331144">
        <ele>1819.4</ele>
      </trkpt>
      <trkpt lat="46.743246" lon="8.331229">
        <ele>1822.0</ele>
      </trkpt>
      <trkpt lat="46.743336" lon="8.331309">
        <ele>1824.6</ele>
      </trkpt>
      <trkpt lat="46.743367" lon="8.331322">
        <ele>1825.7</ele>
      </trkpt>
      <trkpt lat="46.743504" lon="8.331476">
        <ele>1830.0</ele>
      </trkpt>
      <trkpt lat="46.743535" lon="8.331576">
        <ele>1830.9</ele>
      </trkpt>
      <trkpt lat="46.743582" lon="8.331633">
        <ele>1832.3</ele>
      </trkpt>
      <trkpt lat="46.743655" lon="8.3317">
        <ele>1834.3</ele>
      </trkpt>
      <trkpt lat="46.743693" lon="8.33177">
        <ele>1836.4</ele>
      </trkpt>
      <trkpt lat="46.743739" lon="8.331866">
        <ele>1838.1</ele>
      </trkpt>
      <trkpt lat="46.743763" lon="8.331894">
        <ele>1839.4</ele>
      </trkpt>
      <trkpt lat="46.743811" lon="8.331961">
        <ele>1840.7</ele>
      </trkpt>
      <trkpt lat="46.74387" lon="8.332028">
        <ele>1843.1</ele>
      </trkpt>
      <trkpt lat="46.743916" lon="8.332094">
        <ele>1845.2</ele>
      </trkpt>
      <trkpt lat="46.743942" lon="8.332149">
        <ele>1845.9</ele>
      </trkpt>
      <trkpt lat="46.744007" lon="8.332217">
        <ele>1847.9</ele>
      </trkpt>
      <trkpt lat="46.744053" lon="8.332295">
        <ele>1849.9</ele>
      </trkpt>
      <trkpt lat="46.744054" lon="8.332421">
        <ele>1851.3</ele>
      </trkpt>
      <trkpt lat="46.744044" lon="8.332455">
        <ele>1851.8</ele>
      </trkpt>
      <trkpt lat="46.744058" lon="8.332494">
        <ele>1852.9</ele>
      </trkpt>
      <trkpt lat="46.744097" lon="8.332454">
        <ele>1854.3</ele>
      </trkpt>
      <trkpt lat="46.744136" lon="8.332428">
        <ele>1855.7</ele>
      </trkpt>
      <trkpt lat="46.744146" lon="8.332486">
        <ele>1857.3</ele>
      </trkpt>
      <trkpt lat="46.744136" lon="8.332689">
        <ele>1861.9</ele>
      </trkpt>
      <trkpt lat="46.744109" lon="8.332821">
        <ele>1865.7</ele>
      </trkpt>
      <trkpt lat="46.744088" lon="8.33292">
        <ele>1867.7</ele>
      </trkpt>
      <trkpt lat="46.744095" lon="8.332959">
        <ele>1868.8</ele>
      </trkpt>
      <trkpt lat="46.744127" lon="8.332999">
        <ele>1870.1</ele>
      </trkpt>
      <trkpt lat="46.744195" lon="8.332968">
        <ele>1871.7</ele>
      </trkpt>
      <trkpt lat="46.744229" lon="8.332999">
        <ele>1873.3</ele>
      </trkpt>
      <trkpt lat="46.744251" lon="8.333024">
        <ele>1874.8</ele>
      </trkpt>
      <trkpt lat="46.7443" lon="8.332993">
        <ele>1877.2</ele>
      </trkpt>
      <trkpt lat="46.744352" lon="8.332959">
        <ele>1880.1</ele>
      </trkpt>
      <trkpt lat="46.744383" lon="8.332891">
        <ele>1882.7</ele>
      </trkpt>
      <trkpt lat="46.744403" lon="8.332817">
        <ele>1884.6</ele>
      </trkpt>
      <trkpt lat="46.744428" lon="8.332786">
        <ele>1885.9</ele>
      </trkpt>
      <trkpt lat="46.744463" lon="8.332838">
        <ele>1888.1</ele>
      </trkpt>
      <trkpt lat="46.744479" lon="8.332792">
        <ele>1889.3</ele>
      </trkpt>
      <trkpt lat="46.744521" lon="8.332807">
        <ele>1891.6</ele>
      </trkpt>
      <trkpt lat="46.744542" lon="8.332758">
        <ele>1892.8</ele>
      </trkpt>
      <trkpt lat="46.744574" lon="8.332858">
        <ele>1894.4</ele>
      </trkpt>
      <trkpt lat="46.744625" lon="8.332916">
        <ele>1896.9</ele>
      </trkpt>
      <trkpt lat="46.744647" lon="8.332988">
        <ele>1898.5</ele>
      </trkpt>
      <trkpt lat="46.744711" lon="8.333015">
        <ele>1900.3</ele>
      </trkpt>
      <trkpt lat="46.744777" lon="8.333083">
        <ele>1902.7</ele>
      </trkpt>
      <trkpt lat="46.744834" lon="8.333091">
        <ele>1904.3</ele>
      </trkpt>
      <trkpt lat="46.744897" lon="8.333066">
        <ele>1905.7</ele>
      </trkpt>
      <trkpt lat="46.744954" lon="8.333003">
        <ele>1907.8</ele>
      </trkpt>
      <trkpt lat="46.744992" lon="8.333026">
        <ele>1908.5</ele>
      </trkpt>
      <trkpt lat="46.745023" lon="8.333046">
        <ele>1908.1</ele>
      </trkpt>
      <trkpt lat="46.745053" lon="8.33306">
        <ele>1908.0</ele>
      </trkpt>
      <trkpt lat="46.745101" lon="8.333208">
        <ele>1908.1</ele>
      </trkpt>
      <trkpt lat="46.745136" lon="8.33326">
        <ele>1907.9</ele>
      </trkpt>
      <trkpt lat="46.745133" lon="8.333335">
        <ele>1907.2</ele>
      </trkpt>
      <trkpt lat="46.745184" lon="8.333367">
        <ele>1908.1</ele>
      </trkpt>
      <trkpt lat="46.74521" lon="8.333465">
        <ele>1909.3</ele>
      </trkpt>
      <trkpt lat="46.745278" lon="8.333529">
        <ele>1910.4</ele>
      </trkpt>
      <trkpt lat="46.745303" lon="8.333586">
        <ele>1909.7</ele>
      </trkpt>
      <trkpt lat="46.745355" lon="8.333691">
        <ele>1908.8</ele>
      </trkpt>
      <trkpt lat="46.745474" lon="8.333776">
        <ele>1910.7</ele>
      </trkpt>
      <trkpt lat="46.745562" lon="8.333812">
        <ele>1914.2</ele>
      </trkpt>
      <trkpt lat="46.74563" lon="8.333883">
        <ele>1915.3</ele>
      </trkpt>
      <trkpt lat="46.745657" lon="8.333909">
        <ele>1915.9</ele>
      </trkpt>
      <trkpt lat="46.745718" lon="8.333912">
        <ele>1917.5</ele>
      </trkpt>
      <trkpt lat="46.745794" lon="8.333908">
        <ele>1919.9</ele>
      </trkpt>
      <trkpt lat="46.74593" lon="8.33396">
        <ele>1921.1</ele>
      </trkpt>
      <trkpt lat="46.745974" lon="8.334015">
        <ele>1921.7</ele>
      </trkpt>
      <trkpt lat="46.746036" lon="8.334097">
        <ele>1922.2</ele>
      </trkpt>
      <trkpt lat="46.746073" lon="8.334129">
        <ele>1922.2</ele>
      </trkpt>
      <trkpt lat="46.746102" lon="8.33415">
        <ele>1922.4</ele>
      </trkpt>
      <trkpt lat="46.746125" lon="8.334176">
        <ele>1922.9</ele>
      </trkpt>
      <trkpt lat="46.746142" lon="8.334282">
        <ele>1923.9</ele>
      </trkpt>
      <trkpt lat="46.746209" lon="8.33441">
        <ele>1926.4</ele>
      </trkpt>
      <trkpt lat="46.746239" lon="8.334445">
        <ele>1927.5</ele>
      </trkpt>
      <trkpt lat="46.746267" lon="8.334525">
        <ele>1926.6</ele>
      </trkpt>
      <trkpt lat="46.746297" lon="8.334553">
        <ele>1927.7</ele>
      </trkpt>
      <trkpt lat="46.746434" lon="8.334642">
        <ele>1929.9</ele>
      </trkpt>
      <trkpt lat="46.74651" lon="8.334708">
        <ele>1931.5</ele>
      </trkpt>
      <trkpt lat="46.746548" lon="8.33474">
        <ele>1932.4</ele>
      </trkpt>
      <trkpt lat="46.74658" lon="8.334794">
        <ele>1932.2</ele>
      </trkpt>
      <trkpt lat="46.74661" lon="8.334915">
        <ele>1931.2</ele>
      </trkpt>
      <trkpt lat="46.74666" lon="8.334988">
        <ele>1932.2</ele>
      </trkpt>
      <trkpt lat="46.746681" lon="8.335028">
        <ele>1932.4</ele>
      </trkpt>
      <trkpt lat="46.74672" lon="8.335075">
        <ele>1934.1</ele>
      </trkpt>
      <trkpt lat="46.746743" lon="8.335138">
        <ele>1935.1</ele>
      </trkpt>
      <trkpt lat="46.746831" lon="8.335298">
        <ele>1938.1</ele>
      </trkpt>
      <trkpt lat="46.746867" lon="8.335374">
        <ele>1938.3</ele>
      </trkpt>
      <trkpt lat="46.746875" lon="8.335425">
        <ele>1937.4</ele>
      </trkpt>
      <trkpt lat="46.746908" lon="8.335487">
        <ele>1938.1</ele>
      </trkpt>
      <trkpt lat="46.746924" lon="8.335527">
        <ele>1938.2</ele>
      </trkpt>
      <trkpt lat="46.746948" lon="8.33559">
        <ele>1938.6</ele>
      </trkpt>
      <trkpt lat="46.74696" lon="8.33564">
        <ele>1938.6</ele>
      </trkpt>
      <trkpt lat="46.746976" lon="8.335671">
        <ele>1939.3</ele>
      </trkpt>
      <trkpt lat="46.747" lon="8.335683">
        <ele>1940.7</ele>
      </trkpt>
      <trkpt lat="46.746993" lon="8.335647">
        <ele>1941.2</ele>
      </trkpt>
      <trkpt lat="46.746996" lon="8.335568">
        <ele>1943.3</ele>
      </trkpt>
      <trkpt lat="46.747014" lon="8.335628">
        <ele>1943.4</ele>
      </trkpt>
      <trkpt lat="46.747047" lon="8.335626">
        <ele>1945.2</ele>
      </trkpt>
      <trkpt lat="46.747056" lon="8.335576">
        <ele>1948.2</ele>
      </trkpt>
      <trkpt lat="46.747083" lon="8.335581">
        <ele>1949.9</ele>
      </trkpt>
      <trkpt lat="46.747102" lon="8.335608">
        <ele>1949.5</ele>
      </trkpt>
      <trkpt lat="46.747144" lon="8.335679">
        <ele>1946.9</ele>
      </trkpt>
      <trkpt lat="46.747173" lon="8.335696">
        <ele>1948.0</ele>
      </trkpt>
      <trkpt lat="46.747232" lon="8.335812">
        <ele>1950.6</ele>
      </trkpt>
      <trkpt lat="46.747257" lon="8.33583">
        <ele>1952.5</ele>
      </trkpt>
      <trkpt lat="46.747319" lon="8.335853">
        <ele>1957.6</ele>
      </trkpt>
      <trkpt lat="46.747316" lon="8.335941">
        <ele>1955.1</ele>
      </trkpt>
      <trkpt lat="46.747253" lon="8.336069">
        <ele>1945.3</ele>
      </trkpt>
      <trkpt lat="46.747244" lon="8.336164">
        <ele>1945.1</ele>
      </trkpt>
      <trkpt lat="46.747231" lon="8.336225">
        <ele>1944.3</ele>
      </trkpt>
      <trkpt lat="46.747253" lon="8.336297">
        <ele>1947.8</ele>
      </trkpt>
      <trkpt lat="46.747261" lon="8.336328">
        <ele>1949.4</ele>
      </trkpt>
      <trkpt lat="46.747257" lon="8.336362">
        <ele>1949.9</ele>
      </trkpt>
      <trkpt lat="46.747259" lon="8.336472">
        <ele>1955.3</ele>
      </trkpt>
      <trkpt lat="46.747265" lon="8.336545">
        <ele>1957.8</ele>
      </trkpt>
      <trkpt lat="46.747305" lon="8.336494">
        <ele>1959.9</ele>
      </trkpt>
      <trkpt lat="46.747309" lon="8.336519">
        <ele>1961.3</ele>
      </trkpt>
      <trkpt lat="46.747356" lon="8.336495">
        <ele>1965.3</ele>
      </trkpt>
      <trkpt lat="46.747372" lon="8.336537">
        <ele>1967.4</ele>
      </trkpt>
      <trkpt lat="46.74739" lon="8.336568">
        <ele>1969.8</ele>
      </trkpt>
      <trkpt lat="46.747382" lon="8.336689">
        <ele>1972.4</ele>
      </trkpt>
      <trkpt lat="46.747362" lon="8.336754">
        <ele>1974.1</ele>
      </trkpt>
      <trkpt lat="46.747356" lon="8.336817">
        <ele>1975.4</ele>
      </trkpt>
      <trkpt lat="46.747365" lon="8.336823">
        <ele>1976.3</ele>
      </trkpt>
      <trkpt lat="46.74742" lon="8.336793">
        <ele>1979.8</ele>
      </trkpt>
      <trkpt lat="46.747472" lon="8.33679">
        <ele>1983.0</ele>
      </trkpt>
      <trkpt lat="46.747484" lon="8.336745">
        <ele>1983.1</ele>
      </trkpt>
      <trkpt lat="46.747522" lon="8.336736">
        <ele>1986.8</ele>
      </trkpt>
      <trkpt lat="46.747546" lon="8.336812">
        <ele>1990.9</ele>
      </trkpt>
      <trkpt lat="46.747557" lon="8.336887">
        <ele>1993.0</ele>
      </trkpt>
      <trkpt lat="46.747531" lon="8.336927">
        <ele>1992.5</ele>
      </trkpt>
      <trkpt lat="46.747498" lon="8.336953">
        <ele>1992.0</ele>
      </trkpt>
      <trkpt lat="46.747476" lon="8.337065">
        <ele>1995.5</ele>
      </trkpt>
      <trkpt lat="46.747482" lon="8.337171">
        <ele>2000.9</ele>
      </trkpt>
      <trkpt lat="46.747512" lon="8.337237">
        <ele>2007.7</ele>
      </trkpt>
      <trkpt lat="46.747494" lon="8.337285">
        <ele>2008.7</ele>
      </trkpt>
      <trkpt lat="46.747491" lon="8.337356">
        <ele>2012.5</ele>
      </trkpt>
      <trkpt lat="46.747505" lon="8.337397">
        <ele>2014.9</ele>
      </trkpt>
      <trkpt lat="46.74754" lon="8.337403">
        <ele>2018.0</ele>
      </trkpt>
      <trkpt lat="46.747579" lon="8.337393">
        <ele>2021.0</ele>
      </trkpt>
      <trkpt lat="46.747605" lon="8.337324">
        <ele>2021.3</ele>
      </trkpt>
      <trkpt lat="46.747627" lon="8.337285">
        <ele>2023.3</ele>
      </trkpt>
      <trkpt lat="46.747669" lon="8.337326">
        <ele>2027.7</ele>
      </trkpt>
      <trkpt lat="46.7477" lon="8.33736">
        <ele>2031.0</ele>
      </trkpt>
      <trkpt lat="46.747733" lon="8.337392">
        <ele>2034.3</ele>
      </trkpt>
      <trkpt lat="46.747722" lon="8.337499">
        <ele>2037.9</ele>
      </trkpt>
      <trkpt lat="46.747735" lon="8.337584">
        <ele>2042.3</ele>
      </trkpt>
      <trkpt lat="46.747762" lon="8.33754">
        <ele>2043.2</ele>
      </trkpt>
      <trkpt lat="46.747766" lon="8.337599">
        <ele>2045.4</ele>
      </trkpt>
      <trkpt lat="46.747774" lon="8.337529">
        <ele>2044.3</ele>
      </trkpt>
      <trkpt lat="46.747784" lon="8.337455">
        <ele>2042.9</ele>
      </trkpt>
      <trkpt lat="46.747871" lon="8.337422">
        <ele>2042.8</ele>
      </trkpt>
      <trkpt lat="46.74796" lon="8.337386">
        <ele>2041.0</ele>
      </trkpt>
      <trkpt lat="46.748062" lon="8.337383">
        <ele>2047.1</ele>
      </trkpt>
      <trkpt lat="46.748103" lon="8.337493">
        <ele>2054.1</ele>
      </trkpt>
      <trkpt lat="46.748129" lon="8.337503">
        <ele>2056.5</ele>
      </trkpt>
      <trkpt lat="46.748146" lon="8.337526">
        <ele>2058.9</ele>
      </trkpt>
      <trkpt lat="46.748167" lon="8.3375">
        <ele>2066.2</ele>
      </trkpt>
      <trkpt lat="46.748166" lon="8.337475">
        <ele>2067.1</ele>
      </trkpt>
      <trkpt lat="46.748191" lon="8.337498">
        <ele>2078.3</ele>
      </trkpt>
      <trkpt lat="46.748207" lon="8.337498">
        <ele>2085.4</ele>
      </trkpt>
      <trkpt lat="46.748221" lon="8.337584">
        <ele>2091.6</ele>
      </trkpt>
      <trkpt lat="46.748276" lon="8.337613">
        <ele>2107.0</ele>
      </trkpt>
      <trkpt lat="46.748299" lon="8.337704">
        <ele>2105.7</ele>
      </trkpt>
      <trkpt lat="46.748338" lon="8.337767">
        <ele>2112.8</ele>
      </trkpt>
      <trkpt lat="46.748372" lon="8.337856">
        <ele>2113.3</ele>
      </trkpt>
      <trkpt lat="46.748427" lon="8.337908">
        <ele>2117.1</ele>
      </trkpt>
      <trkpt lat="46.748412" lon="8.337807">
        <ele>2121.2</ele>
      </trkpt>
      <trkpt lat="46.748392" lon="8.337722">
        <ele>2122.7</ele>
      </trkpt>
      <trkpt lat="46.74841" lon="8.337687">
        <ele>2126.4</ele>
      </trkpt>
      <trkpt lat="46.748455" lon="8.337672">
        <ele>2133.6</ele>
      </trkpt>
      <trkpt lat="46.748488" lon="8.337712">
        <ele>2136.9</ele>
      </trkpt>
      <trkpt lat="46.748534" lon="8.337764">
        <ele>2140.8</ele>
      </trkpt>
      <trkpt lat="46.748562" lon="8.337813">
        <ele>2141.7</ele>
      </trkpt>
      <trkpt lat="46.748601" lon="8.33776">
        <ele>2148.4</ele>
      </trkpt>
      <trkpt lat="46.748645" lon="8.33768">
        <ele>2158.8</ele>
      </trkpt>
      <trkpt lat="46.748657" lon="8.337557">
        <ele>2161.7</ele>
      </trkpt>
      <trkpt lat="46.748695" lon="8.337598">
        <ele>2163.8</ele>
      </trkpt>
      <trkpt lat="46.748734" lon="8.337644">
        <ele>2167.6</ele>
      </trkpt>
      <trkpt lat="46.748775" lon="8.337786">
        <ele>2168.1</ele>
      </trkpt>
      <trkpt lat="46.748801" lon="8.337788">
        <ele>2171.0</ele>
      </trkpt>
      <trkpt lat="46.748824" lon="8.337871">
        <ele>2170.7</ele>
      </trkpt>
      <trkpt lat="46.748864" lon="8.337901">
        <ele>2172.1</ele>
      </trkpt>
      <trkpt lat="46.748877" lon="8.337835">
        <ele>2176.2</ele>
      </trkpt>
      <trkpt lat="46.748908" lon="8.337856">
        <ele>2178.1</ele>
      </trkpt>
      <trkpt lat="46.748933" lon="8.337912">
        <ele>2182.7</ele>
      </trkpt>
      <trkpt lat="46.748962" lon="8.337934">
        <ele>2191.1</ele>
      </trkpt>
      <trkpt lat="46.748978" lon="8.338012">
        <ele>2191.4</ele>
      </trkpt>
      <trkpt lat="46.748983" lon="8.338087">
        <ele>2192.0</ele>
      </trkpt>
      <trkpt lat="46.748997" lon="8.338143">
        <ele>2195.0</ele>
      </trkpt>
      <trkpt lat="46.749044" lon="8.338141">
        <ele>2203.8</ele>
      </trkpt>
      <trkpt lat="46.749066" lon="8.338126">
        <ele>2207.8</ele>
      </trkpt>
      <trkpt lat="46.749078" lon="8.338137">
        <ele>2211.9</ele>
      </trkpt>
      <trkpt lat="46.749099" lon="8.338184">
        <ele>2221.0</ele>
      </trkpt>
      <trkpt lat="46.749145" lon="8.338266">
        <ele>2221.1</ele>
      </trkpt>
      <trkpt lat="46.749182" lon="8.338364">
        <ele>2220.2</ele>
      </trkpt>
      <trkpt lat="46.7492" lon="8.338497">
        <ele>2221.3</ele>
      </trkpt>
      <trkpt lat="46.749209" lon="8.338541">
        <ele>2222.8</ele>
      </trkpt>
      <trkpt lat="46.74924" lon="8.338476">
        <ele>2225.1</ele>
      </trkpt>
      <trkpt lat="46.749266" lon="8.338433">
        <ele>2235.4</ele>
      </trkpt>
      <trkpt lat="46.749283" lon="8.33835">
        <ele>2259.4</ele>
      </trkpt>
      <trkpt lat="46.749279" lon="8.338304">
        <ele>2265.0</ele>
      </trkpt>
      <trkpt lat="46.749296" lon="8.338341">
        <ele>2268.8</ele>
      </trkpt>
      <trkpt lat="46.749307" lon="8.338398">
        <ele>2271.8</ele>
      </trkpt>
      <trkpt lat="46.749307" lon="8.338465">
        <ele>2274.1</ele>
      </trkpt>
      <trkpt lat="46.749316" lon="8.338552">
        <ele>2285.5</ele>
      </trkpt>
      <trkpt lat="46.7493" lon="8.338619">
        <ele>2285.2</ele>
      </trkpt>
      <trkpt lat="46.749314" lon="8.338698">
        <ele>2285.9</ele>
      </trkpt>
      <trkpt lat="46.749342" lon="8.338778">
        <ele>2290.5</ele>
      </trkpt>
      <trkpt lat="46.749356" lon="8.338852">
        <ele>2293.7</ele>
      </trkpt>
      <trkpt lat="46.749372" lon="8.338941">
        <ele>2293.1</ele>
      </trkpt>
      <trkpt lat="46.749416" lon="8.33897">
        <ele>2291.4</ele>
      </trkpt>
      <trkpt lat="46.749449" lon="8.338978">
        <ele>2291.4</ele>
      </trkpt>
      <trkpt lat="46.749474" lon="8.338974">
        <ele>2292.5</ele>
      </trkpt>
      <trkpt lat="46.749511" lon="8.339026">
        <ele>2289.7</ele>
      </trkpt>
      <trkpt lat="46.749529" lon="8.33909">
        <ele>2289.5</ele>
      </trkpt>
      <trkpt lat="46.749528" lon="8.339174">
        <ele>2290.1</ele>
      </trkpt>
      <trkpt lat="46.749526" lon="8.339224">
        <ele>2290.7</ele>
      </trkpt>
      <trkpt lat="46.749531" lon="8.339284">
        <ele>2291.7</ele>
      </trkpt>
      <trkpt lat="46.749506" lon="8.339332">
        <ele>2292.3</ele>
      </trkpt>
      <trkpt lat="46.749469" lon="8.339383">
        <ele>2293.1</ele>
      </trkpt>
      <trkpt lat="46.749423" lon="8.339456">
        <ele>2295.7</ele>
      </trkpt>
      <trkpt lat="46.74942" lon="8.339463">
        <ele>2295.8</ele>
        <name>46.749420,8.339463</name>
        <extensions>
          <oa:Extension>
            <oa:mapZoom>14</oa:mapZoom>
          </oa:Extension>
        </extensions>
      </trkpt>
      <trkpt lat="46.749386" lon="8.339541">
        <ele>2297.5</ele>
      </trkpt>
      <trkpt lat="46.749376" lon="8.339629">
        <ele>2298.9</ele>
      </trkpt>
      <trkpt lat="46.749353" lon="8.339707">
        <ele>2300.7</ele>
      </trkpt>
      <trkpt lat="46.749333" lon="8.33979">
        <ele>2304.7</ele>
      </trkpt>
      <trkpt lat="46.749304" lon="8.339862">
        <ele>2306.2</ele>
      </trkpt>
      <trkpt lat="46.749288" lon="8.339916">
        <ele>2307.7</ele>
      </trkpt>
      <trkpt lat="46.749271" lon="8.33997">
        <ele>2309.0</ele>
      </trkpt>
      <trkpt lat="46.749222" lon="8.340007">
        <ele>2310.1</ele>
      </trkpt>
      <trkpt lat="46.749177" lon="8.340046">
        <ele>2314.0</ele>
      </trkpt>
      <trkpt lat="46.749152" lon="8.340104">
        <ele>2318.2</ele>
      </trkpt>
      <trkpt lat="46.749136" lon="8.340177">
        <ele>2320.7</ele>
      </trkpt>
      <trkpt lat="46.749183" lon="8.340205">
        <ele>2323.6</ele>
      </trkpt>
      <trkpt lat="46.749218" lon="8.340242">
        <ele>2326.3</ele>
      </trkpt>
      <trkpt lat="46.749238" lon="8.340297">
        <ele>2328.7</ele>
      </trkpt>
      <trkpt lat="46.749253" lon="8.340362">
        <ele>2332.0</ele>
      </trkpt>
      <trkpt lat="46.749293" lon="8.340369">
        <ele>2340.1</ele>
      </trkpt>
      <trkpt lat="46.749293" lon="8.340402">
        <ele>2342.8</ele>
      </trkpt>
      <trkpt lat="46.749301" lon="8.340416">
        <ele>2345.3</ele>
      </trkpt>
      <trkpt lat="46.74933" lon="8.340432">
        <ele>2350.7</ele>
      </trkpt>
      <trkpt lat="46.749366" lon="8.34045">
        <ele>2357.6</ele>
      </trkpt>
      <trkpt lat="46.749395" lon="8.340461">
        <ele>2365.2</ele>
      </trkpt>
      <trkpt lat="46.749421" lon="8.340471">
        <ele>2371.5</ele>
      </trkpt>
      <trkpt lat="46.749453" lon="8.340444">
        <ele>2374.8</ele>
      </trkpt>
      <trkpt lat="46.749501" lon="8.340402">
        <ele>2374.9</ele>
      </trkpt>
      <trkpt lat="46.749545" lon="8.340367">
        <ele>2376.8</ele>
      </trkpt>
      <trkpt lat="46.749616" lon="8.340325">
        <ele>2380.5</ele>
      </trkpt>
      <trkpt lat="46.749657" lon="8.34031">
        <ele>2383.9</ele>
      </trkpt>
      <trkpt lat="46.749688" lon="8.34032">
        <ele>2391.9</ele>
      </trkpt>
      <trkpt lat="46.749753" lon="8.3403">
        <ele>2418.3</ele>
      </trkpt>
      <trkpt lat="46.749752" lon="8.340295">
        <ele>2418.2</ele>
      </trkpt>
      <trkpt lat="46.749791" lon="8.340263">
        <ele>2471.3</ele>
      </trkpt>
      <trkpt lat="46.74984" lon="8.340249">
        <ele>2477.7</ele>
      </trkpt>
      <trkpt lat="46.749974" lon="8.340335">
        <ele>2483.1</ele>
      </trkpt>
      <trkpt lat="46.750041" lon="8.340557">
        <ele>2480.0</ele>
      </trkpt>
      <trkpt lat="46.75003" lon="8.340715">
        <ele>2472.2</ele>
      </trkpt>
      <trkpt lat="46.750076" lon="8.34092">
        <ele>2471.2</ele>
      </trkpt>
      <trkpt lat="46.750136" lon="8.341031">
        <ele>2513.5</ele>
      </trkpt>
      <trkpt lat="46.750186" lon="8.341121">
        <ele>2494.7</ele>
      </trkpt>
      <trkpt lat="46.750237" lon="8.341112">
        <ele>2503.3</ele>
      </trkpt>
      <trkpt lat="46.750309" lon="8.340954">
        <ele>2508.0</ele>
      </trkpt>
      <trkpt lat="46.750328" lon="8.340861">
        <ele>2512.2</ele>
      </trkpt>
      <trkpt lat="46.750341" lon="8.340789">
        <ele>2514.4</ele>
      </trkpt>
      <trkpt lat="46.7504" lon="8.340727">
        <ele>2517.6</ele>
      </trkpt>
      <trkpt lat="46.750453" lon="8.340749">
        <ele>2520.0</ele>
      </trkpt>
      <trkpt lat="46.750526" lon="8.340751">
        <ele>2521.7</ele>
      </trkpt>
      <trkpt lat="46.750609" lon="8.340719">
        <ele>2523.4</ele>
      </trkpt>
      <trkpt lat="46.7507" lon="8.340696">
        <ele>2522.6</ele>
      </trkpt>
      <trkpt lat="46.750726" lon="8.34075">
        <ele>2520.2</ele>
      </trkpt>
      <trkpt lat="46.750797" lon="8.340824">
        <ele>2519.9</ele>
      </trkpt>
      <trkpt lat="46.750859" lon="8.340888">
        <ele>2519.9</ele>
      </trkpt>
      <trkpt lat="46.750908" lon="8.341042">
        <ele>2520.1</ele>
      </trkpt>
      <trkpt lat="46.750953" lon="8.341249">
        <ele>2522.3</ele>
      </trkpt>
      <trkpt lat="46.751002" lon="8.341312">
        <ele>2524.1</ele>
      </trkpt>
      <trkpt lat="46.75106" lon="8.341286">
        <ele>2528.8</ele>
      </trkpt>
      <trkpt lat="46.751095" lon="8.341273">
        <ele>2532.4</ele>
      </trkpt>
      <trkpt lat="46.75109" lon="8.341142">
        <ele>2536.4</ele>
      </trkpt>
      <trkpt lat="46.751089" lon="8.341022">
        <ele>2536.6</ele>
      </trkpt>
      <trkpt lat="46.751068" lon="8.340924">
        <ele>2536.5</ele>
      </trkpt>
      <trkpt lat="46.751034" lon="8.340849">
        <ele>2537.6</ele>
      </trkpt>
      <trkpt lat="46.751008" lon="8.340743">
        <ele>2538.4</ele>
      </trkpt>
      <trkpt lat="46.750996" lon="8.340622">
        <ele>2539.6</ele>
      </trkpt>
      <trkpt lat="46.750953" lon="8.340402">
        <ele>2544.0</ele>
      </trkpt>
      <trkpt lat="46.750904" lon="8.340337">
        <ele>2547.0</ele>
      </trkpt>
      <trkpt lat="46.750838" lon="8.340247">
        <ele>2551.6</ele>
      </trkpt>
      <trkpt lat="46.750794" lon="8.340117">
        <ele>2554.4</ele>
      </trkpt>
      <trkpt lat="46.750795" lon="8.340015">
        <ele>2553.5</ele>
        <name>46.750795,8.340015</name>
        <extensions>
          <oa:Extension>
            <oa:mapZoom>14</oa:mapZoom>
          </oa:Extension>
        </extensions>
      </trkpt>
      <trkpt lat="46.750794" lon="8.340117">
        <ele>2554.4</ele>
      </trkpt>
      <trkpt lat="46.750838" lon="8.340247">
        <ele>2551.6</ele>
      </trkpt>
      <trkpt lat="46.750904" lon="8.340337">
        <ele>2547.0</ele>
      </trkpt>
      <trkpt lat="46.750946" lon="8.340392">
        <ele>2544.5</ele>
        <name>46.750946,8.340392</name>
        <extensions>
          <oa:Extension>
            <oa:mapZoom>14</oa:mapZoom>
          </oa:Extension>
        </extensions>
      </trkpt>
      <trkpt lat="46.750904" lon="8.340337">
        <ele>2547.0</ele>
      </trkpt>
      <trkpt lat="46.750838" lon="8.340247">
        <ele>2551.6</ele>
      </trkpt>
      <trkpt lat="46.750794" lon="8.340117">
        <ele>2554.4</ele>
      </trkpt>
      <trkpt lat="46.750795" lon="8.340015">
        <ele>2553.5</ele>
      </trkpt>
      <trkpt lat="46.750823" lon="8.339909">
        <ele>2551.7</ele>
      </trkpt>
      <trkpt lat="46.750869" lon="8.339898">
        <ele>2550.0</ele>
      </trkpt>
      <trkpt lat="46.7509" lon="8.339824">
        <ele>2548.5</ele>
      </trkpt>
      <trkpt lat="46.750932" lon="8.339789">
        <ele>2546.8</ele>
      </trkpt>
      <trkpt lat="46.750978" lon="8.339769">
        <ele>2544.1</ele>
      </trkpt>
      <trkpt lat="46.75098" lon="8.339724">
        <ele>2543.6</ele>
      </trkpt>
      <trkpt lat="46.750987" lon="8.339675">
        <ele>2543.4</ele>
      </trkpt>
      <trkpt lat="46.750995" lon="8.339584">
        <ele>2542.5</ele>
      </trkpt>
      <trkpt lat="46.751013" lon="8.339513">
        <ele>2541.0</ele>
      </trkpt>
      <trkpt lat="46.751078" lon="8.339502">
        <ele>2538.2</ele>
      </trkpt>
      <trkpt lat="46.751113" lon="8.339489">
        <ele>2536.9</ele>
      </trkpt>
      <trkpt lat="46.751157" lon="8.339366">
        <ele>2533.5</ele>
      </trkpt>
      <trkpt lat="46.751207" lon="8.339373">
        <ele>2532.1</ele>
      </trkpt>
      <trkpt lat="46.751233" lon="8.339349">
        <ele>2531.1</ele>
      </trkpt>
      <trkpt lat="46.751331" lon="8.339239">
        <ele>2527.0</ele>
      </trkpt>
      <trkpt lat="46.751353" lon="8.339149">
        <ele>2525.7</ele>
      </trkpt>
      <trkpt lat="46.751388" lon="8.339067">
        <ele>2524.0</ele>
        <name>46.751388,8.339067</name>
        <extensions>
          <oa:Extension>
            <oa:mapZoom>14</oa:mapZoom>
          </oa:Extension>
        </extensions>
      </trkpt>
      <trkpt lat="46.75142" lon="8.338992">
        <ele>2521.9</ele>
      </trkpt>
      <trkpt lat="46.751449" lon="8.33893">
        <ele>2520.4</ele>
      </trkpt>
      <trkpt lat="46.751501" lon="8.338884">
        <ele>2518.6</ele>
      </trkpt>
      <trkpt lat="46.751553" lon="8.338839">
        <ele>2517.6</ele>
      </trkpt>
      <trkpt lat="46.751578" lon="8.3388">
        <ele>2517.3</ele>
      </trkpt>
      <trkpt lat="46.751613" lon="8.338764">
        <ele>2516.8</ele>
      </trkpt>
      <trkpt lat="46.751638" lon="8.338778">
        <ele>2516.4</ele>
      </trkpt>
      <trkpt lat="46.751673" lon="8.338747">
        <ele>2516.2</ele>
      </trkpt>
      <trkpt lat="46.751712" lon="8.338718">
        <ele>2515.8</ele>
      </trkpt>
      <trkpt lat="46.751756" lon="8.338667">
        <ele>2515.2</ele>
      </trkpt>
      <trkpt lat="46.75178" lon="8.338618">
        <ele>2514.7</ele>
      </trkpt>
      <trkpt lat="46.751799" lon="8.338586">
        <ele>2514.2</ele>
      </trkpt>
      <trkpt lat="46.751827" lon="8.338588">
        <ele>2513.5</ele>
      </trkpt>
      <trkpt lat="46.75185" lon="8.338555">
        <ele>2513.0</ele>
      </trkpt>
      <trkpt lat="46.751869" lon="8.338503">
        <ele>2512.4</ele>
      </trkpt>
      <trkpt lat="46.751897" lon="8.338474">
        <ele>2511.6</ele>
      </trkpt>
      <trkpt lat="46.751937" lon="8.338448">
        <ele>2510.3</ele>
      </trkpt>
      <trkpt lat="46.751967" lon="8.338429">
        <ele>2509.8</ele>
      </trkpt>
      <trkpt lat="46.751999" lon="8.338427">
        <ele>2509.5</ele>
      </trkpt>
      <trkpt lat="46.752027" lon="8.338403">
        <ele>2508.9</ele>
      </trkpt>
      <trkpt lat="46.752056" lon="8.33839">
        <ele>2508.8</ele>
      </trkpt>
      <trkpt lat="46.752105" lon="8.338365">
        <ele>2508.2</ele>
      </trkpt>
      <trkpt lat="46.752131" lon="8.338336">
        <ele>2507.3</ele>
      </trkpt>
      <trkpt lat="46.752145" lon="8.338321">
        <ele>2506.7</ele>
      </trkpt>
      <trkpt lat="46.752178" lon="8.338252">
        <ele>2504.2</ele>
      </trkpt>
      <trkpt lat="46.752147" lon="8.338242">
        <ele>2503.4</ele>
      </trkpt>
      <trkpt lat="46.752114" lon="8.338232">
        <ele>2502.4</ele>
      </trkpt>
      <trkpt lat="46.752135" lon="8.338194">
        <ele>2500.0</ele>
      </trkpt>
      <trkpt lat="46.752164" lon="8.338145">
        <ele>2498.4</ele>
      </trkpt>
      <trkpt lat="46.752135" lon="8.338139">
        <ele>2496.4</ele>
      </trkpt>
      <trkpt lat="46.752111" lon="8.338108">
        <ele>2494.1</ele>
      </trkpt>
      <trkpt lat="46.752144" lon="8.338066">
        <ele>2492.7</ele>
      </trkpt>
      <trkpt lat="46.752171" lon="8.338019">
        <ele>2489.4</ele>
      </trkpt>
      <trkpt lat="46.752148" lon="8.338004">
        <ele>2487.6</ele>
      </trkpt>
      <trkpt lat="46.752204" lon="8.337959">
        <ele>2486.2</ele>
      </trkpt>
      <trkpt lat="46.752179" lon="8.337935">
        <ele>2483.4</ele>
      </trkpt>
      <trkpt lat="46.752145" lon="8.33793">
        <ele>2481.4</ele>
      </trkpt>
      <trkpt lat="46.752089" lon="8.337944">
        <ele>2480.7</ele>
      </trkpt>
      <trkpt lat="46.752052" lon="8.337964">
        <ele>2481.0</ele>
      </trkpt>
      <trkpt lat="46.752024" lon="8.337958">
        <ele>2479.6</ele>
      </trkpt>
      <trkpt lat="46.752059" lon="8.337896">
        <ele>2477.1</ele>
      </trkpt>
      <trkpt lat="46.752081" lon="8.337832">
        <ele>2474.2</ele>
      </trkpt>
      <trkpt lat="46.752146" lon="8.337778">
        <ele>2471.7</ele>
      </trkpt>
      <trkpt lat="46.752206" lon="8.337717">
        <ele>2468.9</ele>
      </trkpt>
      <trkpt lat="46.752264" lon="8.337661">
        <ele>2466.0</ele>
      </trkpt>
      <trkpt lat="46.752282" lon="8.337591">
        <ele>2463.2</ele>
      </trkpt>
      <trkpt lat="46.752326" lon="8.337587">
        <ele>2461.8</ele>
      </trkpt>
      <trkpt lat="46.752387" lon="8.337588">
        <ele>2459.2</ele>
      </trkpt>
      <trkpt lat="46.752443" lon="8.33757">
        <ele>2455.7</ele>
      </trkpt>
      <trkpt lat="46.752434" lon="8.337495">
        <ele>2452.1</ele>
      </trkpt>
      <trkpt lat="46.75241" lon="8.33741">
        <ele>2447.7</ele>
      </trkpt>
      <trkpt lat="46.752398" lon="8.337335">
        <ele>2443.8</ele>
      </trkpt>
      <trkpt lat="46.7524" lon="8.337256">
        <ele>2441.5</ele>
      </trkpt>
      <trkpt lat="46.752342" lon="8.33724">
        <ele>2439.3</ele>
      </trkpt>
      <trkpt lat="46.752315" lon="8.337229">
        <ele>2437.7</ele>
      </trkpt>
      <trkpt lat="46.752334" lon="8.337182">
        <ele>2435.5</ele>
      </trkpt>
      <trkpt lat="46.75236" lon="8.33714">
        <ele>2434.2</ele>
      </trkpt>
      <trkpt lat="46.752363" lon="8.337087">
        <ele>2431.2</ele>
      </trkpt>
      <trkpt lat="46.752348" lon="8.337035">
        <ele>2428.6</ele>
      </trkpt>
      <trkpt lat="46.752305" lon="8.337014">
        <ele>2426.2</ele>
      </trkpt>
      <trkpt lat="46.752293" lon="8.336985">
        <ele>2425.2</ele>
      </trkpt>
      <trkpt lat="46.752336" lon="8.336913">
        <ele>2421.7</ele>
      </trkpt>
      <trkpt lat="46.75238" lon="8.336841">
        <ele>2418.7</ele>
      </trkpt>
      <trkpt lat="46.752425" lon="8.336778">
        <ele>2415.5</ele>
      </trkpt>
      <trkpt lat="46.752433" lon="8.336668">
        <ele>2410.5</ele>
      </trkpt>
      <trkpt lat="46.752433" lon="8.336512">
        <ele>2406.0</ele>
      </trkpt>
      <trkpt lat="46.752436" lon="8.336408">
        <ele>2402.5</ele>
      </trkpt>
      <trkpt lat="46.752414" lon="8.336311">
        <ele>2399.1</ele>
      </trkpt>
      <trkpt lat="46.752436" lon="8.336232">
        <ele>2395.9</ele>
      </trkpt>
      <trkpt lat="46.75248" lon="8.336208">
        <ele>2392.2</ele>
      </trkpt>
      <trkpt lat="46.752492" lon="8.336127">
        <ele>2388.7</ele>
      </trkpt>
      <trkpt lat="46.752504" lon="8.336062">
        <ele>2385.6</ele>
      </trkpt>
      <trkpt lat="46.752532" lon="8.336026">
        <ele>2382.5</ele>
      </trkpt>
      <trkpt lat="46.75253" lon="8.335958">
        <ele>2379.6</ele>
      </trkpt>
      <trkpt lat="46.752546" lon="8.335918">
        <ele>2377.3</ele>
      </trkpt>
      <trkpt lat="46.752589" lon="8.335925">
        <ele>2376.1</ele>
      </trkpt>
      <trkpt lat="46.752636" lon="8.335975">
        <ele>2376.2</ele>
      </trkpt>
      <trkpt lat="46.75267" lon="8.335999">
        <ele>2375.6</ele>
      </trkpt>
      <trkpt lat="46.752711" lon="8.336028">
        <ele>2375.1</ele>
      </trkpt>
      <trkpt lat="46.752755" lon="8.336049">
        <ele>2374.0</ele>
      </trkpt>
      <trkpt lat="46.75281" lon="8.336084">
        <ele>2372.0</ele>
        <name>46.752810,8.336084</name>
        <extensions>
          <oa:Extension>
            <oa:mapZoom>14</oa:mapZoom>
          </oa:Extension>
        </extensions>
      </trkpt>
      <trkpt lat="46.752863" lon="8.336045">
        <ele>2368.6</ele>
      </trkpt>
      <trkpt lat="46.752897" lon="8.335943">
        <ele>2363.9</ele>
      </trkpt>
      <trkpt lat="46.752936" lon="8.335913">
        <ele>2361.5</ele>
      </trkpt>
      <trkpt lat="46.753" lon="8.335935">
        <ele>2359.0</ele>
      </trkpt>
      <trkpt lat="46.75304" lon="8.335972">
        <ele>2357.5</ele>
        <name>46.753040,8.335972</name>
        <extensions>
          <oa:Extension>
            <oa:mapZoom>14</oa:mapZoom>
          </oa:Extension>
        </extensions>
      </trkpt>
      <trkpt lat="46.753069" lon="8.335943">
        <ele>2355.3</ele>
      </trkpt>
      <trkpt lat="46.753078" lon="8.335863">
        <ele>2353.6</ele>
      </trkpt>
      <trkpt lat="46.753088" lon="8.335717">
        <ele>2349.4</ele>
      </trkpt>
      <trkpt lat="46.7531" lon="8.335631">
        <ele>2346.9</ele>
      </trkpt>
      <trkpt lat="46.753099" lon="8.335534">
        <ele>2344.7</ele>
      </trkpt>
      <trkpt lat="46.753095" lon="8.335433">
        <ele>2340.6</ele>
      </trkpt>
      <trkpt lat="46.753083" lon="8.335373">
        <ele>2340.6</ele>
      </trkpt>
      <trkpt lat="46.753101" lon="8.335322">
        <ele>2337.2</ele>
      </trkpt>
      <trkpt lat="46.753136" lon="8.335299">
        <ele>2334.7</ele>
      </trkpt>
      <trkpt lat="46.75317" lon="8.335307">
        <ele>2332.9</ele>
      </trkpt>
      <trkpt lat="46.753186" lon="8.335351">
        <ele>2333.0</ele>
      </trkpt>
      <trkpt lat="46.753214" lon="8.335375">
        <ele>2332.0</ele>
      </trkpt>
      <trkpt lat="46.753256" lon="8.335387">
        <ele>2329.8</ele>
      </trkpt>
      <trkpt lat="46.753247" lon="8.335307">
        <ele>2328.7</ele>
      </trkpt>
      <trkpt lat="46.753234" lon="8.335242">
        <ele>2327.6</ele>
      </trkpt>
      <trkpt lat="46.753227" lon="8.335211">
        <ele>2327.0</ele>
      </trkpt>
      <trkpt lat="46.753231" lon="8.335186">
        <ele>2326.0</ele>
      </trkpt>
      <trkpt lat="46.753246" lon="8.335151">
        <ele>2324.1</ele>
      </trkpt>
      <trkpt lat="46.753265" lon="8.335123">
        <ele>2322.5</ele>
      </trkpt>
      <trkpt lat="46.753275" lon="8.335117">
        <ele>2321.9</ele>
      </trkpt>
      <trkpt lat="46.753292" lon="8.335159">
        <ele>2322.1</ele>
      </trkpt>
      <trkpt lat="46.753331" lon="8.335206">
        <ele>2320.8</ele>
      </trkpt>
      <trkpt lat="46.753364" lon="8.335201">
        <ele>2318.6</ele>
      </trkpt>
      <trkpt lat="46.753399" lon="8.33522">
        <ele>2316.9</ele>
      </trkpt>
      <trkpt lat="46.753442" lon="8.335239">
        <ele>2315.3</ele>
      </trkpt>
      <trkpt lat="46.753437" lon="8.335175">
        <ele>2314.4</ele>
      </trkpt>
      <trkpt lat="46.753491" lon="8.335152">
        <ele>2312.4</ele>
      </trkpt>
      <trkpt lat="46.753536" lon="8.335113">
        <ele>2310.5</ele>
      </trkpt>
      <trkpt lat="46.753583" lon="8.335097">
        <ele>2308.2</ele>
      </trkpt>
      <trkpt lat="46.753611" lon="8.335069">
        <ele>2306.6</ele>
      </trkpt>
      <trkpt lat="46.753651" lon="8.335075">
        <ele>2304.7</ele>
      </trkpt>
      <trkpt lat="46.753658" lon="8.334998">
        <ele>2303.4</ele>
      </trkpt>
      <trkpt lat="46.75367" lon="8.334942">
        <ele>2301.7</ele>
      </trkpt>
      <trkpt lat="46.753667" lon="8.334852">
        <ele>2300.1</ele>
      </trkpt>
      <trkpt lat="46.753672" lon="8.334768">
        <ele>2297.8</ele>
      </trkpt>
      <trkpt lat="46.753675" lon="8.334695">
        <ele>2296.1</ele>
      </trkpt>
      <trkpt lat="46.753685" lon="8.334618">
        <ele>2294.0</ele>
      </trkpt>
      <trkpt lat="46.753699" lon="8.334518">
        <ele>2291.6</ele>
      </trkpt>
      <trkpt lat="46.753711" lon="8.33445">
        <ele>2290.3</ele>
      </trkpt>
      <trkpt lat="46.753756" lon="8.334415">
        <ele>2286.9</ele>
      </trkpt>
      <trkpt lat="46.753795" lon="8.334432">
        <ele>2284.2</ele>
      </trkpt>
      <trkpt lat="46.753815" lon="8.334498">
        <ele>2283.9</ele>
      </trkpt>
      <trkpt lat="46.753842" lon="8.334532">
        <ele>2282.8</ele>
      </trkpt>
      <trkpt lat="46.753876" lon="8.33452">
        <ele>2280.1</ele>
      </trkpt>
      <trkpt lat="46.753909" lon="8.334478">
        <ele>2277.4</ele>
      </trkpt>
      <trkpt lat="46.753917" lon="8.33442">
        <ele>2276.1</ele>
      </trkpt>
      <trkpt lat="46.753926" lon="8.334365">
        <ele>2274.8</ele>
      </trkpt>
      <trkpt lat="46.753941" lon="8.33433">
        <ele>2273.5</ele>
      </trkpt>
      <trkpt lat="46.753969" lon="8.334355">
        <ele>2272.3</ele>
      </trkpt>
      <trkpt lat="46.754004" lon="8.334385">
        <ele>2270.5</ele>
      </trkpt>
      <trkpt lat="46.754024" lon="8.334397">
        <ele>2269.6</ele>
      </trkpt>
      <trkpt lat="46.754039" lon="8.334374">
        <ele>2268.7</ele>
      </trkpt>
      <trkpt lat="46.754053" lon="8.334355">
        <ele>2267.9</ele>
      </trkpt>
      <trkpt lat="46.754069" lon="8.334387">
        <ele>2267.2</ele>
      </trkpt>
      <trkpt lat="46.754081" lon="8.334392">
        <ele>2266.7</ele>
      </trkpt>
      <trkpt lat="46.754104" lon="8.334365">
        <ele>2265.7</ele>
      </trkpt>
      <trkpt lat="46.754119" lon="8.33441">
        <ele>2265.2</ele>
      </trkpt>
      <trkpt lat="46.754133" lon="8.334441">
        <ele>2264.8</ele>
      </trkpt>
      <trkpt lat="46.754178" lon="8.334447">
        <ele>2263.1</ele>
      </trkpt>
      <trkpt lat="46.754233" lon="8.334426">
        <ele>2260.8</ele>
      </trkpt>
      <trkpt lat="46.7543" lon="8.33444">
        <ele>2258.3</ele>
      </trkpt>
      <trkpt lat="46.754342" lon="8.334465">
        <ele>2255.9</ele>
      </trkpt>
      <trkpt lat="46.754372" lon="8.334447">
        <ele>2253.8</ele>
      </trkpt>
      <trkpt lat="46.754388" lon="8.334409">
        <ele>2252.5</ele>
      </trkpt>
      <trkpt lat="46.754411" lon="8.33447">
        <ele>2251.8</ele>
      </trkpt>
      <trkpt lat="46.754453" lon="8.334484">
        <ele>2249.4</ele>
      </trkpt>
      <trkpt lat="46.754496" lon="8.334499">
        <ele>2247.0</ele>
      </trkpt>
      <trkpt lat="46.7545" lon="8.334455">
        <ele>2246.1</ele>
      </trkpt>
      <trkpt lat="46.754524" lon="8.334429">
        <ele>2244.5</ele>
      </trkpt>
      <trkpt lat="46.754543" lon="8.334365">
        <ele>2243.1</ele>
      </trkpt>
      <trkpt lat="46.754598" lon="8.334426">
        <ele>2241.3</ele>
      </trkpt>
      <trkpt lat="46.754637" lon="8.33446">
        <ele>2239.4</ele>
      </trkpt>
      <trkpt lat="46.754652" lon="8.334519">
        <ele>2239.0</ele>
      </trkpt>
      <trkpt lat="46.75465" lon="8.334594">
        <ele>2240.0</ele>
      </trkpt>
      <trkpt lat="46.754678" lon="8.334635">
        <ele>2238.3</ele>
      </trkpt>
      <trkpt lat="46.754701" lon="8.334662">
        <ele>2237.0</ele>
      </trkpt>
      <trkpt lat="46.754717" lon="8.334685">
        <ele>2236.7</ele>
      </trkpt>
      <trkpt lat="46.754742" lon="8.334675">
        <ele>2235.9</ele>
      </trkpt>
      <trkpt lat="46.754758" lon="8.334677">
        <ele>2235.6</ele>
      </trkpt>
      <trkpt lat="46.754772" lon="8.334698">
        <ele>2235.7</ele>
      </trkpt>
      <trkpt lat="46.7548" lon="8.334699">
        <ele>2235.4</ele>
      </trkpt>
      <trkpt lat="46.754811" lon="8.334714">
        <ele>2235.6</ele>
      </trkpt>
      <trkpt lat="46.754833" lon="8.334757">
        <ele>2236.0</ele>
      </trkpt>
      <trkpt lat="46.754842" lon="8.334787">
        <ele>2235.8</ele>
      </trkpt>
      <trkpt lat="46.754863" lon="8.334807">
        <ele>2235.0</ele>
      </trkpt>
      <trkpt lat="46.754899" lon="8.334805">
        <ele>2234.1</ele>
      </trkpt>
      <trkpt lat="46.754927" lon="8.334771">
        <ele>2233.5</ele>
      </trkpt>
      <trkpt lat="46.754953" lon="8.334729">
        <ele>2232.8</ele>
      </trkpt>
      <trkpt lat="46.754972" lon="8.334697">
        <ele>2232.5</ele>
      </trkpt>
      <trkpt lat="46.755004" lon="8.334704">
        <ele>2232.1</ele>
      </trkpt>
      <trkpt lat="46.755025" lon="8.334653">
        <ele>2231.9</ele>
      </trkpt>
      <trkpt lat="46.755049" lon="8.334647">
        <ele>2231.5</ele>
      </trkpt>
      <trkpt lat="46.75506" lon="8.334605">
        <ele>2231.4</ele>
      </trkpt>
      <trkpt lat="46.755075" lon="8.334549">
        <ele>2231.1</ele>
      </trkpt>
      <trkpt lat="46.755107" lon="8.33454">
        <ele>2230.4</ele>
      </trkpt>
      <trkpt lat="46.755125" lon="8.334469">
        <ele>2230.1</ele>
      </trkpt>
      <trkpt lat="46.755157" lon="8.334383">
        <ele>2229.3</ele>
      </trkpt>
      <trkpt lat="46.755198" lon="8.334384">
        <ele>2229.4</ele>
      </trkpt>
      <trkpt lat="46.755234" lon="8.334319">
        <ele>2228.5</ele>
      </trkpt>
      <trkpt lat="46.755261" lon="8.334314">
        <ele>2228.5</ele>
      </trkpt>
      <trkpt lat="46.755289" lon="8.334268">
        <ele>2228.0</ele>
      </trkpt>
      <trkpt lat="46.755321" lon="8.334263">
        <ele>2227.9</ele>
      </trkpt>
      <trkpt lat="46.755352" lon="8.334176">
        <ele>2227.5</ele>
      </trkpt>
      <trkpt lat="46.755374" lon="8.334193">
        <ele>2227.6</ele>
      </trkpt>
      <trkpt lat="46.755396" lon="8.334094">
        <ele>2227.2</ele>
      </trkpt>
      <trkpt lat="46.755421" lon="8.334052">
        <ele>2227.0</ele>
      </trkpt>
      <trkpt lat="46.755444" lon="8.334034">
        <ele>2227.0</ele>
      </trkpt>
      <trkpt lat="46.755471" lon="8.33402">
        <ele>2227.4</ele>
      </trkpt>
      <trkpt lat="46.755481" lon="8.334001">
        <ele>2227.3</ele>
      </trkpt>
      <trkpt lat="46.755478" lon="8.333949">
        <ele>2226.3</ele>
      </trkpt>
      <trkpt lat="46.755496" lon="8.333913">
        <ele>2226.3</ele>
      </trkpt>
      <trkpt lat="46.755526" lon="8.333906">
        <ele>2227.1</ele>
      </trkpt>
      <trkpt lat="46.755525" lon="8.333844">
        <ele>2226.1</ele>
      </trkpt>
      <trkpt lat="46.755547" lon="8.333826">
        <ele>2226.8</ele>
      </trkpt>
      <trkpt lat="46.755559" lon="8.333803">
        <ele>2226.7</ele>
      </trkpt>
      <trkpt lat="46.755566" lon="8.333762">
        <ele>2226.2</ele>
      </trkpt>
      <trkpt lat="46.755562" lon="8.333713">
        <ele>2224.9</ele>
      </trkpt>
      <trkpt lat="46.755558" lon="8.333667">
        <ele>2224.0</ele>
      </trkpt>
      <trkpt lat="46.75556" lon="8.333629">
        <ele>2223.2</ele>
      </trkpt>
      <trkpt lat="46.755568" lon="8.333621">
        <ele>2222.7</ele>
      </trkpt>
      <trkpt lat="46.755584" lon="8.333624">
        <ele>2222.1</ele>
      </trkpt>
      <trkpt lat="46.755602" lon="8.333622">
        <ele>2221.5</ele>
      </trkpt>
      <trkpt lat="46.755618" lon="8.333608">
        <ele>2220.0</ele>
      </trkpt>
      <trkpt lat="46.755622" lon="8.333585">
        <ele>2218.4</ele>
      </trkpt>
      <trkpt lat="46.755616" lon="8.333555">
        <ele>2216.8</ele>
      </trkpt>
      <trkpt lat="46.755608" lon="8.333526">
        <ele>2215.7</ele>
      </trkpt>
      <trkpt lat="46.755607" lon="8.333459">
        <ele>2212.7</ele>
      </trkpt>
      <trkpt lat="46.755605" lon="8.33338">
        <ele>2210.7</ele>
      </trkpt>
      <trkpt lat="46.755687" lon="8.3334">
        <ele>2208.7</ele>
      </trkpt>
      <trkpt lat="46.755739" lon="8.333427">
        <ele>2207.4</ele>
      </trkpt>
      <trkpt lat="46.755795" lon="8.33345">
        <ele>2205.3</ele>
      </trkpt>
      <trkpt lat="46.755803" lon="8.333411">
        <ele>2203.8</ele>
      </trkpt>
      <trkpt lat="46.75585" lon="8.333403">
        <ele>2200.7</ele>
      </trkpt>
      <trkpt lat="46.755856" lon="8.33333">
        <ele>2199.0</ele>
      </trkpt>
      <trkpt lat="46.755878" lon="8.333362">
        <ele>2198.9</ele>
      </trkpt>
      <trkpt lat="46.755896" lon="8.33334">
        <ele>2197.8</ele>
      </trkpt>
      <trkpt lat="46.755903" lon="8.333323">
        <ele>2197.4</ele>
      </trkpt>
      <trkpt lat="46.755907" lon="8.333292">
        <ele>2196.7</ele>
      </trkpt>
      <trkpt lat="46.755895" lon="8.333261">
        <ele>2196.0</ele>
      </trkpt>
      <trkpt lat="46.755889" lon="8.333236">
        <ele>2195.1</ele>
      </trkpt>
      <trkpt lat="46.755877" lon="8.333208">
        <ele>2194.5</ele>
      </trkpt>
      <trkpt lat="46.755878" lon="8.333192">
        <ele>2193.8</ele>
      </trkpt>
      <trkpt lat="46.755887" lon="8.333186">
        <ele>2193.3</ele>
      </trkpt>
      <trkpt lat="46.755901" lon="8.333192">
        <ele>2193.0</ele>
      </trkpt>
      <trkpt lat="46.75591" lon="8.333188">
        <ele>2192.6</ele>
      </trkpt>
      <trkpt lat="46.755912" lon="8.333173">
        <ele>2191.7</ele>
      </trkpt>
      <trkpt lat="46.755899" lon="8.333146">
        <ele>2191.2</ele>
      </trkpt>
      <trkpt lat="46.7559" lon="8.333132">
        <ele>2190.6</ele>
      </trkpt>
      <trkpt lat="46.755917" lon="8.333133">
        <ele>2189.8</ele>
      </trkpt>
      <trkpt lat="46.755937" lon="8.333143">
        <ele>2189.0</ele>
      </trkpt>
      <trkpt lat="46.755958" lon="8.333161">
        <ele>2188.1</ele>
      </trkpt>
      <trkpt lat="46.755987" lon="8.333195">
        <ele>2187.3</ele>
      </trkpt>
      <trkpt lat="46.755986" lon="8.333141">
        <ele>2185.9</ele>
      </trkpt>
      <trkpt lat="46.755996" lon="8.33313">
        <ele>2185.0</ele>
      </trkpt>
      <trkpt lat="46.756017" lon="8.333131">
        <ele>2183.8</ele>
      </trkpt>
      <trkpt lat="46.756046" lon="8.333163">
        <ele>2182.8</ele>
      </trkpt>
      <trkpt lat="46.756072" lon="8.333201">
        <ele>2182.3</ele>
      </trkpt>
      <trkpt lat="46.756112" lon="8.333264">
        <ele>2180.9</ele>
      </trkpt>
      <trkpt lat="46.756152" lon="8.333268">
        <ele>2179.0</ele>
      </trkpt>
      <trkpt lat="46.756179" lon="8.33328">
        <ele>2178.2</ele>
      </trkpt>
      <trkpt lat="46.756209" lon="8.333301">
        <ele>2177.4</ele>
      </trkpt>
      <trkpt lat="46.756241" lon="8.333329">
        <ele>2176.4</ele>
      </trkpt>
      <trkpt lat="46.756264" lon="8.333369">
        <ele>2175.9</ele>
      </trkpt>
      <trkpt lat="46.756293" lon="8.33339">
        <ele>2173.3</ele>
      </trkpt>
      <trkpt lat="46.756319" lon="8.333447">
        <ele>2172.2</ele>
      </trkpt>
      <trkpt lat="46.756349" lon="8.333433">
        <ele>2170.6</ele>
      </trkpt>
      <trkpt lat="46.756357" lon="8.333412">
        <ele>2169.8</ele>
      </trkpt>
      <trkpt lat="46.756351" lon="8.33335">
        <ele>2169.0</ele>
      </trkpt>
      <trkpt lat="46.756351" lon="8.333311">
        <ele>2168.1</ele>
      </trkpt>
      <trkpt lat="46.756367" lon="8.333305">
        <ele>2167.1</ele>
      </trkpt>
      <trkpt lat="46.756399" lon="8.333266">
        <ele>2164.8</ele>
      </trkpt>
      <trkpt lat="46.756409" lon="8.333232">
        <ele>2163.7</ele>
      </trkpt>
      <trkpt lat="46.7564" lon="8.333151">
        <ele>2162.5</ele>
      </trkpt>
      <trkpt lat="46.756415" lon="8.33308">
        <ele>2160.7</ele>
      </trkpt>
      <trkpt lat="46.756422" lon="8.332979">
        <ele>2158.5</ele>
      </trkpt>
      <trkpt lat="46.756461" lon="8.332986">
        <ele>2157.1</ele>
      </trkpt>
      <trkpt lat="46.756468" lon="8.332948">
        <ele>2155.9</ele>
      </trkpt>
      <trkpt lat="46.756469" lon="8.332908">
        <ele>2154.5</ele>
      </trkpt>
      <trkpt lat="46.75649" lon="8.332907">
        <ele>2153.5</ele>
      </trkpt>
      <trkpt lat="46.756486" lon="8.33286">
        <ele>2152.6</ele>
      </trkpt>
      <trkpt lat="46.7565" lon="8.332845">
        <ele>2151.6</ele>
      </trkpt>
      <trkpt lat="46.756513" lon="8.332859">
        <ele>2150.9</ele>
      </trkpt>
      <trkpt lat="46.756522" lon="8.332888">
        <ele>2151.0</ele>
      </trkpt>
      <trkpt lat="46.756529" lon="8.332905">
        <ele>2150.8</ele>
      </trkpt>
      <trkpt lat="46.756539" lon="8.332906">
        <ele>2150.0</ele>
      </trkpt>
      <trkpt lat="46.756546" lon="8.332891">
        <ele>2149.1</ele>
      </trkpt>
      <trkpt lat="46.756553" lon="8.332866">
        <ele>2148.1</ele>
      </trkpt>
      <trkpt lat="46.756565" lon="8.332827">
        <ele>2146.2</ele>
      </trkpt>
      <trkpt lat="46.756573" lon="8.332781">
        <ele>2144.3</ele>
      </trkpt>
      <trkpt lat="46.756583" lon="8.33279">
        <ele>2143.7</ele>
      </trkpt>
      <trkpt lat="46.756594" lon="8.33284">
        <ele>2144.2</ele>
      </trkpt>
      <trkpt lat="46.756607" lon="8.332854">
        <ele>2143.8</ele>
      </trkpt>
      <trkpt lat="46.756632" lon="8.332862">
        <ele>2142.6</ele>
      </trkpt>
      <trkpt lat="46.756646" lon="8.332859">
        <ele>2141.8</ele>
      </trkpt>
      <trkpt lat="46.756654" lon="8.332841">
        <ele>2141.1</ele>
      </trkpt>
      <trkpt lat="46.756664" lon="8.332815">
        <ele>2140.2</ele>
      </trkpt>
      <trkpt lat="46.756675" lon="8.332791">
        <ele>2139.5</ele>
      </trkpt>
      <trkpt lat="46.756671" lon="8.332757">
        <ele>2138.5</ele>
      </trkpt>
      <trkpt lat="46.756687" lon="8.332741">
        <ele>2137.8</ele>
      </trkpt>
      <trkpt lat="46.756683" lon="8.332713">
        <ele>2136.9</ele>
      </trkpt>
      <trkpt lat="46.756694" lon="8.332699">
        <ele>2136.3</ele>
      </trkpt>
      <trkpt lat="46.756699" lon="8.332668">
        <ele>2135.2</ele>
      </trkpt>
      <trkpt lat="46.756711" lon="8.33261">
        <ele>2133.1</ele>
      </trkpt>
      <trkpt lat="46.756685" lon="8.332553">
        <ele>2131.1</ele>
      </trkpt>
      <trkpt lat="46.756716" lon="8.332535">
        <ele>2130.0</ele>
      </trkpt>
      <trkpt lat="46.756717" lon="8.332487">
        <ele>2128.7</ele>
      </trkpt>
      <trkpt lat="46.756744" lon="8.332448">
        <ele>2126.4</ele>
      </trkpt>
      <trkpt lat="46.756776" lon="8.332406">
        <ele>2124.2</ele>
      </trkpt>
      <trkpt lat="46.756772" lon="8.332339">
        <ele>2123.0</ele>
      </trkpt>
      <trkpt lat="46.756833" lon="8.33236">
        <ele>2120.8</ele>
      </trkpt>
      <trkpt lat="46.756858" lon="8.332386">
        <ele>2120.4</ele>
        <name>46.756858,8.332386</name>
        <extensions>
          <oa:Extension>
            <oa:mapZoom>14</oa:mapZoom>
          </oa:Extension>
        </extensions>
      </trkpt>
      <trkpt lat="46.756833" lon="8.33236">
        <ele>2120.8</ele>
      </trkpt>
      <trkpt lat="46.756772" lon="8.332339">
        <ele>2123.0</ele>
      </trkpt>
      <trkpt lat="46.756758" lon="8.332289">
        <ele>2122.2</ele>
      </trkpt>
      <trkpt lat="46.756746" lon="8.332234">
        <ele>2121.5</ele>
      </trkpt>
      <trkpt lat="46.756784" lon="8.332194">
        <ele>2120.2</ele>
      </trkpt>
      <trkpt lat="46.756828" lon="8.33216">
        <ele>2117.4</ele>
      </trkpt>
      <trkpt lat="46.756831" lon="8.332101">
        <ele>2115.7</ele>
      </trkpt>
      <trkpt lat="46.756878" lon="8.332077">
        <ele>2112.2</ele>
      </trkpt>
      <trkpt lat="46.756911" lon="8.3321">
        <ele>2111.2</ele>
      </trkpt>
      <trkpt lat="46.756942" lon="8.332086">
        <ele>2110.0</ele>
      </trkpt>
      <trkpt lat="46.756936" lon="8.332025">
        <ele>2108.6</ele>
      </trkpt>
      <trkpt lat="46.756936" lon="8.331961">
        <ele>2106.5</ele>
      </trkpt>
      <trkpt lat="46.756933" lon="8.33187">
        <ele>2103.1</ele>
      </trkpt>
      <trkpt lat="46.756937" lon="8.3318">
        <ele>2100.5</ele>
      </trkpt>
      <trkpt lat="46.756963" lon="8.33177">
        <ele>2099.4</ele>
      </trkpt>
      <trkpt lat="46.756992" lon="8.331781">
        <ele>2099.6</ele>
      </trkpt>
      <trkpt lat="46.757012" lon="8.331747">
        <ele>2098.1</ele>
      </trkpt>
      <trkpt lat="46.757054" lon="8.331722">
        <ele>2096.4</ele>
      </trkpt>
      <trkpt lat="46.757039" lon="8.331616">
        <ele>2093.2</ele>
      </trkpt>
      <trkpt lat="46.757023" lon="8.331544">
        <ele>2091.2</ele>
      </trkpt>
      <trkpt lat="46.756991" lon="8.331497">
        <ele>2088.7</ele>
      </trkpt>
      <trkpt lat="46.756962" lon="8.331541">
        <ele>2088.2</ele>
      </trkpt>
      <trkpt lat="46.756928" lon="8.33156">
        <ele>2087.0</ele>
      </trkpt>
      <trkpt lat="46.756891" lon="8.331581">
        <ele>2086.0</ele>
      </trkpt>
      <trkpt lat="46.756842" lon="8.331561">
        <ele>2083.8</ele>
      </trkpt>
      <trkpt lat="46.756771" lon="8.331546">
        <ele>2081.9</ele>
      </trkpt>
      <trkpt lat="46.756687" lon="8.331497">
        <ele>2079.3</ele>
      </trkpt>
      <trkpt lat="46.756675" lon="8.331457">
        <ele>2077.6</ele>
      </trkpt>
      <trkpt lat="46.756722" lon="8.331433">
        <ele>2076.1</ele>
      </trkpt>
      <trkpt lat="46.756757" lon="8.331411">
        <ele>2074.7</ele>
      </trkpt>
      <trkpt lat="46.756782" lon="8.331357">
        <ele>2073.7</ele>
      </trkpt>
      <trkpt lat="46.756782" lon="8.331306">
        <ele>2071.8</ele>
      </trkpt>
      <trkpt lat="46.756745" lon="8.331321">
        <ele>2070.6</ele>
      </trkpt>
      <trkpt lat="46.756711" lon="8.331322">
        <ele>2070.6</ele>
      </trkpt>
      <trkpt lat="46.756657" lon="8.331268">
        <ele>2067.4</ele>
      </trkpt>
      <trkpt lat="46.756713" lon="8.331251">
        <ele>2066.9</ele>
      </trkpt>
      <trkpt lat="46.75667" lon="8.331226">
        <ele>2065.2</ele>
      </trkpt>
      <trkpt lat="46.756643" lon="8.331224">
        <ele>2065.1</ele>
      </trkpt>
      <trkpt lat="46.756618" lon="8.33119">
        <ele>2063.3</ele>
      </trkpt>
      <trkpt lat="46.756578" lon="8.33116">
        <ele>2061.9</ele>
      </trkpt>
      <trkpt lat="46.756532" lon="8.331097">
        <ele>2059.3</ele>
      </trkpt>
      <trkpt lat="46.756463" lon="8.331046">
        <ele>2058.9</ele>
      </trkpt>
      <trkpt lat="46.756461" lon="8.331001">
        <ele>2057.2</ele>
      </trkpt>
      <trkpt lat="46.756433" lon="8.330934">
        <ele>2055.5</ele>
      </trkpt>
      <trkpt lat="46.756403" lon="8.330844">
        <ele>2055.6</ele>
      </trkpt>
      <trkpt lat="46.756409" lon="8.33078">
        <ele>2053.7</ele>
      </trkpt>
      <trkpt lat="46.756384" lon="8.330704">
        <ele>2052.3</ele>
      </trkpt>
      <trkpt lat="46.756371" lon="8.330609">
        <ele>2048.7</ele>
      </trkpt>
      <trkpt lat="46.756326" lon="8.330543">
        <ele>2048.8</ele>
      </trkpt>
      <trkpt lat="46.756303" lon="8.330439">
        <ele>2048.9</ele>
      </trkpt>
      <trkpt lat="46.756318" lon="8.330395">
        <ele>2047.2</ele>
      </trkpt>
      <trkpt lat="46.756315" lon="8.330335">
        <ele>2045.9</ele>
      </trkpt>
      <trkpt lat="46.756305" lon="8.330226">
        <ele>2043.7</ele>
      </trkpt>
      <trkpt lat="46.756275" lon="8.330172">
        <ele>2043.8</ele>
      </trkpt>
      <trkpt lat="46.75627" lon="8.33012">
        <ele>2042.7</ele>
      </trkpt>
      <trkpt lat="46.756266" lon="8.330074">
        <ele>2041.7</ele>
      </trkpt>
      <trkpt lat="46.756253" lon="8.329926">
        <ele>2037.9</ele>
      </trkpt>
      <trkpt lat="46.75626" lon="8.329834">
        <ele>2035.0</ele>
      </trkpt>
      <trkpt lat="46.756236" lon="8.329784">
        <ele>2034.1</ele>
      </trkpt>
      <trkpt lat="46.756231" lon="8.32976">
        <ele>2033.5</ele>
      </trkpt>
      <trkpt lat="46.756218" lon="8.329734">
        <ele>2032.9</ele>
      </trkpt>
      <trkpt lat="46.756234" lon="8.329693">
        <ele>2031.0</ele>
      </trkpt>
      <trkpt lat="46.75621" lon="8.329646">
        <ele>2030.0</ele>
      </trkpt>
      <trkpt lat="46.756176" lon="8.329606">
        <ele>2029.0</ele>
      </trkpt>
      <trkpt lat="46.756141" lon="8.329597">
        <ele>2029.5</ele>
      </trkpt>
      <trkpt lat="46.756126" lon="8.329571">
        <ele>2029.0</ele>
      </trkpt>
      <trkpt lat="46.756156" lon="8.329564">
        <ele>2027.6</ele>
      </trkpt>
      <trkpt lat="46.756176" lon="8.329549">
        <ele>2026.4</ele>
      </trkpt>
      <trkpt lat="46.756178" lon="8.329501">
        <ele>2024.4</ele>
      </trkpt>
      <trkpt lat="46.756245" lon="8.329504">
        <ele>2022.2</ele>
      </trkpt>
      <trkpt lat="46.756281" lon="8.329509">
        <ele>2021.1</ele>
      </trkpt>
      <trkpt lat="46.756304" lon="8.329491">
        <ele>2019.7</ele>
      </trkpt>
      <trkpt lat="46.756332" lon="8.329484">
        <ele>2018.5</ele>
      </trkpt>
      <trkpt lat="46.756336" lon="8.329415">
        <ele>2015.9</ele>
      </trkpt>
      <trkpt lat="46.756316" lon="8.329382">
        <ele>2015.4</ele>
      </trkpt>
      <trkpt lat="46.756322" lon="8.329353">
        <ele>2014.1</ele>
      </trkpt>
      <trkpt lat="46.7563" lon="8.329298">
        <ele>2012.9</ele>
      </trkpt>
      <trkpt lat="46.756271" lon="8.329239">
        <ele>2011.5</ele>
      </trkpt>
      <trkpt lat="46.756256" lon="8.329194">
        <ele>2010.5</ele>
      </trkpt>
      <trkpt lat="46.756226" lon="8.329157">
        <ele>2010.2</ele>
      </trkpt>
      <trkpt lat="46.756205" lon="8.329117">
        <ele>2008.7</ele>
      </trkpt>
      <trkpt lat="46.756172" lon="8.329089">
        <ele>2008.2</ele>
      </trkpt>
      <trkpt lat="46.75617" lon="8.329034">
        <ele>2006.2</ele>
      </trkpt>
      <trkpt lat="46.756164" lon="8.328962">
        <ele>2003.8</ele>
      </trkpt>
      <trkpt lat="46.756153" lon="8.328896">
        <ele>2002.2</ele>
      </trkpt>
      <trkpt lat="46.756139" lon="8.32883">
        <ele>2001.1</ele>
      </trkpt>
      <trkpt lat="46.756123" lon="8.328781">
        <ele>2000.5</ele>
      </trkpt>
      <trkpt lat="46.756103" lon="8.328719">
        <ele>1999.6</ele>
      </trkpt>
      <trkpt lat="46.756069" lon="8.328638">
        <ele>1998.9</ele>
      </trkpt>
      <trkpt lat="46.756047" lon="8.328584">
        <ele>1998.1</ele>
      </trkpt>
      <trkpt lat="46.756025" lon="8.328524">
        <ele>1997.2</ele>
      </trkpt>
      <trkpt lat="46.75601" lon="8.328473">
        <ele>1996.4</ele>
      </trkpt>
      <trkpt lat="46.755968" lon="8.328411">
        <ele>1995.8</ele>
      </trkpt>
      <trkpt lat="46.755975" lon="8.328357">
        <ele>1993.9</ele>
      </trkpt>
      <trkpt lat="46.755948" lon="8.328334">
        <ele>1993.6</ele>
      </trkpt>
      <trkpt lat="46.755948" lon="8.328265">
        <ele>1989.6</ele>
      </trkpt>
      <trkpt lat="46.755889" lon="8.328177">
        <ele>1986.3</ele>
      </trkpt>
      <trkpt lat="46.755843" lon="8.328157">
        <ele>1986.4</ele>
      </trkpt>
      <trkpt lat="46.755777" lon="8.328029">
        <ele>1983.2</ele>
      </trkpt>
      <trkpt lat="46.755727" lon="8.327929">
        <ele>1981.9</ele>
      </trkpt>
      <trkpt lat="46.755703" lon="8.327819">
        <ele>1979.8</ele>
      </trkpt>
      <trkpt lat="46.755661" lon="8.32776">
        <ele>1979.2</ele>
      </trkpt>
      <trkpt lat="46.755626" lon="8.327668">
        <ele>1977.5</ele>
      </trkpt>
      <trkpt lat="46.755581" lon="8.327628">
        <ele>1976.6</ele>
      </trkpt>
      <trkpt lat="46.755552" lon="8.327635">
        <ele>1977.0</ele>
      </trkpt>
      <trkpt lat="46.755559" lon="8.327585">
        <ele>1974.9</ele>
      </trkpt>
      <trkpt lat="46.755545" lon="8.327534">
        <ele>1973.0</ele>
      </trkpt>
      <trkpt lat="46.755626" lon="8.32748">
        <ele>1970.2</ele>
      </trkpt>
      <trkpt lat="46.755674" lon="8.327432">
        <ele>1967.4</ele>
      </trkpt>
      <trkpt lat="46.755706" lon="8.327427">
        <ele>1966.4</ele>
      </trkpt>
      <trkpt lat="46.755713" lon="8.327403">
        <ele>1965.4</ele>
      </trkpt>
      <trkpt lat="46.755693" lon="8.327362">
        <ele>1964.5</ele>
      </trkpt>
      <trkpt lat="46.755695" lon="8.327304">
        <ele>1962.7</ele>
      </trkpt>
      <trkpt lat="46.755655" lon="8.32726">
        <ele>1961.4</ele>
      </trkpt>
      <trkpt lat="46.755627" lon="8.327206">
        <ele>1959.8</ele>
      </trkpt>
      <trkpt lat="46.755604" lon="8.327146">
        <ele>1958.2</ele>
      </trkpt>
      <trkpt lat="46.75557" lon="8.32708">
        <ele>1956.2</ele>
      </trkpt>
      <trkpt lat="46.755533" lon="8.327047">
        <ele>1955.1</ele>
      </trkpt>
      <trkpt lat="46.755507" lon="8.327013">
        <ele>1953.9</ele>
      </trkpt>
      <trkpt lat="46.755482" lon="8.326983">
        <ele>1952.7</ele>
      </trkpt>
      <trkpt lat="46.755473" lon="8.326934">
        <ele>1951.1</ele>
      </trkpt>
      <trkpt lat="46.755444" lon="8.326917">
        <ele>1949.8</ele>
      </trkpt>
      <trkpt lat="46.755413" lon="8.326904">
        <ele>1948.5</ele>
      </trkpt>
      <trkpt lat="46.755378" lon="8.326883">
        <ele>1947.1</ele>
      </trkpt>
      <trkpt lat="46.755356" lon="8.326866">
        <ele>1946.5</ele>
      </trkpt>
      <trkpt lat="46.755343" lon="8.32684">
        <ele>1945.6</ele>
      </trkpt>
      <trkpt lat="46.755339" lon="8.326801">
        <ele>1945.0</ele>
      </trkpt>
      <trkpt lat="46.755335" lon="8.326746">
        <ele>1944.4</ele>
      </trkpt>
      <trkpt lat="46.755329" lon="8.326706">
        <ele>1944.3</ele>
      </trkpt>
      <trkpt lat="46.755308" lon="8.326645">
        <ele>1944.1</ele>
      </trkpt>
      <trkpt lat="46.755287" lon="8.326599">
        <ele>1943.4</ele>
      </trkpt>
      <trkpt lat="46.755243" lon="8.326525">
        <ele>1942.0</ele>
      </trkpt>
      <trkpt lat="46.755212" lon="8.326471">
        <ele>1941.6</ele>
      </trkpt>
      <trkpt lat="46.755161" lon="8.326388">
        <ele>1940.4</ele>
      </trkpt>
      <trkpt lat="46.755118" lon="8.326312">
        <ele>1939.9</ele>
      </trkpt>
      <trkpt lat="46.755092" lon="8.326235">
        <ele>1939.3</ele>
      </trkpt>
      <trkpt lat="46.755064" lon="8.326125">
        <ele>1939.2</ele>
      </trkpt>
      <trkpt lat="46.755046" lon="8.326028">
        <ele>1938.2</ele>
      </trkpt>
      <trkpt lat="46.755044" lon="8.325979">
        <ele>1937.9</ele>
      </trkpt>
      <trkpt lat="46.755028" lon="8.325915">
        <ele>1936.5</ele>
      </trkpt>
      <trkpt lat="46.75498" lon="8.325894">
        <ele>1936.9</ele>
      </trkpt>
      <trkpt lat="46.754924" lon="8.32582">
        <ele>1935.9</ele>
      </trkpt>
      <trkpt lat="46.754881" lon="8.325763">
        <ele>1934.6</ele>
      </trkpt>
      <trkpt lat="46.754834" lon="8.325714">
        <ele>1933.7</ele>
      </trkpt>
      <trkpt lat="46.754793" lon="8.325627">
        <ele>1931.7</ele>
      </trkpt>
      <trkpt lat="46.754737" lon="8.32558">
        <ele>1931.2</ele>
      </trkpt>
      <trkpt lat="46.754683" lon="8.325523">
        <ele>1929.3</ele>
      </trkpt>
      <trkpt lat="46.754632" lon="8.325447">
        <ele>1927.4</ele>
      </trkpt>
      <trkpt lat="46.754608" lon="8.325398">
        <ele>1926.5</ele>
      </trkpt>
      <trkpt lat="46.754607" lon="8.325331">
        <ele>1924.4</ele>
      </trkpt>
      <trkpt lat="46.754587" lon="8.325327">
        <ele>1924.1</ele>
      </trkpt>
      <trkpt lat="46.754571" lon="8.325306">
        <ele>1923.5</ele>
      </trkpt>
      <trkpt lat="46.754571" lon="8.325278">
        <ele>1923.0</ele>
      </trkpt>
      <trkpt lat="46.754575" lon="8.32526">
        <ele>1922.7</ele>
      </trkpt>
      <trkpt lat="46.754565" lon="8.325215">
        <ele>1922.6</ele>
      </trkpt>
      <trkpt lat="46.754557" lon="8.325195">
        <ele>1922.7</ele>
      </trkpt>
      <trkpt lat="46.754534" lon="8.325169">
        <ele>1921.9</ele>
      </trkpt>
      <trkpt lat="46.754516" lon="8.325153">
        <ele>1922.2</ele>
      </trkpt>
      <trkpt lat="46.754496" lon="8.325119">
        <ele>1922.2</ele>
      </trkpt>
      <trkpt lat="46.754478" lon="8.325064">
        <ele>1922.0</ele>
      </trkpt>
      <trkpt lat="46.754463" lon="8.325033">
        <ele>1921.7</ele>
      </trkpt>
      <trkpt lat="46.754435" lon="8.325013">
        <ele>1921.7</ele>
      </trkpt>
      <trkpt lat="46.754411" lon="8.324998">
        <ele>1921.8</ele>
      </trkpt>
      <trkpt lat="46.75438" lon="8.32498">
        <ele>1921.3</ele>
      </trkpt>
      <trkpt lat="46.754357" lon="8.324962">
        <ele>1920.6</ele>
      </trkpt>
      <trkpt lat="46.754331" lon="8.324939">
        <ele>1919.6</ele>
      </trkpt>
      <trkpt lat="46.754305" lon="8.324931">
        <ele>1919.2</ele>
      </trkpt>
      <trkpt lat="46.754269" lon="8.32492">
        <ele>1918.9</ele>
      </trkpt>
      <trkpt lat="46.754242" lon="8.324902">
        <ele>1918.8</ele>
      </trkpt>
      <trkpt lat="46.754217" lon="8.324878">
        <ele>1918.4</ele>
      </trkpt>
      <trkpt lat="46.754177" lon="8.324867">
        <ele>1918.7</ele>
      </trkpt>
      <trkpt lat="46.754134" lon="8.324858">
        <ele>1918.6</ele>
      </trkpt>
      <trkpt lat="46.754097" lon="8.324846">
        <ele>1918.5</ele>
      </trkpt>
      <trkpt lat="46.754064" lon="8.324827">
        <ele>1918.1</ele>
      </trkpt>
      <trkpt lat="46.754011" lon="8.324809">
        <ele>1918.5</ele>
      </trkpt>
      <trkpt lat="46.753954" lon="8.324784">
        <ele>1918.9</ele>
      </trkpt>
      <trkpt lat="46.753912" lon="8.324769">
        <ele>1919.1</ele>
      </trkpt>
      <trkpt lat="46.753891" lon="8.324749">
        <ele>1919.3</ele>
      </trkpt>
      <trkpt lat="46.753879" lon="8.324709">
        <ele>1919.1</ele>
      </trkpt>
      <trkpt lat="46.753863" lon="8.324657">
        <ele>1918.5</ele>
      </trkpt>
      <trkpt lat="46.753812" lon="8.324582">
        <ele>1918.0</ele>
      </trkpt>
      <trkpt lat="46.753773" lon="8.324478">
        <ele>1917.0</ele>
      </trkpt>
      <trkpt lat="46.753715" lon="8.324416">
        <ele>1916.5</ele>
      </trkpt>
      <trkpt lat="46.753666" lon="8.324371">
        <ele>1916.0</ele>
      </trkpt>
      <trkpt lat="46.753644" lon="8.324315">
        <ele>1915.2</ele>
      </trkpt>
      <trkpt lat="46.753607" lon="8.324259">
        <ele>1914.9</ele>
      </trkpt>
      <trkpt lat="46.753573" lon="8.324197">
        <ele>1914.2</ele>
      </trkpt>
      <trkpt lat="46.753545" lon="8.324133">
        <ele>1913.0</ele>
      </trkpt>
      <trkpt lat="46.753478" lon="8.324046">
        <ele>1913.1</ele>
      </trkpt>
      <trkpt lat="46.753429" lon="8.323964">
        <ele>1913.0</ele>
      </trkpt>
      <trkpt lat="46.753378" lon="8.32389">
        <ele>1912.9</ele>
      </trkpt>
      <trkpt lat="46.753317" lon="8.323817">
        <ele>1912.9</ele>
      </trkpt>
      <trkpt lat="46.753244" lon="8.323739">
        <ele>1912.8</ele>
      </trkpt>
      <trkpt lat="46.753168" lon="8.323654">
        <ele>1912.2</ele>
      </trkpt>
      <trkpt lat="46.753136" lon="8.323618">
        <ele>1912.0</ele>
      </trkpt>
      <trkpt lat="46.753061" lon="8.323578">
        <ele>1912.7</ele>
      </trkpt>
      <trkpt lat="46.75301" lon="8.323531">
        <ele>1912.9</ele>
      </trkpt>
      <trkpt lat="46.752964" lon="8.323435">
        <ele>1913.2</ele>
      </trkpt>
      <trkpt lat="46.752922" lon="8.323374">
        <ele>1913.6</ele>
      </trkpt>
      <trkpt lat="46.752886" lon="8.323377">
        <ele>1914.2</ele>
      </trkpt>
      <trkpt lat="46.752837" lon="8.323381">
        <ele>1914.5</ele>
      </trkpt>
      <trkpt lat="46.752817" lon="8.323365">
        <ele>1914.4</ele>
      </trkpt>
      <trkpt lat="46.752812" lon="8.323302">
        <ele>1915.5</ele>
      </trkpt>
      <trkpt lat="46.752774" lon="8.32328">
        <ele>1916.9</ele>
      </trkpt>
      <trkpt lat="46.752711" lon="8.323193">
        <ele>1917.8</ele>
      </trkpt>
      <trkpt lat="46.752664" lon="8.323163">
        <ele>1919.5</ele>
      </trkpt>
      <trkpt lat="46.752602" lon="8.323066">
        <ele>1920.2</ele>
      </trkpt>
      <trkpt lat="46.752547" lon="8.322987">
        <ele>1921.1</ele>
      </trkpt>
      <trkpt lat="46.752465" lon="8.322933">
        <ele>1922.7</ele>
      </trkpt>
      <trkpt lat="46.752426" lon="8.322902">
        <ele>1923.0</ele>
      </trkpt>
      <trkpt lat="46.752384" lon="8.322872">
        <ele>1922.0</ele>
      </trkpt>
      <trkpt lat="46.752342" lon="8.322872">
        <ele>1921.4</ele>
      </trkpt>
      <trkpt lat="46.752301" lon="8.322896">
        <ele>1922.7</ele>
      </trkpt>
      <trkpt lat="46.752255" lon="8.322842">
        <ele>1923.5</ele>
      </trkpt>
      <trkpt lat="46.752208" lon="8.322794">
        <ele>1923.2</ele>
      </trkpt>
      <trkpt lat="46.752162" lon="8.322741">
        <ele>1921.9</ele>
      </trkpt>
      <trkpt lat="46.752125" lon="8.322728">
        <ele>1922.0</ele>
      </trkpt>
      <trkpt lat="46.752075" lon="8.322751">
        <ele>1923.6</ele>
      </trkpt>
      <trkpt lat="46.75204" lon="8.322756">
        <ele>1924.4</ele>
      </trkpt>
      <trkpt lat="46.751996" lon="8.322715">
        <ele>1924.3</ele>
      </trkpt>
      <trkpt lat="46.751954" lon="8.322686">
        <ele>1924.9</ele>
      </trkpt>
      <trkpt lat="46.751882" lon="8.322666">
        <ele>1928.7</ele>
      </trkpt>
      <trkpt lat="46.751864" lon="8.322611">
        <ele>1928.6</ele>
      </trkpt>
      <trkpt lat="46.75184" lon="8.322587">
        <ele>1929.2</ele>
      </trkpt>
      <trkpt lat="46.75181" lon="8.322603">
        <ele>1930.7</ele>
      </trkpt>
      <trkpt lat="46.751758" lon="8.322591">
        <ele>1932.8</ele>
      </trkpt>
      <trkpt lat="46.751708" lon="8.322523">
        <ele>1932.8</ele>
      </trkpt>
      <trkpt lat="46.751647" lon="8.322485">
        <ele>1934.8</ele>
      </trkpt>
      <trkpt lat="46.751604" lon="8.322448">
        <ele>1935.8</ele>
      </trkpt>
      <trkpt lat="46.751597" lon="8.322498">
        <ele>1938.2</ele>
      </trkpt>
      <trkpt lat="46.75151" lon="8.322438">
        <ele>1941.1</ele>
      </trkpt>
      <trkpt lat="46.751411" lon="8.322362">
        <ele>1943.7</ele>
      </trkpt>
      <trkpt lat="46.751332" lon="8.322317">
        <ele>1946.1</ele>
      </trkpt>
      <trkpt lat="46.751249" lon="8.322287">
        <ele>1947.7</ele>
      </trkpt>
      <trkpt lat="46.751206" lon="8.3223">
        <ele>1949.5</ele>
      </trkpt>
      <trkpt lat="46.751174" lon="8.322312">
        <ele>1950.5</ele>
      </trkpt>
      <trkpt lat="46.751111" lon="8.322273">
        <ele>1951.2</ele>
      </trkpt>
      <trkpt lat="46.751076" lon="8.322195">
        <ele>1950.8</ele>
      </trkpt>
      <trkpt lat="46.751005" lon="8.322152">
        <ele>1951.8</ele>
      </trkpt>
      <trkpt lat="46.750967" lon="8.322122">
        <ele>1951.6</ele>
      </trkpt>
      <trkpt lat="46.750919" lon="8.322071">
        <ele>1950.2</ele>
      </trkpt>
      <trkpt lat="46.750823" lon="8.322059">
        <ele>1952.8</ele>
      </trkpt>
      <trkpt lat="46.750784" lon="8.322044">
        <ele>1953.3</ele>
      </trkpt>
      <trkpt lat="46.750744" lon="8.32205">
        <ele>1955.7</ele>
      </trkpt>
      <trkpt lat="46.750711" lon="8.322033">
        <ele>1957.2</ele>
      </trkpt>
      <trkpt lat="46.750667" lon="8.322009">
        <ele>1957.9</ele>
      </trkpt>
      <trkpt lat="46.750597" lon="8.322019">
        <ele>1959.9</ele>
      </trkpt>
      <trkpt lat="46.750555" lon="8.321987">
        <ele>1959.8</ele>
      </trkpt>
      <trkpt lat="46.750544" lon="8.321979">
        <ele>1959.9</ele>
        <name>46.750544,8.321979</name>
        <extensions>
          <oa:Extension>
            <oa:mapZoom>14</oa:mapZoom>
          </oa:Extension>
        </extensions>
      </trkpt>
      <trkpt lat="46.750555" lon="8.321987">
        <ele>1959.8</ele>
      </trkpt>
      <trkpt lat="46.750597" lon="8.322019">
        <ele>1959.9</ele>
      </trkpt>
      <trkpt lat="46.750635" lon="8.322014">
        <ele>1958.8</ele>
        <name>46.750635,8.322014</name>
        <extensions>
          <oa:Extension>
            <oa:mapZoom>14</oa:mapZoom>
          </oa:Extension>
        </extensions>
      </trkpt>
      <trkpt lat="46.750597" lon="8.322019">
        <ele>1959.9</ele>
      </trkpt>
      <trkpt lat="46.750555" lon="8.321987">
        <ele>1959.8</ele>
      </trkpt>
      <trkpt lat="46.750512" lon="8.321957">
        <ele>1960.2</ele>
      </trkpt>
      <trkpt lat="46.750481" lon="8.321911">
        <ele>1959.6</ele>
      </trkpt>
      <trkpt lat="46.750446" lon="8.321877">
        <ele>1959.8</ele>
      </trkpt>
      <trkpt lat="46.750428" lon="8.321845">
        <ele>1959.7</ele>
      </trkpt>
      <trkpt lat="46.750383" lon="8.321777">
        <ele>1958.9</ele>
      </trkpt>
      <trkpt lat="46.750357" lon="8.321716">
        <ele>1958.5</ele>
      </trkpt>
      <trkpt lat="46.750349" lon="8.32166">
        <ele>1956.9</ele>
      </trkpt>
      <trkpt lat="46.750343" lon="8.321604">
        <ele>1955.5</ele>
      </trkpt>
      <trkpt lat="46.750319" lon="8.321548">
        <ele>1955.7</ele>
      </trkpt>
      <trkpt lat="46.750305" lon="8.321493">
        <ele>1955.6</ele>
      </trkpt>
      <trkpt lat="46.750272" lon="8.321468">
        <ele>1956.6</ele>
      </trkpt>
      <trkpt lat="46.750239" lon="8.321452">
        <ele>1957.7</ele>
      </trkpt>
      <trkpt lat="46.750259" lon="8.32152">
        <ele>1959.5</ele>
      </trkpt>
      <trkpt lat="46.750267" lon="8.321569">
        <ele>1961.5</ele>
      </trkpt>
      <trkpt lat="46.750243" lon="8.32156">
        <ele>1962.7</ele>
      </trkpt>
      <trkpt lat="46.750226" lon="8.32156">
        <ele>1963.7</ele>
      </trkpt>
      <trkpt lat="46.750192" lon="8.32155">
        <ele>1964.6</ele>
      </trkpt>
      <trkpt lat="46.750151" lon="8.321533">
        <ele>1964.6</ele>
      </trkpt>
      <trkpt lat="46.750107" lon="8.321509">
        <ele>1964.7</ele>
      </trkpt>
      <trkpt lat="46.750055" lon="8.321506">
        <ele>1965.9</ele>
      </trkpt>
      <trkpt lat="46.750023" lon="8.321527">
        <ele>1967.7</ele>
      </trkpt>
      <trkpt lat="46.749996" lon="8.321512">
        <ele>1968.2</ele>
      </trkpt>
      <trkpt lat="46.74996" lon="8.321458">
        <ele>1968.0</ele>
      </trkpt>
      <trkpt lat="46.749885" lon="8.321421">
        <ele>1968.3</ele>
      </trkpt>
      <trkpt lat="46.749836" lon="8.321369">
        <ele>1967.9</ele>
      </trkpt>
      <trkpt lat="46.749765" lon="8.321315">
        <ele>1967.8</ele>
      </trkpt>
      <trkpt lat="46.749703" lon="8.321289">
        <ele>1968.5</ele>
      </trkpt>
      <trkpt lat="46.74969" lon="8.321246">
        <ele>1968.0</ele>
      </trkpt>
      <trkpt lat="46.749667" lon="8.321207">
        <ele>1968.3</ele>
      </trkpt>
      <trkpt lat="46.74962" lon="8.321145">
        <ele>1967.9</ele>
      </trkpt>
      <trkpt lat="46.74957" lon="8.321113">
        <ele>1968.5</ele>
      </trkpt>
      <trkpt lat="46.749543" lon="8.321115">
        <ele>1969.4</ele>
      </trkpt>
      <trkpt lat="46.749503" lon="8.321118">
        <ele>1970.4</ele>
      </trkpt>
      <trkpt lat="46.749481" lon="8.321106">
        <ele>1969.9</ele>
      </trkpt>
      <trkpt lat="46.74942" lon="8.321095">
        <ele>1970.1</ele>
      </trkpt>
      <trkpt lat="46.749358" lon="8.321081">
        <ele>1969.5</ele>
      </trkpt>
      <trkpt lat="46.749326" lon="8.321043">
        <ele>1969.0</ele>
      </trkpt>
      <trkpt lat="46.749291" lon="8.32102">
        <ele>1969.2</ele>
      </trkpt>
      <trkpt lat="46.74924" lon="8.320934">
        <ele>1966.5</ele>
      </trkpt>
      <trkpt lat="46.7492" lon="8.32087">
        <ele>1964.2</ele>
      </trkpt>
      <trkpt lat="46.749133" lon="8.320837">
        <ele>1963.4</ele>
      </trkpt>
      <trkpt lat="46.749093" lon="8.320802">
        <ele>1962.9</ele>
      </trkpt>
      <trkpt lat="46.749058" lon="8.320783">
        <ele>1963.1</ele>
      </trkpt>
      <trkpt lat="46.74898" lon="8.320775">
        <ele>1965.3</ele>
      </trkpt>
      <trkpt lat="46.748911" lon="8.320761">
        <ele>1966.7</ele>
      </trkpt>
      <trkpt lat="46.748853" lon="8.320776">
        <ele>1967.4</ele>
      </trkpt>
      <trkpt lat="46.748837" lon="8.320802">
        <ele>1969.0</ele>
      </trkpt>
      <trkpt lat="46.748808" lon="8.320806">
        <ele>1970.1</ele>
      </trkpt>
      <trkpt lat="46.748777" lon="8.320777">
        <ele>1969.7</ele>
      </trkpt>
      <trkpt lat="46.748728" lon="8.320766">
        <ele>1970.4</ele>
      </trkpt>
      <trkpt lat="46.748684" lon="8.320729">
        <ele>1969.9</ele>
      </trkpt>
      <trkpt lat="46.748613" lon="8.320706">
        <ele>1970.6</ele>
      </trkpt>
      <trkpt lat="46.74857" lon="8.32068">
        <ele>1970.2</ele>
      </trkpt>
      <trkpt lat="46.748525" lon="8.320676">
        <ele>1970.6</ele>
      </trkpt>
      <trkpt lat="46.748494" lon="8.320664">
        <ele>1970.4</ele>
      </trkpt>
      <trkpt lat="46.748486" lon="8.320641">
        <ele>1970.2</ele>
      </trkpt>
      <trkpt lat="46.748449" lon="8.320581">
        <ele>1972.2</ele>
      </trkpt>
      <trkpt lat="46.748403" lon="8.320536">
        <ele>1975.8</ele>
      </trkpt>
      <trkpt lat="46.748379" lon="8.320459">
        <ele>1978.0</ele>
      </trkpt>
      <trkpt lat="46.74835" lon="8.320405">
        <ele>1979.6</ele>
      </trkpt>
      <trkpt lat="46.748339" lon="8.32043">
        <ele>1980.9</ele>
      </trkpt>
      <trkpt lat="46.748317" lon="8.320404">
        <ele>1981.9</ele>
      </trkpt>
      <trkpt lat="46.748278" lon="8.320374">
        <ele>1982.3</ele>
      </trkpt>
      <trkpt lat="46.74824" lon="8.32035">
        <ele>1983.0</ele>
      </trkpt>
      <trkpt lat="46.748204" lon="8.320337">
        <ele>1982.3</ele>
      </trkpt>
      <trkpt lat="46.748166" lon="8.320321">
        <ele>1981.9</ele>
      </trkpt>
      <trkpt lat="46.748127" lon="8.320337">
        <ele>1982.8</ele>
      </trkpt>
      <trkpt lat="46.748084" lon="8.32035">
        <ele>1985.6</ele>
      </trkpt>
      <trkpt lat="46.748067" lon="8.320335">
        <ele>1985.5</ele>
      </trkpt>
      <trkpt lat="46.748045" lon="8.320325">
        <ele>1984.7</ele>
      </trkpt>
      <trkpt lat="46.748017" lon="8.320282">
        <ele>1984.1</ele>
      </trkpt>
      <trkpt lat="46.747986" lon="8.320242">
        <ele>1985.4</ele>
      </trkpt>
      <trkpt lat="46.747943" lon="8.320192">
        <ele>1985.2</ele>
      </trkpt>
      <trkpt lat="46.747875" lon="8.320186">
        <ele>1986.1</ele>
      </trkpt>
      <trkpt lat="46.747805" lon="8.320156">
        <ele>1986.3</ele>
      </trkpt>
      <trkpt lat="46.747728" lon="8.320052">
        <ele>1985.6</ele>
      </trkpt>
      <trkpt lat="46.747683" lon="8.319999">
        <ele>1986.4</ele>
      </trkpt>
      <trkpt lat="46.747618" lon="8.319962">
        <ele>1987.6</ele>
      </trkpt>
      <trkpt lat="46.747561" lon="8.319926">
        <ele>1987.7</ele>
      </trkpt>
      <trkpt lat="46.747486" lon="8.319879">
        <ele>1987.6</ele>
      </trkpt>
      <trkpt lat="46.747457" lon="8.319879">
        <ele>1987.9</ele>
      </trkpt>
      <trkpt lat="46.747373" lon="8.319908">
        <ele>1989.6</ele>
      </trkpt>
      <trkpt lat="46.747348" lon="8.319855">
        <ele>1989.0</ele>
      </trkpt>
      <trkpt lat="46.747315" lon="8.319835">
        <ele>1989.5</ele>
      </trkpt>
      <trkpt lat="46.747288" lon="8.319774">
        <ele>1990.7</ele>
      </trkpt>
      <trkpt lat="46.74725" lon="8.319745">
        <ele>1991.5</ele>
      </trkpt>
      <trkpt lat="46.747235" lon="8.319664">
        <ele>1991.1</ele>
      </trkpt>
      <trkpt lat="46.747198" lon="8.319599">
        <ele>1992.9</ele>
      </trkpt>
      <trkpt lat="46.747125" lon="8.319551">
        <ele>1992.6</ele>
      </trkpt>
      <trkpt lat="46.747073" lon="8.319517">
        <ele>1993.2</ele>
      </trkpt>
      <trkpt lat="46.747035" lon="8.319494">
        <ele>1993.5</ele>
      </trkpt>
      <trkpt lat="46.746996" lon="8.319449">
        <ele>1994.1</ele>
      </trkpt>
      <trkpt lat="46.746966" lon="8.319455">
        <ele>1996.0</ele>
      </trkpt>
      <trkpt lat="46.746952" lon="8.319437">
        <ele>1995.8</ele>
      </trkpt>
      <trkpt lat="46.746913" lon="8.319439">
        <ele>1996.5</ele>
      </trkpt>
      <trkpt lat="46.746894" lon="8.319374">
        <ele>1996.8</ele>
      </trkpt>
      <trkpt lat="46.746871" lon="8.319339">
        <ele>1996.8</ele>
      </trkpt>
      <trkpt lat="46.746837" lon="8.31933">
        <ele>1997.8</ele>
      </trkpt>
      <trkpt lat="46.746786" lon="8.319262">
        <ele>1997.2</ele>
      </trkpt>
      <trkpt lat="46.746739" lon="8.319226">
        <ele>1998.0</ele>
      </trkpt>
      <trkpt lat="46.746681" lon="8.3192">
        <ele>1998.0</ele>
      </trkpt>
      <trkpt lat="46.746603" lon="8.319158">
        <ele>1998.4</ele>
      </trkpt>
      <trkpt lat="46.746541" lon="8.319112">
        <ele>1997.5</ele>
      </trkpt>
      <trkpt lat="46.746462" lon="8.319059">
        <ele>1997.5</ele>
      </trkpt>
      <trkpt lat="46.746356" lon="8.318985">
        <ele>1997.5</ele>
      </trkpt>
      <trkpt lat="46.74627" lon="8.318931">
        <ele>1999.0</ele>
      </trkpt>
      <trkpt lat="46.746206" lon="8.318851">
        <ele>1998.5</ele>
      </trkpt>
      <trkpt lat="46.746121" lon="8.318755">
        <ele>1999.3</ele>
      </trkpt>
      <trkpt lat="46.746017" lon="8.318628">
        <ele>2000.3</ele>
      </trkpt>
      <trkpt lat="46.745955" lon="8.318566">
        <ele>2001.4</ele>
      </trkpt>
      <trkpt lat="46.745886" lon="8.318506">
        <ele>2003.4</ele>
      </trkpt>
      <trkpt lat="46.745777" lon="8.318419">
        <ele>2004.8</ele>
      </trkpt>
      <trkpt lat="46.745689" lon="8.318329">
        <ele>2005.1</ele>
      </trkpt>
      <trkpt lat="46.745575" lon="8.318248">
        <ele>2005.6</ele>
      </trkpt>
      <trkpt lat="46.745407" lon="8.31813">
        <ele>2005.6</ele>
      </trkpt>
      <trkpt lat="46.745334" lon="8.318089">
        <ele>2005.3</ele>
      </trkpt>
      <trkpt lat="46.74527" lon="8.318019">
        <ele>2004.7</ele>
      </trkpt>
      <trkpt lat="46.745178" lon="8.317946">
        <ele>2004.3</ele>
      </trkpt>
      <trkpt lat="46.745129" lon="8.31787">
        <ele>2003.4</ele>
      </trkpt>
      <trkpt lat="46.745068" lon="8.317766">
        <ele>2001.7</ele>
      </trkpt>
      <trkpt lat="46.745003" lon="8.317687">
        <ele>2000.9</ele>
      </trkpt>
      <trkpt lat="46.744916" lon="8.317641">
        <ele>2002.2</ele>
      </trkpt>
      <trkpt lat="46.744783" lon="8.317527">
        <ele>2002.6</ele>
      </trkpt>
      <trkpt lat="46.744719" lon="8.317471">
        <ele>2002.8</ele>
      </trkpt>
      <trkpt lat="46.744612" lon="8.317389">
        <ele>2003.5</ele>
      </trkpt>
      <trkpt lat="46.744493" lon="8.317323">
        <ele>2005.6</ele>
      </trkpt>
      <trkpt lat="46.744342" lon="8.317226">
        <ele>2007.3</ele>
      </trkpt>
      <trkpt lat="46.744232" lon="8.317145">
        <ele>2008.2</ele>
      </trkpt>
      <trkpt lat="46.744158" lon="8.317107">
        <ele>2009.4</ele>
      </trkpt>
      <trkpt lat="46.744054" lon="8.317034">
        <ele>2010.1</ele>
      </trkpt>
      <trkpt lat="46.743934" lon="8.316944">
        <ele>2010.9</ele>
      </trkpt>
      <trkpt lat="46.743816" lon="8.316818">
        <ele>2010.5</ele>
      </trkpt>
      <trkpt lat="46.743749" lon="8.316731">
        <ele>2009.5</ele>
      </trkpt>
      <trkpt lat="46.743729" lon="8.316689">
        <ele>2008.9</ele>
      </trkpt>
      <trkpt lat="46.743678" lon="8.316636">
        <ele>2009.2</ele>
      </trkpt>
      <trkpt lat="46.743646" lon="8.316593">
        <ele>2009.1</ele>
      </trkpt>
      <trkpt lat="46.74359" lon="8.316555">
        <ele>2009.9</ele>
      </trkpt>
      <trkpt lat="46.74356" lon="8.316523">
        <ele>2010.0</ele>
      </trkpt>
      <trkpt lat="46.743469" lon="8.316466">
        <ele>2011.4</ele>
      </trkpt>
      <trkpt lat="46.743414" lon="8.31639">
        <ele>2011.1</ele>
      </trkpt>
      <trkpt lat="46.743344" lon="8.316294">
        <ele>2011.0</ele>
        <name>46.743344,8.316294</name>
        <extensions>
          <oa:Extension>
            <oa:mapZoom>14</oa:mapZoom>
          </oa:Extension>
        </extensions>
      </trkpt>
      <trkpt lat="46.743414" lon="8.31639">
        <ele>2011.1</ele>
      </trkpt>
      <trkpt lat="46.743442" lon="8.316429">
        <ele>2011.3</ele>
        <name>46.743442,8.316429</name>
        <extensions>
          <oa:Extension>
            <oa:mapZoom>14</oa:mapZoom>
          </oa:Extension>
        </extensions>
      </trkpt>
      <trkpt lat="46.743414" lon="8.31639">
        <ele>2011.1</ele>
      </trkpt>
      <trkpt lat="46.743341" lon="8.316289">
        <ele>2011.0</ele>
      </trkpt>
      <trkpt lat="46.743295" lon="8.316216">
        <ele>2010.6</ele>
      </trkpt>
      <trkpt lat="46.743282" lon="8.316172">
        <ele>2010.2</ele>
      </trkpt>
      <trkpt lat="46.743236" lon="8.316138">
        <ele>2010.7</ele>
      </trkpt>
      <trkpt lat="46.743195" lon="8.31607">
        <ele>2010.6</ele>
      </trkpt>
      <trkpt lat="46.743095" lon="8.31601">
        <ele>2011.8</ele>
      </trkpt>
      <trkpt lat="46.742971" lon="8.315942">
        <ele>2013.9</ele>
      </trkpt>
      <trkpt lat="46.742872" lon="8.315891">
        <ele>2016.0</ele>
      </trkpt>
      <trkpt lat="46.742794" lon="8.315821">
        <ele>2016.8</ele>
      </trkpt>
      <trkpt lat="46.74273" lon="8.315775">
        <ele>2018.2</ele>
      </trkpt>
      <trkpt lat="46.742672" lon="8.315753">
        <ele>2020.4</ele>
      </trkpt>
      <trkpt lat="46.742639" lon="8.315722">
        <ele>2021.4</ele>
      </trkpt>
      <trkpt lat="46.742618" lon="8.315765">
        <ele>2023.4</ele>
      </trkpt>
      <trkpt lat="46.742537" lon="8.315641">
        <ele>2027.0</ele>
      </trkpt>
      <trkpt lat="46.742496" lon="8.31563">
        <ele>2028.8</ele>
      </trkpt>
      <trkpt lat="46.742477" lon="8.315615">
        <ele>2029.4</ele>
      </trkpt>
      <trkpt lat="46.742412" lon="8.315566">
        <ele>2031.1</ele>
      </trkpt>
      <trkpt lat="46.742371" lon="8.315542">
        <ele>2032.3</ele>
      </trkpt>
      <trkpt lat="46.742327" lon="8.315525">
        <ele>2034.4</ele>
      </trkpt>
      <trkpt lat="46.742315" lon="8.31549">
        <ele>2034.6</ele>
      </trkpt>
      <trkpt lat="46.742293" lon="8.315448">
        <ele>2035.7</ele>
      </trkpt>
      <trkpt lat="46.74228" lon="8.315407">
        <ele>2036.4</ele>
      </trkpt>
      <trkpt lat="46.742256" lon="8.315342">
        <ele>2037.6</ele>
      </trkpt>
      <trkpt lat="46.7422" lon="8.315306">
        <ele>2040.7</ele>
      </trkpt>
      <trkpt lat="46.742174" lon="8.315255">
        <ele>2040.9</ele>
      </trkpt>
      <trkpt lat="46.742104" lon="8.315174">
        <ele>2043.1</ele>
      </trkpt>
      <trkpt lat="46.742078" lon="8.315141">
        <ele>2044.7</ele>
      </trkpt>
      <trkpt lat="46.742047" lon="8.315121">
        <ele>2046.8</ele>
      </trkpt>
      <trkpt lat="46.742024" lon="8.31508">
        <ele>2048.4</ele>
      </trkpt>
      <trkpt lat="46.741992" lon="8.315053">
        <ele>2050.5</ele>
      </trkpt>
      <trkpt lat="46.741933" lon="8.31499">
        <ele>2052.9</ele>
      </trkpt>
      <trkpt lat="46.741886" lon="8.314949">
        <ele>2054.9</ele>
      </trkpt>
      <trkpt lat="46.741817" lon="8.31489">
        <ele>2057.2</ele>
      </trkpt>
      <trkpt lat="46.741759" lon="8.314865">
        <ele>2058.2</ele>
      </trkpt>
      <trkpt lat="46.741732" lon="8.314833">
        <ele>2059.0</ele>
      </trkpt>
      <trkpt lat="46.741671" lon="8.314807">
        <ele>2060.9</ele>
      </trkpt>
      <trkpt lat="46.741596" lon="8.314768">
        <ele>2062.7</ele>
      </trkpt>
      <trkpt lat="46.74154" lon="8.31473">
        <ele>2063.5</ele>
      </trkpt>
      <trkpt lat="46.741514" lon="8.314688">
        <ele>2063.3</ele>
      </trkpt>
      <trkpt lat="46.741437" lon="8.314652">
        <ele>2064.2</ele>
      </trkpt>
      <trkpt lat="46.741353" lon="8.314618">
        <ele>2063.8</ele>
      </trkpt>
      <trkpt lat="46.741303" lon="8.314613">
        <ele>2064.1</ele>
      </trkpt>
      <trkpt lat="46.741236" lon="8.314623">
        <ele>2065.8</ele>
      </trkpt>
      <trkpt lat="46.741181" lon="8.314598">
        <ele>2067.0</ele>
      </trkpt>
      <trkpt lat="46.741128" lon="8.314602">
        <ele>2069.0</ele>
      </trkpt>
      <trkpt lat="46.741087" lon="8.31461">
        <ele>2070.1</ele>
      </trkpt>
      <trkpt lat="46.741035" lon="8.314606">
        <ele>2071.5</ele>
      </trkpt>
      <trkpt lat="46.740957" lon="8.314584">
        <ele>2073.0</ele>
      </trkpt>
      <trkpt lat="46.7409" lon="8.314583">
        <ele>2075.0</ele>
      </trkpt>
      <trkpt lat="46.740835" lon="8.31458">
        <ele>2077.9</ele>
        <name>46.740835,8.314580</name>
        <extensions>
          <oa:Extension>
            <oa:mapZoom>14</oa:mapZoom>
          </oa:Extension>
        </extensions>
      </trkpt>
      <trkpt lat="46.740881" lon="8.314582">
        <ele>2075.8</ele>
        <name>46.740881,8.314582</name>
        <extensions>
          <oa:Extension>
            <oa:mapZoom>14</oa:mapZoom>
          </oa:Extension>
        </extensions>
      </trkpt>
      <trkpt lat="46.740835" lon="8.31458">
        <ele>2077.9</ele>
      </trkpt>
      <trkpt lat="46.740766" lon="8.314599">
        <ele>2081.4</ele>
      </trkpt>
      <trkpt lat="46.740703" lon="8.314598">
        <ele>2084.0</ele>
      </trkpt>
      <trkpt lat="46.740652" lon="8.314582">
        <ele>2085.8</ele>
      </trkpt>
      <trkpt lat="46.740566" lon="8.314551">
        <ele>2089.7</ele>
      </trkpt>
      <trkpt lat="46.740493" lon="8.314508">
        <ele>2092.9</ele>
      </trkpt>
      <trkpt lat="46.740434" lon="8.314465">
        <ele>2094.3</ele>
      </trkpt>
      <trkpt lat="46.740381" lon="8.314416">
        <ele>2095.6</ele>
      </trkpt>
      <trkpt lat="46.740317" lon="8.314366">
        <ele>2098.4</ele>
      </trkpt>
      <trkpt lat="46.740302" lon="8.314365">
        <ele>2099.4</ele>
      </trkpt>
      <trkpt lat="46.740256" lon="8.314307">
        <ele>2101.3</ele>
      </trkpt>
      <trkpt lat="46.740205" lon="8.314282">
        <ele>2104.9</ele>
      </trkpt>
      <trkpt lat="46.74014" lon="8.314203">
        <ele>2107.2</ele>
      </trkpt>
      <trkpt lat="46.74011" lon="8.314182">
        <ele>2109.4</ele>
      </trkpt>
      <trkpt lat="46.740077" lon="8.314126">
        <ele>2112.3</ele>
      </trkpt>
      <trkpt lat="46.740051" lon="8.314126">
        <ele>2113.5</ele>
      </trkpt>
      <trkpt lat="46.740021" lon="8.31413">
        <ele>2114.4</ele>
      </trkpt>
      <trkpt lat="46.739973" lon="8.314134">
        <ele>2116.1</ele>
      </trkpt>
      <trkpt lat="46.739947" lon="8.314138">
        <ele>2116.7</ele>
      </trkpt>
      <trkpt lat="46.739926" lon="8.314114">
        <ele>2116.4</ele>
      </trkpt>
      <trkpt lat="46.739903" lon="8.314091">
        <ele>2115.6</ele>
      </trkpt>
      <trkpt lat="46.739883" lon="8.314064">
        <ele>2114.8</ele>
      </trkpt>
      <trkpt lat="46.739868" lon="8.314026">
        <ele>2113.7</ele>
      </trkpt>
      <trkpt lat="46.739854" lon="8.314037">
        <ele>2113.1</ele>
      </trkpt>
      <trkpt lat="46.73982" lon="8.313985">
        <ele>2110.2</ele>
      </trkpt>
      <trkpt lat="46.739801" lon="8.313934">
        <ele>2108.7</ele>
      </trkpt>
      <trkpt lat="46.739795" lon="8.313925">
        <ele>2108.2</ele>
        <name>46.739795,8.313925</name>
        <extensions>
          <oa:Extension>
            <oa:mapZoom>14</oa:mapZoom>
          </oa:Extension>
        </extensions>
      </trkpt>
      <trkpt lat="46.739801" lon="8.313934">
        <ele>2108.7</ele>
      </trkpt>
      <trkpt lat="46.73982" lon="8.313985">
        <ele>2110.2</ele>
      </trkpt>
      <trkpt lat="46.739854" lon="8.314037">
        <ele>2113.1</ele>
      </trkpt>
      <trkpt lat="46.739868" lon="8.314026">
        <ele>2113.7</ele>
      </trkpt>
      <trkpt lat="46.739883" lon="8.314064">
        <ele>2114.8</ele>
      </trkpt>
      <trkpt lat="46.739903" lon="8.314091">
        <ele>2115.6</ele>
      </trkpt>
      <trkpt lat="46.739907" lon="8.314095">
        <ele>2115.8</ele>
        <name>46.739907,8.314095</name>
        <extensions>
          <oa:Extension>
            <oa:mapZoom>14</oa:mapZoom>
          </oa:Extension>
        </extensions>
      </trkpt>
      <trkpt lat="46.739903" lon="8.314091">
        <ele>2115.6</ele>
      </trkpt>
      <trkpt lat="46.739883" lon="8.314064">
        <ele>2114.8</ele>
      </trkpt>
      <trkpt lat="46.739868" lon="8.314026">
        <ele>2113.7</ele>
      </trkpt>
      <trkpt lat="46.739854" lon="8.314037">
        <ele>2113.1</ele>
      </trkpt>
      <trkpt lat="46.73982" lon="8.313985">
        <ele>2110.2</ele>
      </trkpt>
      <trkpt lat="46.739801" lon="8.313934">
        <ele>2108.7</ele>
      </trkpt>
      <trkpt lat="46.739783" lon="8.313908">
        <ele>2107.3</ele>
      </trkpt>
      <trkpt lat="46.739773" lon="8.313958">
        <ele>2106.0</ele>
      </trkpt>
      <trkpt lat="46.739756" lon="8.314062">
        <ele>2104.5</ele>
      </trkpt>
      <trkpt lat="46.739756" lon="8.314104">
        <ele>2103.9</ele>
      </trkpt>
      <trkpt lat="46.739766" lon="8.314157">
        <ele>2103.4</ele>
      </trkpt>
      <trkpt lat="46.739776" lon="8.314213">
        <ele>2103.1</ele>
      </trkpt>
      <trkpt lat="46.739774" lon="8.314256">
        <ele>2102.8</ele>
      </trkpt>
      <trkpt lat="46.739765" lon="8.314294">
        <ele>2102.2</ele>
      </trkpt>
      <trkpt lat="46.739738" lon="8.314347">
        <ele>2100.4</ele>
      </trkpt>
      <trkpt lat="46.739713" lon="8.314371">
        <ele>2099.0</ele>
      </trkpt>
      <trkpt lat="46.739685" lon="8.314385">
        <ele>2096.5</ele>
      </trkpt>
      <trkpt lat="46.739709" lon="8.31447">
        <ele>2096.9</ele>
      </trkpt>
      <trkpt lat="46.7397" lon="8.314548">
        <ele>2095.1</ele>
      </trkpt>
      <trkpt lat="46.73969" lon="8.314579">
        <ele>2093.9</ele>
      </trkpt>
      <trkpt lat="46.739679" lon="8.314599">
        <ele>2092.7</ele>
      </trkpt>
      <trkpt lat="46.739668" lon="8.314587">
        <ele>2091.8</ele>
      </trkpt>
      <trkpt lat="46.73966" lon="8.314541">
        <ele>2091.0</ele>
      </trkpt>
      <trkpt lat="46.73964" lon="8.314514">
        <ele>2088.9</ele>
      </trkpt>
      <trkpt lat="46.739628" lon="8.314485">
        <ele>2088.9</ele>
      </trkpt>
      <trkpt lat="46.739605" lon="8.3145">
        <ele>2084.7</ele>
      </trkpt>
      <trkpt lat="46.739586" lon="8.314441">
        <ele>2082.7</ele>
      </trkpt>
      <trkpt lat="46.739575" lon="8.314418">
        <ele>2081.3</ele>
      </trkpt>
      <trkpt lat="46.739561" lon="8.314551">
        <ele>2078.6</ele>
      </trkpt>
      <trkpt lat="46.739546" lon="8.314635">
        <ele>2077.4</ele>
      </trkpt>
      <trkpt lat="46.739531" lon="8.314615">
        <ele>2076.4</ele>
      </trkpt>
      <trkpt lat="46.739511" lon="8.31449">
        <ele>2073.9</ele>
      </trkpt>
      <trkpt lat="46.739481" lon="8.31445">
        <ele>2072.1</ele>
      </trkpt>
      <trkpt lat="46.739463" lon="8.314392">
        <ele>2070.7</ele>
      </trkpt>
      <trkpt lat="46.739444" lon="8.314304">
        <ele>2068.2</ele>
      </trkpt>
      <trkpt lat="46.739426" lon="8.314262">
        <ele>2066.3</ele>
      </trkpt>
      <trkpt lat="46.739383" lon="8.314162">
        <ele>2061.9</ele>
      </trkpt>
      <trkpt lat="46.739354" lon="8.314138">
        <ele>2059.9</ele>
      </trkpt>
      <trkpt lat="46.739321" lon="8.314145">
        <ele>2057.2</ele>
      </trkpt>
      <trkpt lat="46.73928" lon="8.314207">
        <ele>2053.9</ele>
      </trkpt>
      <trkpt lat="46.73926" lon="8.314304">
        <ele>2051.4</ele>
      </trkpt>
      <trkpt lat="46.739255" lon="8.314434">
        <ele>2049.7</ele>
      </trkpt>
      <trkpt lat="46.739231" lon="8.314436">
        <ele>2047.5</ele>
      </trkpt>
      <trkpt lat="46.739208" lon="8.314553">
        <ele>2046.1</ele>
      </trkpt>
      <trkpt lat="46.739173" lon="8.314602">
        <ele>2043.8</ele>
      </trkpt>
      <trkpt lat="46.73918" lon="8.314679">
        <ele>2043.2</ele>
      </trkpt>
      <trkpt lat="46.739148" lon="8.314735">
        <ele>2041.4</ele>
      </trkpt>
      <trkpt lat="46.739147" lon="8.314791">
        <ele>2040.9</ele>
      </trkpt>
      <trkpt lat="46.739113" lon="8.314894">
        <ele>2037.8</ele>
      </trkpt>
      <trkpt lat="46.739097" lon="8.314986">
        <ele>2036.8</ele>
      </trkpt>
      <trkpt lat="46.739057" lon="8.31505">
        <ele>2034.0</ele>
      </trkpt>
      <trkpt lat="46.73901" lon="8.315105">
        <ele>2031.6</ele>
      </trkpt>
      <trkpt lat="46.738965" lon="8.315159">
        <ele>2028.9</ele>
      </trkpt>
      <trkpt lat="46.738922" lon="8.315078">
        <ele>2025.5</ele>
      </trkpt>
      <trkpt lat="46.738904" lon="8.315062">
        <ele>2024.4</ele>
      </trkpt>
      <trkpt lat="46.738878" lon="8.315128">
        <ele>2022.6</ele>
      </trkpt>
      <trkpt lat="46.738866" lon="8.315178">
        <ele>2021.7</ele>
      </trkpt>
      <trkpt lat="46.73884" lon="8.315119">
        <ele>2019.6</ele>
      </trkpt>
      <trkpt lat="46.738795" lon="8.315001">
        <ele>2016.0</ele>
      </trkpt>
      <trkpt lat="46.738772" lon="8.315081">
        <ele>2014.2</ele>
      </trkpt>
      <trkpt lat="46.738746" lon="8.315164">
        <ele>2012.8</ele>
      </trkpt>
      <trkpt lat="46.738707" lon="8.315215">
        <ele>2010.3</ele>
      </trkpt>
      <trkpt lat="46.738673" lon="8.315229">
        <ele>2008.8</ele>
      </trkpt>
      <trkpt lat="46.73866" lon="8.315288">
        <ele>2007.5</ele>
      </trkpt>
      <trkpt lat="46.738599" lon="8.315177">
        <ele>2002.2</ele>
      </trkpt>
      <trkpt lat="46.738571" lon="8.315294">
        <ele>1999.2</ele>
      </trkpt>
      <trkpt lat="46.738536" lon="8.315258">
        <ele>1996.7</ele>
      </trkpt>
      <trkpt lat="46.738524" lon="8.315314">
        <ele>1996.0</ele>
      </trkpt>
      <trkpt lat="46.738493" lon="8.315255">
        <ele>1993.9</ele>
      </trkpt>
      <trkpt lat="46.73847" lon="8.315274">
        <ele>1992.5</ele>
      </trkpt>
      <trkpt lat="46.738453" lon="8.31535">
        <ele>1990.4</ele>
      </trkpt>
      <trkpt lat="46.738429" lon="8.315409">
        <ele>1988.0</ele>
      </trkpt>
      <trkpt lat="46.73841" lon="8.315412">
        <ele>1987.1</ele>
      </trkpt>
      <trkpt lat="46.738349" lon="8.315308">
        <ele>1981.3</ele>
      </trkpt>
      <trkpt lat="46.738305" lon="8.315254">
        <ele>1978.8</ele>
      </trkpt>
      <trkpt lat="46.738232" lon="8.315127">
        <ele>1975.8</ele>
      </trkpt>
      <trkpt lat="46.738223" lon="8.315051">
        <ele>1974.7</ele>
      </trkpt>
      <trkpt lat="46.738175" lon="8.315092">
        <ele>1971.5</ele>
      </trkpt>
      <trkpt lat="46.73816" lon="8.315216">
        <ele>1968.2</ele>
      </trkpt>
      <trkpt lat="46.738098" lon="8.315174">
        <ele>1964.2</ele>
      </trkpt>
      <trkpt lat="46.738092" lon="8.315312">
        <ele>1960.3</ele>
      </trkpt>
      <trkpt lat="46.738056" lon="8.315481">
        <ele>1955.7</ele>
      </trkpt>
      <trkpt lat="46.738035" lon="8.315573">
        <ele>1953.6</ele>
      </trkpt>
      <trkpt lat="46.738009" lon="8.315484">
        <ele>1952.1</ele>
      </trkpt>
      <trkpt lat="46.737968" lon="8.315405">
        <ele>1948.2</ele>
      </trkpt>
      <trkpt lat="46.73793" lon="8.315355">
        <ele>1944.8</ele>
      </trkpt>
      <trkpt lat="46.737895" lon="8.315323">
        <ele>1941.5</ele>
      </trkpt>
      <trkpt lat="46.737895" lon="8.315416">
        <ele>1939.9</ele>
      </trkpt>
      <trkpt lat="46.737882" lon="8.315528">
        <ele>1939.0</ele>
      </trkpt>
      <trkpt lat="46.737894" lon="8.315568">
        <ele>1939.9</ele>
      </trkpt>
      <trkpt lat="46.737921" lon="8.315628">
        <ele>1939.9</ele>
      </trkpt>
      <trkpt lat="46.737933" lon="8.315651">
        <ele>1940.3</ele>
        <name>46.737933,8.315651</name>
        <extensions>
          <oa:Extension>
            <oa:mapZoom>14</oa:mapZoom>
          </oa:Extension>
        </extensions>
      </trkpt>
      <trkpt lat="46.737921" lon="8.315628">
        <ele>1939.9</ele>
      </trkpt>
      <trkpt lat="46.737894" lon="8.315568">
        <ele>1939.9</ele>
      </trkpt>
      <trkpt lat="46.737882" lon="8.315528">
        <ele>1939.0</ele>
      </trkpt>
      <trkpt lat="46.737888" lon="8.315479">
        <ele>1939.4</ele>
        <name>46.737888,8.315479</name>
        <extensions>
          <oa:Extension>
            <oa:mapZoom>14</oa:mapZoom>
          </oa:Extension>
        </extensions>
      </trkpt>
      <trkpt lat="46.737882" lon="8.315528">
        <ele>1939.0</ele>
      </trkpt>
      <trkpt lat="46.737894" lon="8.315568">
        <ele>1939.9</ele>
      </trkpt>
      <trkpt lat="46.737921" lon="8.315628">
        <ele>1939.9</ele>
      </trkpt>
      <trkpt lat="46.737965" lon="8.315711">
        <ele>1941.1</ele>
      </trkpt>
      <trkpt lat="46.737989" lon="8.315718">
        <ele>1941.3</ele>
      </trkpt>
      <trkpt lat="46.73806" lon="8.315729">
        <ele>1940.7</ele>
      </trkpt>
      <trkpt lat="46.738124" lon="8.315758">
        <ele>1944.0</ele>
      </trkpt>
      <trkpt lat="46.7382" lon="8.315817">
        <ele>1933.5</ele>
      </trkpt>
      <trkpt lat="46.738238" lon="8.31588">
        <ele>1932.6</ele>
      </trkpt>
      <trkpt lat="46.738265" lon="8.315988">
        <ele>1929.2</ele>
      </trkpt>
      <trkpt lat="46.738291" lon="8.316097">
        <ele>1926.7</ele>
      </trkpt>
      <trkpt lat="46.738214" lon="8.316072">
        <ele>1923.5</ele>
      </trkpt>
      <trkpt lat="46.738189" lon="8.316061">
        <ele>1922.5</ele>
        <name>46.738189,8.316061</name>
        <extensions>
          <oa:Extension>
            <oa:mapZoom>14</oa:mapZoom>
          </oa:Extension>
        </extensions>
      </trkpt>
      <trkpt lat="46.738214" lon="8.316072">
        <ele>1923.5</ele>
      </trkpt>
      <trkpt lat="46.738291" lon="8.316097">
        <ele>1926.7</ele>
        <name>46.738291,8.316097</name>
        <extensions>
          <oa:Extension>
            <oa:mapZoom>14</oa:mapZoom>
          </oa:Extension>
        </extensions>
      </trkpt>
      <trkpt lat="46.738214" lon="8.316072">
        <ele>1923.5</ele>
      </trkpt>
      <trkpt lat="46.738137" lon="8.31604">
        <ele>1920.3</ele>
      </trkpt>
      <trkpt lat="46.738148" lon="8.316226">
        <ele>1916.1</ele>
      </trkpt>
      <trkpt lat="46.738162" lon="8.316324">
        <ele>1913.7</ele>
      </trkpt>
      <trkpt lat="46.738164" lon="8.316449">
        <ele>1910.8</ele>
      </trkpt>
      <trkpt lat="46.738164" lon="8.316544">
        <ele>1908.5</ele>
      </trkpt>
      <trkpt lat="46.73814" lon="8.316558">
        <ele>1907.0</ele>
      </trkpt>
      <trkpt lat="46.738117" lon="8.316521">
        <ele>1905.9</ele>
      </trkpt>
      <trkpt lat="46.738029" lon="8.316459">
        <ele>1901.3</ele>
      </trkpt>
      <trkpt lat="46.738022" lon="8.316503">
        <ele>1900.2</ele>
      </trkpt>
      <trkpt lat="46.737963" lon="8.31646">
        <ele>1896.5</ele>
      </trkpt>
      <trkpt lat="46.737898" lon="8.316445">
        <ele>1893.6</ele>
      </trkpt>
      <trkpt lat="46.737861" lon="8.316446">
        <ele>1891.8</ele>
      </trkpt>
      <trkpt lat="46.737766" lon="8.316394">
        <ele>1887.2</ele>
      </trkpt>
      <trkpt lat="46.73775" lon="8.316364">
        <ele>1886.5</ele>
      </trkpt>
      <trkpt lat="46.737696" lon="8.316315">
        <ele>1883.8</ele>
      </trkpt>
      <trkpt lat="46.737644" lon="8.316284">
        <ele>1881.3</ele>
      </trkpt>
      <trkpt lat="46.737643" lon="8.316328">
        <ele>1880.5</ele>
      </trkpt>
      <trkpt lat="46.737646" lon="8.3164">
        <ele>1878.2</ele>
      </trkpt>
      <trkpt lat="46.737657" lon="8.316433">
        <ele>1877.6</ele>
      </trkpt>
      <trkpt lat="46.737668" lon="8.316509">
        <ele>1876.1</ele>
      </trkpt>
      <trkpt lat="46.737648" lon="8.316557">
        <ele>1873.6</ele>
      </trkpt>
      <trkpt lat="46.737612" lon="8.316529">
        <ele>1872.3</ele>
      </trkpt>
      <trkpt lat="46.737628" lon="8.316623">
        <ele>1869.8</ele>
      </trkpt>
      <trkpt lat="46.737622" lon="8.316696">
        <ele>1868.1</ele>
      </trkpt>
      <trkpt lat="46.737628" lon="8.316724">
        <ele>1867.5</ele>
      </trkpt>
      <trkpt lat="46.737599" lon="8.316748">
        <ele>1865.3</ele>
      </trkpt>
      <trkpt lat="46.737612" lon="8.316784">
        <ele>1864.8</ele>
      </trkpt>
      <trkpt lat="46.7376" lon="8.316816">
        <ele>1863.2</ele>
      </trkpt>
      <trkpt lat="46.737609" lon="8.316909">
        <ele>1860.5</ele>
      </trkpt>
      <trkpt lat="46.73761" lon="8.316987">
        <ele>1858.4</ele>
      </trkpt>
      <trkpt lat="46.737611" lon="8.317012">
        <ele>1857.9</ele>
      </trkpt>
      <trkpt lat="46.737599" lon="8.317054">
        <ele>1856.1</ele>
      </trkpt>
      <trkpt lat="46.737601" lon="8.31708">
        <ele>1855.8</ele>
      </trkpt>
      <trkpt lat="46.737589" lon="8.317096">
        <ele>1854.7</ele>
      </trkpt>
      <trkpt lat="46.737594" lon="8.317151">
        <ele>1853.9</ele>
      </trkpt>
      <trkpt lat="46.737594" lon="8.317302">
        <ele>1851.4</ele>
      </trkpt>
      <trkpt lat="46.737601" lon="8.317352">
        <ele>1851.2</ele>
      </trkpt>
      <trkpt lat="46.737581" lon="8.317471">
        <ele>1848.5</ele>
      </trkpt>
      <trkpt lat="46.737554" lon="8.317559">
        <ele>1847.6</ele>
      </trkpt>
      <trkpt lat="46.737545" lon="8.317604">
        <ele>1847.0</ele>
      </trkpt>
      <trkpt lat="46.737523" lon="8.317657">
        <ele>1846.0</ele>
      </trkpt>
      <trkpt lat="46.737514" lon="8.317702">
        <ele>1845.4</ele>
      </trkpt>
      <trkpt lat="46.737538" lon="8.317768">
        <ele>1846.1</ele>
      </trkpt>
      <trkpt lat="46.737541" lon="8.317803">
        <ele>1846.4</ele>
      </trkpt>
      <trkpt lat="46.737542" lon="8.31793">
        <ele>1845.7</ele>
      </trkpt>
      <trkpt lat="46.737539" lon="8.317997">
        <ele>1844.7</ele>
      </trkpt>
      <trkpt lat="46.737497" lon="8.318155">
        <ele>1842.1</ele>
      </trkpt>
      <trkpt lat="46.737489" lon="8.318241">
        <ele>1841.3</ele>
      </trkpt>
      <trkpt lat="46.737476" lon="8.31829">
        <ele>1840.9</ele>
      </trkpt>
      <trkpt lat="46.737481" lon="8.318419">
        <ele>1840.0</ele>
      </trkpt>
      <trkpt lat="46.737482" lon="8.318426">
        <ele>1840.0</ele>
      </trkpt>
      <trkpt lat="46.737467" lon="8.318451">
        <ele>1838.9</ele>
      </trkpt>
      <trkpt lat="46.737461" lon="8.31851">
        <ele>1838.5</ele>
      </trkpt>
      <trkpt lat="46.737447" lon="8.318576">
        <ele>1836.9</ele>
      </trkpt>
      <trkpt lat="46.737454" lon="8.318616">
        <ele>1837.2</ele>
      </trkpt>
      <trkpt lat="46.737444" lon="8.318654">
        <ele>1836.2</ele>
      </trkpt>
      <trkpt lat="46.737425" lon="8.318728">
        <ele>1834.3</ele>
      </trkpt>
      <trkpt lat="46.737429" lon="8.318786">
        <ele>1833.3</ele>
      </trkpt>
      <trkpt lat="46.737444" lon="8.31882">
        <ele>1833.4</ele>
      </trkpt>
      <trkpt lat="46.737447" lon="8.318862">
        <ele>1831.8</ele>
      </trkpt>
      <trkpt lat="46.737455" lon="8.318913">
        <ele>1831.2</ele>
      </trkpt>
      <trkpt lat="46.737481" lon="8.318931">
        <ele>1831.2</ele>
      </trkpt>
      <trkpt lat="46.737486" lon="8.318973">
        <ele>1830.7</ele>
      </trkpt>
      <trkpt lat="46.737475" lon="8.318993">
        <ele>1829.6</ele>
      </trkpt>
      <trkpt lat="46.737472" lon="8.319008">
        <ele>1828.8</ele>
      </trkpt>
      <trkpt lat="46.737493" lon="8.319055">
        <ele>1828.3</ele>
      </trkpt>
      <trkpt lat="46.737493" lon="8.319089">
        <ele>1827.6</ele>
      </trkpt>
      <trkpt lat="46.737486" lon="8.319122">
        <ele>1827.1</ele>
      </trkpt>
      <trkpt lat="46.737486" lon="8.319152">
        <ele>1827.5</ele>
      </trkpt>
      <trkpt lat="46.737502" lon="8.31921">
        <ele>1829.2</ele>
      </trkpt>
      <trkpt lat="46.737506" lon="8.319265">
        <ele>1829.5</ele>
      </trkpt>
      <trkpt lat="46.73753" lon="8.319372">
        <ele>1830.5</ele>
      </trkpt>
      <trkpt lat="46.737535" lon="8.319407">
        <ele>1830.4</ele>
      </trkpt>
      <trkpt lat="46.737535" lon="8.319434">
        <ele>1830.3</ele>
      </trkpt>
      <trkpt lat="46.73753" lon="8.319467">
        <ele>1830.1</ele>
      </trkpt>
      <trkpt lat="46.737522" lon="8.319501">
        <ele>1829.8</ele>
      </trkpt>
      <trkpt lat="46.737521" lon="8.319536">
        <ele>1829.9</ele>
      </trkpt>
      <trkpt lat="46.737524" lon="8.319563">
        <ele>1830.2</ele>
      </trkpt>
      <trkpt lat="46.737519" lon="8.319597">
        <ele>1830.2</ele>
      </trkpt>
      <trkpt lat="46.737518" lon="8.31964">
        <ele>1830.1</ele>
      </trkpt>
      <trkpt lat="46.737529" lon="8.31968">
        <ele>1830.0</ele>
      </trkpt>
      <trkpt lat="46.737546" lon="8.319714">
        <ele>1829.3</ele>
      </trkpt>
      <trkpt lat="46.737574" lon="8.319747">
        <ele>1829.5</ele>
      </trkpt>
      <trkpt lat="46.737591" lon="8.319794">
        <ele>1829.7</ele>
      </trkpt>
      <trkpt lat="46.737595" lon="8.319834">
        <ele>1829.5</ele>
      </trkpt>
      <trkpt lat="46.737592" lon="8.319902">
        <ele>1829.5</ele>
      </trkpt>
      <trkpt lat="46.737581" lon="8.319945">
        <ele>1829.0</ele>
      </trkpt>
      <trkpt lat="46.737569" lon="8.319986">
        <ele>1828.6</ele>
      </trkpt>
      <trkpt lat="46.73756" lon="8.32009">
        <ele>1828.1</ele>
      </trkpt>
      <trkpt lat="46.737559" lon="8.320143">
        <ele>1826.8</ele>
      </trkpt>
      <trkpt lat="46.737554" lon="8.32018">
        <ele>1826.9</ele>
      </trkpt>
      <trkpt lat="46.737536" lon="8.320237">
        <ele>1826.6</ele>
      </trkpt>
      <trkpt lat="46.737536" lon="8.320304">
        <ele>1826.7</ele>
      </trkpt>
      <trkpt lat="46.737545" lon="8.320446">
        <ele>1824.2</ele>
      </trkpt>
      <trkpt lat="46.73756" lon="8.320536">
        <ele>1822.3</ele>
      </trkpt>
      <trkpt lat="46.737571" lon="8.320657">
        <ele>1820.6</ele>
      </trkpt>
      <trkpt lat="46.737585" lon="8.320802">
        <ele>1820.7</ele>
      </trkpt>
      <trkpt lat="46.737588" lon="8.320875">
        <ele>1820.3</ele>
      </trkpt>
      <trkpt lat="46.737601" lon="8.32092">
        <ele>1819.8</ele>
      </trkpt>
      <trkpt lat="46.737626" lon="8.320969">
        <ele>1819.9</ele>
      </trkpt>
      <trkpt lat="46.73764" lon="8.32109">
        <ele>1819.0</ele>
      </trkpt>
      <trkpt lat="46.737669" lon="8.321207">
        <ele>1817.6</ele>
      </trkpt>
      <trkpt lat="46.737671" lon="8.321253">
        <ele>1816.7</ele>
      </trkpt>
      <trkpt lat="46.737695" lon="8.321374">
        <ele>1815.7</ele>
      </trkpt>
      <trkpt lat="46.737692" lon="8.321461">
        <ele>1814.6</ele>
      </trkpt>
      <trkpt lat="46.737703" lon="8.321506">
        <ele>1814.5</ele>
      </trkpt>
      <trkpt lat="46.737692" lon="8.32154">
        <ele>1813.7</ele>
      </trkpt>
      <trkpt lat="46.737709" lon="8.321609">
        <ele>1814.0</ele>
      </trkpt>
      <trkpt lat="46.737716" lon="8.321733">
        <ele>1812.4</ele>
      </trkpt>
      <trkpt lat="46.737728" lon="8.321893">
        <ele>1811.3</ele>
      </trkpt>
      <trkpt lat="46.737754" lon="8.321979">
        <ele>1810.5</ele>
      </trkpt>
      <trkpt lat="46.737793" lon="8.32202">
        <ele>1810.3</ele>
      </trkpt>
      <trkpt lat="46.737797" lon="8.322055">
        <ele>1809.5</ele>
      </trkpt>
      <trkpt lat="46.737814" lon="8.322073">
        <ele>1809.6</ele>
      </trkpt>
      <trkpt lat="46.737842" lon="8.322178">
        <ele>1808.6</ele>
      </trkpt>
      <trkpt lat="46.737844" lon="8.322275">
        <ele>1806.7</ele>
      </trkpt>
      <trkpt lat="46.737868" lon="8.322381">
        <ele>1805.5</ele>
      </trkpt>
      <trkpt lat="46.737892" lon="8.322443">
        <ele>1804.9</ele>
      </trkpt>
      <trkpt lat="46.737902" lon="8.322496">
        <ele>1803.6</ele>
      </trkpt>
      <trkpt lat="46.737931" lon="8.322575">
        <ele>1802.8</ele>
      </trkpt>
      <trkpt lat="46.737932" lon="8.322612">
        <ele>1801.8</ele>
      </trkpt>
      <trkpt lat="46.73796" lon="8.322699">
        <ele>1800.3</ele>
      </trkpt>
      <trkpt lat="46.737951" lon="8.322729">
        <ele>1798.7</ele>
      </trkpt>
      <trkpt lat="46.737956" lon="8.322763">
        <ele>1798.3</ele>
      </trkpt>
      <trkpt lat="46.737985" lon="8.322821">
        <ele>1798.4</ele>
      </trkpt>
      <trkpt lat="46.738006" lon="8.322879">
        <ele>1798.2</ele>
      </trkpt>
      <trkpt lat="46.738024" lon="8.32298">
        <ele>1797.7</ele>
      </trkpt>
      <trkpt lat="46.738027" lon="8.323033">
        <ele>1796.5</ele>
      </trkpt>
      <trkpt lat="46.738056" lon="8.323113">
        <ele>1794.7</ele>
      </trkpt>
      <trkpt lat="46.738116" lon="8.323232">
        <ele>1792.4</ele>
      </trkpt>
      <trkpt lat="46.738126" lon="8.323265">
        <ele>1791.3</ele>
      </trkpt>
      <trkpt lat="46.738167" lon="8.323329">
        <ele>1790.1</ele>
      </trkpt>
      <trkpt lat="46.738184" lon="8.323348">
        <ele>1790.1</ele>
      </trkpt>
      <trkpt lat="46.738189" lon="8.323369">
        <ele>1789.7</ele>
      </trkpt>
      <trkpt lat="46.73819" lon="8.323394">
        <ele>1789.1</ele>
      </trkpt>
      <trkpt lat="46.738196" lon="8.323495">
        <ele>1787.6</ele>
      </trkpt>
      <trkpt lat="46.738221" lon="8.323536">
        <ele>1787.6</ele>
      </trkpt>
      <trkpt lat="46.738245" lon="8.323592">
        <ele>1787.1</ele>
      </trkpt>
      <trkpt lat="46.73825" lon="8.323627">
        <ele>1786.0</ele>
      </trkpt>
      <trkpt lat="46.738238" lon="8.323667">
        <ele>1784.7</ele>
      </trkpt>
      <trkpt lat="46.73821" lon="8.323701">
        <ele>1783.3</ele>
      </trkpt>
      <trkpt lat="46.738209" lon="8.323728">
        <ele>1782.5</ele>
      </trkpt>
      <trkpt lat="46.738234" lon="8.32377">
        <ele>1781.6</ele>
      </trkpt>
      <trkpt lat="46.738267" lon="8.32386">
        <ele>1780.5</ele>
      </trkpt>
      <trkpt lat="46.738277" lon="8.323931">
        <ele>1778.6</ele>
      </trkpt>
      <trkpt lat="46.738317" lon="8.323982">
        <ele>1777.6</ele>
      </trkpt>
      <trkpt lat="46.738348" lon="8.32404">
        <ele>1777.5</ele>
      </trkpt>
      <trkpt lat="46.738382" lon="8.324095">
        <ele>1777.2</ele>
      </trkpt>
      <trkpt lat="46.738394" lon="8.324144">
        <ele>1776.5</ele>
      </trkpt>
      <trkpt lat="46.738416" lon="8.324181">
        <ele>1775.9</ele>
      </trkpt>
      <trkpt lat="46.738425" lon="8.32421">
        <ele>1776.0</ele>
      </trkpt>
      <trkpt lat="46.738424" lon="8.324258">
        <ele>1774.6</ele>
      </trkpt>
      <trkpt lat="46.738445" lon="8.324341">
        <ele>1773.5</ele>
      </trkpt>
      <trkpt lat="46.738448" lon="8.324417">
        <ele>1771.5</ele>
      </trkpt>
      <trkpt lat="46.738448" lon="8.324469">
        <ele>1770.4</ele>
      </trkpt>
      <trkpt lat="46.738465" lon="8.324486">
        <ele>1769.6</ele>
      </trkpt>
      <trkpt lat="46.73849" lon="8.324496">
        <ele>1769.3</ele>
      </trkpt>
      <trkpt lat="46.738501" lon="8.324524">
        <ele>1768.8</ele>
      </trkpt>
      <trkpt lat="46.738505" lon="8.324586">
        <ele>1768.0</ele>
      </trkpt>
      <trkpt lat="46.738537" lon="8.324643">
        <ele>1767.2</ele>
      </trkpt>
      <trkpt lat="46.738552" lon="8.324738">
        <ele>1765.3</ele>
      </trkpt>
      <trkpt lat="46.738592" lon="8.324786">
        <ele>1764.8</ele>
      </trkpt>
      <trkpt lat="46.738616" lon="8.324853">
        <ele>1764.1</ele>
      </trkpt>
      <trkpt lat="46.738648" lon="8.324903">
        <ele>1763.0</ele>
      </trkpt>
      <trkpt lat="46.738677" lon="8.324925">
        <ele>1762.4</ele>
      </trkpt>
      <trkpt lat="46.738696" lon="8.32496">
        <ele>1761.1</ele>
      </trkpt>
      <trkpt lat="46.738716" lon="8.324972">
        <ele>1761.0</ele>
      </trkpt>
      <trkpt lat="46.738728" lon="8.325002">
        <ele>1761.0</ele>
      </trkpt>
      <trkpt lat="46.738727" lon="8.32504">
        <ele>1760.4</ele>
      </trkpt>
      <trkpt lat="46.738725" lon="8.325083">
        <ele>1759.3</ele>
      </trkpt>
      <trkpt lat="46.73874" lon="8.325099">
        <ele>1759.0</ele>
      </trkpt>
      <trkpt lat="46.738752" lon="8.325143">
        <ele>1758.6</ele>
      </trkpt>
      <trkpt lat="46.738743" lon="8.325183">
        <ele>1757.3</ele>
      </trkpt>
      <trkpt lat="46.738751" lon="8.325218">
        <ele>1756.1</ele>
      </trkpt>
      <trkpt lat="46.738787" lon="8.325257">
        <ele>1755.0</ele>
      </trkpt>
      <trkpt lat="46.738799" lon="8.32529">
        <ele>1753.5</ele>
      </trkpt>
      <trkpt lat="46.738855" lon="8.325334">
        <ele>1753.3</ele>
      </trkpt>
      <trkpt lat="46.738887" lon="8.325413">
        <ele>1751.5</ele>
      </trkpt>
      <trkpt lat="46.73893" lon="8.325458">
        <ele>1750.4</ele>
      </trkpt>
      <trkpt lat="46.738956" lon="8.325486">
        <ele>1750.2</ele>
      </trkpt>
      <trkpt lat="46.738955" lon="8.325535">
        <ele>1749.1</ele>
      </trkpt>
      <trkpt lat="46.738986" lon="8.325547">
        <ele>1749.0</ele>
      </trkpt>
      <trkpt lat="46.739022" lon="8.325633">
        <ele>1748.4</ele>
      </trkpt>
      <trkpt lat="46.739071" lon="8.325689">
        <ele>1747.6</ele>
      </trkpt>
      <trkpt lat="46.739083" lon="8.325724">
        <ele>1747.0</ele>
      </trkpt>
      <trkpt lat="46.739126" lon="8.325799">
        <ele>1745.7</ele>
      </trkpt>
      <trkpt lat="46.739131" lon="8.32584">
        <ele>1744.8</ele>
      </trkpt>
      <trkpt lat="46.73916" lon="8.325897">
        <ele>1743.4</ele>
      </trkpt>
      <trkpt lat="46.739189" lon="8.325976">
        <ele>1742.2</ele>
      </trkpt>
      <trkpt lat="46.739195" lon="8.326053">
        <ele>1740.2</ele>
      </trkpt>
      <trkpt lat="46.739228" lon="8.326145">
        <ele>1739.5</ele>
      </trkpt>
      <trkpt lat="46.739261" lon="8.326177">
        <ele>1740.3</ele>
      </trkpt>
      <trkpt lat="46.739336" lon="8.326292">
        <ele>1740.9</ele>
      </trkpt>
      <trkpt lat="46.739378" lon="8.326335">
        <ele>1740.9</ele>
      </trkpt>
      <trkpt lat="46.73944" lon="8.326337">
        <ele>1741.4</ele>
      </trkpt>
      <trkpt lat="46.739464" lon="8.326347">
        <ele>1741.6</ele>
      </trkpt>
      <trkpt lat="46.739507" lon="8.326369">
        <ele>1742.4</ele>
      </trkpt>
      <trkpt lat="46.739575" lon="8.326485">
        <ele>1742.2</ele>
      </trkpt>
      <trkpt lat="46.739665" lon="8.326549">
        <ele>1741.6</ele>
      </trkpt>
      <trkpt lat="46.739715" lon="8.326544">
        <ele>1741.5</ele>
      </trkpt>
      <trkpt lat="46.739747" lon="8.326552">
        <ele>1741.1</ele>
      </trkpt>
      <trkpt lat="46.739761" lon="8.326574">
        <ele>1740.3</ele>
      </trkpt>
      <trkpt lat="46.739767" lon="8.326601">
        <ele>1740.5</ele>
      </trkpt>
      <trkpt lat="46.739773" lon="8.326683">
        <ele>1740.5</ele>
      </trkpt>
      <trkpt lat="46.739869" lon="8.326847">
        <ele>1739.8</ele>
      </trkpt>
      <trkpt lat="46.739915" lon="8.326882">
        <ele>1740.3</ele>
      </trkpt>
      <trkpt lat="46.73997" lon="8.326934">
        <ele>1739.6</ele>
      </trkpt>
      <trkpt lat="46.739976" lon="8.326957">
        <ele>1739.3</ele>
      </trkpt>
      <trkpt lat="46.740048" lon="8.327093">
        <ele>1742.2</ele>
      </trkpt>
      <trkpt lat="46.740088" lon="8.32722">
        <ele>1741.0</ele>
      </trkpt>
      <trkpt lat="46.740103" lon="8.327309">
        <ele>1740.7</ele>
      </trkpt>
      <trkpt lat="46.740098" lon="8.327376">
        <ele>1739.4</ele>
      </trkpt>
      <trkpt lat="46.740109" lon="8.327413">
        <ele>1739.5</ele>
      </trkpt>
      <trkpt lat="46.740108" lon="8.327442">
        <ele>1739.0</ele>
      </trkpt>
      <trkpt lat="46.740102" lon="8.327484">
        <ele>1738.3</ele>
      </trkpt>
      <trkpt lat="46.740107" lon="8.327513">
        <ele>1737.8</ele>
      </trkpt>
      <trkpt lat="46.740127" lon="8.327549">
        <ele>1738.1</ele>
      </trkpt>
      <trkpt lat="46.740147" lon="8.327619">
        <ele>1737.2</ele>
      </trkpt>
      <trkpt lat="46.74015" lon="8.327648">
        <ele>1736.2</ele>
      </trkpt>
      <trkpt lat="46.740189" lon="8.327732">
        <ele>1735.2</ele>
      </trkpt>
      <trkpt lat="46.740204" lon="8.327821">
        <ele>1734.3</ele>
      </trkpt>
      <trkpt lat="46.740206" lon="8.327872">
        <ele>1732.9</ele>
      </trkpt>
      <trkpt lat="46.740199" lon="8.327911">
        <ele>1731.7</ele>
      </trkpt>
      <trkpt lat="46.740188" lon="8.327936">
        <ele>1730.8</ele>
      </trkpt>
      <trkpt lat="46.74019" lon="8.328015">
        <ele>1729.3</ele>
      </trkpt>
      <trkpt lat="46.740189" lon="8.328036">
        <ele>1729.0</ele>
        <name>46.740102,8.328044</name>
        <extensions>
          <oa:Extension>
            <oa:mapZoom>14</oa:mapZoom>
          </oa:Extension>
        </extensions>
      </trkpt>
    </trkseg>
  </trk>
</gpx>