<?xml version='1.0' encoding='UTF-8'?>
<gpx version="1.1" creator="https://www.komoot.de" xmlns="http://www.topografix.com/GPX/1/1" xmlns:xsi="http://www.w3.org/2001/XMLSchema-instance" xsi:schemaLocation="http://www.topografix.com/GPX/1/1 http://www.topografix.com/GPX/1/1/gpx.xsd">
  <metadata>
    <name>Hike</name>
    <author>
      <link href="https://www.komoot.de">
        <text>komoot</text>
        <type>text/html</type>
      </link>
    </author>
  </metadata>
  <trk>
    <name>Hike</name>
    <type>hike</type>
    <trkseg>
      <trkpt lat="46.794100" lon="8.684743">
        <ele>1185.462590</ele>
        <time>2026-08-30T09:13:14.271Z</time>
      </trkpt>
      <trkpt lat="46.794109" lon="8.684738">
        <ele>1185.462590</ele>
        <time>2026-08-30T09:13:16.001Z</time>
      </trkpt>
      <trkpt lat="46.794119" lon="8.684733">
        <ele>1185.462590</ele>
        <time>2026-08-30T09:13:17.001Z</time>
      </trkpt>
      <trkpt lat="46.794129" lon="8.684732">
        <ele>1185.462590</ele>
        <time>2026-08-30T09:13:18.001Z</time>
      </trkpt>
      <trkpt lat="46.794138" lon="8.684728">
        <ele>1185.462590</ele>
        <time>2026-08-30T09:13:19.000Z</time>
      </trkpt>
      <trkpt lat="46.794146" lon="8.684727">
        <ele>1185.462590</ele>
        <time>2026-08-30T09:13:20.000Z</time>
      </trkpt>
      <trkpt lat="46.794154" lon="8.684731">
        <ele>1185.462590</ele>
        <time>2026-08-30T09:13:21.000Z</time>
      </trkpt>
      <trkpt lat="46.794163" lon="8.684736">
        <ele>1185.462590</ele>
        <time>2026-08-30T09:13:22.000Z</time>
      </trkpt>
      <trkpt lat="46.794173" lon="8.684739">
        <ele>1185.462590</ele>
        <time>2026-08-30T09:13:23.000Z</time>
      </trkpt>
      <trkpt lat="46.794180" lon="8.684740">
        <ele>1185.462590</ele>
        <time>2026-08-30T09:13:24.000Z</time>
      </trkpt>
      <trkpt lat="46.794184" lon="8.684746">
        <ele>1185.462590</ele>
        <time>2026-08-30T09:13:25.000Z</time>
      </trkpt>
      <trkpt lat="46.794189" lon="8.684751">
        <ele>1185.462590</ele>
        <time>2026-08-30T09:13:26.000Z</time>
      </trkpt>
      <trkpt lat="46.794194" lon="8.684757">
        <ele>1185.462590</ele>
        <time>2026-08-30T09:13:27.000Z</time>
      </trkpt>
      <trkpt lat="46.794199" lon="8.684763">
        <ele>1185.462590</ele>
        <time>2026-08-30T09:13:28.000Z</time>
      </trkpt>
      <trkpt lat="46.794204" lon="8.684769">
        <ele>1185.462590</ele>
        <time>2026-08-30T09:13:29.000Z</time>
      </trkpt>
      <trkpt lat="46.794211" lon="8.684774">
        <ele>1185.462590</ele>
        <time>2026-08-30T09:13:30.000Z</time>
      </trkpt>
      <trkpt lat="46.794217" lon="8.684779">
        <ele>1185.462590</ele>
        <time>2026-08-30T09:13:31.000Z</time>
      </trkpt>
      <trkpt lat="46.794223" lon="8.684787">
        <ele>1185.462590</ele>
        <time>2026-08-30T09:13:32.000Z</time>
      </trkpt>
      <trkpt lat="46.794229" lon="8.684797">
        <ele>1185.462590</ele>
        <time>2026-08-30T09:13:33.000Z</time>
      </trkpt>
      <trkpt lat="46.794232" lon="8.684808">
        <ele>1185.462590</ele>
        <time>2026-08-30T09:13:34.000Z</time>
      </trkpt>
      <trkpt lat="46.794234" lon="8.684818">
        <ele>1185.462590</ele>
        <time>2026-08-30T09:13:35.000Z</time>
      </trkpt>
      <trkpt lat="46.794236" lon="8.684828">
        <ele>1185.462590</ele>
        <time>2026-08-30T09:13:36.000Z</time>
      </trkpt>
      <trkpt lat="46.794238" lon="8.684836">
        <ele>1185.462590</ele>
        <time>2026-08-30T09:13:37.000Z</time>
      </trkpt>
      <trkpt lat="46.794240" lon="8.684842">
        <ele>1185.462590</ele>
        <time>2026-08-30T09:13:38.000Z</time>
      </trkpt>
      <trkpt lat="46.794241" lon="8.684849">
        <ele>1185.462590</ele>
        <time>2026-08-30T09:13:39.000Z</time>
      </trkpt>
      <trkpt lat="46.794243" lon="8.684858">
        <ele>1185.462590</ele>
        <time>2026-08-30T09:13:40.000Z</time>
      </trkpt>
      <trkpt lat="46.794247" lon="8.684869">
        <ele>1185.462590</ele>
        <time>2026-08-30T09:13:41.000Z</time>
      </trkpt>
      <trkpt lat="46.794252" lon="8.684879">
        <ele>1185.462590</ele>
        <time>2026-08-30T09:13:42.000Z</time>
      </trkpt>
      <trkpt lat="46.794257" lon="8.684890">
        <ele>1185.462590</ele>
        <time>2026-08-30T09:13:42.999Z</time>
      </trkpt>
      <trkpt lat="46.794263" lon="8.684902">
        <ele>1185.462590</ele>
        <time>2026-08-30T09:13:43.999Z</time>
      </trkpt>
      <trkpt lat="46.794268" lon="8.684912">
        <ele>1185.462590</ele>
        <time>2026-08-30T09:13:44.999Z</time>
      </trkpt>
      <trkpt lat="46.794273" lon="8.684922">
        <ele>1185.462590</ele>
        <time>2026-08-30T09:13:45.999Z</time>
      </trkpt>
      <trkpt lat="46.794279" lon="8.684932">
        <ele>1185.462590</ele>
        <time>2026-08-30T09:13:46.999Z</time>
      </trkpt>
      <trkpt lat="46.794283" lon="8.684939">
        <ele>1185.462590</ele>
        <time>2026-08-30T09:13:47.999Z</time>
      </trkpt>
      <trkpt lat="46.794286" lon="8.684944">
        <ele>1185.462590</ele>
        <time>2026-08-30T09:13:48.999Z</time>
      </trkpt>
      <trkpt lat="46.794290" lon="8.684953">
        <ele>1185.462590</ele>
        <time>2026-08-30T09:13:49.999Z</time>
      </trkpt>
      <trkpt lat="46.794295" lon="8.684965">
        <ele>1185.462590</ele>
        <time>2026-08-30T09:13:50.999Z</time>
      </trkpt>
      <trkpt lat="46.794300" lon="8.684978">
        <ele>1185.462590</ele>
        <time>2026-08-30T09:13:51.999Z</time>
      </trkpt>
      <trkpt lat="46.794305" lon="8.684987">
        <ele>1185.462590</ele>
        <time>2026-08-30T09:13:52.999Z</time>
      </trkpt>
      <trkpt lat="46.794310" lon="8.684996">
        <ele>1185.462590</ele>
        <time>2026-08-30T09:13:53.999Z</time>
      </trkpt>
      <trkpt lat="46.794315" lon="8.685005">
        <ele>1185.462590</ele>
        <time>2026-08-30T09:13:54.999Z</time>
      </trkpt>
      <trkpt lat="46.794319" lon="8.685013">
        <ele>1185.462590</ele>
        <time>2026-08-30T09:13:55.999Z</time>
      </trkpt>
      <trkpt lat="46.794322" lon="8.685019">
        <ele>1185.462590</ele>
        <time>2026-08-30T09:13:56.999Z</time>
      </trkpt>
      <trkpt lat="46.794325" lon="8.685027">
        <ele>1185.462590</ele>
        <time>2026-08-30T09:13:57.999Z</time>
      </trkpt>
      <trkpt lat="46.794328" lon="8.685036">
        <ele>1185.462590</ele>
        <time>2026-08-30T09:13:58.999Z</time>
      </trkpt>
      <trkpt lat="46.794331" lon="8.685046">
        <ele>1185.462590</ele>
        <time>2026-08-30T09:13:59.999Z</time>
      </trkpt>
      <trkpt lat="46.794335" lon="8.685057">
        <ele>1185.462590</ele>
        <time>2026-08-30T09:14:00.999Z</time>
      </trkpt>
      <trkpt lat="46.794337" lon="8.685068">
        <ele>1185.462590</ele>
        <time>2026-08-30T09:14:01.999Z</time>
      </trkpt>
      <trkpt lat="46.794339" lon="8.685079">
        <ele>1185.462590</ele>
        <time>2026-08-30T09:14:02.999Z</time>
      </trkpt>
      <trkpt lat="46.794341" lon="8.685091">
        <ele>1185.462590</ele>
        <time>2026-08-30T09:14:03.999Z</time>
      </trkpt>
      <trkpt lat="46.794343" lon="8.685102">
        <ele>1185.462590</ele>
        <time>2026-08-30T09:14:04.999Z</time>
      </trkpt>
      <trkpt lat="46.794345" lon="8.685112">
        <ele>1185.462590</ele>
        <time>2026-08-30T09:14:05.999Z</time>
      </trkpt>
      <trkpt lat="46.794349" lon="8.685122">
        <ele>1185.462590</ele>
        <time>2026-08-30T09:14:06.999Z</time>
      </trkpt>
      <trkpt lat="46.794353" lon="8.685134">
        <ele>1185.462590</ele>
        <time>2026-08-30T09:14:07.999Z</time>
      </trkpt>
      <trkpt lat="46.794358" lon="8.685147">
        <ele>1185.462590</ele>
        <time>2026-08-30T09:14:08.999Z</time>
      </trkpt>
      <trkpt lat="46.794360" lon="8.685158">
        <ele>1185.462590</ele>
        <time>2026-08-30T09:14:09.999Z</time>
      </trkpt>
      <trkpt lat="46.794362" lon="8.685169">
        <ele>1185.462590</ele>
        <time>2026-08-30T09:14:10.999Z</time>
      </trkpt>
      <trkpt lat="46.794365" lon="8.685181">
        <ele>1185.462590</ele>
        <time>2026-08-30T09:14:11.999Z</time>
      </trkpt>
      <trkpt lat="46.794368" lon="8.685192">
        <ele>1185.462590</ele>
        <time>2026-08-30T09:14:12.999Z</time>
      </trkpt>
      <trkpt lat="46.794372" lon="8.685203">
        <ele>1185.462590</ele>
        <time>2026-08-30T09:14:13.999Z</time>
      </trkpt>
      <trkpt lat="46.794376" lon="8.685216">
        <ele>1185.462590</ele>
        <time>2026-08-30T09:14:14.999Z</time>
      </trkpt>
      <trkpt lat="46.794381" lon="8.685228">
        <ele>1185.462590</ele>
        <time>2026-08-30T09:14:15.999Z</time>
      </trkpt>
      <trkpt lat="46.794386" lon="8.685240">
        <ele>1185.462590</ele>
        <time>2026-08-30T09:14:16.999Z</time>
      </trkpt>
      <trkpt lat="46.794390" lon="8.685254">
        <ele>1185.462590</ele>
        <time>2026-08-30T09:14:17.999Z</time>
      </trkpt>
      <trkpt lat="46.794395" lon="8.685267">
        <ele>1185.462590</ele>
        <time>2026-08-30T09:14:18.998Z</time>
      </trkpt>
      <trkpt lat="46.794400" lon="8.685281">
        <ele>1185.462590</ele>
        <time>2026-08-30T09:14:19.999Z</time>
      </trkpt>
      <trkpt lat="46.794404" lon="8.685294">
        <ele>1185.462590</ele>
        <time>2026-08-30T09:14:20.999Z</time>
      </trkpt>
      <trkpt lat="46.794408" lon="8.685307">
        <ele>1185.462590</ele>
        <time>2026-08-30T09:14:21.999Z</time>
      </trkpt>
      <trkpt lat="46.794413" lon="8.685319">
        <ele>1185.462590</ele>
        <time>2026-08-30T09:14:22.999Z</time>
      </trkpt>
      <trkpt lat="46.794417" lon="8.685330">
        <ele>1185.462590</ele>
        <time>2026-08-30T09:14:23.999Z</time>
      </trkpt>
      <trkpt lat="46.794421" lon="8.685340">
        <ele>1185.462590</ele>
        <time>2026-08-30T09:14:24.999Z</time>
      </trkpt>
      <trkpt lat="46.794425" lon="8.685351">
        <ele>1185.462590</ele>
        <time>2026-08-30T09:14:25.999Z</time>
      </trkpt>
      <trkpt lat="46.794430" lon="8.685362">
        <ele>1185.462590</ele>
        <time>2026-08-30T09:14:26.999Z</time>
      </trkpt>
      <trkpt lat="46.794434" lon="8.685374">
        <ele>1185.462590</ele>
        <time>2026-08-30T09:14:27.999Z</time>
      </trkpt>
      <trkpt lat="46.794437" lon="8.685386">
        <ele>1185.462590</ele>
        <time>2026-08-30T09:14:28.999Z</time>
      </trkpt>
      <trkpt lat="46.794439" lon="8.685399">
        <ele>1185.462590</ele>
        <time>2026-08-30T09:14:29.999Z</time>
      </trkpt>
      <trkpt lat="46.794441" lon="8.685412">
        <ele>1185.462590</ele>
        <time>2026-08-30T09:14:30.999Z</time>
      </trkpt>
      <trkpt lat="46.794444" lon="8.685423">
        <ele>1185.462590</ele>
        <time>2026-08-30T09:14:31.999Z</time>
      </trkpt>
      <trkpt lat="46.794448" lon="8.685434">
        <ele>1185.462590</ele>
        <time>2026-08-30T09:14:32.999Z</time>
      </trkpt>
      <trkpt lat="46.794452" lon="8.685446">
        <ele>1185.462590</ele>
        <time>2026-08-30T09:14:33.999Z</time>
      </trkpt>
      <trkpt lat="46.794457" lon="8.685458">
        <ele>1185.462590</ele>
        <time>2026-08-30T09:14:34.999Z</time>
      </trkpt>
      <trkpt lat="46.794462" lon="8.685468">
        <ele>1185.462590</ele>
        <time>2026-08-30T09:14:35.999Z</time>
      </trkpt>
      <trkpt lat="46.794468" lon="8.685480">
        <ele>1185.462590</ele>
        <time>2026-08-30T09:14:36.999Z</time>
      </trkpt>
      <trkpt lat="46.794475" lon="8.685493">
        <ele>1185.462590</ele>
        <time>2026-08-30T09:14:37.999Z</time>
      </trkpt>
      <trkpt lat="46.794481" lon="8.685506">
        <ele>1185.462590</ele>
        <time>2026-08-30T09:14:38.999Z</time>
      </trkpt>
      <trkpt lat="46.794487" lon="8.685517">
        <ele>1185.462590</ele>
        <time>2026-08-30T09:14:39.999Z</time>
      </trkpt>
      <trkpt lat="46.794493" lon="8.685529">
        <ele>1185.462590</ele>
        <time>2026-08-30T09:14:40.999Z</time>
      </trkpt>
      <trkpt lat="46.794499" lon="8.685544">
        <ele>1185.462590</ele>
        <time>2026-08-30T09:14:41.999Z</time>
      </trkpt>
      <trkpt lat="46.794505" lon="8.685558">
        <ele>1185.462590</ele>
        <time>2026-08-30T09:14:42.999Z</time>
      </trkpt>
      <trkpt lat="46.794510" lon="8.685571">
        <ele>1185.462590</ele>
        <time>2026-08-30T09:14:43.999Z</time>
      </trkpt>
      <trkpt lat="46.794515" lon="8.685583">
        <ele>1185.462590</ele>
        <time>2026-08-30T09:14:44.999Z</time>
      </trkpt>
      <trkpt lat="46.794519" lon="8.685595">
        <ele>1185.462590</ele>
        <time>2026-08-30T09:14:45.999Z</time>
      </trkpt>
      <trkpt lat="46.794523" lon="8.685610">
        <ele>1185.462590</ele>
        <time>2026-08-30T09:14:46.999Z</time>
      </trkpt>
      <trkpt lat="46.794526" lon="8.685626">
        <ele>1185.462590</ele>
        <time>2026-08-30T09:14:47.999Z</time>
      </trkpt>
      <trkpt lat="46.794529" lon="8.685641">
        <ele>1185.462590</ele>
        <time>2026-08-30T09:14:48.999Z</time>
      </trkpt>
      <trkpt lat="46.794533" lon="8.685655">
        <ele>1185.462590</ele>
        <time>2026-08-30T09:14:49.999Z</time>
      </trkpt>
      <trkpt lat="46.794537" lon="8.685666">
        <ele>1185.462590</ele>
        <time>2026-08-30T09:14:50.999Z</time>
      </trkpt>
      <trkpt lat="46.794541" lon="8.685675">
        <ele>1185.462590</ele>
        <time>2026-08-30T09:14:51.999Z</time>
      </trkpt>
      <trkpt lat="46.794545" lon="8.685682">
        <ele>1185.462590</ele>
        <time>2026-08-30T09:14:52.999Z</time>
      </trkpt>
      <trkpt lat="46.794549" lon="8.685689">
        <ele>1185.462590</ele>
        <time>2026-08-30T09:14:53.999Z</time>
      </trkpt>
      <trkpt lat="46.794554" lon="8.685696">
        <ele>1185.462590</ele>
        <time>2026-08-30T09:14:54.999Z</time>
      </trkpt>
      <trkpt lat="46.794559" lon="8.685703">
        <ele>1185.462590</ele>
        <time>2026-08-30T09:14:55.999Z</time>
      </trkpt>
      <trkpt lat="46.794564" lon="8.685711">
        <ele>1185.462590</ele>
        <time>2026-08-30T09:14:56.999Z</time>
      </trkpt>
      <trkpt lat="46.794569" lon="8.685719">
        <ele>1185.462590</ele>
        <time>2026-08-30T09:14:57.999Z</time>
      </trkpt>
      <trkpt lat="46.794575" lon="8.685725">
        <ele>1185.462590</ele>
        <time>2026-08-30T09:14:58.999Z</time>
      </trkpt>
      <trkpt lat="46.794580" lon="8.685732">
        <ele>1185.462590</ele>
        <time>2026-08-30T09:14:59.999Z</time>
      </trkpt>
      <trkpt lat="46.794586" lon="8.685739">
        <ele>1185.462590</ele>
        <time>2026-08-30T09:15:00.999Z</time>
      </trkpt>
      <trkpt lat="46.794590" lon="8.685747">
        <ele>1185.464022</ele>
        <time>2026-08-30T09:15:01.999Z</time>
      </trkpt>
      <trkpt lat="46.794595" lon="8.685754">
        <ele>1185.623863</ele>
        <time>2026-08-30T09:15:02.999Z</time>
      </trkpt>
      <trkpt lat="46.794599" lon="8.685762">
        <ele>1185.780388</ele>
        <time>2026-08-30T09:15:03.999Z</time>
      </trkpt>
      <trkpt lat="46.794602" lon="8.685771">
        <ele>1185.938552</ele>
        <time>2026-08-30T09:15:04.999Z</time>
      </trkpt>
      <trkpt lat="46.794606" lon="8.685780">
        <ele>1186.108093</ele>
        <time>2026-08-30T09:15:05.999Z</time>
      </trkpt>
      <trkpt lat="46.794609" lon="8.685789">
        <ele>1186.266257</ele>
        <time>2026-08-30T09:15:06.999Z</time>
      </trkpt>
      <trkpt lat="46.794612" lon="8.685797">
        <ele>1186.410381</ele>
        <time>2026-08-30T09:15:07.999Z</time>
      </trkpt>
      <trkpt lat="46.794616" lon="8.685806">
        <ele>1186.579922</ele>
        <time>2026-08-30T09:15:08.999Z</time>
      </trkpt>
      <trkpt lat="46.794621" lon="8.685816">
        <ele>1186.775578</ele>
        <time>2026-08-30T09:15:09.999Z</time>
      </trkpt>
      <trkpt lat="46.794626" lon="8.685826">
        <ele>1186.971235</ele>
        <time>2026-08-30T09:15:10.999Z</time>
      </trkpt>
      <trkpt lat="46.794631" lon="8.685835">
        <ele>1187.154369</ele>
        <time>2026-08-30T09:15:11.999Z</time>
      </trkpt>
      <trkpt lat="46.794635" lon="8.685843">
        <ele>1187.310894</ele>
        <time>2026-08-30T09:15:12.999Z</time>
      </trkpt>
      <trkpt lat="46.794640" lon="8.685849">
        <ele>1187.460239</ele>
        <time>2026-08-30T09:15:13.999Z</time>
      </trkpt>
      <trkpt lat="46.794646" lon="8.685853">
        <ele>1187.612455</ele>
        <time>2026-08-30T09:15:14.999Z</time>
      </trkpt>
      <trkpt lat="46.794652" lon="8.685856">
        <ele>1187.758819</ele>
        <time>2026-08-30T09:15:15.999Z</time>
      </trkpt>
      <trkpt lat="46.794661" lon="8.685860">
        <ele>1187.975934</ele>
        <time>2026-08-30T09:15:16.999Z</time>
      </trkpt>
      <trkpt lat="46.794669" lon="8.685866">
        <ele>1188.183484</ele>
        <time>2026-08-30T09:15:17.999Z</time>
      </trkpt>
      <trkpt lat="46.794677" lon="8.685870">
        <ele>1188.378636</ele>
        <time>2026-08-30T09:15:18.999Z</time>
      </trkpt>
      <trkpt lat="46.794685" lon="8.685875">
        <ele>1188.579461</ele>
        <time>2026-08-30T09:15:19.999Z</time>
      </trkpt>
      <trkpt lat="46.794693" lon="8.685881">
        <ele>1188.787012</ele>
        <time>2026-08-30T09:15:20.999Z</time>
      </trkpt>
      <trkpt lat="46.794703" lon="8.685889">
        <ele>1189.050152</ele>
        <time>2026-08-30T09:15:21.999Z</time>
      </trkpt>
      <trkpt lat="46.794712" lon="8.685897">
        <ele>1189.293303</ele>
        <time>2026-08-30T09:15:22.999Z</time>
      </trkpt>
      <trkpt lat="46.794721" lon="8.685906">
        <ele>1189.545030</ele>
        <time>2026-08-30T09:15:23.999Z</time>
      </trkpt>
      <trkpt lat="46.794729" lon="8.685916">
        <ele>1189.788041</ele>
        <time>2026-08-30T09:15:24.999Z</time>
      </trkpt>
      <trkpt lat="46.794738" lon="8.685925">
        <ele>1190.039768</ele>
        <time>2026-08-30T09:15:25.999Z</time>
      </trkpt>
      <trkpt lat="46.794746" lon="8.685933">
        <ele>1190.263526</ele>
        <time>2026-08-30T09:15:26.999Z</time>
      </trkpt>
      <trkpt lat="46.794753" lon="8.685941">
        <ele>1190.468654</ele>
        <time>2026-08-30T09:15:27.999Z</time>
      </trkpt>
      <trkpt lat="46.794761" lon="8.685948">
        <ele>1190.683880</ele>
        <time>2026-08-30T09:15:28.999Z</time>
      </trkpt>
      <trkpt lat="46.794768" lon="8.685955">
        <ele>1190.879668</ele>
        <time>2026-08-30T09:15:29.999Z</time>
      </trkpt>
      <trkpt lat="46.794775" lon="8.685961">
        <ele>1191.066984</ele>
        <time>2026-08-30T09:15:30.999Z</time>
      </trkpt>
      <trkpt lat="46.794782" lon="8.685966">
        <ele>1191.246820</ele>
        <time>2026-08-30T09:15:31.999Z</time>
      </trkpt>
      <trkpt lat="46.794790" lon="8.685971">
        <ele>1191.447646</ele>
        <time>2026-08-30T09:15:32.999Z</time>
      </trkpt>
      <trkpt lat="46.794798" lon="8.685976">
        <ele>1191.648472</ele>
        <time>2026-08-30T09:15:33.999Z</time>
      </trkpt>
      <trkpt lat="46.794806" lon="8.685981">
        <ele>1191.849297</ele>
        <time>2026-08-30T09:15:34.999Z</time>
      </trkpt>
      <trkpt lat="46.794814" lon="8.685986">
        <ele>1192.050123</ele>
        <time>2026-08-30T09:15:35.999Z</time>
      </trkpt>
      <trkpt lat="46.794823" lon="8.685991">
        <ele>1192.272352</ele>
        <time>2026-08-30T09:15:36.999Z</time>
      </trkpt>
      <trkpt lat="46.794831" lon="8.685998">
        <ele>1192.487579</ele>
        <time>2026-08-30T09:15:37.999Z</time>
      </trkpt>
      <trkpt lat="46.794839" lon="8.686007">
        <ele>1192.720627</ele>
        <time>2026-08-30T09:15:38.999Z</time>
      </trkpt>
      <trkpt lat="46.794845" lon="8.686016">
        <ele>1192.919114</ele>
        <time>2026-08-30T09:15:39.999Z</time>
      </trkpt>
      <trkpt lat="46.794851" lon="8.686026">
        <ele>1193.129210</ele>
        <time>2026-08-30T09:15:40.999Z</time>
      </trkpt>
      <trkpt lat="46.794856" lon="8.686034">
        <ele>1193.300364</ele>
        <time>2026-08-30T09:15:41.999Z</time>
      </trkpt>
      <trkpt lat="46.794860" lon="8.686041">
        <ele>1193.444431</ele>
        <time>2026-08-30T09:15:42.999Z</time>
      </trkpt>
      <trkpt lat="46.794863" lon="8.686050">
        <ele>1193.602594</ele>
        <time>2026-08-30T09:15:43.999Z</time>
      </trkpt>
      <trkpt lat="46.794866" lon="8.686059">
        <ele>1193.760757</ele>
        <time>2026-08-30T09:15:44.999Z</time>
      </trkpt>
      <trkpt lat="46.794867" lon="8.686067">
        <ele>1193.889249</ele>
        <time>2026-08-30T09:15:45.999Z</time>
      </trkpt>
      <trkpt lat="46.794866" lon="8.686075">
        <ele>1194.017742</ele>
        <time>2026-08-30T09:15:46.999Z</time>
      </trkpt>
      <trkpt lat="46.794861" lon="8.686081">
        <ele>1194.167086</ele>
        <time>2026-08-30T09:15:47.999Z</time>
      </trkpt>
      <trkpt lat="46.794853" lon="8.686083">
        <ele>1194.354404</ele>
        <time>2026-08-30T09:15:48.999Z</time>
      </trkpt>
      <trkpt lat="46.794842" lon="8.686080">
        <ele>1194.612663</ele>
        <time>2026-08-30T09:15:49.999Z</time>
      </trkpt>
      <trkpt lat="46.794831" lon="8.686077">
        <ele>1194.870922</ele>
        <time>2026-08-30T09:15:50.999Z</time>
      </trkpt>
      <trkpt lat="46.794819" lon="8.686073">
        <ele>1195.154992</ele>
        <time>2026-08-30T09:15:51.999Z</time>
      </trkpt>
      <trkpt lat="46.794808" lon="8.686072">
        <ele>1195.409355</ele>
        <time>2026-08-30T09:15:52.999Z</time>
      </trkpt>
      <trkpt lat="46.794799" lon="8.686071">
        <ele>1195.617668</ele>
        <time>2026-08-30T09:15:53.999Z</time>
      </trkpt>
      <trkpt lat="46.794792" lon="8.686070">
        <ele>1195.779993</ele>
        <time>2026-08-30T09:15:54.999Z</time>
      </trkpt>
      <trkpt lat="46.794786" lon="8.686070">
        <ele>1195.918469</ele>
        <time>2026-08-30T09:15:55.999Z</time>
      </trkpt>
      <trkpt lat="46.794784" lon="8.686071">
        <ele>1195.967256</ele>
        <time>2026-08-30T09:15:56.999Z</time>
      </trkpt>
      <trkpt lat="46.794783" lon="8.686075">
        <ele>1196.034540</ele>
        <time>2026-08-30T09:15:57.999Z</time>
      </trkpt>
      <trkpt lat="46.794785" lon="8.686080">
        <ele>1196.126038</ele>
        <time>2026-08-30T09:15:58.999Z</time>
      </trkpt>
      <trkpt lat="46.794787" lon="8.686086">
        <ele>1196.231480</ele>
        <time>2026-08-30T09:15:59.999Z</time>
      </trkpt>
      <trkpt lat="46.794790" lon="8.686092">
        <ele>1196.348874</ele>
        <time>2026-08-30T09:16:00.999Z</time>
      </trkpt>
      <trkpt lat="46.794793" lon="8.686099">
        <ele>1196.479360</ele>
        <time>2026-08-30T09:16:01.999Z</time>
      </trkpt>
      <trkpt lat="46.794795" lon="8.686106">
        <ele>1196.599208</ele>
        <time>2026-08-30T09:16:02.999Z</time>
      </trkpt>
      <trkpt lat="46.794797" lon="8.686113">
        <ele>1196.719056</ele>
        <time>2026-08-30T09:16:03.999Z</time>
      </trkpt>
      <trkpt lat="46.794799" lon="8.686121">
        <ele>1196.853623</ele>
        <time>2026-08-30T09:16:04.999Z</time>
      </trkpt>
      <trkpt lat="46.794801" lon="8.686128">
        <ele>1196.973470</ele>
        <time>2026-08-30T09:16:05.999Z</time>
      </trkpt>
      <trkpt lat="46.794802" lon="8.686134">
        <ele>1197.071041</ele>
        <time>2026-08-30T09:16:06.999Z</time>
      </trkpt>
      <trkpt lat="46.794805" lon="8.686139">
        <ele>1197.176089</ele>
        <time>2026-08-30T09:16:07.999Z</time>
      </trkpt>
      <trkpt lat="46.794808" lon="8.686144">
        <ele>1197.281138</ele>
        <time>2026-08-30T09:16:08.999Z</time>
      </trkpt>
      <trkpt lat="46.794813" lon="8.686149">
        <ele>1197.420986</ele>
        <time>2026-08-30T09:16:09.999Z</time>
      </trkpt>
      <trkpt lat="46.794819" lon="8.686153">
        <ele>1197.573202</ele>
        <time>2026-08-30T09:16:10.999Z</time>
      </trkpt>
      <trkpt lat="46.794824" lon="8.686159">
        <ele>1197.722546</ele>
        <time>2026-08-30T09:16:11.999Z</time>
      </trkpt>
      <trkpt lat="46.794829" lon="8.686164">
        <ele>1197.862395</ele>
        <time>2026-08-30T09:16:12.999Z</time>
      </trkpt>
      <trkpt lat="46.794833" lon="8.686169">
        <ele>1197.983900</ele>
        <time>2026-08-30T09:16:13.999Z</time>
      </trkpt>
      <trkpt lat="46.794837" lon="8.686174">
        <ele>1198.105406</ele>
        <time>2026-08-30T09:16:14.999Z</time>
      </trkpt>
      <trkpt lat="46.794841" lon="8.686178">
        <ele>1198.217285</ele>
        <time>2026-08-30T09:16:15.999Z</time>
      </trkpt>
      <trkpt lat="46.794845" lon="8.686182">
        <ele>1198.329163</ele>
        <time>2026-08-30T09:16:16.999Z</time>
      </trkpt>
      <trkpt lat="46.794847" lon="8.686186">
        <ele>1198.407426</ele>
        <time>2026-08-30T09:16:17.999Z</time>
      </trkpt>
      <trkpt lat="46.794849" lon="8.686191">
        <ele>1198.498924</ele>
        <time>2026-08-30T09:16:18.999Z</time>
      </trkpt>
      <trkpt lat="46.794850" lon="8.686197">
        <ele>1198.596494</ele>
        <time>2026-08-30T09:16:19.999Z</time>
      </trkpt>
      <trkpt lat="46.794851" lon="8.686202">
        <ele>1198.678798</ele>
        <time>2026-08-30T09:16:20.999Z</time>
      </trkpt>
      <trkpt lat="46.794853" lon="8.686208">
        <ele>1198.784240</ele>
        <time>2026-08-30T09:16:21.999Z</time>
      </trkpt>
      <trkpt lat="46.794854" lon="8.686215">
        <ele>1198.897225</ele>
        <time>2026-08-30T09:16:22.999Z</time>
      </trkpt>
      <trkpt lat="46.794856" lon="8.686226">
        <ele>1199.077053</ele>
        <time>2026-08-30T09:16:23.999Z</time>
      </trkpt>
      <trkpt lat="46.794858" lon="8.686239">
        <ele>1199.287580</ele>
        <time>2026-08-30T09:16:24.999Z</time>
      </trkpt>
      <trkpt lat="46.794861" lon="8.686249">
        <ele>1199.460087</ele>
        <time>2026-08-30T09:16:25.999Z</time>
      </trkpt>
      <trkpt lat="46.794864" lon="8.686254">
        <ele>1199.565136</ele>
        <time>2026-08-30T09:16:26.999Z</time>
      </trkpt>
      <trkpt lat="46.794869" lon="8.686255">
        <ele>1199.681608</ele>
        <time>2026-08-30T09:16:27.999Z</time>
      </trkpt>
      <trkpt lat="46.794875" lon="8.686254">
        <ele>1199.820982</ele>
        <time>2026-08-30T09:16:28.999Z</time>
      </trkpt>
      <trkpt lat="46.794883" lon="8.686252">
        <ele>1200.008301</ele>
        <time>2026-08-30T09:16:29.999Z</time>
      </trkpt>
      <trkpt lat="46.794890" lon="8.686252">
        <ele>1200.169855</ele>
        <time>2026-08-30T09:16:30.999Z</time>
      </trkpt>
      <trkpt lat="46.794896" lon="8.686252">
        <ele>1200.308331</ele>
        <time>2026-08-30T09:16:31.999Z</time>
      </trkpt>
      <trkpt lat="46.794902" lon="8.686254">
        <ele>1200.450366</ele>
        <time>2026-08-30T09:16:32.999Z</time>
      </trkpt>
      <trkpt lat="46.794908" lon="8.686256">
        <ele>1200.592401</ele>
        <time>2026-08-30T09:16:33.999Z</time>
      </trkpt>
      <trkpt lat="46.794915" lon="8.686259">
        <ele>1200.760766</ele>
        <time>2026-08-30T09:16:34.999Z</time>
      </trkpt>
      <trkpt lat="46.794922" lon="8.686262">
        <ele>1200.929131</ele>
        <time>2026-08-30T09:16:35.999Z</time>
      </trkpt>
      <trkpt lat="46.794928" lon="8.686264">
        <ele>1201.071166</ele>
        <time>2026-08-30T09:16:36.999Z</time>
      </trkpt>
      <trkpt lat="46.794934" lon="8.686264">
        <ele>1201.209641</ele>
        <time>2026-08-30T09:16:37.999Z</time>
      </trkpt>
      <trkpt lat="46.794940" lon="8.686265">
        <ele>1201.349015</ele>
        <time>2026-08-30T09:16:38.999Z</time>
      </trkpt>
      <trkpt lat="46.794944" lon="8.686266">
        <ele>1201.442674</ele>
        <time>2026-08-30T09:16:39.999Z</time>
      </trkpt>
      <trkpt lat="46.794949" lon="8.686268">
        <ele>1201.562319</ele>
        <time>2026-08-30T09:16:40.999Z</time>
      </trkpt>
      <trkpt lat="46.794953" lon="8.686270">
        <ele>1201.659895</ele>
        <time>2026-08-30T09:16:41.999Z</time>
      </trkpt>
      <trkpt lat="46.794956" lon="8.686270">
        <ele>1201.729132</ele>
        <time>2026-08-30T09:16:42.999Z</time>
      </trkpt>
      <trkpt lat="46.794960" lon="8.686269">
        <ele>1201.822792</ele>
        <time>2026-08-30T09:16:43.999Z</time>
      </trkpt>
      <trkpt lat="46.794965" lon="8.686268">
        <ele>1201.939264</ele>
        <time>2026-08-30T09:16:44.999Z</time>
      </trkpt>
      <trkpt lat="46.794971" lon="8.686267">
        <ele>1202.078638</ele>
        <time>2026-08-30T09:16:45.999Z</time>
      </trkpt>
      <trkpt lat="46.794976" lon="8.686268">
        <ele>1202.195111</ele>
        <time>2026-08-30T09:16:46.999Z</time>
      </trkpt>
      <trkpt lat="46.794978" lon="8.686271">
        <ele>1202.261273</ele>
        <time>2026-08-30T09:16:47.999Z</time>
      </trkpt>
      <trkpt lat="46.794979" lon="8.686277">
        <ele>1202.358844</ele>
        <time>2026-08-30T09:16:48.999Z</time>
      </trkpt>
      <trkpt lat="46.794979" lon="8.686283">
        <ele>1202.453646</ele>
        <time>2026-08-30T09:16:49.999Z</time>
      </trkpt>
      <trkpt lat="46.794978" lon="8.686290">
        <ele>1202.566630</ele>
        <time>2026-08-30T09:16:50.999Z</time>
      </trkpt>
      <trkpt lat="46.794974" lon="8.686298">
        <ele>1202.723154</ele>
        <time>2026-08-30T09:16:51.999Z</time>
      </trkpt>
      <trkpt lat="46.794965" lon="8.686308">
        <ele>1202.984133</ele>
        <time>2026-08-30T09:16:52.999Z</time>
      </trkpt>
      <trkpt lat="46.794955" lon="8.686318">
        <ele>1203.263829</ele>
        <time>2026-08-30T09:16:53.999Z</time>
      </trkpt>
      <trkpt lat="46.794946" lon="8.686328">
        <ele>1203.524807</ele>
        <time>2026-08-30T09:16:54.999Z</time>
      </trkpt>
      <trkpt lat="46.794938" lon="8.686337">
        <ele>1203.757855</ele>
        <time>2026-08-30T09:16:55.999Z</time>
      </trkpt>
      <trkpt lat="46.794933" lon="8.686344">
        <ele>1203.917695</ele>
        <time>2026-08-30T09:16:56.999Z</time>
      </trkpt>
      <trkpt lat="46.794930" lon="8.686350">
        <ele>1204.035089</ele>
        <time>2026-08-30T09:16:57.999Z</time>
      </trkpt>
      <trkpt lat="46.794930" lon="8.686354">
        <ele>1204.098290</ele>
        <time>2026-08-30T09:16:58.999Z</time>
      </trkpt>
      <trkpt lat="46.794932" lon="8.686358">
        <ele>1204.176553</ele>
        <time>2026-08-30T09:16:59.999Z</time>
      </trkpt>
      <trkpt lat="46.794935" lon="8.686363">
        <ele>1204.281601</ele>
        <time>2026-08-30T09:17:00.999Z</time>
      </trkpt>
      <trkpt lat="46.794938" lon="8.686367">
        <ele>1204.375346</ele>
        <time>2026-08-30T09:17:01.999Z</time>
      </trkpt>
      <trkpt lat="46.794941" lon="8.686367">
        <ele>1204.444584</ele>
        <time>2026-08-30T09:17:02.999Z</time>
      </trkpt>
      <trkpt lat="46.794944" lon="8.686365">
        <ele>1204.520692</ele>
        <time>2026-08-30T09:17:03.999Z</time>
      </trkpt>
      <trkpt lat="46.794948" lon="8.686362">
        <ele>1204.624467</ele>
        <time>2026-08-30T09:17:04.999Z</time>
      </trkpt>
      <trkpt lat="46.794953" lon="8.686360">
        <ele>1204.744112</ele>
        <time>2026-08-30T09:17:05.999Z</time>
      </trkpt>
      <trkpt lat="46.794960" lon="8.686361">
        <ele>1204.906437</ele>
        <time>2026-08-30T09:17:06.999Z</time>
      </trkpt>
      <trkpt lat="46.794967" lon="8.686362">
        <ele>1205.068762</ele>
        <time>2026-08-30T09:17:07.999Z</time>
      </trkpt>
      <trkpt lat="46.794971" lon="8.686362">
        <ele>1205.161079</ele>
        <time>2026-08-30T09:17:08.999Z</time>
      </trkpt>
      <trkpt lat="46.794971" lon="8.686362">
        <ele>1205.161079</ele>
        <time>2026-08-30T09:17:09.999Z</time>
      </trkpt>
      <trkpt lat="46.794972" lon="8.686361">
        <ele>1205.189049</ele>
        <time>2026-08-30T09:17:10.999Z</time>
      </trkpt>
      <trkpt lat="46.794973" lon="8.686362">
        <ele>1205.217019</ele>
        <time>2026-08-30T09:17:11.999Z</time>
      </trkpt>
      <trkpt lat="46.794977" lon="8.686363">
        <ele>1205.310678</ele>
        <time>2026-08-30T09:17:12.999Z</time>
      </trkpt>
      <trkpt lat="46.794982" lon="8.686365">
        <ele>1205.430322</ele>
        <time>2026-08-30T09:17:13.999Z</time>
      </trkpt>
      <trkpt lat="46.794987" lon="8.686365">
        <ele>1205.545719</ele>
        <time>2026-08-30T09:17:14.999Z</time>
      </trkpt>
      <trkpt lat="46.794991" lon="8.686364">
        <ele>1205.639378</ele>
        <time>2026-08-30T09:17:15.999Z</time>
      </trkpt>
      <trkpt lat="46.794996" lon="8.686360">
        <ele>1205.770948</ele>
        <time>2026-08-30T09:17:16.999Z</time>
      </trkpt>
      <trkpt lat="46.795002" lon="8.686355">
        <ele>1205.930374</ele>
        <time>2026-08-30T09:17:17.999Z</time>
      </trkpt>
      <trkpt lat="46.795009" lon="8.686351">
        <ele>1206.103851</ele>
        <time>2026-08-30T09:17:18.999Z</time>
      </trkpt>
      <trkpt lat="46.795016" lon="8.686346">
        <ele>1206.283687</ele>
        <time>2026-08-30T09:17:19.999Z</time>
      </trkpt>
      <trkpt lat="46.795022" lon="8.686343">
        <ele>1206.430050</ele>
        <time>2026-08-30T09:17:20.999Z</time>
      </trkpt>
      <trkpt lat="46.795027" lon="8.686340">
        <ele>1206.554802</ele>
        <time>2026-08-30T09:17:21.999Z</time>
      </trkpt>
      <trkpt lat="46.795032" lon="8.686337">
        <ele>1206.679555</ele>
        <time>2026-08-30T09:17:22.999Z</time>
      </trkpt>
      <trkpt lat="46.795037" lon="8.686335">
        <ele>1206.799199</ele>
        <time>2026-08-30T09:17:23.999Z</time>
      </trkpt>
      <trkpt lat="46.795042" lon="8.686333">
        <ele>1206.918844</ele>
        <time>2026-08-30T09:17:24.999Z</time>
      </trkpt>
      <trkpt lat="46.795048" lon="8.686331">
        <ele>1207.060879</ele>
        <time>2026-08-30T09:17:25.999Z</time>
      </trkpt>
      <trkpt lat="46.795055" lon="8.686329">
        <ele>1207.225495</ele>
        <time>2026-08-30T09:17:26.999Z</time>
      </trkpt>
      <trkpt lat="46.795062" lon="8.686328">
        <ele>1207.387821</ele>
        <time>2026-08-30T09:17:27.999Z</time>
      </trkpt>
      <trkpt lat="46.795070" lon="8.686327">
        <ele>1207.573129</ele>
        <time>2026-08-30T09:17:28.999Z</time>
      </trkpt>
      <trkpt lat="46.795077" lon="8.686327">
        <ele>1207.734684</ele>
        <time>2026-08-30T09:17:29.999Z</time>
      </trkpt>
      <trkpt lat="46.795084" lon="8.686328">
        <ele>1207.897009</ele>
        <time>2026-08-30T09:17:30.999Z</time>
      </trkpt>
      <trkpt lat="46.795090" lon="8.686330">
        <ele>1208.039044</ele>
        <time>2026-08-30T09:17:31.999Z</time>
      </trkpt>
      <trkpt lat="46.795095" lon="8.686334">
        <ele>1208.170614</ele>
        <time>2026-08-30T09:17:32.999Z</time>
      </trkpt>
      <trkpt lat="46.795101" lon="8.686337">
        <ele>1208.316978</ele>
        <time>2026-08-30T09:17:33.999Z</time>
      </trkpt>
      <trkpt lat="46.795108" lon="8.686341">
        <ele>1208.490455</ele>
        <time>2026-08-30T09:17:34.999Z</time>
      </trkpt>
      <trkpt lat="46.795116" lon="8.686343">
        <ele>1208.677773</ele>
        <time>2026-08-30T09:17:35.999Z</time>
      </trkpt>
      <trkpt lat="46.795123" lon="8.686344">
        <ele>1208.840098</ele>
        <time>2026-08-30T09:17:36.999Z</time>
      </trkpt>
      <trkpt lat="46.795131" lon="8.686343">
        <ele>1209.025407</ele>
        <time>2026-08-30T09:17:37.999Z</time>
      </trkpt>
      <trkpt lat="46.795140" lon="8.686343">
        <ele>1209.233120</ele>
        <time>2026-08-30T09:17:38.999Z</time>
      </trkpt>
      <trkpt lat="46.795147" lon="8.686345">
        <ele>1209.397736</ele>
        <time>2026-08-30T09:17:39.999Z</time>
      </trkpt>
      <trkpt lat="46.795154" lon="8.686347">
        <ele>1209.562352</ele>
        <time>2026-08-30T09:17:40.999Z</time>
      </trkpt>
      <trkpt lat="46.795161" lon="8.686352">
        <ele>1209.742188</ele>
        <time>2026-08-30T09:17:41.999Z</time>
      </trkpt>
      <trkpt lat="46.795169" lon="8.686357">
        <ele>1209.943014</ele>
        <time>2026-08-30T09:17:42.999Z</time>
      </trkpt>
      <trkpt lat="46.795175" lon="8.686362">
        <ele>1210.102439</ele>
        <time>2026-08-30T09:17:43.999Z</time>
      </trkpt>
      <trkpt lat="46.795182" lon="8.686366">
        <ele>1210.275916</ele>
        <time>2026-08-30T09:17:44.999Z</time>
      </trkpt>
      <trkpt lat="46.795190" lon="8.686370">
        <ele>1210.471067</ele>
        <time>2026-08-30T09:17:45.999Z</time>
      </trkpt>
      <trkpt lat="46.795197" lon="8.686373">
        <ele>1210.639432</ele>
        <time>2026-08-30T09:17:46.999Z</time>
      </trkpt>
      <trkpt lat="46.795203" lon="8.686376">
        <ele>1210.785796</ele>
        <time>2026-08-30T09:17:47.999Z</time>
      </trkpt>
      <trkpt lat="46.795209" lon="8.686379">
        <ele>1210.932159</ele>
        <time>2026-08-30T09:17:48.999Z</time>
      </trkpt>
      <trkpt lat="46.795213" lon="8.686383">
        <ele>1211.044037</ele>
        <time>2026-08-30T09:17:49.999Z</time>
      </trkpt>
      <trkpt lat="46.795216" lon="8.686388">
        <ele>1211.149085</ele>
        <time>2026-08-30T09:17:50.999Z</time>
      </trkpt>
      <trkpt lat="46.795217" lon="8.686394">
        <ele>1211.246655</ele>
        <time>2026-08-30T09:17:51.999Z</time>
      </trkpt>
      <trkpt lat="46.795220" lon="8.686402">
        <ele>1211.390778</ele>
        <time>2026-08-30T09:17:52.999Z</time>
      </trkpt>
      <trkpt lat="46.795223" lon="8.686411">
        <ele>1211.548940</ele>
        <time>2026-08-30T09:17:53.999Z</time>
      </trkpt>
      <trkpt lat="46.795228" lon="8.686416">
        <ele>1211.688788</ele>
        <time>2026-08-30T09:17:54.999Z</time>
      </trkpt>
      <trkpt lat="46.795233" lon="8.686419">
        <ele>1211.813540</ele>
        <time>2026-08-30T09:17:55.999Z</time>
      </trkpt>
      <trkpt lat="46.795241" lon="8.686422">
        <ele>1212.004161</ele>
        <time>2026-08-30T09:17:56.999Z</time>
      </trkpt>
      <trkpt lat="46.795248" lon="8.686426">
        <ele>1212.177638</ele>
        <time>2026-08-30T09:17:57.999Z</time>
      </trkpt>
      <trkpt lat="46.795254" lon="8.686427">
        <ele>1212.317011</ele>
        <time>2026-08-30T09:17:58.999Z</time>
      </trkpt>
      <trkpt lat="46.795260" lon="8.686425">
        <ele>1212.459047</ele>
        <time>2026-08-30T09:17:59.999Z</time>
      </trkpt>
      <trkpt lat="46.795267" lon="8.686423">
        <ele>1212.623663</ele>
        <time>2026-08-30T09:18:00.999Z</time>
      </trkpt>
      <trkpt lat="46.795275" lon="8.686422">
        <ele>1212.808971</ele>
        <time>2026-08-30T09:18:01.999Z</time>
      </trkpt>
      <trkpt lat="46.795284" lon="8.686425">
        <ele>1213.022024</ele>
        <time>2026-08-30T09:18:02.999Z</time>
      </trkpt>
      <trkpt lat="46.795292" lon="8.686430">
        <ele>1213.222849</ele>
        <time>2026-08-30T09:18:03.999Z</time>
      </trkpt>
      <trkpt lat="46.795298" lon="8.686435">
        <ele>1213.382275</ele>
        <time>2026-08-30T09:18:04.999Z</time>
      </trkpt>
      <trkpt lat="46.795304" lon="8.686440">
        <ele>1213.541701</ele>
        <time>2026-08-30T09:18:05.999Z</time>
      </trkpt>
      <trkpt lat="46.795309" lon="8.686445">
        <ele>1213.681549</ele>
        <time>2026-08-30T09:18:06.999Z</time>
      </trkpt>
      <trkpt lat="46.795315" lon="8.686449">
        <ele>1213.833765</ele>
        <time>2026-08-30T09:18:07.999Z</time>
      </trkpt>
      <trkpt lat="46.795320" lon="8.686452">
        <ele>1213.958517</ele>
        <time>2026-08-30T09:18:08.999Z</time>
      </trkpt>
      <trkpt lat="46.795323" lon="8.686455">
        <ele>1214.042426</ele>
        <time>2026-08-30T09:18:09.999Z</time>
      </trkpt>
      <trkpt lat="46.795323" lon="8.686456">
        <ele>1214.058226</ele>
        <time>2026-08-30T09:18:10.999Z</time>
      </trkpt>
      <trkpt lat="46.795321" lon="8.686457">
        <ele>1214.107013</ele>
        <time>2026-08-30T09:18:11.999Z</time>
      </trkpt>
      <trkpt lat="46.795320" lon="8.686457">
        <ele>1214.130093</ele>
        <time>2026-08-30T09:18:12.999Z</time>
      </trkpt>
      <trkpt lat="46.795319" lon="8.686457">
        <ele>1214.153172</ele>
        <time>2026-08-30T09:18:13.999Z</time>
      </trkpt>
      <trkpt lat="46.795321" lon="8.686457">
        <ele>1214.199330</ele>
        <time>2026-08-30T09:18:14.999Z</time>
      </trkpt>
      <trkpt lat="46.795325" lon="8.686457">
        <ele>1214.291647</ele>
        <time>2026-08-30T09:18:15.999Z</time>
      </trkpt>
      <trkpt lat="46.795332" lon="8.686459">
        <ele>1214.456263</ele>
        <time>2026-08-30T09:18:16.999Z</time>
      </trkpt>
      <trkpt lat="46.795341" lon="8.686463">
        <ele>1214.673379</ele>
        <time>2026-08-30T09:18:17.999Z</time>
      </trkpt>
      <trkpt lat="46.795350" lon="8.686468">
        <ele>1214.895608</ele>
        <time>2026-08-30T09:18:18.999Z</time>
      </trkpt>
      <trkpt lat="46.795357" lon="8.686472">
        <ele>1215.069085</ele>
        <time>2026-08-30T09:18:19.999Z</time>
      </trkpt>
      <trkpt lat="46.795362" lon="8.686477">
        <ele>1215.208932</ele>
        <time>2026-08-30T09:18:20.999Z</time>
      </trkpt>
      <trkpt lat="46.795365" lon="8.686482">
        <ele>1215.313980</ele>
        <time>2026-08-30T09:18:21.999Z</time>
      </trkpt>
      <trkpt lat="46.795369" lon="8.686484">
        <ele>1215.411555</ele>
        <time>2026-08-30T09:18:22.999Z</time>
      </trkpt>
      <trkpt lat="46.795375" lon="8.686487">
        <ele>1215.557919</ele>
        <time>2026-08-30T09:18:23.999Z</time>
      </trkpt>
      <trkpt lat="46.795382" lon="8.686490">
        <ele>1215.726283</ele>
        <time>2026-08-30T09:18:24.999Z</time>
      </trkpt>
      <trkpt lat="46.795388" lon="8.686493">
        <ele>1215.872647</ele>
        <time>2026-08-30T09:18:25.999Z</time>
      </trkpt>
      <trkpt lat="46.795394" lon="8.686497">
        <ele>1216.024863</ele>
        <time>2026-08-30T09:18:26.999Z</time>
      </trkpt>
      <trkpt lat="46.795400" lon="8.686501">
        <ele>1216.177079</ele>
        <time>2026-08-30T09:18:27.999Z</time>
      </trkpt>
      <trkpt lat="46.795405" lon="8.686506">
        <ele>1216.316927</ele>
        <time>2026-08-30T09:18:28.999Z</time>
      </trkpt>
      <trkpt lat="46.795410" lon="8.686510">
        <ele>1216.448496</ele>
        <time>2026-08-30T09:18:29.999Z</time>
      </trkpt>
      <trkpt lat="46.795417" lon="8.686515">
        <ele>1216.628332</ele>
        <time>2026-08-30T09:18:30.999Z</time>
      </trkpt>
      <trkpt lat="46.795426" lon="8.686520">
        <ele>1216.850562</ele>
        <time>2026-08-30T09:18:31.999Z</time>
      </trkpt>
      <trkpt lat="46.795432" lon="8.686525">
        <ele>1217.009987</ele>
        <time>2026-08-30T09:18:32.999Z</time>
      </trkpt>
      <trkpt lat="46.795436" lon="8.686530">
        <ele>1217.131492</ele>
        <time>2026-08-30T09:18:33.999Z</time>
      </trkpt>
      <trkpt lat="46.795440" lon="8.686535">
        <ele>1217.252998</ele>
        <time>2026-08-30T09:18:34.999Z</time>
      </trkpt>
      <trkpt lat="46.795445" lon="8.686539">
        <ele>1217.384567</ele>
        <time>2026-08-30T09:18:35.999Z</time>
      </trkpt>
      <trkpt lat="46.795453" lon="8.686539">
        <ele>1217.569201</ele>
        <time>2026-08-30T09:18:36.999Z</time>
      </trkpt>
      <trkpt lat="46.795463" lon="8.686537">
        <ele>1217.802147</ele>
        <time>2026-08-30T09:18:37.999Z</time>
      </trkpt>
      <trkpt lat="46.795473" lon="8.686538">
        <ele>1218.033479</ele>
        <time>2026-08-30T09:18:38.999Z</time>
      </trkpt>
      <trkpt lat="46.795482" lon="8.686542">
        <ele>1218.250594</ele>
        <time>2026-08-30T09:18:39.999Z</time>
      </trkpt>
      <trkpt lat="46.795489" lon="8.686552">
        <ele>1218.476568</ele>
        <time>2026-08-30T09:18:40.999Z</time>
      </trkpt>
      <trkpt lat="46.795494" lon="8.686566">
        <ele>1218.726061</ele>
        <time>2026-08-30T09:18:41.999Z</time>
      </trkpt>
      <trkpt lat="46.795499" lon="8.686581">
        <ele>1218.989663</ele>
        <time>2026-08-30T09:18:42.999Z</time>
      </trkpt>
      <trkpt lat="46.795503" lon="8.686594">
        <ele>1219.214857</ele>
        <time>2026-08-30T09:18:43.999Z</time>
      </trkpt>
      <trkpt lat="46.795508" lon="8.686603">
        <ele>1219.397989</ele>
        <time>2026-08-30T09:18:44.999Z</time>
      </trkpt>
      <trkpt lat="46.795516" lon="8.686611">
        <ele>1219.621746</ele>
        <time>2026-08-30T09:18:45.999Z</time>
      </trkpt>
      <trkpt lat="46.795524" lon="8.686619">
        <ele>1219.845502</ele>
        <time>2026-08-30T09:18:46.999Z</time>
      </trkpt>
      <trkpt lat="46.795534" lon="8.686629">
        <ele>1220.125197</ele>
        <time>2026-08-30T09:18:47.999Z</time>
      </trkpt>
      <trkpt lat="46.795545" lon="8.686640">
        <ele>1220.432862</ele>
        <time>2026-08-30T09:18:48.999Z</time>
      </trkpt>
      <trkpt lat="46.795555" lon="8.686651">
        <ele>1220.721777</ele>
        <time>2026-08-30T09:18:49.999Z</time>
      </trkpt>
      <trkpt lat="46.795562" lon="8.686662">
        <ele>1220.959067</ele>
        <time>2026-08-30T09:18:50.999Z</time>
      </trkpt>
      <trkpt lat="46.795569" lon="8.686670">
        <ele>1221.164194</ele>
        <time>2026-08-30T09:18:51.999Z</time>
      </trkpt>
      <trkpt lat="46.795576" lon="8.686677">
        <ele>1221.359981</ele>
        <time>2026-08-30T09:18:52.999Z</time>
      </trkpt>
      <trkpt lat="46.795585" lon="8.686681">
        <ele>1221.577096</ele>
        <time>2026-08-30T09:18:53.999Z</time>
      </trkpt>
      <trkpt lat="46.795593" lon="8.686685">
        <ele>1221.772247</ele>
        <time>2026-08-30T09:18:54.999Z</time>
      </trkpt>
      <trkpt lat="46.795600" lon="8.686687">
        <ele>1221.936863</ele>
        <time>2026-08-30T09:18:55.999Z</time>
      </trkpt>
      <trkpt lat="46.795603" lon="8.686688">
        <ele>1222.007881</ele>
        <time>2026-08-30T09:18:56.999Z</time>
      </trkpt>
      <trkpt lat="46.795605" lon="8.686688">
        <ele>1222.054039</ele>
        <time>2026-08-30T09:18:57.999Z</time>
      </trkpt>
      <trkpt lat="46.795605" lon="8.686686">
        <ele>1222.085639</ele>
        <time>2026-08-30T09:18:58.999Z</time>
      </trkpt>
      <trkpt lat="46.795605" lon="8.686685">
        <ele>1222.101440</ele>
        <time>2026-08-30T09:18:59.999Z</time>
      </trkpt>
      <trkpt lat="46.795606" lon="8.686684">
        <ele>1222.129409</ele>
        <time>2026-08-30T09:19:00.999Z</time>
      </trkpt>
      <trkpt lat="46.795608" lon="8.686684">
        <ele>1222.175567</ele>
        <time>2026-08-30T09:19:01.999Z</time>
      </trkpt>
      <trkpt lat="46.795611" lon="8.686685">
        <ele>1222.246585</ele>
        <time>2026-08-30T09:19:02.999Z</time>
      </trkpt>
      <trkpt lat="46.795616" lon="8.686687">
        <ele>1222.366230</ele>
        <time>2026-08-30T09:19:03.999Z</time>
      </trkpt>
      <trkpt lat="46.795623" lon="8.686691">
        <ele>1222.539706</ele>
        <time>2026-08-30T09:19:04.999Z</time>
      </trkpt>
      <trkpt lat="46.795630" lon="8.686695">
        <ele>1222.713183</ele>
        <time>2026-08-30T09:19:05.999Z</time>
      </trkpt>
      <trkpt lat="46.795636" lon="8.686701">
        <ele>1222.881000</ele>
        <time>2026-08-30T09:19:06.999Z</time>
      </trkpt>
      <trkpt lat="46.795638" lon="8.686705">
        <ele>1222.959262</ele>
        <time>2026-08-30T09:19:07.999Z</time>
      </trkpt>
      <trkpt lat="46.795639" lon="8.686709">
        <ele>1223.026544</ele>
        <time>2026-08-30T09:19:08.999Z</time>
      </trkpt>
      <trkpt lat="46.795639" lon="8.686713">
        <ele>1223.089745</ele>
        <time>2026-08-30T09:19:09.999Z</time>
      </trkpt>
      <trkpt lat="46.795638" lon="8.686717">
        <ele>1223.157027</ele>
        <time>2026-08-30T09:19:10.999Z</time>
      </trkpt>
      <trkpt lat="46.795637" lon="8.686720">
        <ele>1223.209748</ele>
        <time>2026-08-30T09:19:11.999Z</time>
      </trkpt>
      <trkpt lat="46.795637" lon="8.686720">
        <ele>1223.209748</ele>
        <time>2026-08-30T09:19:12.999Z</time>
      </trkpt>
      <trkpt lat="46.795637" lon="8.686719">
        <ele>1223.225548</ele>
        <time>2026-08-30T09:19:13.999Z</time>
      </trkpt>
      <trkpt lat="46.795637" lon="8.686718">
        <ele>1223.241348</ele>
        <time>2026-08-30T09:19:14.999Z</time>
      </trkpt>
      <trkpt lat="46.795636" lon="8.686717">
        <ele>1223.269317</ele>
        <time>2026-08-30T09:19:15.999Z</time>
      </trkpt>
      <trkpt lat="46.795636" lon="8.686716">
        <ele>1223.285117</ele>
        <time>2026-08-30T09:19:16.999Z</time>
      </trkpt>
      <trkpt lat="46.795636" lon="8.686716">
        <ele>1223.285117</ele>
        <time>2026-08-30T09:19:17.999Z</time>
      </trkpt>
      <trkpt lat="46.795635" lon="8.686716">
        <ele>1223.308197</ele>
        <time>2026-08-30T09:19:18.999Z</time>
      </trkpt>
      <trkpt lat="46.795635" lon="8.686717">
        <ele>1223.323997</ele>
        <time>2026-08-30T09:19:19.999Z</time>
      </trkpt>
      <trkpt lat="46.795634" lon="8.686718">
        <ele>1223.351966</ele>
        <time>2026-08-30T09:19:20.999Z</time>
      </trkpt>
      <trkpt lat="46.795633" lon="8.686719">
        <ele>1223.379936</ele>
        <time>2026-08-30T09:19:21.999Z</time>
      </trkpt>
      <trkpt lat="46.795632" lon="8.686720">
        <ele>1223.407905</ele>
        <time>2026-08-30T09:19:22.999Z</time>
      </trkpt>
      <trkpt lat="46.795630" lon="8.686721">
        <ele>1223.456693</ele>
        <time>2026-08-30T09:19:23.999Z</time>
      </trkpt>
      <trkpt lat="46.795629" lon="8.686722">
        <ele>1223.484662</ele>
        <time>2026-08-30T09:19:24.999Z</time>
      </trkpt>
      <trkpt lat="46.795628" lon="8.686722">
        <ele>1223.507742</ele>
        <time>2026-08-30T09:19:25.999Z</time>
      </trkpt>
      <trkpt lat="46.795629" lon="8.686722">
        <ele>1223.530821</ele>
        <time>2026-08-30T09:19:26.999Z</time>
      </trkpt>
      <trkpt lat="46.795629" lon="8.686721">
        <ele>1223.546621</ele>
        <time>2026-08-30T09:19:27.999Z</time>
      </trkpt>
      <trkpt lat="46.795629" lon="8.686721">
        <ele>1223.546621</ele>
        <time>2026-08-30T09:19:28.999Z</time>
      </trkpt>
      <trkpt lat="46.795628" lon="8.686721">
        <ele>1223.569700</ele>
        <time>2026-08-30T09:19:29.999Z</time>
      </trkpt>
      <trkpt lat="46.795628" lon="8.686720">
        <ele>1223.585500</ele>
        <time>2026-08-30T09:19:30.999Z</time>
      </trkpt>
      <trkpt lat="46.795628" lon="8.686720">
        <ele>1223.585500</ele>
        <time>2026-08-30T09:19:31.999Z</time>
      </trkpt>
      <trkpt lat="46.795628" lon="8.686719">
        <ele>1223.601300</ele>
        <time>2026-08-30T09:19:32.999Z</time>
      </trkpt>
      <trkpt lat="46.795627" lon="8.686719">
        <ele>1223.624380</ele>
        <time>2026-08-30T09:19:33.999Z</time>
      </trkpt>
      <trkpt lat="46.795626" lon="8.686719">
        <ele>1223.647459</ele>
        <time>2026-08-30T09:19:34.999Z</time>
      </trkpt>
      <trkpt lat="46.795625" lon="8.686718">
        <ele>1223.675428</ele>
        <time>2026-08-30T09:19:35.999Z</time>
      </trkpt>
      <trkpt lat="46.795624" lon="8.686717">
        <ele>1223.703398</ele>
        <time>2026-08-30T09:19:36.999Z</time>
      </trkpt>
      <trkpt lat="46.795623" lon="8.686717">
        <ele>1223.726477</ele>
        <time>2026-08-30T09:19:37.999Z</time>
      </trkpt>
      <trkpt lat="46.795623" lon="8.686716">
        <ele>1223.742277</ele>
        <time>2026-08-30T09:19:38.999Z</time>
      </trkpt>
      <trkpt lat="46.795622" lon="8.686716">
        <ele>1223.765356</ele>
        <time>2026-08-30T09:19:39.999Z</time>
      </trkpt>
      <trkpt lat="46.795622" lon="8.686716">
        <ele>1223.765356</ele>
        <time>2026-08-30T09:19:40.999Z</time>
      </trkpt>
      <trkpt lat="46.795621" lon="8.686716">
        <ele>1223.788436</ele>
        <time>2026-08-30T09:19:41.999Z</time>
      </trkpt>
      <trkpt lat="46.795620" lon="8.686716">
        <ele>1223.811515</ele>
        <time>2026-08-30T09:19:42.999Z</time>
      </trkpt>
      <trkpt lat="46.795619" lon="8.686716">
        <ele>1223.834594</ele>
        <time>2026-08-30T09:19:43.999Z</time>
      </trkpt>
      <trkpt lat="46.795619" lon="8.686717">
        <ele>1223.850394</ele>
        <time>2026-08-30T09:19:44.999Z</time>
      </trkpt>
      <trkpt lat="46.795618" lon="8.686717">
        <ele>1223.873473</ele>
        <time>2026-08-30T09:19:45.999Z</time>
      </trkpt>
      <trkpt lat="46.795618" lon="8.686717">
        <ele>1223.873473</ele>
        <time>2026-08-30T09:19:46.999Z</time>
      </trkpt>
      <trkpt lat="46.795617" lon="8.686718">
        <ele>1223.901443</ele>
        <time>2026-08-30T09:19:47.999Z</time>
      </trkpt>
      <trkpt lat="46.795617" lon="8.686718">
        <ele>1223.901443</ele>
        <time>2026-08-30T09:19:48.999Z</time>
      </trkpt>
      <trkpt lat="46.795617" lon="8.686718">
        <ele>1223.901443</ele>
        <time>2026-08-30T09:19:49.999Z</time>
      </trkpt>
      <trkpt lat="46.795616" lon="8.686719">
        <ele>1223.929412</ele>
        <time>2026-08-30T09:19:50.999Z</time>
      </trkpt>
      <trkpt lat="46.795616" lon="8.686719">
        <ele>1223.929412</ele>
        <time>2026-08-30T09:19:51.999Z</time>
      </trkpt>
      <trkpt lat="46.795616" lon="8.686719">
        <ele>1223.929412</ele>
        <time>2026-08-30T09:19:52.999Z</time>
      </trkpt>
      <trkpt lat="46.795615" lon="8.686719">
        <ele>1223.952492</ele>
        <time>2026-08-30T09:19:53.999Z</time>
      </trkpt>
      <trkpt lat="46.795615" lon="8.686720">
        <ele>1223.968292</ele>
        <time>2026-08-30T09:19:54.999Z</time>
      </trkpt>
      <trkpt lat="46.795615" lon="8.686720">
        <ele>1223.968292</ele>
        <time>2026-08-30T09:19:55.999Z</time>
      </trkpt>
      <trkpt lat="46.795614" lon="8.686721">
        <ele>1223.996261</ele>
        <time>2026-08-30T09:19:56.999Z</time>
      </trkpt>
      <trkpt lat="46.795614" lon="8.686721">
        <ele>1223.996261</ele>
        <time>2026-08-30T09:19:57.999Z</time>
      </trkpt>
      <trkpt lat="46.795614" lon="8.686721">
        <ele>1223.996261</ele>
        <time>2026-08-30T09:19:58.999Z</time>
      </trkpt>
      <trkpt lat="46.795613" lon="8.686722">
        <ele>1224.024231</ele>
        <time>2026-08-30T09:19:59.999Z</time>
      </trkpt>
      <trkpt lat="46.795613" lon="8.686722">
        <ele>1224.024231</ele>
        <time>2026-08-30T09:20:00.999Z</time>
      </trkpt>
      <trkpt lat="46.795613" lon="8.686722">
        <ele>1224.024231</ele>
        <time>2026-08-30T09:20:01.999Z</time>
      </trkpt>
      <trkpt lat="46.795613" lon="8.686722">
        <ele>1224.024231</ele>
        <time>2026-08-30T09:20:02.999Z</time>
      </trkpt>
      <trkpt lat="46.795612" lon="8.686722">
        <ele>1224.047310</ele>
        <time>2026-08-30T09:20:03.999Z</time>
      </trkpt>
      <trkpt lat="46.795612" lon="8.686723">
        <ele>1224.063110</ele>
        <time>2026-08-30T09:20:04.999Z</time>
      </trkpt>
      <trkpt lat="46.795612" lon="8.686723">
        <ele>1224.063110</ele>
        <time>2026-08-30T09:20:05.999Z</time>
      </trkpt>
      <trkpt lat="46.795612" lon="8.686723">
        <ele>1224.063110</ele>
        <time>2026-08-30T09:20:06.999Z</time>
      </trkpt>
      <trkpt lat="46.795612" lon="8.686724">
        <ele>1224.078910</ele>
        <time>2026-08-30T09:20:07.999Z</time>
      </trkpt>
      <trkpt lat="46.795612" lon="8.686724">
        <ele>1224.078910</ele>
        <time>2026-08-30T09:20:08.999Z</time>
      </trkpt>
      <trkpt lat="46.795612" lon="8.686724">
        <ele>1224.078910</ele>
        <time>2026-08-30T09:20:09.999Z</time>
      </trkpt>
      <trkpt lat="46.795612" lon="8.686724">
        <ele>1224.078910</ele>
        <time>2026-08-30T09:20:10.999Z</time>
      </trkpt>
      <trkpt lat="46.795612" lon="8.686724">
        <ele>1224.078910</ele>
        <time>2026-08-30T09:20:11.999Z</time>
      </trkpt>
      <trkpt lat="46.795611" lon="8.686724">
        <ele>1224.101989</ele>
        <time>2026-08-30T09:20:12.999Z</time>
      </trkpt>
      <trkpt lat="46.795611" lon="8.686724">
        <ele>1224.101989</ele>
        <time>2026-08-30T09:20:13.999Z</time>
      </trkpt>
      <trkpt lat="46.795611" lon="8.686724">
        <ele>1224.101989</ele>
        <time>2026-08-30T09:20:14.999Z</time>
      </trkpt>
      <trkpt lat="46.795611" lon="8.686724">
        <ele>1224.101989</ele>
        <time>2026-08-30T09:20:15.999Z</time>
      </trkpt>
      <trkpt lat="46.795611" lon="8.686724">
        <ele>1224.101989</ele>
        <time>2026-08-30T09:20:16.999Z</time>
      </trkpt>
      <trkpt lat="46.795611" lon="8.686725">
        <ele>1224.117789</ele>
        <time>2026-08-30T09:20:17.999Z</time>
      </trkpt>
      <trkpt lat="46.795611" lon="8.686725">
        <ele>1224.117789</ele>
        <time>2026-08-30T09:20:18.999Z</time>
      </trkpt>
      <trkpt lat="46.795611" lon="8.686726">
        <ele>1224.133590</ele>
        <time>2026-08-30T09:20:19.999Z</time>
      </trkpt>
      <trkpt lat="46.795612" lon="8.686726">
        <ele>1224.156669</ele>
        <time>2026-08-30T09:20:20.999Z</time>
      </trkpt>
      <trkpt lat="46.795614" lon="8.686726">
        <ele>1224.202827</ele>
        <time>2026-08-30T09:20:21.999Z</time>
      </trkpt>
      <trkpt lat="46.795617" lon="8.686727">
        <ele>1224.273845</ele>
        <time>2026-08-30T09:20:22.999Z</time>
      </trkpt>
      <trkpt lat="46.795621" lon="8.686727">
        <ele>1224.366162</ele>
        <time>2026-08-30T09:20:23.999Z</time>
      </trkpt>
      <trkpt lat="46.795625" lon="8.686727">
        <ele>1224.458479</ele>
        <time>2026-08-30T09:20:24.999Z</time>
      </trkpt>
      <trkpt lat="46.795628" lon="8.686728">
        <ele>1224.529496</ele>
        <time>2026-08-30T09:20:25.999Z</time>
      </trkpt>
      <trkpt lat="46.795631" lon="8.686729">
        <ele>1224.600514</ele>
        <time>2026-08-30T09:20:26.999Z</time>
      </trkpt>
      <trkpt lat="46.795635" lon="8.686731">
        <ele>1224.698089</ele>
        <time>2026-08-30T09:20:27.999Z</time>
      </trkpt>
      <trkpt lat="46.795639" lon="8.686733">
        <ele>1224.795665</ele>
        <time>2026-08-30T09:20:28.999Z</time>
      </trkpt>
      <trkpt lat="46.795645" lon="8.686736">
        <ele>1224.942028</ele>
        <time>2026-08-30T09:20:29.999Z</time>
      </trkpt>
      <trkpt lat="46.795651" lon="8.686739">
        <ele>1225.088391</ele>
        <time>2026-08-30T09:20:30.999Z</time>
      </trkpt>
      <trkpt lat="46.795658" lon="8.686740">
        <ele>1225.250717</ele>
        <time>2026-08-30T09:20:31.999Z</time>
      </trkpt>
      <trkpt lat="46.795665" lon="8.686740">
        <ele>1225.412271</ele>
        <time>2026-08-30T09:20:32.999Z</time>
      </trkpt>
      <trkpt lat="46.795672" lon="8.686741">
        <ele>1225.574596</ele>
        <time>2026-08-30T09:20:33.999Z</time>
      </trkpt>
      <trkpt lat="46.795681" lon="8.686743">
        <ele>1225.784699</ele>
        <time>2026-08-30T09:20:34.999Z</time>
      </trkpt>
      <trkpt lat="46.795691" lon="8.686747">
        <ele>1226.023989</ele>
        <time>2026-08-30T09:20:35.999Z</time>
      </trkpt>
      <trkpt lat="46.795700" lon="8.686752">
        <ele>1226.246218</ele>
        <time>2026-08-30T09:20:36.999Z</time>
      </trkpt>
      <trkpt lat="46.795709" lon="8.686759">
        <ele>1226.481541</ele>
        <time>2026-08-30T09:20:37.999Z</time>
      </trkpt>
      <trkpt lat="46.795719" lon="8.686767">
        <ele>1226.744680</ele>
        <time>2026-08-30T09:20:38.999Z</time>
      </trkpt>
      <trkpt lat="46.795728" lon="8.686774">
        <ele>1226.979397</ele>
        <time>2026-08-30T09:20:39.999Z</time>
      </trkpt>
      <trkpt lat="46.795736" lon="8.686780">
        <ele>1227.166401</ele>
        <time>2026-08-30T09:20:40.999Z</time>
      </trkpt>
      <trkpt lat="46.795744" lon="8.686787">
        <ele>1227.360322</ele>
        <time>2026-08-30T09:20:41.999Z</time>
      </trkpt>
      <trkpt lat="46.795751" lon="8.686792">
        <ele>1227.522357</ele>
        <time>2026-08-30T09:20:42.999Z</time>
      </trkpt>
      <trkpt lat="46.795759" lon="8.686798">
        <ele>1227.709361</ele>
        <time>2026-08-30T09:20:43.999Z</time>
      </trkpt>
      <trkpt lat="46.795768" lon="8.686805">
        <ele>1227.921391</ele>
        <time>2026-08-30T09:20:44.999Z</time>
      </trkpt>
      <trkpt lat="46.795777" lon="8.686812">
        <ele>1228.133420</ele>
        <time>2026-08-30T09:20:45.999Z</time>
      </trkpt>
      <trkpt lat="46.795786" lon="8.686818">
        <ele>1228.339143</ele>
        <time>2026-08-30T09:20:46.999Z</time>
      </trkpt>
      <trkpt lat="46.795795" lon="8.686821">
        <ele>1228.531106</ele>
        <time>2026-08-30T09:20:47.999Z</time>
      </trkpt>
      <trkpt lat="46.795805" lon="8.686823">
        <ele>1228.740993</ele>
        <time>2026-08-30T09:20:48.999Z</time>
      </trkpt>
      <trkpt lat="46.795817" lon="8.686823">
        <ele>1228.990529</ele>
        <time>2026-08-30T09:20:49.999Z</time>
      </trkpt>
      <trkpt lat="46.795829" lon="8.686823">
        <ele>1229.240065</ele>
        <time>2026-08-30T09:20:50.999Z</time>
      </trkpt>
      <trkpt lat="46.795840" lon="8.686820">
        <ele>1229.472759</ele>
        <time>2026-08-30T09:20:51.999Z</time>
      </trkpt>
      <trkpt lat="46.795851" lon="8.686813">
        <ele>1229.722265</ele>
        <time>2026-08-30T09:20:52.999Z</time>
      </trkpt>
      <trkpt lat="46.795861" lon="8.686803">
        <ele>1229.974274</ele>
        <time>2026-08-30T09:20:53.999Z</time>
      </trkpt>
      <trkpt lat="46.795870" lon="8.686792">
        <ele>1230.218299</ele>
        <time>2026-08-30T09:20:54.999Z</time>
      </trkpt>
      <trkpt lat="46.795878" lon="8.686780">
        <ele>1230.456749</ele>
        <time>2026-08-30T09:20:55.999Z</time>
      </trkpt>
      <trkpt lat="46.795883" lon="8.686765">
        <ele>1230.694257</ele>
        <time>2026-08-30T09:20:56.999Z</time>
      </trkpt>
      <trkpt lat="46.795886" lon="8.686748">
        <ele>1230.944180</ele>
        <time>2026-08-30T09:20:57.999Z</time>
      </trkpt>
      <trkpt lat="46.795887" lon="8.686729">
        <ele>1231.215463</ele>
        <time>2026-08-30T09:20:58.999Z</time>
      </trkpt>
      <trkpt lat="46.795886" lon="8.686709">
        <ele>1231.500942</ele>
        <time>2026-08-30T09:20:59.999Z</time>
      </trkpt>
      <trkpt lat="46.795883" lon="8.686688">
        <ele>1231.806338</ele>
        <time>2026-08-30T09:21:00.999Z</time>
      </trkpt>
      <trkpt lat="46.795879" lon="8.686669">
        <ele>1232.089323</ele>
        <time>2026-08-30T09:21:01.999Z</time>
      </trkpt>
      <trkpt lat="46.795874" lon="8.686650">
        <ele>1232.379103</ele>
        <time>2026-08-30T09:21:02.999Z</time>
      </trkpt>
      <trkpt lat="46.795870" lon="8.686632">
        <ele>1232.648513</ele>
        <time>2026-08-30T09:21:03.999Z</time>
      </trkpt>
      <trkpt lat="46.795866" lon="8.686613">
        <ele>1232.931498</ele>
        <time>2026-08-30T09:21:04.999Z</time>
      </trkpt>
      <trkpt lat="46.795864" lon="8.686595">
        <ele>1233.191100</ele>
        <time>2026-08-30T09:21:05.999Z</time>
      </trkpt>
      <trkpt lat="46.795862" lon="8.686577">
        <ele>1233.450701</ele>
        <time>2026-08-30T09:21:06.999Z</time>
      </trkpt>
      <trkpt lat="46.795861" lon="8.686559">
        <ele>1233.707792</ele>
        <time>2026-08-30T09:21:07.999Z</time>
      </trkpt>
      <trkpt lat="46.795861" lon="8.686543">
        <ele>1233.935569</ele>
        <time>2026-08-30T09:21:08.999Z</time>
      </trkpt>
      <trkpt lat="46.795860" lon="8.686529">
        <ele>1234.135955</ele>
        <time>2026-08-30T09:21:09.999Z</time>
      </trkpt>
      <trkpt lat="46.795860" lon="8.686516">
        <ele>1234.321023</ele>
        <time>2026-08-30T09:21:10.999Z</time>
      </trkpt>
      <trkpt lat="46.795860" lon="8.686503">
        <ele>1234.506092</ele>
        <time>2026-08-30T09:21:11.999Z</time>
      </trkpt>
      <trkpt lat="46.795860" lon="8.686489">
        <ele>1234.705396</ele>
        <time>2026-08-30T09:21:12.999Z</time>
      </trkpt>
      <trkpt lat="46.795860" lon="8.686476">
        <ele>1234.890464</ele>
        <time>2026-08-30T09:21:13.999Z</time>
      </trkpt>
      <trkpt lat="46.795860" lon="8.686464">
        <ele>1235.061297</ele>
        <time>2026-08-30T09:21:14.999Z</time>
      </trkpt>
      <trkpt lat="46.795860" lon="8.686451">
        <ele>1235.246365</ele>
        <time>2026-08-30T09:21:15.999Z</time>
      </trkpt>
      <trkpt lat="46.795860" lon="8.686439">
        <ele>1235.417198</ele>
        <time>2026-08-30T09:21:16.999Z</time>
      </trkpt>
      <trkpt lat="46.795861" lon="8.686428">
        <ele>1235.575169</ele>
        <time>2026-08-30T09:21:17.999Z</time>
      </trkpt>
      <trkpt lat="46.795862" lon="8.686418">
        <ele>1235.719040</ele>
        <time>2026-08-30T09:21:18.999Z</time>
      </trkpt>
      <trkpt lat="46.795864" lon="8.686408">
        <ele>1235.867350</ele>
        <time>2026-08-30T09:21:19.999Z</time>
      </trkpt>
      <trkpt lat="46.795866" lon="8.686400">
        <ele>1235.988595</ele>
        <time>2026-08-30T09:21:20.999Z</time>
      </trkpt>
      <trkpt lat="46.795869" lon="8.686392">
        <ele>1236.118450</ele>
        <time>2026-08-30T09:21:21.999Z</time>
      </trkpt>
      <trkpt lat="46.795874" lon="8.686385">
        <ele>1236.262467</ele>
        <time>2026-08-30T09:21:22.999Z</time>
      </trkpt>
      <trkpt lat="46.795882" lon="8.686379">
        <ele>1236.449472</ele>
        <time>2026-08-30T09:21:23.999Z</time>
      </trkpt>
      <trkpt lat="46.795891" lon="8.686376">
        <ele>1236.641435</ele>
        <time>2026-08-30T09:21:24.999Z</time>
      </trkpt>
      <trkpt lat="46.795900" lon="8.686375">
        <ele>1236.829128</ele>
        <time>2026-08-30T09:21:25.999Z</time>
      </trkpt>
      <trkpt lat="46.795907" lon="8.686374">
        <ele>1236.975385</ele>
        <time>2026-08-30T09:21:26.999Z</time>
      </trkpt>
      <trkpt lat="46.795914" lon="8.686372">
        <ele>1237.123706</ele>
        <time>2026-08-30T09:21:27.999Z</time>
      </trkpt>
      <trkpt lat="46.795919" lon="8.686368">
        <ele>1237.242252</ele>
        <time>2026-08-30T09:21:28.999Z</time>
      </trkpt>
      <trkpt lat="46.795925" lon="8.686363">
        <ele>1237.385896</ele>
        <time>2026-08-30T09:21:29.999Z</time>
      </trkpt>
      <trkpt lat="46.795932" lon="8.686359">
        <ele>1237.542201</ele>
        <time>2026-08-30T09:21:30.999Z</time>
      </trkpt>
      <trkpt lat="46.795939" lon="8.686358">
        <ele>1237.688458</ele>
        <time>2026-08-30T09:21:31.999Z</time>
      </trkpt>
      <trkpt lat="46.795945" lon="8.686360">
        <ele>1237.816433</ele>
        <time>2026-08-30T09:21:32.999Z</time>
      </trkpt>
      <trkpt lat="46.795950" lon="8.686361">
        <ele>1237.921377</ele>
        <time>2026-08-30T09:21:33.999Z</time>
      </trkpt>
      <trkpt lat="46.795952" lon="8.686361">
        <ele>1237.962966</ele>
        <time>2026-08-30T09:21:34.999Z</time>
      </trkpt>
      <trkpt lat="46.795955" lon="8.686360">
        <ele>1238.026954</ele>
        <time>2026-08-30T09:21:35.999Z</time>
      </trkpt>
      <trkpt lat="46.795961" lon="8.686357">
        <ele>1238.158829</ele>
        <time>2026-08-30T09:21:36.999Z</time>
      </trkpt>
      <trkpt lat="46.795971" lon="8.686353">
        <ele>1238.374431</ele>
        <time>2026-08-30T09:21:37.999Z</time>
      </trkpt>
      <trkpt lat="46.795981" lon="8.686351">
        <ele>1238.584318</ele>
        <time>2026-08-30T09:21:38.999Z</time>
      </trkpt>
      <trkpt lat="46.795992" lon="8.686352">
        <ele>1238.813502</ele>
        <time>2026-08-30T09:21:39.999Z</time>
      </trkpt>
      <trkpt lat="46.796003" lon="8.686354">
        <ele>1239.044009</ele>
        <time>2026-08-30T09:21:40.999Z</time>
      </trkpt>
      <trkpt lat="46.796014" lon="8.686355">
        <ele>1239.273193</ele>
        <time>2026-08-30T09:21:41.999Z</time>
      </trkpt>
      <trkpt lat="46.796024" lon="8.686356">
        <ele>1239.481626</ele>
        <time>2026-08-30T09:21:42.999Z</time>
      </trkpt>
      <trkpt lat="46.796034" lon="8.686358">
        <ele>1239.691513</ele>
        <time>2026-08-30T09:21:43.999Z</time>
      </trkpt>
      <trkpt lat="46.796042" lon="8.686361">
        <ele>1239.863265</ele>
        <time>2026-08-30T09:21:44.999Z</time>
      </trkpt>
      <trkpt lat="46.796050" lon="8.686363">
        <ele>1240.032041</ele>
        <time>2026-08-30T09:21:45.999Z</time>
      </trkpt>
      <trkpt lat="46.796060" lon="8.686365">
        <ele>1240.241928</ele>
        <time>2026-08-30T09:21:46.998Z</time>
      </trkpt>
      <trkpt lat="46.796069" lon="8.686364">
        <ele>1240.429621</ele>
        <time>2026-08-30T09:21:47.998Z</time>
      </trkpt>
      <trkpt lat="46.796077" lon="8.686361">
        <ele>1240.601373</ele>
        <time>2026-08-30T09:21:48.998Z</time>
      </trkpt>
      <trkpt lat="46.796085" lon="8.686356">
        <ele>1240.782319</ele>
        <time>2026-08-30T09:21:49.998Z</time>
      </trkpt>
      <trkpt lat="46.796095" lon="8.686351">
        <ele>1241.002110</ele>
        <time>2026-08-30T09:21:50.998Z</time>
      </trkpt>
      <trkpt lat="46.796104" lon="8.686347">
        <ele>1241.197734</ele>
        <time>2026-08-30T09:21:51.998Z</time>
      </trkpt>
      <trkpt lat="46.796112" lon="8.686344">
        <ele>1241.369486</ele>
        <time>2026-08-30T09:21:52.998Z</time>
      </trkpt>
      <trkpt lat="46.796119" lon="8.686342">
        <ele>1241.517807</ele>
        <time>2026-08-30T09:21:53.998Z</time>
      </trkpt>
      <trkpt lat="46.796126" lon="8.686339">
        <ele>1241.669506</ele>
        <time>2026-08-30T09:21:54.998Z</time>
      </trkpt>
      <trkpt lat="46.796135" lon="8.686336">
        <ele>1241.861469</ele>
        <time>2026-08-30T09:21:55.998Z</time>
      </trkpt>
      <trkpt lat="46.796146" lon="8.686332">
        <ele>1242.097191</ele>
        <time>2026-08-30T09:21:56.998Z</time>
      </trkpt>
      <trkpt lat="46.796157" lon="8.686328">
        <ele>1242.332914</ele>
        <time>2026-08-30T09:21:57.998Z</time>
      </trkpt>
      <trkpt lat="46.796167" lon="8.686325">
        <ele>1242.545201</ele>
        <time>2026-08-30T09:21:58.999Z</time>
      </trkpt>
      <trkpt lat="46.796178" lon="8.686322">
        <ele>1242.777896</ele>
        <time>2026-08-30T09:21:59.999Z</time>
      </trkpt>
      <trkpt lat="46.796189" lon="8.686320">
        <ele>1243.008402</ele>
        <time>2026-08-30T09:22:00.999Z</time>
      </trkpt>
      <trkpt lat="46.796201" lon="8.686317">
        <ele>1243.261567</ele>
        <time>2026-08-30T09:22:01.999Z</time>
      </trkpt>
      <trkpt lat="46.796213" lon="8.686315">
        <ele>1243.512722</ele>
        <time>2026-08-30T09:22:02.999Z</time>
      </trkpt>
      <trkpt lat="46.796223" lon="8.686314">
        <ele>1243.721155</ele>
        <time>2026-08-30T09:22:03.999Z</time>
      </trkpt>
      <trkpt lat="46.796234" lon="8.686313">
        <ele>1243.950339</ele>
        <time>2026-08-30T09:22:04.999Z</time>
      </trkpt>
      <trkpt lat="46.796245" lon="8.686313">
        <ele>1244.179080</ele>
        <time>2026-08-30T09:22:05.999Z</time>
      </trkpt>
      <trkpt lat="46.796256" lon="8.686314">
        <ele>1244.408264</ele>
        <time>2026-08-30T09:22:06.999Z</time>
      </trkpt>
      <trkpt lat="46.796267" lon="8.686316">
        <ele>1244.638771</ele>
        <time>2026-08-30T09:22:07.999Z</time>
      </trkpt>
      <trkpt lat="46.796278" lon="8.686318">
        <ele>1244.869278</ele>
        <time>2026-08-30T09:22:08.999Z</time>
      </trkpt>
      <trkpt lat="46.796287" lon="8.686319">
        <ele>1245.056970</ele>
        <time>2026-08-30T09:22:09.999Z</time>
      </trkpt>
      <trkpt lat="46.796296" lon="8.686319">
        <ele>1245.244122</ele>
        <time>2026-08-30T09:22:10.999Z</time>
      </trkpt>
      <trkpt lat="46.796303" lon="8.686319">
        <ele>1245.389685</ele>
        <time>2026-08-30T09:22:11.999Z</time>
      </trkpt>
      <trkpt lat="46.796310" lon="8.686317">
        <ele>1245.538006</ele>
        <time>2026-08-30T09:22:12.999Z</time>
      </trkpt>
      <trkpt lat="46.796317" lon="8.686316">
        <ele>1245.684263</ele>
        <time>2026-08-30T09:22:13.999Z</time>
      </trkpt>
      <trkpt lat="46.796324" lon="8.686313">
        <ele>1245.835962</ele>
        <time>2026-08-30T09:22:14.999Z</time>
      </trkpt>
      <trkpt lat="46.796328" lon="8.686310">
        <ele>1245.929464</ele>
        <time>2026-08-30T09:22:15.999Z</time>
      </trkpt>
      <trkpt lat="46.796331" lon="8.686308">
        <ele>1245.998038</ele>
        <time>2026-08-30T09:22:16.999Z</time>
      </trkpt>
      <trkpt lat="46.796331" lon="8.686307">
        <ele>1246.012274</ele>
        <time>2026-08-30T09:22:17.999Z</time>
      </trkpt>
      <trkpt lat="46.796330" lon="8.686307">
        <ele>1246.033069</ele>
        <time>2026-08-30T09:22:19.000Z</time>
      </trkpt>
      <trkpt lat="46.796331" lon="8.686308">
        <ele>1246.058270</ele>
        <time>2026-08-30T09:22:19.999Z</time>
      </trkpt>
      <trkpt lat="46.796332" lon="8.686311">
        <ele>1246.105771</ele>
        <time>2026-08-30T09:22:21.000Z</time>
      </trkpt>
      <trkpt lat="46.796333" lon="8.686315">
        <ele>1246.166393</ele>
        <time>2026-08-30T09:22:21.999Z</time>
      </trkpt>
      <trkpt lat="46.796332" lon="8.686319">
        <ele>1246.227014</ele>
        <time>2026-08-30T09:22:23.000Z</time>
      </trkpt>
      <trkpt lat="46.796332" lon="8.686322">
        <ele>1246.269722</ele>
        <time>2026-08-30T09:22:24.000Z</time>
      </trkpt>
      <trkpt lat="46.796331" lon="8.686325">
        <ele>1246.317223</ele>
        <time>2026-08-30T09:22:25.000Z</time>
      </trkpt>
      <trkpt lat="46.796331" lon="8.686327">
        <ele>1246.345695</ele>
        <time>2026-08-30T09:22:26.000Z</time>
      </trkpt>
      <trkpt lat="46.796331" lon="8.686328">
        <ele>1246.359931</ele>
        <time>2026-08-30T09:22:27.000Z</time>
      </trkpt>
      <trkpt lat="46.796331" lon="8.686330">
        <ele>1246.388403</ele>
        <time>2026-08-30T09:22:28.000Z</time>
      </trkpt>
      <trkpt lat="46.796331" lon="8.686331">
        <ele>1246.402639</ele>
        <time>2026-08-30T09:22:29.000Z</time>
      </trkpt>
      <trkpt lat="46.796331" lon="8.686333">
        <ele>1246.431110</ele>
        <time>2026-08-30T09:22:30.000Z</time>
      </trkpt>
      <trkpt lat="46.796331" lon="8.686335">
        <ele>1246.459582</ele>
        <time>2026-08-30T09:22:31.000Z</time>
      </trkpt>
      <trkpt lat="46.796331" lon="8.686337">
        <ele>1246.488054</ele>
        <time>2026-08-30T09:22:32.000Z</time>
      </trkpt>
      <trkpt lat="46.796331" lon="8.686338">
        <ele>1246.502290</ele>
        <time>2026-08-30T09:22:33.000Z</time>
      </trkpt>
      <trkpt lat="46.796331" lon="8.686339">
        <ele>1246.516526</ele>
        <time>2026-08-30T09:22:34.000Z</time>
      </trkpt>
      <trkpt lat="46.796330" lon="8.686339">
        <ele>1246.537321</ele>
        <time>2026-08-30T09:22:35.000Z</time>
      </trkpt>
      <trkpt lat="46.796330" lon="8.686340">
        <ele>1246.551556</ele>
        <time>2026-08-30T09:22:36.000Z</time>
      </trkpt>
      <trkpt lat="46.796330" lon="8.686340">
        <ele>1246.551556</ele>
        <time>2026-08-30T09:22:37.000Z</time>
      </trkpt>
      <trkpt lat="46.796330" lon="8.686340">
        <ele>1246.551556</ele>
        <time>2026-08-30T09:22:38.000Z</time>
      </trkpt>
      <trkpt lat="46.796329" lon="8.686340">
        <ele>1246.572351</ele>
        <time>2026-08-30T09:22:39.000Z</time>
      </trkpt>
      <trkpt lat="46.796329" lon="8.686340">
        <ele>1246.572351</ele>
        <time>2026-08-30T09:22:40.000Z</time>
      </trkpt>
      <trkpt lat="46.796327" lon="8.686340">
        <ele>1246.613940</ele>
        <time>2026-08-30T09:22:41.000Z</time>
      </trkpt>
      <trkpt lat="46.796326" lon="8.686341">
        <ele>1246.639141</ele>
        <time>2026-08-30T09:22:42.000Z</time>
      </trkpt>
      <trkpt lat="46.796327" lon="8.686344">
        <ele>1246.686642</ele>
        <time>2026-08-30T09:22:43.000Z</time>
      </trkpt>
      <trkpt lat="46.796328" lon="8.686345">
        <ele>1246.711843</ele>
        <time>2026-08-30T09:22:44.000Z</time>
      </trkpt>
      <trkpt lat="46.796327" lon="8.686343">
        <ele>1246.747100</ele>
        <time>2026-08-30T09:22:45.000Z</time>
      </trkpt>
      <trkpt lat="46.796326" lon="8.686341">
        <ele>1246.782357</ele>
        <time>2026-08-30T09:22:46.000Z</time>
      </trkpt>
      <trkpt lat="46.796326" lon="8.686341">
        <ele>1246.782357</ele>
        <time>2026-08-30T09:22:47.000Z</time>
      </trkpt>
      <trkpt lat="46.796326" lon="8.686342">
        <ele>1246.796593</ele>
        <time>2026-08-30T09:22:48.000Z</time>
      </trkpt>
      <trkpt lat="46.796326" lon="8.686341">
        <ele>1246.810829</ele>
        <time>2026-08-30T09:22:49.000Z</time>
      </trkpt>
      <trkpt lat="46.796326" lon="8.686338">
        <ele>1246.853537</ele>
        <time>2026-08-30T09:22:50.000Z</time>
      </trkpt>
      <trkpt lat="46.796326" lon="8.686335">
        <ele>1246.896245</ele>
        <time>2026-08-30T09:22:51.000Z</time>
      </trkpt>
      <trkpt lat="46.796325" lon="8.686333">
        <ele>1246.931502</ele>
        <time>2026-08-30T09:22:52.000Z</time>
      </trkpt>
      <trkpt lat="46.796325" lon="8.686331">
        <ele>1246.959974</ele>
        <time>2026-08-30T09:22:53.000Z</time>
      </trkpt>
      <trkpt lat="46.796324" lon="8.686329">
        <ele>1246.995231</ele>
        <time>2026-08-30T09:22:54.000Z</time>
      </trkpt>
      <trkpt lat="46.796324" lon="8.686328">
        <ele>1247.009467</ele>
        <time>2026-08-30T09:22:55.000Z</time>
      </trkpt>
      <trkpt lat="46.796324" lon="8.686328">
        <ele>1247.009467</ele>
        <time>2026-08-30T09:22:56.000Z</time>
      </trkpt>
      <trkpt lat="46.796324" lon="8.686328">
        <ele>1247.009467</ele>
        <time>2026-08-30T09:22:57.000Z</time>
      </trkpt>
      <trkpt lat="46.796323" lon="8.686328">
        <ele>1247.030261</ele>
        <time>2026-08-30T09:22:58.000Z</time>
      </trkpt>
      <trkpt lat="46.796322" lon="8.686327">
        <ele>1247.055462</ele>
        <time>2026-08-30T09:22:59.000Z</time>
      </trkpt>
      <trkpt lat="46.796322" lon="8.686327">
        <ele>1247.055462</ele>
        <time>2026-08-30T09:23:00.000Z</time>
      </trkpt>
      <trkpt lat="46.796321" lon="8.686327">
        <ele>1247.076257</ele>
        <time>2026-08-30T09:23:01.000Z</time>
      </trkpt>
      <trkpt lat="46.796321" lon="8.686328">
        <ele>1247.090493</ele>
        <time>2026-08-30T09:23:02.000Z</time>
      </trkpt>
      <trkpt lat="46.796321" lon="8.686330">
        <ele>1247.118964</ele>
        <time>2026-08-30T09:23:03.000Z</time>
      </trkpt>
      <trkpt lat="46.796321" lon="8.686332">
        <ele>1247.147436</ele>
        <time>2026-08-30T09:23:04.000Z</time>
      </trkpt>
      <trkpt lat="46.796321" lon="8.686333">
        <ele>1247.161672</ele>
        <time>2026-08-30T09:23:05.000Z</time>
      </trkpt>
      <trkpt lat="46.796321" lon="8.686334">
        <ele>1247.175908</ele>
        <time>2026-08-30T09:23:06.000Z</time>
      </trkpt>
      <trkpt lat="46.796321" lon="8.686334">
        <ele>1247.175908</ele>
        <time>2026-08-30T09:23:07.000Z</time>
      </trkpt>
      <trkpt lat="46.796321" lon="8.686334">
        <ele>1247.175908</ele>
        <time>2026-08-30T09:23:08.000Z</time>
      </trkpt>
      <trkpt lat="46.796321" lon="8.686334">
        <ele>1247.175908</ele>
        <time>2026-08-30T09:23:09.000Z</time>
      </trkpt>
      <trkpt lat="46.796321" lon="8.686335">
        <ele>1247.190144</ele>
        <time>2026-08-30T09:23:10.000Z</time>
      </trkpt>
      <trkpt lat="46.796321" lon="8.686335">
        <ele>1247.190144</ele>
        <time>2026-08-30T09:23:11.000Z</time>
      </trkpt>
      <trkpt lat="46.796321" lon="8.686336">
        <ele>1247.204380</ele>
        <time>2026-08-30T09:23:12.000Z</time>
      </trkpt>
      <trkpt lat="46.796321" lon="8.686337">
        <ele>1247.218616</ele>
        <time>2026-08-30T09:23:13.000Z</time>
      </trkpt>
      <trkpt lat="46.796321" lon="8.686338">
        <ele>1247.232852</ele>
        <time>2026-08-30T09:23:14.000Z</time>
      </trkpt>
      <trkpt lat="46.796321" lon="8.686339">
        <ele>1247.247088</ele>
        <time>2026-08-30T09:23:15.000Z</time>
      </trkpt>
      <trkpt lat="46.796321" lon="8.686340">
        <ele>1247.261323</ele>
        <time>2026-08-30T09:23:16.000Z</time>
      </trkpt>
      <trkpt lat="46.796321" lon="8.686340">
        <ele>1247.261323</ele>
        <time>2026-08-30T09:23:17.000Z</time>
      </trkpt>
      <trkpt lat="46.796321" lon="8.686340">
        <ele>1247.261323</ele>
        <time>2026-08-30T09:23:18.000Z</time>
      </trkpt>
      <trkpt lat="46.796321" lon="8.686340">
        <ele>1247.261323</ele>
        <time>2026-08-30T09:23:19.000Z</time>
      </trkpt>
      <trkpt lat="46.796320" lon="8.686340">
        <ele>1247.282118</ele>
        <time>2026-08-30T09:23:20.000Z</time>
      </trkpt>
      <trkpt lat="46.796320" lon="8.686340">
        <ele>1247.282118</ele>
        <time>2026-08-30T09:23:21.000Z</time>
      </trkpt>
      <trkpt lat="46.796320" lon="8.686340">
        <ele>1247.282118</ele>
        <time>2026-08-30T09:23:22.000Z</time>
      </trkpt>
      <trkpt lat="46.796320" lon="8.686341">
        <ele>1247.296354</ele>
        <time>2026-08-30T09:23:23.000Z</time>
      </trkpt>
      <trkpt lat="46.796320" lon="8.686341">
        <ele>1247.296354</ele>
        <time>2026-08-30T09:23:24.000Z</time>
      </trkpt>
      <trkpt lat="46.796319" lon="8.686342">
        <ele>1247.321555</ele>
        <time>2026-08-30T09:23:25.000Z</time>
      </trkpt>
      <trkpt lat="46.796319" lon="8.686342">
        <ele>1247.321555</ele>
        <time>2026-08-30T09:23:26.000Z</time>
      </trkpt>
      <trkpt lat="46.796319" lon="8.686343">
        <ele>1247.335791</ele>
        <time>2026-08-30T09:23:27.000Z</time>
      </trkpt>
      <trkpt lat="46.796319" lon="8.686343">
        <ele>1247.335791</ele>
        <time>2026-08-30T09:23:28.000Z</time>
      </trkpt>
      <trkpt lat="46.796319" lon="8.686344">
        <ele>1247.350027</ele>
        <time>2026-08-30T09:23:29.000Z</time>
      </trkpt>
      <trkpt lat="46.796319" lon="8.686345">
        <ele>1247.364263</ele>
        <time>2026-08-30T09:23:30.000Z</time>
      </trkpt>
      <trkpt lat="46.796319" lon="8.686346">
        <ele>1247.378498</ele>
        <time>2026-08-30T09:23:31.000Z</time>
      </trkpt>
      <trkpt lat="46.796318" lon="8.686346">
        <ele>1247.399293</ele>
        <time>2026-08-30T09:23:32.000Z</time>
      </trkpt>
      <trkpt lat="46.796317" lon="8.686346">
        <ele>1247.420088</ele>
        <time>2026-08-30T09:23:33.000Z</time>
      </trkpt>
      <trkpt lat="46.796316" lon="8.686345">
        <ele>1247.445289</ele>
        <time>2026-08-30T09:23:34.000Z</time>
      </trkpt>
      <trkpt lat="46.796316" lon="8.686344">
        <ele>1247.459525</ele>
        <time>2026-08-30T09:23:35.000Z</time>
      </trkpt>
      <trkpt lat="46.796316" lon="8.686344">
        <ele>1247.459525</ele>
        <time>2026-08-30T09:23:36.000Z</time>
      </trkpt>
      <trkpt lat="46.796316" lon="8.686344">
        <ele>1247.459525</ele>
        <time>2026-08-30T09:23:37.000Z</time>
      </trkpt>
      <trkpt lat="46.796316" lon="8.686344">
        <ele>1247.459525</ele>
        <time>2026-08-30T09:23:38.000Z</time>
      </trkpt>
      <trkpt lat="46.796316" lon="8.686344">
        <ele>1247.459525</ele>
        <time>2026-08-30T09:23:39.000Z</time>
      </trkpt>
      <trkpt lat="46.796316" lon="8.686344">
        <ele>1247.459525</ele>
        <time>2026-08-30T09:23:40.000Z</time>
      </trkpt>
      <trkpt lat="46.796316" lon="8.686344">
        <ele>1247.459525</ele>
        <time>2026-08-30T09:23:41.000Z</time>
      </trkpt>
      <trkpt lat="46.796316" lon="8.686344">
        <ele>1247.459525</ele>
        <time>2026-08-30T09:23:42.000Z</time>
      </trkpt>
      <trkpt lat="46.796316" lon="8.686343">
        <ele>1247.473760</ele>
        <time>2026-08-30T09:23:43.000Z</time>
      </trkpt>
      <trkpt lat="46.796316" lon="8.686343">
        <ele>1247.473760</ele>
        <time>2026-08-30T09:23:44.000Z</time>
      </trkpt>
      <trkpt lat="46.796316" lon="8.686343">
        <ele>1247.473760</ele>
        <time>2026-08-30T09:23:45.000Z</time>
      </trkpt>
      <trkpt lat="46.796315" lon="8.686343">
        <ele>1247.494555</ele>
        <time>2026-08-30T09:23:46.000Z</time>
      </trkpt>
      <trkpt lat="46.796315" lon="8.686343">
        <ele>1247.494555</ele>
        <time>2026-08-30T09:23:47.000Z</time>
      </trkpt>
      <trkpt lat="46.796315" lon="8.686343">
        <ele>1247.494555</ele>
        <time>2026-08-30T09:23:48.000Z</time>
      </trkpt>
      <trkpt lat="46.796315" lon="8.686344">
        <ele>1247.508791</ele>
        <time>2026-08-30T09:23:49.000Z</time>
      </trkpt>
      <trkpt lat="46.796314" lon="8.686344">
        <ele>1247.529586</ele>
        <time>2026-08-30T09:23:50.000Z</time>
      </trkpt>
      <trkpt lat="46.796314" lon="8.686344">
        <ele>1247.529586</ele>
        <time>2026-08-30T09:23:51.000Z</time>
      </trkpt>
      <trkpt lat="46.796314" lon="8.686344">
        <ele>1247.529586</ele>
        <time>2026-08-30T09:23:52.000Z</time>
      </trkpt>
      <trkpt lat="46.796314" lon="8.686344">
        <ele>1247.529586</ele>
        <time>2026-08-30T09:23:53.000Z</time>
      </trkpt>
      <trkpt lat="46.796315" lon="8.686344">
        <ele>1247.550380</ele>
        <time>2026-08-30T09:23:54.000Z</time>
      </trkpt>
      <trkpt lat="46.796315" lon="8.686343">
        <ele>1247.564616</ele>
        <time>2026-08-30T09:23:55.000Z</time>
      </trkpt>
      <trkpt lat="46.796315" lon="8.686343">
        <ele>1247.564616</ele>
        <time>2026-08-30T09:23:56.000Z</time>
      </trkpt>
      <trkpt lat="46.796315" lon="8.686342">
        <ele>1247.578852</ele>
        <time>2026-08-30T09:23:57.000Z</time>
      </trkpt>
      <trkpt lat="46.796316" lon="8.686342">
        <ele>1247.599647</ele>
        <time>2026-08-30T09:23:58.000Z</time>
      </trkpt>
      <trkpt lat="46.796317" lon="8.686341">
        <ele>1247.624848</ele>
        <time>2026-08-30T09:23:59.000Z</time>
      </trkpt>
      <trkpt lat="46.796318" lon="8.686341">
        <ele>1247.645642</ele>
        <time>2026-08-30T09:24:00.000Z</time>
      </trkpt>
      <trkpt lat="46.796319" lon="8.686341">
        <ele>1247.666437</ele>
        <time>2026-08-30T09:24:01.000Z</time>
      </trkpt>
      <trkpt lat="46.796320" lon="8.686341">
        <ele>1247.687232</ele>
        <time>2026-08-30T09:24:02.000Z</time>
      </trkpt>
      <trkpt lat="46.796322" lon="8.686342">
        <ele>1247.731190</ele>
        <time>2026-08-30T09:24:03.000Z</time>
      </trkpt>
      <trkpt lat="46.796323" lon="8.686343">
        <ele>1247.756391</ele>
        <time>2026-08-30T09:24:04.000Z</time>
      </trkpt>
      <trkpt lat="46.796325" lon="8.686345">
        <ele>1247.806792</ele>
        <time>2026-08-30T09:24:05.000Z</time>
      </trkpt>
      <trkpt lat="46.796328" lon="8.686349">
        <ele>1247.891257</ele>
        <time>2026-08-30T09:24:06.000Z</time>
      </trkpt>
      <trkpt lat="46.796330" lon="8.686355">
        <ele>1247.986260</ele>
        <time>2026-08-30T09:24:07.000Z</time>
      </trkpt>
      <trkpt lat="46.796330" lon="8.686366">
        <ele>1248.142855</ele>
        <time>2026-08-30T09:24:08.000Z</time>
      </trkpt>
      <trkpt lat="46.796328" lon="8.686380">
        <ele>1248.346451</ele>
        <time>2026-08-30T09:24:09.000Z</time>
      </trkpt>
      <trkpt lat="46.796324" lon="8.686395">
        <ele>1248.575617</ele>
        <time>2026-08-30T09:24:10.000Z</time>
      </trkpt>
      <trkpt lat="46.796319" lon="8.686409">
        <ele>1248.800411</ele>
        <time>2026-08-30T09:24:11.000Z</time>
      </trkpt>
      <trkpt lat="46.796314" lon="8.686421">
        <ele>1249.000395</ele>
        <time>2026-08-30T09:24:12.000Z</time>
      </trkpt>
      <trkpt lat="46.796308" lon="8.686432">
        <ele>1249.200617</ele>
        <time>2026-08-30T09:24:13.000Z</time>
      </trkpt>
      <trkpt lat="46.796304" lon="8.686443">
        <ele>1249.377933</ele>
        <time>2026-08-30T09:24:14.000Z</time>
      </trkpt>
      <trkpt lat="46.796301" lon="8.686454">
        <ele>1249.546496</ele>
        <time>2026-08-30T09:24:15.000Z</time>
      </trkpt>
      <trkpt lat="46.796299" lon="8.686466">
        <ele>1249.722317</ele>
        <time>2026-08-30T09:24:16.000Z</time>
      </trkpt>
      <trkpt lat="46.796297" lon="8.686478">
        <ele>1249.898138</ele>
        <time>2026-08-30T09:24:17.000Z</time>
      </trkpt>
      <trkpt lat="46.796297" lon="8.686490">
        <ele>1250.068969</ele>
        <time>2026-08-30T09:24:18.000Z</time>
      </trkpt>
      <trkpt lat="46.796294" lon="8.686502">
        <ele>1250.250834</ele>
        <time>2026-08-30T09:24:19.000Z</time>
      </trkpt>
      <trkpt lat="46.796288" lon="8.686512">
        <ele>1250.440130</ele>
        <time>2026-08-30T09:24:20.000Z</time>
      </trkpt>
      <trkpt lat="46.796278" lon="8.686521">
        <ele>1250.684379</ele>
        <time>2026-08-30T09:24:21.000Z</time>
      </trkpt>
      <trkpt lat="46.796265" lon="8.686528">
        <ele>1250.972492</ele>
        <time>2026-08-30T09:24:22.000Z</time>
      </trkpt>
      <trkpt lat="46.796253" lon="8.686534">
        <ele>1251.236242</ele>
        <time>2026-08-30T09:24:23.000Z</time>
      </trkpt>
      <trkpt lat="46.796244" lon="8.686538">
        <ele>1251.431866</ele>
        <time>2026-08-30T09:24:24.000Z</time>
      </trkpt>
      <trkpt lat="46.796237" lon="8.686544">
        <ele>1251.600639</ele>
        <time>2026-08-30T09:24:25.000Z</time>
      </trkpt>
      <trkpt lat="46.796235" lon="8.686553">
        <ele>1251.735343</ele>
        <time>2026-08-30T09:24:26.000Z</time>
      </trkpt>
      <trkpt lat="46.796236" lon="8.686563">
        <ele>1251.879213</ele>
        <time>2026-08-30T09:24:27.000Z</time>
      </trkpt>
      <trkpt lat="46.796238" lon="8.686576">
        <ele>1252.068896</ele>
        <time>2026-08-30T09:24:28.000Z</time>
      </trkpt>
      <trkpt lat="46.796239" lon="8.686591">
        <ele>1252.283445</ele>
        <time>2026-08-30T09:24:29.000Z</time>
      </trkpt>
      <trkpt lat="46.796239" lon="8.686605">
        <ele>1252.482748</ele>
        <time>2026-08-30T09:24:30.000Z</time>
      </trkpt>
      <trkpt lat="46.796237" lon="8.686615">
        <ele>1252.631058</ele>
        <time>2026-08-30T09:24:31.000Z</time>
      </trkpt>
      <trkpt lat="46.796234" lon="8.686624">
        <ele>1252.773561</ele>
        <time>2026-08-30T09:24:32.000Z</time>
      </trkpt>
      <trkpt lat="46.796229" lon="8.686634">
        <ele>1252.949847</ele>
        <time>2026-08-30T09:24:33.000Z</time>
      </trkpt>
      <trkpt lat="46.796225" lon="8.686644">
        <ele>1253.114725</ele>
        <time>2026-08-30T09:24:34.000Z</time>
      </trkpt>
      <trkpt lat="46.796225" lon="8.686650">
        <ele>1253.200141</ele>
        <time>2026-08-30T09:24:35.000Z</time>
      </trkpt>
      <trkpt lat="46.796228" lon="8.686651">
        <ele>1253.264129</ele>
        <time>2026-08-30T09:24:36.000Z</time>
      </trkpt>
      <trkpt lat="46.796231" lon="8.686650">
        <ele>1253.328116</ele>
        <time>2026-08-30T09:24:37.000Z</time>
      </trkpt>
      <trkpt lat="46.796233" lon="8.686650">
        <ele>1253.369706</ele>
        <time>2026-08-30T09:24:38.000Z</time>
      </trkpt>
      <trkpt lat="46.796234" lon="8.686652">
        <ele>1253.404963</ele>
        <time>2026-08-30T09:24:39.000Z</time>
      </trkpt>
      <trkpt lat="46.796233" lon="8.686651">
        <ele>1253.430164</ele>
        <time>2026-08-30T09:24:40.000Z</time>
      </trkpt>
      <trkpt lat="46.796232" lon="8.686650">
        <ele>1253.455365</ele>
        <time>2026-08-30T09:24:41.000Z</time>
      </trkpt>
      <trkpt lat="46.796231" lon="8.686651">
        <ele>1253.480565</ele>
        <time>2026-08-30T09:24:42.000Z</time>
      </trkpt>
      <trkpt lat="46.796231" lon="8.686657">
        <ele>1253.565981</ele>
        <time>2026-08-30T09:24:43.000Z</time>
      </trkpt>
      <trkpt lat="46.796231" lon="8.686668">
        <ele>1253.722576</ele>
        <time>2026-08-30T09:24:44.000Z</time>
      </trkpt>
      <trkpt lat="46.796232" lon="8.686683">
        <ele>1253.937125</ele>
        <time>2026-08-30T09:24:45.000Z</time>
      </trkpt>
      <trkpt lat="46.796234" lon="8.686697">
        <ele>1254.140721</ele>
        <time>2026-08-30T09:24:46.000Z</time>
      </trkpt>
      <trkpt lat="46.796238" lon="8.686709">
        <ele>1254.330727</ele>
        <time>2026-08-30T09:24:47.000Z</time>
      </trkpt>
      <trkpt lat="46.796243" lon="8.686718">
        <ele>1254.495730</ele>
        <time>2026-08-30T09:24:48.000Z</time>
      </trkpt>
      <trkpt lat="46.796248" lon="8.686726">
        <ele>1254.649940</ele>
        <time>2026-08-30T09:24:49.000Z</time>
      </trkpt>
      <trkpt lat="46.796253" lon="8.686734">
        <ele>1254.804150</ele>
        <time>2026-08-30T09:24:50.000Z</time>
      </trkpt>
      <trkpt lat="46.796257" lon="8.686743">
        <ele>1254.956906</ele>
        <time>2026-08-30T09:24:51.000Z</time>
      </trkpt>
      <trkpt lat="46.796258" lon="8.686754">
        <ele>1255.114876</ele>
        <time>2026-08-30T09:24:52.000Z</time>
      </trkpt>
      <trkpt lat="46.796258" lon="8.686764">
        <ele>1255.257235</ele>
        <time>2026-08-30T09:24:53.000Z</time>
      </trkpt>
      <trkpt lat="46.796256" lon="8.686774">
        <ele>1255.405545</ele>
        <time>2026-08-30T09:24:54.000Z</time>
      </trkpt>
      <trkpt lat="46.796255" lon="8.686784">
        <ele>1255.549415</ele>
        <time>2026-08-30T09:24:55.000Z</time>
      </trkpt>
      <trkpt lat="46.796255" lon="8.686796">
        <ele>1255.720246</ele>
        <time>2026-08-30T09:24:56.000Z</time>
      </trkpt>
      <trkpt lat="46.796256" lon="8.686808">
        <ele>1255.892338</ele>
        <time>2026-08-30T09:24:57.000Z</time>
      </trkpt>
      <trkpt lat="46.796256" lon="8.686820">
        <ele>1256.063169</ele>
        <time>2026-08-30T09:24:58.000Z</time>
      </trkpt>
      <trkpt lat="46.796255" lon="8.686833">
        <ele>1256.249401</ele>
        <time>2026-08-30T09:24:59.000Z</time>
      </trkpt>
      <trkpt lat="46.796253" lon="8.686846">
        <ele>1256.439083</ele>
        <time>2026-08-30T09:25:00.000Z</time>
      </trkpt>
      <trkpt lat="46.796250" lon="8.686858">
        <ele>1256.620949</ele>
        <time>2026-08-30T09:25:01.000Z</time>
      </trkpt>
      <trkpt lat="46.796246" lon="8.686868">
        <ele>1256.785827</ele>
        <time>2026-08-30T09:25:02.000Z</time>
      </trkpt>
      <trkpt lat="46.796241" lon="8.686879">
        <ele>1256.973796</ele>
        <time>2026-08-30T09:25:03.000Z</time>
      </trkpt>
      <trkpt lat="46.796235" lon="8.686892">
        <ele>1257.196993</ele>
        <time>2026-08-30T09:25:04.000Z</time>
      </trkpt>
      <trkpt lat="46.796229" lon="8.686904">
        <ele>1257.408536</ele>
        <time>2026-08-30T09:25:05.000Z</time>
      </trkpt>
      <trkpt lat="46.796225" lon="8.686914">
        <ele>1257.573415</ele>
        <time>2026-08-30T09:25:06.000Z</time>
      </trkpt>
      <trkpt lat="46.796221" lon="8.686923">
        <ele>1257.726170</ele>
        <time>2026-08-30T09:25:07.000Z</time>
      </trkpt>
      <trkpt lat="46.796218" lon="8.686932">
        <ele>1257.868674</ele>
        <time>2026-08-30T09:25:08.000Z</time>
      </trkpt>
      <trkpt lat="46.796215" lon="8.686941">
        <ele>1258.011178</ele>
        <time>2026-08-30T09:25:09.000Z</time>
      </trkpt>
      <trkpt lat="46.796212" lon="8.686950">
        <ele>1258.153682</ele>
        <time>2026-08-30T09:25:10.000Z</time>
      </trkpt>
      <trkpt lat="46.796210" lon="8.686961">
        <ele>1258.315706</ele>
        <time>2026-08-30T09:25:11.000Z</time>
      </trkpt>
      <trkpt lat="46.796208" lon="8.686972">
        <ele>1258.477730</ele>
        <time>2026-08-30T09:25:12.000Z</time>
      </trkpt>
      <trkpt lat="46.796207" lon="8.686983">
        <ele>1258.635700</ele>
        <time>2026-08-30T09:25:13.000Z</time>
      </trkpt>
      <trkpt lat="46.796207" lon="8.686993">
        <ele>1258.778059</ele>
        <time>2026-08-30T09:25:14.000Z</time>
      </trkpt>
      <trkpt lat="46.796207" lon="8.687004">
        <ele>1258.934655</ele>
        <time>2026-08-30T09:25:15.000Z</time>
      </trkpt>
      <trkpt lat="46.796207" lon="8.687015">
        <ele>1259.091250</ele>
        <time>2026-08-30T09:25:16.000Z</time>
      </trkpt>
      <trkpt lat="46.796206" lon="8.687025">
        <ele>1259.235120</ele>
        <time>2026-08-30T09:25:17.000Z</time>
      </trkpt>
      <trkpt lat="46.796207" lon="8.687034">
        <ele>1259.364920</ele>
        <time>2026-08-30T09:25:18.000Z</time>
      </trkpt>
      <trkpt lat="46.796207" lon="8.687043">
        <ele>1259.493044</ele>
        <time>2026-08-30T09:25:19.000Z</time>
      </trkpt>
      <trkpt lat="46.796209" lon="8.687052">
        <ele>1259.627748</ele>
        <time>2026-08-30T09:25:20.000Z</time>
      </trkpt>
      <trkpt lat="46.796210" lon="8.687061">
        <ele>1259.757548</ele>
        <time>2026-08-30T09:25:21.000Z</time>
      </trkpt>
      <trkpt lat="46.796212" lon="8.687070">
        <ele>1259.892252</ele>
        <time>2026-08-30T09:25:22.000Z</time>
      </trkpt>
      <trkpt lat="46.796214" lon="8.687078">
        <ele>1260.013496</ele>
        <time>2026-08-30T09:25:23.000Z</time>
      </trkpt>
      <trkpt lat="46.796218" lon="8.687087">
        <ele>1260.166252</ele>
        <time>2026-08-30T09:25:24.000Z</time>
      </trkpt>
      <trkpt lat="46.796221" lon="8.687096">
        <ele>1260.308756</ele>
        <time>2026-08-30T09:25:25.000Z</time>
      </trkpt>
      <trkpt lat="46.796223" lon="8.687103">
        <ele>1260.416738</ele>
        <time>2026-08-30T09:25:26.000Z</time>
      </trkpt>
      <trkpt lat="46.796223" lon="8.687110">
        <ele>1260.516389</ele>
        <time>2026-08-30T09:25:27.000Z</time>
      </trkpt>
      <trkpt lat="46.796221" lon="8.687118">
        <ele>1260.637633</ele>
        <time>2026-08-30T09:25:28.000Z</time>
      </trkpt>
      <trkpt lat="46.796219" lon="8.687127">
        <ele>1260.772337</ele>
        <time>2026-08-30T09:25:29.000Z</time>
      </trkpt>
      <trkpt lat="46.796218" lon="8.687135">
        <ele>1260.888108</ele>
        <time>2026-08-30T09:25:30.000Z</time>
      </trkpt>
      <trkpt lat="46.796219" lon="8.687139">
        <ele>1260.948729</ele>
        <time>2026-08-30T09:25:31.000Z</time>
      </trkpt>
      <trkpt lat="46.796223" lon="8.687143">
        <ele>1261.049533</ele>
        <time>2026-08-30T09:25:32.000Z</time>
      </trkpt>
      <trkpt lat="46.796228" lon="8.687148">
        <ele>1261.175537</ele>
        <time>2026-08-30T09:25:33.000Z</time>
      </trkpt>
      <trkpt lat="46.796233" lon="8.687153">
        <ele>1261.301541</ele>
        <time>2026-08-30T09:25:34.000Z</time>
      </trkpt>
      <trkpt lat="46.796234" lon="8.687160">
        <ele>1261.403339</ele>
        <time>2026-08-30T09:25:35.000Z</time>
      </trkpt>
      <trkpt lat="46.796233" lon="8.687168">
        <ele>1261.519109</ele>
        <time>2026-08-30T09:25:36.000Z</time>
      </trkpt>
      <trkpt lat="46.796233" lon="8.687177">
        <ele>1261.647232</ele>
        <time>2026-08-30T09:25:37.000Z</time>
      </trkpt>
      <trkpt lat="46.796234" lon="8.687185">
        <ele>1261.763003</ele>
        <time>2026-08-30T09:25:38.000Z</time>
      </trkpt>
      <trkpt lat="46.796235" lon="8.687194">
        <ele>1261.892803</ele>
        <time>2026-08-30T09:25:39.000Z</time>
      </trkpt>
      <trkpt lat="46.796236" lon="8.687203">
        <ele>1262.022603</ele>
        <time>2026-08-30T09:25:40.000Z</time>
      </trkpt>
      <trkpt lat="46.796238" lon="8.687212">
        <ele>1262.157307</ele>
        <time>2026-08-30T09:25:41.000Z</time>
      </trkpt>
      <trkpt lat="46.796238" lon="8.687220">
        <ele>1262.271194</ele>
        <time>2026-08-30T09:25:42.000Z</time>
      </trkpt>
      <trkpt lat="46.796238" lon="8.687228">
        <ele>1262.385082</ele>
        <time>2026-08-30T09:25:43.000Z</time>
      </trkpt>
      <trkpt lat="46.796236" lon="8.687236">
        <ele>1262.506325</ele>
        <time>2026-08-30T09:25:44.000Z</time>
      </trkpt>
      <trkpt lat="46.796234" lon="8.687243">
        <ele>1262.614307</ele>
        <time>2026-08-30T09:25:45.000Z</time>
      </trkpt>
      <trkpt lat="46.796234" lon="8.687251">
        <ele>1262.728195</ele>
        <time>2026-08-30T09:25:46.000Z</time>
      </trkpt>
      <trkpt lat="46.796233" lon="8.687258">
        <ele>1262.829993</ele>
        <time>2026-08-30T09:25:47.000Z</time>
      </trkpt>
      <trkpt lat="46.796231" lon="8.687264">
        <ele>1262.924995</ele>
        <time>2026-08-30T09:25:48.000Z</time>
      </trkpt>
      <trkpt lat="46.796228" lon="8.687268">
        <ele>1263.009461</ele>
        <time>2026-08-30T09:25:49.000Z</time>
      </trkpt>
      <trkpt lat="46.796225" lon="8.687270">
        <ele>1263.078035</ele>
        <time>2026-08-30T09:25:50.000Z</time>
      </trkpt>
      <trkpt lat="46.796222" lon="8.687272">
        <ele>1263.146609</ele>
        <time>2026-08-30T09:25:51.000Z</time>
      </trkpt>
      <trkpt lat="46.796219" lon="8.687275">
        <ele>1263.222211</ele>
        <time>2026-08-30T09:25:52.000Z</time>
      </trkpt>
      <trkpt lat="46.796215" lon="8.687279">
        <ele>1263.323014</ele>
        <time>2026-08-30T09:25:53.000Z</time>
      </trkpt>
      <trkpt lat="46.796212" lon="8.687285">
        <ele>1263.428786</ele>
        <time>2026-08-30T09:25:54.000Z</time>
      </trkpt>
      <trkpt lat="46.796211" lon="8.687291">
        <ele>1263.516696</ele>
        <time>2026-08-30T09:25:55.000Z</time>
      </trkpt>
      <trkpt lat="46.796212" lon="8.687298">
        <ele>1263.618494</ele>
        <time>2026-08-30T09:25:56.000Z</time>
      </trkpt>
      <trkpt lat="46.796217" lon="8.687303">
        <ele>1263.744498</ele>
        <time>2026-08-30T09:25:57.000Z</time>
      </trkpt>
      <trkpt lat="46.796222" lon="8.687307">
        <ele>1263.863044</ele>
        <time>2026-08-30T09:25:58.000Z</time>
      </trkpt>
      <trkpt lat="46.796227" lon="8.687310">
        <ele>1263.975447</ele>
        <time>2026-08-30T09:25:59.000Z</time>
      </trkpt>
      <trkpt lat="46.796229" lon="8.687312">
        <ele>1264.025848</ele>
        <time>2026-08-30T09:26:00.000Z</time>
      </trkpt>
      <trkpt lat="46.796229" lon="8.687314">
        <ele>1264.054320</ele>
        <time>2026-08-30T09:26:01.000Z</time>
      </trkpt>
      <trkpt lat="46.796227" lon="8.687317">
        <ele>1264.113933</ele>
        <time>2026-08-30T09:26:02.000Z</time>
      </trkpt>
      <trkpt lat="46.796226" lon="8.687319">
        <ele>1264.149190</ele>
        <time>2026-08-30T09:26:03.000Z</time>
      </trkpt>
      <trkpt lat="46.796223" lon="8.687324">
        <ele>1264.243838</ele>
        <time>2026-08-30T09:26:04.000Z</time>
      </trkpt>
      <trkpt lat="46.796217" lon="8.687332">
        <ele>1264.438174</ele>
        <time>2026-08-30T09:26:05.000Z</time>
      </trkpt>
      <trkpt lat="46.796210" lon="8.687340">
        <ele>1264.750941</ele>
        <time>2026-08-30T09:26:06.000Z</time>
      </trkpt>
      <trkpt lat="46.796202" lon="8.687347">
        <ele>1265.079107</ele>
        <time>2026-08-30T09:26:07.000Z</time>
      </trkpt>
      <trkpt lat="46.796195" lon="8.687353">
        <ele>1265.364717</ele>
        <time>2026-08-30T09:26:08.000Z</time>
      </trkpt>
      <trkpt lat="46.796189" lon="8.687358">
        <ele>1265.607802</ele>
        <time>2026-08-30T09:26:09.000Z</time>
      </trkpt>
      <trkpt lat="46.796185" lon="8.687365">
        <ele>1265.827466</ele>
        <time>2026-08-30T09:26:10.000Z</time>
      </trkpt>
      <trkpt lat="46.796181" lon="8.687373">
        <ele>1266.066124</ele>
        <time>2026-08-30T09:26:11.000Z</time>
      </trkpt>
      <trkpt lat="46.796177" lon="8.687382">
        <ele>1266.324629</ele>
        <time>2026-08-30T09:26:12.000Z</time>
      </trkpt>
      <trkpt lat="46.796174" lon="8.687390">
        <ele>1266.544377</ele>
        <time>2026-08-30T09:26:13.000Z</time>
      </trkpt>
      <trkpt lat="46.796170" lon="8.687399">
        <ele>1266.802882</ele>
        <time>2026-08-30T09:26:14.000Z</time>
      </trkpt>
      <trkpt lat="46.796166" lon="8.687405">
        <ele>1267.004642</ele>
        <time>2026-08-30T09:26:15.000Z</time>
      </trkpt>
      <trkpt lat="46.796162" lon="8.687412">
        <ele>1267.224306</ele>
        <time>2026-08-30T09:26:16.000Z</time>
      </trkpt>
      <trkpt lat="46.796157" lon="8.687419">
        <ele>1267.468022</ele>
        <time>2026-08-30T09:26:17.000Z</time>
      </trkpt>
      <trkpt lat="46.796155" lon="8.687427">
        <ele>1267.673199</ele>
        <time>2026-08-30T09:26:18.000Z</time>
      </trkpt>
      <trkpt lat="46.796156" lon="8.687435">
        <ele>1267.869114</ele>
        <time>2026-08-30T09:26:19.000Z</time>
      </trkpt>
      <trkpt lat="46.796157" lon="8.687442">
        <ele>1268.041385</ele>
        <time>2026-08-30T09:26:20.000Z</time>
      </trkpt>
      <trkpt lat="46.796157" lon="8.687448">
        <ele>1268.185931</ele>
        <time>2026-08-30T09:26:21.000Z</time>
      </trkpt>
      <trkpt lat="46.796155" lon="8.687452">
        <ele>1268.305260</ele>
        <time>2026-08-30T09:26:22.000Z</time>
      </trkpt>
      <trkpt lat="46.796151" lon="8.687456">
        <ele>1268.475847</ele>
        <time>2026-08-30T09:26:23.000Z</time>
      </trkpt>
      <trkpt lat="46.796146" lon="8.687462">
        <ele>1268.703558</ele>
        <time>2026-08-30T09:26:24.000Z</time>
      </trkpt>
      <trkpt lat="46.796141" lon="8.687468">
        <ele>1268.931270</ele>
        <time>2026-08-30T09:26:25.000Z</time>
      </trkpt>
      <trkpt lat="46.796138" lon="8.687475">
        <ele>1269.130227</ele>
        <time>2026-08-30T09:26:26.000Z</time>
      </trkpt>
      <trkpt lat="46.796136" lon="8.687480">
        <ele>1269.269736</ele>
        <time>2026-08-30T09:26:27.000Z</time>
      </trkpt>
      <trkpt lat="46.796137" lon="8.687485">
        <ele>1269.395227</ele>
        <time>2026-08-30T09:26:28.000Z</time>
      </trkpt>
      <trkpt lat="46.796138" lon="8.687487">
        <ele>1269.454892</ele>
        <time>2026-08-30T09:26:29.000Z</time>
      </trkpt>
      <trkpt lat="46.796139" lon="8.687486">
        <ele>1269.497538</ele>
        <time>2026-08-30T09:26:30.000Z</time>
      </trkpt>
      <trkpt lat="46.796141" lon="8.687484">
        <ele>1269.582831</ele>
        <time>2026-08-30T09:26:31.000Z</time>
      </trkpt>
      <trkpt lat="46.796142" lon="8.687482">
        <ele>1269.642496</ele>
        <time>2026-08-30T09:26:32.000Z</time>
      </trkpt>
      <trkpt lat="46.796144" lon="8.687480">
        <ele>1269.727789</ele>
        <time>2026-08-30T09:26:33.000Z</time>
      </trkpt>
      <trkpt lat="46.796146" lon="8.687479">
        <ele>1269.802179</ele>
        <time>2026-08-30T09:26:34.000Z</time>
      </trkpt>
      <trkpt lat="46.796148" lon="8.687478">
        <ele>1269.876568</ele>
        <time>2026-08-30T09:26:35.000Z</time>
      </trkpt>
      <trkpt lat="46.796152" lon="8.687478">
        <ele>1270.017329</ele>
        <time>2026-08-30T09:26:36.000Z</time>
      </trkpt>
      <trkpt lat="46.796156" lon="8.687476">
        <ele>1270.166108</ele>
        <time>2026-08-30T09:26:37.000Z</time>
      </trkpt>
      <trkpt lat="46.796161" lon="8.687474">
        <ele>1270.348537</ele>
        <time>2026-08-30T09:26:38.000Z</time>
      </trkpt>
      <trkpt lat="46.796167" lon="8.687474">
        <ele>1270.559678</ele>
        <time>2026-08-30T09:26:39.000Z</time>
      </trkpt>
      <trkpt lat="46.796174" lon="8.687474">
        <ele>1270.806010</ele>
        <time>2026-08-30T09:26:40.000Z</time>
      </trkpt>
      <trkpt lat="46.796180" lon="8.687474">
        <ele>1271.017151</ele>
        <time>2026-08-30T09:26:41.000Z</time>
      </trkpt>
      <trkpt lat="46.796184" lon="8.687473">
        <ele>1271.159959</ele>
        <time>2026-08-30T09:26:42.000Z</time>
      </trkpt>
      <trkpt lat="46.796188" lon="8.687474">
        <ele>1271.302766</ele>
        <time>2026-08-30T09:26:43.000Z</time>
      </trkpt>
      <trkpt lat="46.796192" lon="8.687477">
        <ele>1271.460997</ele>
        <time>2026-08-30T09:26:44.000Z</time>
      </trkpt>
      <trkpt lat="46.796195" lon="8.687481">
        <ele>1271.603935</ele>
        <time>2026-08-30T09:26:45.000Z</time>
      </trkpt>
      <trkpt lat="46.796196" lon="8.687485">
        <ele>1271.706524</ele>
        <time>2026-08-30T09:26:46.000Z</time>
      </trkpt>
      <trkpt lat="46.796198" lon="8.687488">
        <ele>1271.807404</ele>
        <time>2026-08-30T09:26:47.000Z</time>
      </trkpt>
      <trkpt lat="46.796200" lon="8.687490">
        <ele>1271.892697</ele>
        <time>2026-08-30T09:26:48.000Z</time>
      </trkpt>
      <trkpt lat="46.796204" lon="8.687493">
        <ele>1272.050928</ele>
        <time>2026-08-30T09:26:49.000Z</time>
      </trkpt>
      <trkpt lat="46.796207" lon="8.687496">
        <ele>1272.178868</ele>
        <time>2026-08-30T09:26:50.000Z</time>
      </trkpt>
      <trkpt lat="46.796209" lon="8.687498">
        <ele>1272.264161</ele>
        <time>2026-08-30T09:26:51.000Z</time>
      </trkpt>
      <trkpt lat="46.796209" lon="8.687500">
        <ele>1272.312343</ele>
        <time>2026-08-30T09:26:52.000Z</time>
      </trkpt>
      <trkpt lat="46.796209" lon="8.687500">
        <ele>1272.312343</ele>
        <time>2026-08-30T09:26:53.000Z</time>
      </trkpt>
      <trkpt lat="46.796209" lon="8.687501">
        <ele>1272.336435</ele>
        <time>2026-08-30T09:26:54.000Z</time>
      </trkpt>
      <trkpt lat="46.796209" lon="8.687501">
        <ele>1272.336435</ele>
        <time>2026-08-30T09:26:55.000Z</time>
      </trkpt>
      <trkpt lat="46.796209" lon="8.687501">
        <ele>1272.336435</ele>
        <time>2026-08-30T09:26:56.000Z</time>
      </trkpt>
      <trkpt lat="46.796209" lon="8.687502">
        <ele>1272.360526</ele>
        <time>2026-08-30T09:26:57.000Z</time>
      </trkpt>
      <trkpt lat="46.796208" lon="8.687503">
        <ele>1272.403172</ele>
        <time>2026-08-30T09:26:58.000Z</time>
      </trkpt>
      <trkpt lat="46.796208" lon="8.687504">
        <ele>1272.427263</ele>
        <time>2026-08-30T09:26:59.000Z</time>
      </trkpt>
      <trkpt lat="46.796207" lon="8.687507">
        <ele>1272.507648</ele>
        <time>2026-08-30T09:27:00.000Z</time>
      </trkpt>
      <trkpt lat="46.796206" lon="8.687513">
        <ele>1272.656417</ele>
        <time>2026-08-30T09:27:01.000Z</time>
      </trkpt>
      <trkpt lat="46.796204" lon="8.687521">
        <ele>1272.861594</ele>
        <time>2026-08-30T09:27:02.000Z</time>
      </trkpt>
      <trkpt lat="46.796201" lon="8.687531">
        <ele>1273.124621</ele>
        <time>2026-08-30T09:27:03.000Z</time>
      </trkpt>
      <trkpt lat="46.796197" lon="8.687543">
        <ele>1273.446161</ele>
        <time>2026-08-30T09:27:04.000Z</time>
      </trkpt>
      <trkpt lat="46.796192" lon="8.687553">
        <ele>1273.744485</ele>
        <time>2026-08-30T09:27:05.000Z</time>
      </trkpt>
      <trkpt lat="46.796188" lon="8.687562">
        <ele>1274.002989</ele>
        <time>2026-08-30T09:27:06.000Z</time>
      </trkpt>
      <trkpt lat="46.796184" lon="8.687569">
        <ele>1274.222653</ele>
        <time>2026-08-30T09:27:07.000Z</time>
      </trkpt>
      <trkpt lat="46.796182" lon="8.687577">
        <ele>1274.427830</ele>
        <time>2026-08-30T09:27:08.000Z</time>
      </trkpt>
      <trkpt lat="46.796183" lon="8.687582">
        <ele>1274.553320</ele>
        <time>2026-08-30T09:27:09.000Z</time>
      </trkpt>
      <trkpt lat="46.796185" lon="8.687588">
        <ele>1274.714091</ele>
        <time>2026-08-30T09:27:10.000Z</time>
      </trkpt>
      <trkpt lat="46.796187" lon="8.687594">
        <ele>1274.874861</ele>
        <time>2026-08-30T09:27:11.000Z</time>
      </trkpt>
      <trkpt lat="46.796187" lon="8.687603">
        <ele>1275.091681</ele>
        <time>2026-08-30T09:27:12.000Z</time>
      </trkpt>
      <trkpt lat="46.796184" lon="8.687614">
        <ele>1275.376937</ele>
        <time>2026-08-30T09:27:13.000Z</time>
      </trkpt>
      <trkpt lat="46.796178" lon="8.687625">
        <ele>1275.715768</ele>
        <time>2026-08-30T09:27:14.000Z</time>
      </trkpt>
      <trkpt lat="46.796172" lon="8.687635">
        <ele>1276.036110</ele>
        <time>2026-08-30T09:27:15.000Z</time>
      </trkpt>
      <trkpt lat="46.796168" lon="8.687643">
        <ele>1276.274768</ele>
        <time>2026-08-30T09:27:16.000Z</time>
      </trkpt>
      <trkpt lat="46.796167" lon="8.687649">
        <ele>1276.423537</ele>
        <time>2026-08-30T09:27:17.000Z</time>
      </trkpt>
      <trkpt lat="46.796167" lon="8.687654">
        <ele>1276.543992</ele>
        <time>2026-08-30T09:27:18.000Z</time>
      </trkpt>
      <trkpt lat="46.796167" lon="8.687660">
        <ele>1276.688539</ele>
        <time>2026-08-30T09:27:19.000Z</time>
      </trkpt>
      <trkpt lat="46.796167" lon="8.687664">
        <ele>1276.784903</ele>
        <time>2026-08-30T09:27:20.000Z</time>
      </trkpt>
      <trkpt lat="46.796168" lon="8.687664">
        <ele>1276.820093</ele>
        <time>2026-08-30T09:27:21.000Z</time>
      </trkpt>
      <trkpt lat="46.796168" lon="8.687664">
        <ele>1276.820093</ele>
        <time>2026-08-30T09:27:22.000Z</time>
      </trkpt>
      <trkpt lat="46.796168" lon="8.687663">
        <ele>1276.844184</ele>
        <time>2026-08-30T09:27:23.000Z</time>
      </trkpt>
      <trkpt lat="46.796167" lon="8.687661">
        <ele>1276.903849</ele>
        <time>2026-08-30T09:27:24.000Z</time>
      </trkpt>
      <trkpt lat="46.796166" lon="8.687660">
        <ele>1276.946496</ele>
        <time>2026-08-30T09:27:25.000Z</time>
      </trkpt>
      <trkpt lat="46.796166" lon="8.687658">
        <ele>1276.994678</ele>
        <time>2026-08-30T09:27:26.000Z</time>
      </trkpt>
      <trkpt lat="46.796166" lon="8.687656">
        <ele>1277.042860</ele>
        <time>2026-08-30T09:27:27.000Z</time>
      </trkpt>
      <trkpt lat="46.796168" lon="8.687653">
        <ele>1277.143740</ele>
        <time>2026-08-30T09:27:28.000Z</time>
      </trkpt>
      <trkpt lat="46.796171" lon="8.687650">
        <ele>1277.271680</ele>
        <time>2026-08-30T09:27:29.000Z</time>
      </trkpt>
      <trkpt lat="46.796177" lon="8.687648">
        <ele>1277.488249</ele>
        <time>2026-08-30T09:27:30.000Z</time>
      </trkpt>
      <trkpt lat="46.796184" lon="8.687645">
        <ele>1277.744964</ele>
        <time>2026-08-30T09:27:31.000Z</time>
      </trkpt>
      <trkpt lat="46.796192" lon="8.687643">
        <ele>1278.030580</ele>
        <time>2026-08-30T09:27:32.000Z</time>
      </trkpt>
      <trkpt lat="46.796199" lon="8.687643">
        <ele>1278.276911</ele>
        <time>2026-08-30T09:27:33.000Z</time>
      </trkpt>
      <trkpt lat="46.796207" lon="8.687646">
        <ele>1278.567562</ele>
        <time>2026-08-30T09:27:34.000Z</time>
      </trkpt>
      <trkpt lat="46.796213" lon="8.687654">
        <ele>1278.853438</ele>
        <time>2026-08-30T09:27:35.000Z</time>
      </trkpt>
      <trkpt lat="46.796216" lon="8.687664">
        <ele>1279.116465</ele>
        <time>2026-08-30T09:27:36.000Z</time>
      </trkpt>
      <trkpt lat="46.796216" lon="8.687676">
        <ele>1279.405557</ele>
        <time>2026-08-30T09:27:37.000Z</time>
      </trkpt>
      <trkpt lat="46.796215" lon="8.687687">
        <ele>1279.672885</ele>
        <time>2026-08-30T09:27:38.000Z</time>
      </trkpt>
      <trkpt lat="46.796215" lon="8.687698">
        <ele>1279.937887</ele>
        <time>2026-08-30T09:27:39.000Z</time>
      </trkpt>
      <trkpt lat="46.796218" lon="8.687708">
        <ele>1280.200914</ele>
        <time>2026-08-30T09:27:40.000Z</time>
      </trkpt>
      <trkpt lat="46.796220" lon="8.687719">
        <ele>1280.475102</ele>
        <time>2026-08-30T09:27:41.000Z</time>
      </trkpt>
      <trkpt lat="46.796222" lon="8.687730">
        <ele>1280.749291</ele>
        <time>2026-08-30T09:27:42.000Z</time>
      </trkpt>
      <trkpt lat="46.796224" lon="8.687740">
        <ele>1281.000271</ele>
        <time>2026-08-30T09:27:43.000Z</time>
      </trkpt>
      <trkpt lat="46.796227" lon="8.687748">
        <ele>1281.220020</ele>
        <time>2026-08-30T09:27:44.000Z</time>
      </trkpt>
      <trkpt lat="46.796231" lon="8.687758">
        <ele>1281.499039</ele>
        <time>2026-08-30T09:27:45.000Z</time>
      </trkpt>
      <trkpt lat="46.796235" lon="8.687769">
        <ele>1281.799105</ele>
        <time>2026-08-30T09:27:46.000Z</time>
      </trkpt>
      <trkpt lat="46.796237" lon="8.687780">
        <ele>1282.073293</ele>
        <time>2026-08-30T09:27:47.000Z</time>
      </trkpt>
      <trkpt lat="46.796240" lon="8.687787">
        <ele>1282.272250</ele>
        <time>2026-08-30T09:27:48.000Z</time>
      </trkpt>
      <trkpt lat="46.796243" lon="8.687794">
        <ele>1282.471206</ele>
        <time>2026-08-30T09:27:49.000Z</time>
      </trkpt>
      <trkpt lat="46.796246" lon="8.687804">
        <ele>1282.734233</ele>
        <time>2026-08-30T09:27:50.000Z</time>
      </trkpt>
      <trkpt lat="46.796249" lon="8.687811">
        <ele>1282.933189</ele>
        <time>2026-08-30T09:27:51.000Z</time>
      </trkpt>
      <trkpt lat="46.796252" lon="8.687817">
        <ele>1283.112183</ele>
        <time>2026-08-30T09:27:52.000Z</time>
      </trkpt>
      <trkpt lat="46.796254" lon="8.687821">
        <ele>1283.231513</ele>
        <time>2026-08-30T09:27:53.000Z</time>
      </trkpt>
      <trkpt lat="46.796255" lon="8.687822">
        <ele>1283.274159</ele>
        <time>2026-08-30T09:27:54.000Z</time>
      </trkpt>
      <trkpt lat="46.796256" lon="8.687821">
        <ele>1283.316806</ele>
        <time>2026-08-30T09:27:55.000Z</time>
      </trkpt>
      <trkpt lat="46.796257" lon="8.687821">
        <ele>1283.351996</ele>
        <time>2026-08-30T09:27:56.000Z</time>
      </trkpt>
      <trkpt lat="46.796257" lon="8.687820">
        <ele>1283.376087</ele>
        <time>2026-08-30T09:27:57.000Z</time>
      </trkpt>
      <trkpt lat="46.796258" lon="8.687820">
        <ele>1283.411277</ele>
        <time>2026-08-30T09:27:58.000Z</time>
      </trkpt>
      <trkpt lat="46.796259" lon="8.687822">
        <ele>1283.470942</ele>
        <time>2026-08-30T09:27:59.000Z</time>
      </trkpt>
      <trkpt lat="46.796262" lon="8.687826">
        <ele>1283.613880</ele>
        <time>2026-08-30T09:28:00.000Z</time>
      </trkpt>
      <trkpt lat="46.796266" lon="8.687833">
        <ele>1283.833543</ele>
        <time>2026-08-30T09:28:01.000Z</time>
      </trkpt>
      <trkpt lat="46.796271" lon="8.687844">
        <ele>1284.151639</ele>
        <time>2026-08-30T09:28:02.000Z</time>
      </trkpt>
      <trkpt lat="46.796275" lon="8.687855">
        <ele>1284.451704</ele>
        <time>2026-08-30T09:28:03.000Z</time>
      </trkpt>
      <trkpt lat="46.796278" lon="8.687863">
        <ele>1284.671453</ele>
        <time>2026-08-30T09:28:04.000Z</time>
      </trkpt>
      <trkpt lat="46.796278" lon="8.687868">
        <ele>1284.791908</ele>
        <time>2026-08-30T09:28:05.000Z</time>
      </trkpt>
      <trkpt lat="46.796277" lon="8.687871">
        <ele>1284.872293</ele>
        <time>2026-08-30T09:28:06.000Z</time>
      </trkpt>
      <trkpt lat="46.796276" lon="8.687875">
        <ele>1284.974881</ele>
        <time>2026-08-30T09:28:07.000Z</time>
      </trkpt>
      <trkpt lat="46.796275" lon="8.687877">
        <ele>1285.034546</ele>
        <time>2026-08-30T09:28:08.000Z</time>
      </trkpt>
      <trkpt lat="46.796275" lon="8.687877">
        <ele>1285.034546</ele>
        <time>2026-08-30T09:28:09.000Z</time>
      </trkpt>
      <trkpt lat="46.796275" lon="8.687876">
        <ele>1285.058637</ele>
        <time>2026-08-30T09:28:10.000Z</time>
      </trkpt>
      <trkpt lat="46.796276" lon="8.687873">
        <ele>1285.139022</ele>
        <time>2026-08-30T09:28:11.000Z</time>
      </trkpt>
      <trkpt lat="46.796277" lon="8.687870">
        <ele>1285.219407</ele>
        <time>2026-08-30T09:28:12.000Z</time>
      </trkpt>
      <trkpt lat="46.796278" lon="8.687865">
        <ele>1285.344897</ele>
        <time>2026-08-30T09:28:13.000Z</time>
      </trkpt>
      <trkpt lat="46.796280" lon="8.687858">
        <ele>1285.527632</ele>
        <time>2026-08-30T09:28:14.000Z</time>
      </trkpt>
      <trkpt lat="46.796284" lon="8.687848">
        <ele>1285.806651</ele>
        <time>2026-08-30T09:28:15.000Z</time>
      </trkpt>
      <trkpt lat="46.796287" lon="8.687837">
        <ele>1286.091906</ele>
        <time>2026-08-30T09:28:16.000Z</time>
      </trkpt>
      <trkpt lat="46.796291" lon="8.687827">
        <ele>1286.370925</ele>
        <time>2026-08-30T09:28:17.000Z</time>
      </trkpt>
      <trkpt lat="46.796295" lon="8.687821">
        <ele>1286.572685</ele>
        <time>2026-08-30T09:28:18.000Z</time>
      </trkpt>
      <trkpt lat="46.796297" lon="8.687819">
        <ele>1286.657978</ele>
        <time>2026-08-30T09:28:19.000Z</time>
      </trkpt>
      <trkpt lat="46.796298" lon="8.687818">
        <ele>1286.700625</ele>
        <time>2026-08-30T09:28:20.000Z</time>
      </trkpt>
      <trkpt lat="46.796300" lon="8.687817">
        <ele>1286.775014</ele>
        <time>2026-08-30T09:28:21.000Z</time>
      </trkpt>
      <trkpt lat="46.796303" lon="8.687815">
        <ele>1286.891060</ele>
        <time>2026-08-30T09:28:22.000Z</time>
      </trkpt>
      <trkpt lat="46.796309" lon="8.687810">
        <ele>1287.134145</ele>
        <time>2026-08-30T09:28:23.000Z</time>
      </trkpt>
      <trkpt lat="46.796317" lon="8.687804">
        <ele>1287.450607</ele>
        <time>2026-08-30T09:28:24.000Z</time>
      </trkpt>
      <trkpt lat="46.796325" lon="8.687798">
        <ele>1287.767069</ele>
        <time>2026-08-30T09:28:25.000Z</time>
      </trkpt>
      <trkpt lat="46.796332" lon="8.687792">
        <ele>1288.052678</ele>
        <time>2026-08-30T09:28:26.000Z</time>
      </trkpt>
      <trkpt lat="46.796338" lon="8.687787">
        <ele>1288.295763</ele>
        <time>2026-08-30T09:28:27.000Z</time>
      </trkpt>
      <trkpt lat="46.796343" lon="8.687781">
        <ele>1288.523474</ele>
        <time>2026-08-30T09:28:28.000Z</time>
      </trkpt>
      <trkpt lat="46.796349" lon="8.687774">
        <ele>1288.793694</ele>
        <time>2026-08-30T09:28:29.000Z</time>
      </trkpt>
      <trkpt lat="46.796356" lon="8.687768">
        <ele>1289.079304</ele>
        <time>2026-08-30T09:28:30.000Z</time>
      </trkpt>
      <trkpt lat="46.796361" lon="8.687766">
        <ele>1289.261733</ele>
        <time>2026-08-30T09:28:31.000Z</time>
      </trkpt>
      <trkpt lat="46.796365" lon="8.687768">
        <ele>1289.410512</ele>
        <time>2026-08-30T09:28:32.000Z</time>
      </trkpt>
      <trkpt lat="46.796367" lon="8.687771">
        <ele>1289.511392</ele>
        <time>2026-08-30T09:28:33.000Z</time>
      </trkpt>
      <trkpt lat="46.796369" lon="8.687774">
        <ele>1289.612272</ele>
        <time>2026-08-30T09:28:34.000Z</time>
      </trkpt>
      <trkpt lat="46.796372" lon="8.687778">
        <ele>1289.755210</ele>
        <time>2026-08-30T09:28:35.000Z</time>
      </trkpt>
      <trkpt lat="46.796376" lon="8.687782">
        <ele>1289.925796</ele>
        <time>2026-08-30T09:28:36.000Z</time>
      </trkpt>
      <trkpt lat="46.796380" lon="8.687789">
        <ele>1290.145459</ele>
        <time>2026-08-30T09:28:37.000Z</time>
      </trkpt>
      <trkpt lat="46.796382" lon="8.687798">
        <ele>1290.373415</ele>
        <time>2026-08-30T09:28:38.000Z</time>
      </trkpt>
      <trkpt lat="46.796383" lon="8.687809">
        <ele>1290.640742</ele>
        <time>2026-08-30T09:28:39.000Z</time>
      </trkpt>
      <trkpt lat="46.796383" lon="8.687820">
        <ele>1290.905743</ele>
        <time>2026-08-30T09:28:40.000Z</time>
      </trkpt>
      <trkpt lat="46.796383" lon="8.687832">
        <ele>1291.194835</ele>
        <time>2026-08-30T09:28:41.000Z</time>
      </trkpt>
      <trkpt lat="46.796384" lon="8.687843">
        <ele>1291.462162</ele>
        <time>2026-08-30T09:28:42.000Z</time>
      </trkpt>
      <trkpt lat="46.796385" lon="8.687856">
        <ele>1291.777316</ele>
        <time>2026-08-30T09:28:43.000Z</time>
      </trkpt>
      <trkpt lat="46.796386" lon="8.687871">
        <ele>1292.140390</ele>
        <time>2026-08-30T09:28:44.000Z</time>
      </trkpt>
      <trkpt lat="46.796387" lon="8.687884">
        <ele>1292.455544</ele>
        <time>2026-08-30T09:28:45.000Z</time>
      </trkpt>
      <trkpt lat="46.796388" lon="8.687893">
        <ele>1292.675200</ele>
        <time>2026-08-30T09:28:46.000Z</time>
      </trkpt>
      <trkpt lat="46.796389" lon="8.687899">
        <ele>1292.823967</ele>
        <time>2026-08-30T09:28:47.000Z</time>
      </trkpt>
      <trkpt lat="46.796392" lon="8.687904">
        <ele>1292.984138</ele>
        <time>2026-08-30T09:28:48.000Z</time>
      </trkpt>
      <trkpt lat="46.796396" lon="8.687908">
        <ele>1293.154724</ele>
        <time>2026-08-30T09:28:49.000Z</time>
      </trkpt>
      <trkpt lat="46.796401" lon="8.687907">
        <ele>1293.332317</ele>
        <time>2026-08-30T09:28:50.000Z</time>
      </trkpt>
      <trkpt lat="46.796406" lon="8.687903">
        <ele>1293.532928</ele>
        <time>2026-08-30T09:28:51.000Z</time>
      </trkpt>
      <trkpt lat="46.796413" lon="8.687898">
        <ele>1293.807133</ele>
        <time>2026-08-30T09:28:52.000Z</time>
      </trkpt>
      <trkpt lat="46.796419" lon="8.687893">
        <ele>1294.050218</ele>
        <time>2026-08-30T09:28:53.000Z</time>
      </trkpt>
      <trkpt lat="46.796423" lon="8.687888">
        <ele>1294.235482</ele>
        <time>2026-08-30T09:28:54.000Z</time>
      </trkpt>
      <trkpt lat="46.796424" lon="8.687883">
        <ele>1294.360972</ele>
        <time>2026-08-30T09:28:55.000Z</time>
      </trkpt>
      <trkpt lat="46.796425" lon="8.687878">
        <ele>1294.486462</ele>
        <time>2026-08-30T09:28:56.000Z</time>
      </trkpt>
      <trkpt lat="46.796428" lon="8.687872">
        <ele>1294.665456</ele>
        <time>2026-08-30T09:28:57.000Z</time>
      </trkpt>
      <trkpt lat="46.796434" lon="8.687864">
        <ele>1294.951331</ele>
        <time>2026-08-30T09:28:58.000Z</time>
      </trkpt>
      <trkpt lat="46.796441" lon="8.687858">
        <ele>1295.236940</ele>
        <time>2026-08-30T09:28:59.000Z</time>
      </trkpt>
      <trkpt lat="46.796448" lon="8.687855">
        <ele>1295.493655</ele>
        <time>2026-08-30T09:29:00.000Z</time>
      </trkpt>
      <trkpt lat="46.796453" lon="8.687854">
        <ele>1295.671248</ele>
        <time>2026-08-30T09:29:01.000Z</time>
      </trkpt>
      <trkpt lat="46.796456" lon="8.687855">
        <ele>1295.779533</ele>
        <time>2026-08-30T09:29:02.000Z</time>
      </trkpt>
      <trkpt lat="46.796455" lon="8.687860">
        <ele>1295.905023</ele>
        <time>2026-08-30T09:29:03.000Z</time>
      </trkpt>
      <trkpt lat="46.796454" lon="8.687864">
        <ele>1296.007611</ele>
        <time>2026-08-30T09:29:04.000Z</time>
      </trkpt>
      <trkpt lat="46.796453" lon="8.687868">
        <ele>1296.110199</ele>
        <time>2026-08-30T09:29:04.999Z</time>
      </trkpt>
      <trkpt lat="46.796453" lon="8.687871">
        <ele>1296.182472</ele>
        <time>2026-08-30T09:29:05.999Z</time>
      </trkpt>
      <trkpt lat="46.796454" lon="8.687871">
        <ele>1296.217662</ele>
        <time>2026-08-30T09:29:06.999Z</time>
      </trkpt>
      <trkpt lat="46.796457" lon="8.687870">
        <ele>1296.325947</ele>
        <time>2026-08-30T09:29:07.999Z</time>
      </trkpt>
      <trkpt lat="46.796462" lon="8.687866">
        <ele>1296.526558</ele>
        <time>2026-08-30T09:29:08.999Z</time>
      </trkpt>
      <trkpt lat="46.796468" lon="8.687861">
        <ele>1296.769642</ele>
        <time>2026-08-30T09:29:09.999Z</time>
      </trkpt>
      <trkpt lat="46.796476" lon="8.687856">
        <ele>1297.075851</ele>
        <time>2026-08-30T09:29:10.999Z</time>
      </trkpt>
      <trkpt lat="46.796485" lon="8.687854">
        <ele>1297.396207</ele>
        <time>2026-08-30T09:29:11.999Z</time>
      </trkpt>
      <trkpt lat="46.796494" lon="8.687854">
        <ele>1297.712919</ele>
        <time>2026-08-30T09:29:12.999Z</time>
      </trkpt>
      <trkpt lat="46.796503" lon="8.687857">
        <ele>1298.037773</ele>
        <time>2026-08-30T09:29:13.999Z</time>
      </trkpt>
      <trkpt lat="46.796512" lon="8.687860">
        <ele>1298.362626</ele>
        <time>2026-08-30T09:29:14.999Z</time>
      </trkpt>
      <trkpt lat="46.796520" lon="8.687862">
        <ele>1298.648241</ele>
        <time>2026-08-30T09:29:15.999Z</time>
      </trkpt>
      <trkpt lat="46.796528" lon="8.687862">
        <ele>1298.929763</ele>
        <time>2026-08-30T09:29:16.999Z</time>
      </trkpt>
      <trkpt lat="46.796536" lon="8.687862">
        <ele>1299.211285</ele>
        <time>2026-08-30T09:29:17.999Z</time>
      </trkpt>
      <trkpt lat="46.796544" lon="8.687862">
        <ele>1299.492807</ele>
        <time>2026-08-30T09:29:18.999Z</time>
      </trkpt>
      <trkpt lat="46.796550" lon="8.687862">
        <ele>1299.703948</ele>
        <time>2026-08-30T09:29:19.999Z</time>
      </trkpt>
      <trkpt lat="46.796556" lon="8.687864">
        <ele>1299.920517</ele>
        <time>2026-08-30T09:29:20.999Z</time>
      </trkpt>
      <trkpt lat="46.796562" lon="8.687864">
        <ele>1300.131659</ele>
        <time>2026-08-30T09:29:21.999Z</time>
      </trkpt>
      <trkpt lat="46.796567" lon="8.687862">
        <ele>1300.314087</ele>
        <time>2026-08-30T09:29:22.999Z</time>
      </trkpt>
      <trkpt lat="46.796573" lon="8.687859">
        <ele>1300.537256</ele>
        <time>2026-08-30T09:29:23.999Z</time>
      </trkpt>
      <trkpt lat="46.796580" lon="8.687856">
        <ele>1300.793971</ele>
        <time>2026-08-30T09:29:24.999Z</time>
      </trkpt>
      <trkpt lat="46.796585" lon="8.687852">
        <ele>1300.994582</ele>
        <time>2026-08-30T09:29:25.999Z</time>
      </trkpt>
      <trkpt lat="46.796591" lon="8.687848">
        <ele>1301.226673</ele>
        <time>2026-08-30T09:29:26.999Z</time>
      </trkpt>
      <trkpt lat="46.796597" lon="8.687845">
        <ele>1301.449841</ele>
        <time>2026-08-30T09:29:27.999Z</time>
      </trkpt>
      <trkpt lat="46.796603" lon="8.687841">
        <ele>1301.681933</ele>
        <time>2026-08-30T09:29:28.999Z</time>
      </trkpt>
      <trkpt lat="46.796610" lon="8.687837">
        <ele>1301.946443</ele>
        <time>2026-08-30T09:29:29.999Z</time>
      </trkpt>
      <trkpt lat="46.796616" lon="8.687834">
        <ele>1302.169611</ele>
        <time>2026-08-30T09:29:30.999Z</time>
      </trkpt>
      <trkpt lat="46.796623" lon="8.687831">
        <ele>1302.426326</ele>
        <time>2026-08-30T09:29:31.999Z</time>
      </trkpt>
      <trkpt lat="46.796630" lon="8.687830">
        <ele>1302.673833</ele>
        <time>2026-08-30T09:29:32.999Z</time>
      </trkpt>
      <trkpt lat="46.796635" lon="8.687830">
        <ele>1302.849784</ele>
        <time>2026-08-30T09:29:33.999Z</time>
      </trkpt>
      <trkpt lat="46.796638" lon="8.687830">
        <ele>1302.955354</ele>
        <time>2026-08-30T09:29:34.999Z</time>
      </trkpt>
      <trkpt lat="46.796640" lon="8.687828">
        <ele>1303.040647</ele>
        <time>2026-08-30T09:29:35.999Z</time>
      </trkpt>
      <trkpt lat="46.796642" lon="8.687825">
        <ele>1303.141527</ele>
        <time>2026-08-30T09:29:36.999Z</time>
      </trkpt>
      <trkpt lat="46.796644" lon="8.687821">
        <ele>1303.260856</ele>
        <time>2026-08-30T09:29:37.999Z</time>
      </trkpt>
      <trkpt lat="46.796648" lon="8.687817">
        <ele>1303.431442</ele>
        <time>2026-08-30T09:29:38.999Z</time>
      </trkpt>
      <trkpt lat="46.796653" lon="8.687811">
        <ele>1303.659152</ele>
        <time>2026-08-30T09:29:39.999Z</time>
      </trkpt>
      <trkpt lat="46.796658" lon="8.687805">
        <ele>1303.886863</ele>
        <time>2026-08-30T09:29:40.999Z</time>
      </trkpt>
      <trkpt lat="46.796663" lon="8.687799">
        <ele>1304.114574</ele>
        <time>2026-08-30T09:29:41.999Z</time>
      </trkpt>
      <trkpt lat="46.796668" lon="8.687794">
        <ele>1304.327806</ele>
        <time>2026-08-30T09:29:42.999Z</time>
      </trkpt>
      <trkpt lat="46.796672" lon="8.687790">
        <ele>1304.498392</ele>
        <time>2026-08-30T09:29:43.999Z</time>
      </trkpt>
      <trkpt lat="46.796677" lon="8.687786">
        <ele>1304.699003</ele>
        <time>2026-08-30T09:29:44.999Z</time>
      </trkpt>
      <trkpt lat="46.796682" lon="8.687785">
        <ele>1304.876595</ele>
        <time>2026-08-30T09:29:45.999Z</time>
      </trkpt>
      <trkpt lat="46.796686" lon="8.687784">
        <ele>1305.019403</ele>
        <time>2026-08-30T09:29:46.999Z</time>
      </trkpt>
      <trkpt lat="46.796689" lon="8.687784">
        <ele>1305.124974</ele>
        <time>2026-08-30T09:29:47.999Z</time>
      </trkpt>
      <trkpt lat="46.796692" lon="8.687784">
        <ele>1305.230544</ele>
        <time>2026-08-30T09:29:48.999Z</time>
      </trkpt>
      <trkpt lat="46.796695" lon="8.687782">
        <ele>1305.346590</ele>
        <time>2026-08-30T09:29:49.999Z</time>
      </trkpt>
      <trkpt lat="46.796698" lon="8.687781">
        <ele>1305.454875</ele>
        <time>2026-08-30T09:29:50.999Z</time>
      </trkpt>
      <trkpt lat="46.796700" lon="8.687780">
        <ele>1305.529264</ele>
        <time>2026-08-30T09:29:51.999Z</time>
      </trkpt>
      <trkpt lat="46.796702" lon="8.687778">
        <ele>1305.614557</ele>
        <time>2026-08-30T09:29:52.999Z</time>
      </trkpt>
      <trkpt lat="46.796705" lon="8.687774">
        <ele>1305.757494</ele>
        <time>2026-08-30T09:29:53.999Z</time>
      </trkpt>
      <trkpt lat="46.796709" lon="8.687770">
        <ele>1305.928080</ele>
        <time>2026-08-30T09:29:54.999Z</time>
      </trkpt>
      <trkpt lat="46.796715" lon="8.687767">
        <ele>1306.151248</ele>
        <time>2026-08-30T09:29:55.999Z</time>
      </trkpt>
      <trkpt lat="46.796721" lon="8.687766">
        <ele>1306.363759</ele>
        <time>2026-08-30T09:29:56.999Z</time>
      </trkpt>
      <trkpt lat="46.796727" lon="8.687768">
        <ele>1306.580328</ele>
        <time>2026-08-30T09:29:57.999Z</time>
      </trkpt>
      <trkpt lat="46.796732" lon="8.687773">
        <ele>1306.793561</ele>
        <time>2026-08-30T09:29:58.999Z</time>
      </trkpt>
      <trkpt lat="46.796735" lon="8.687780">
        <ele>1306.992516</ele>
        <time>2026-08-30T09:29:59.999Z</time>
      </trkpt>
      <trkpt lat="46.796737" lon="8.687787">
        <ele>1307.175249</ele>
        <time>2026-08-30T09:30:00.999Z</time>
      </trkpt>
      <trkpt lat="46.796739" lon="8.687790">
        <ele>1307.276129</ele>
        <time>2026-08-30T09:30:01.999Z</time>
      </trkpt>
      <trkpt lat="46.796740" lon="8.687789">
        <ele>1307.318775</ele>
        <time>2026-08-30T09:30:02.999Z</time>
      </trkpt>
      <trkpt lat="46.796741" lon="8.687784">
        <ele>1307.444265</ele>
        <time>2026-08-30T09:30:03.999Z</time>
      </trkpt>
      <trkpt lat="46.796743" lon="8.687778">
        <ele>1307.605034</ele>
        <time>2026-08-30T09:30:04.999Z</time>
      </trkpt>
      <trkpt lat="46.796748" lon="8.687770">
        <ele>1307.865998</ele>
        <time>2026-08-30T09:30:05.999Z</time>
      </trkpt>
      <trkpt lat="46.796754" lon="8.687762">
        <ele>1308.151872</ele>
        <time>2026-08-30T09:30:06.999Z</time>
      </trkpt>
      <trkpt lat="46.796760" lon="8.687756">
        <ele>1308.407751</ele>
        <time>2026-08-30T09:30:07.999Z</time>
      </trkpt>
      <trkpt lat="46.796765" lon="8.687750">
        <ele>1308.635461</ele>
        <time>2026-08-30T09:30:08.999Z</time>
      </trkpt>
      <trkpt lat="46.796769" lon="8.687745">
        <ele>1308.820726</ele>
        <time>2026-08-30T09:30:09.999Z</time>
      </trkpt>
      <trkpt lat="46.796773" lon="8.687739">
        <ele>1309.022485</ele>
        <time>2026-08-30T09:30:10.999Z</time>
      </trkpt>
      <trkpt lat="46.796776" lon="8.687733">
        <ele>1309.201478</ele>
        <time>2026-08-30T09:30:11.999Z</time>
      </trkpt>
      <trkpt lat="46.796781" lon="8.687727">
        <ele>1309.429188</ele>
        <time>2026-08-30T09:30:12.999Z</time>
      </trkpt>
      <trkpt lat="46.796786" lon="8.687722">
        <ele>1309.642420</ele>
        <time>2026-08-30T09:30:13.999Z</time>
      </trkpt>
      <trkpt lat="46.796792" lon="8.687718">
        <ele>1309.874512</ele>
        <time>2026-08-30T09:30:14.999Z</time>
      </trkpt>
      <trkpt lat="46.796798" lon="8.687718">
        <ele>1310.085653</ele>
        <time>2026-08-30T09:30:15.999Z</time>
      </trkpt>
      <trkpt lat="46.796802" lon="8.687721">
        <ele>1310.243884</ele>
        <time>2026-08-30T09:30:16.999Z</time>
      </trkpt>
      <trkpt lat="46.796805" lon="8.687724">
        <ele>1310.371823</ele>
        <time>2026-08-30T09:30:17.999Z</time>
      </trkpt>
      <trkpt lat="46.796806" lon="8.687725">
        <ele>1310.414470</ele>
        <time>2026-08-30T09:30:18.999Z</time>
      </trkpt>
      <trkpt lat="46.796805" lon="8.687724">
        <ele>1310.457116</ele>
        <time>2026-08-30T09:30:19.999Z</time>
      </trkpt>
      <trkpt lat="46.796806" lon="8.687724">
        <ele>1310.492306</ele>
        <time>2026-08-30T09:30:20.999Z</time>
      </trkpt>
      <trkpt lat="46.796808" lon="8.687724">
        <ele>1310.562687</ele>
        <time>2026-08-30T09:30:21.999Z</time>
      </trkpt>
      <trkpt lat="46.796812" lon="8.687726">
        <ele>1310.711466</ele>
        <time>2026-08-30T09:30:22.999Z</time>
      </trkpt>
      <trkpt lat="46.796816" lon="8.687727">
        <ele>1310.854273</ele>
        <time>2026-08-30T09:30:23.999Z</time>
      </trkpt>
      <trkpt lat="46.796820" lon="8.687724">
        <ele>1311.012504</ele>
        <time>2026-08-30T09:30:24.999Z</time>
      </trkpt>
      <trkpt lat="46.796825" lon="8.687717">
        <ele>1311.256218</ele>
        <time>2026-08-30T09:30:25.999Z</time>
      </trkpt>
      <trkpt lat="46.796831" lon="8.687709">
        <ele>1311.542093</ele>
        <time>2026-08-30T09:30:26.999Z</time>
      </trkpt>
      <trkpt lat="46.796837" lon="8.687704">
        <ele>1311.785177</ele>
        <time>2026-08-30T09:30:27.999Z</time>
      </trkpt>
      <trkpt lat="46.796842" lon="8.687701">
        <ele>1311.975392</ele>
        <time>2026-08-30T09:30:28.999Z</time>
      </trkpt>
      <trkpt lat="46.796843" lon="8.687702">
        <ele>1312.018039</ele>
        <time>2026-08-30T09:30:29.999Z</time>
      </trkpt>
      <trkpt lat="46.796842" lon="8.687703">
        <ele>1312.060685</ele>
        <time>2026-08-30T09:30:30.999Z</time>
      </trkpt>
      <trkpt lat="46.796841" lon="8.687705">
        <ele>1312.120349</ele>
        <time>2026-08-30T09:30:31.999Z</time>
      </trkpt>
      <trkpt lat="46.796839" lon="8.687706">
        <ele>1312.194739</ele>
        <time>2026-08-30T09:30:32.999Z</time>
      </trkpt>
      <trkpt lat="46.796838" lon="8.687708">
        <ele>1312.254403</ele>
        <time>2026-08-30T09:30:33.999Z</time>
      </trkpt>
      <trkpt lat="46.796838" lon="8.687709">
        <ele>1312.278494</ele>
        <time>2026-08-30T09:30:34.999Z</time>
      </trkpt>
      <trkpt lat="46.796839" lon="8.687710">
        <ele>1312.321140</ele>
        <time>2026-08-30T09:30:35.999Z</time>
      </trkpt>
      <trkpt lat="46.796842" lon="8.687712">
        <ele>1312.437186</ele>
        <time>2026-08-30T09:30:36.999Z</time>
      </trkpt>
      <trkpt lat="46.796845" lon="8.687714">
        <ele>1312.553232</ele>
        <time>2026-08-30T09:30:37.999Z</time>
      </trkpt>
      <trkpt lat="46.796848" lon="8.687717">
        <ele>1312.681171</ele>
        <time>2026-08-30T09:30:38.999Z</time>
      </trkpt>
      <trkpt lat="46.796850" lon="8.687720">
        <ele>1312.782051</ele>
        <time>2026-08-30T09:30:39.999Z</time>
      </trkpt>
      <trkpt lat="46.796849" lon="8.687721">
        <ele>1312.824697</ele>
        <time>2026-08-30T09:30:40.999Z</time>
      </trkpt>
      <trkpt lat="46.796849" lon="8.687722">
        <ele>1312.848788</ele>
        <time>2026-08-30T09:30:41.999Z</time>
      </trkpt>
      <trkpt lat="46.796848" lon="8.687723">
        <ele>1312.891434</ele>
        <time>2026-08-30T09:30:42.999Z</time>
      </trkpt>
      <trkpt lat="46.796848" lon="8.687723">
        <ele>1312.891434</ele>
        <time>2026-08-30T09:30:43.999Z</time>
      </trkpt>
      <trkpt lat="46.796847" lon="8.687723">
        <ele>1312.926625</ele>
        <time>2026-08-30T09:30:44.999Z</time>
      </trkpt>
      <trkpt lat="46.796847" lon="8.687723">
        <ele>1312.926625</ele>
        <time>2026-08-30T09:30:45.999Z</time>
      </trkpt>
      <trkpt lat="46.796847" lon="8.687723">
        <ele>1312.926625</ele>
        <time>2026-08-30T09:30:46.999Z</time>
      </trkpt>
      <trkpt lat="46.796846" lon="8.687723">
        <ele>1312.961815</ele>
        <time>2026-08-30T09:30:47.999Z</time>
      </trkpt>
      <trkpt lat="46.796845" lon="8.687723">
        <ele>1312.997005</ele>
        <time>2026-08-30T09:30:48.999Z</time>
      </trkpt>
      <trkpt lat="46.796845" lon="8.687723">
        <ele>1312.997005</ele>
        <time>2026-08-30T09:30:49.999Z</time>
      </trkpt>
      <trkpt lat="46.796844" lon="8.687723">
        <ele>1313.032195</ele>
        <time>2026-08-30T09:30:50.999Z</time>
      </trkpt>
      <trkpt lat="46.796843" lon="8.687723">
        <ele>1313.067386</ele>
        <time>2026-08-30T09:30:51.999Z</time>
      </trkpt>
      <trkpt lat="46.796843" lon="8.687722">
        <ele>1313.091476</ele>
        <time>2026-08-30T09:30:52.999Z</time>
      </trkpt>
      <trkpt lat="46.796843" lon="8.687722">
        <ele>1313.091476</ele>
        <time>2026-08-30T09:30:53.999Z</time>
      </trkpt>
      <trkpt lat="46.796842" lon="8.687722">
        <ele>1313.126667</ele>
        <time>2026-08-30T09:30:54.999Z</time>
      </trkpt>
      <trkpt lat="46.796842" lon="8.687722">
        <ele>1313.126667</ele>
        <time>2026-08-30T09:30:55.999Z</time>
      </trkpt>
      <trkpt lat="46.796842" lon="8.687721">
        <ele>1313.150757</ele>
        <time>2026-08-30T09:30:56.999Z</time>
      </trkpt>
      <trkpt lat="46.796842" lon="8.687722">
        <ele>1313.174848</ele>
        <time>2026-08-30T09:30:57.999Z</time>
      </trkpt>
      <trkpt lat="46.796842" lon="8.687722">
        <ele>1313.174848</ele>
        <time>2026-08-30T09:30:58.999Z</time>
      </trkpt>
      <trkpt lat="46.796842" lon="8.687723">
        <ele>1313.198939</ele>
        <time>2026-08-30T09:30:59.999Z</time>
      </trkpt>
      <trkpt lat="46.796842" lon="8.687725">
        <ele>1313.247120</ele>
        <time>2026-08-30T09:31:00.999Z</time>
      </trkpt>
      <trkpt lat="46.796842" lon="8.687727">
        <ele>1313.295302</ele>
        <time>2026-08-30T09:31:01.999Z</time>
      </trkpt>
      <trkpt lat="46.796842" lon="8.687728">
        <ele>1313.319393</ele>
        <time>2026-08-30T09:31:02.999Z</time>
      </trkpt>
      <trkpt lat="46.796843" lon="8.687729">
        <ele>1313.362039</ele>
        <time>2026-08-30T09:31:03.999Z</time>
      </trkpt>
      <trkpt lat="46.796844" lon="8.687731">
        <ele>1313.421703</ele>
        <time>2026-08-30T09:31:04.999Z</time>
      </trkpt>
      <trkpt lat="46.796844" lon="8.687733">
        <ele>1313.469885</ele>
        <time>2026-08-30T09:31:05.999Z</time>
      </trkpt>
      <trkpt lat="46.796845" lon="8.687736">
        <ele>1313.550269</ele>
        <time>2026-08-30T09:31:06.999Z</time>
      </trkpt>
      <trkpt lat="46.796845" lon="8.687740">
        <ele>1313.646632</ele>
        <time>2026-08-30T09:31:07.999Z</time>
      </trkpt>
      <trkpt lat="46.796845" lon="8.687747">
        <ele>1313.815268</ele>
        <time>2026-08-30T09:31:08.999Z</time>
      </trkpt>
      <trkpt lat="46.796844" lon="8.687755">
        <ele>1314.011181</ele>
        <time>2026-08-30T09:31:09.999Z</time>
      </trkpt>
      <trkpt lat="46.796843" lon="8.687763">
        <ele>1314.207093</ele>
        <time>2026-08-30T09:31:10.999Z</time>
      </trkpt>
      <trkpt lat="46.796842" lon="8.687771">
        <ele>1314.403006</ele>
        <time>2026-08-30T09:31:11.999Z</time>
      </trkpt>
      <trkpt lat="46.796841" lon="8.687779">
        <ele>1314.598918</ele>
        <time>2026-08-30T09:31:12.999Z</time>
      </trkpt>
      <trkpt lat="46.796841" lon="8.687788">
        <ele>1314.815735</ele>
        <time>2026-08-30T09:31:13.999Z</time>
      </trkpt>
      <trkpt lat="46.796841" lon="8.687798">
        <ele>1315.056643</ele>
        <time>2026-08-30T09:31:14.999Z</time>
      </trkpt>
      <trkpt lat="46.796841" lon="8.687808">
        <ele>1315.297551</ele>
        <time>2026-08-30T09:31:15.999Z</time>
      </trkpt>
      <trkpt lat="46.796840" lon="8.687816">
        <ele>1315.493464</ele>
        <time>2026-08-30T09:31:16.999Z</time>
      </trkpt>
      <trkpt lat="46.796838" lon="8.687826">
        <ele>1315.744442</ele>
        <time>2026-08-30T09:31:17.999Z</time>
      </trkpt>
      <trkpt lat="46.796835" lon="8.687837">
        <ele>1316.029695</ele>
        <time>2026-08-30T09:31:18.999Z</time>
      </trkpt>
      <trkpt lat="46.796835" lon="8.687845">
        <ele>1316.222421</ele>
        <time>2026-08-30T09:31:19.999Z</time>
      </trkpt>
      <trkpt lat="46.796836" lon="8.687849">
        <ele>1316.325009</ele>
        <time>2026-08-30T09:31:20.999Z</time>
      </trkpt>
      <trkpt lat="46.796838" lon="8.687849">
        <ele>1316.395389</ele>
        <time>2026-08-30T09:31:21.999Z</time>
      </trkpt>
      <trkpt lat="46.796842" lon="8.687846">
        <ele>1316.553620</ele>
        <time>2026-08-30T09:31:22.999Z</time>
      </trkpt>
      <trkpt lat="46.796848" lon="8.687841">
        <ele>1316.796704</ele>
        <time>2026-08-30T09:31:23.999Z</time>
      </trkpt>
      <trkpt lat="46.796855" lon="8.687836">
        <ele>1317.070909</ele>
        <time>2026-08-30T09:31:24.999Z</time>
      </trkpt>
      <trkpt lat="46.796860" lon="8.687829">
        <ele>1317.314623</ele>
        <time>2026-08-30T09:31:25.999Z</time>
      </trkpt>
      <trkpt lat="46.796865" lon="8.687822">
        <ele>1317.558338</ele>
        <time>2026-08-30T09:31:26.999Z</time>
      </trkpt>
      <trkpt lat="46.796869" lon="8.687815">
        <ele>1317.778000</ele>
        <time>2026-08-30T09:31:27.999Z</time>
      </trkpt>
      <trkpt lat="46.796875" lon="8.687810">
        <ele>1318.021084</ele>
        <time>2026-08-30T09:31:28.999Z</time>
      </trkpt>
      <trkpt lat="46.796881" lon="8.687806">
        <ele>1318.253176</ele>
        <time>2026-08-30T09:31:29.999Z</time>
      </trkpt>
      <trkpt lat="46.796888" lon="8.687804">
        <ele>1318.504175</ele>
        <time>2026-08-30T09:31:30.999Z</time>
      </trkpt>
      <trkpt lat="46.796894" lon="8.687803">
        <ele>1318.716686</ele>
        <time>2026-08-30T09:31:31.999Z</time>
      </trkpt>
      <trkpt lat="46.796900" lon="8.687802">
        <ele>1318.929198</ele>
        <time>2026-08-30T09:31:32.999Z</time>
      </trkpt>
      <trkpt lat="46.796906" lon="8.687801">
        <ele>1319.141709</ele>
        <time>2026-08-30T09:31:33.999Z</time>
      </trkpt>
      <trkpt lat="46.796912" lon="8.687801">
        <ele>1319.352850</ele>
        <time>2026-08-30T09:31:34.999Z</time>
      </trkpt>
      <trkpt lat="46.796918" lon="8.687800">
        <ele>1319.565361</ele>
        <time>2026-08-30T09:31:35.999Z</time>
      </trkpt>
      <trkpt lat="46.796924" lon="8.687799">
        <ele>1319.777873</ele>
        <time>2026-08-30T09:31:36.999Z</time>
      </trkpt>
      <trkpt lat="46.796930" lon="8.687798">
        <ele>1319.990384</ele>
        <time>2026-08-30T09:31:37.999Z</time>
      </trkpt>
      <trkpt lat="46.796936" lon="8.687796">
        <ele>1320.206953</ele>
        <time>2026-08-30T09:31:38.999Z</time>
      </trkpt>
      <trkpt lat="46.796941" lon="8.687794">
        <ele>1320.389382</ele>
        <time>2026-08-30T09:31:39.999Z</time>
      </trkpt>
      <trkpt lat="46.796948" lon="8.687790">
        <ele>1320.653891</ele>
        <time>2026-08-30T09:31:40.999Z</time>
      </trkpt>
      <trkpt lat="46.796953" lon="8.687787">
        <ele>1320.844107</ele>
        <time>2026-08-30T09:31:41.999Z</time>
      </trkpt>
      <trkpt lat="46.796955" lon="8.687785">
        <ele>1320.929400</ele>
        <time>2026-08-30T09:31:42.999Z</time>
      </trkpt>
      <trkpt lat="46.796955" lon="8.687785">
        <ele>1320.929400</ele>
        <time>2026-08-30T09:31:43.999Z</time>
      </trkpt>
      <trkpt lat="46.796954" lon="8.687785">
        <ele>1320.964590</ele>
        <time>2026-08-30T09:31:44.999Z</time>
      </trkpt>
      <trkpt lat="46.796953" lon="8.687785">
        <ele>1320.999780</ele>
        <time>2026-08-30T09:31:45.999Z</time>
      </trkpt>
      <trkpt lat="46.796955" lon="8.687785">
        <ele>1321.070160</ele>
        <time>2026-08-30T09:31:46.999Z</time>
      </trkpt>
      <trkpt lat="46.796959" lon="8.687784">
        <ele>1321.212968</ele>
        <time>2026-08-30T09:31:47.999Z</time>
      </trkpt>
      <trkpt lat="46.796966" lon="8.687783">
        <ele>1321.460475</ele>
        <time>2026-08-30T09:31:48.999Z</time>
      </trkpt>
      <trkpt lat="46.796974" lon="8.687783">
        <ele>1321.741997</ele>
        <time>2026-08-30T09:31:49.999Z</time>
      </trkpt>
      <trkpt lat="46.796982" lon="8.687783">
        <ele>1322.023518</ele>
        <time>2026-08-30T09:31:50.999Z</time>
      </trkpt>
      <trkpt lat="46.796990" lon="8.687784">
        <ele>1322.306069</ele>
        <time>2026-08-30T09:31:51.999Z</time>
      </trkpt>
      <trkpt lat="46.796996" lon="8.687787">
        <ele>1322.529237</ele>
        <time>2026-08-30T09:31:52.999Z</time>
      </trkpt>
      <trkpt lat="46.797002" lon="8.687790">
        <ele>1322.752405</ele>
        <time>2026-08-30T09:31:53.999Z</time>
      </trkpt>
      <trkpt lat="46.797008" lon="8.687793">
        <ele>1322.975573</ele>
        <time>2026-08-30T09:31:54.999Z</time>
      </trkpt>
      <trkpt lat="46.797014" lon="8.687798">
        <ele>1323.218657</ele>
        <time>2026-08-30T09:31:55.999Z</time>
      </trkpt>
      <trkpt lat="46.797021" lon="8.687802">
        <ele>1323.483166</ele>
        <time>2026-08-30T09:31:56.999Z</time>
      </trkpt>
      <trkpt lat="46.797026" lon="8.687805">
        <ele>1323.673382</ele>
        <time>2026-08-30T09:31:57.999Z</time>
      </trkpt>
      <trkpt lat="46.797032" lon="8.687807">
        <ele>1323.889951</ele>
        <time>2026-08-30T09:31:58.999Z</time>
      </trkpt>
      <trkpt lat="46.797037" lon="8.687810">
        <ele>1324.080166</ele>
        <time>2026-08-30T09:31:59.999Z</time>
      </trkpt>
      <trkpt lat="46.797044" lon="8.687813">
        <ele>1324.336881</ele>
        <time>2026-08-30T09:32:00.999Z</time>
      </trkpt>
      <trkpt lat="46.797050" lon="8.687817">
        <ele>1324.568973</ele>
        <time>2026-08-30T09:32:01.999Z</time>
      </trkpt>
      <trkpt lat="46.797055" lon="8.687821">
        <ele>1324.769583</ele>
        <time>2026-08-30T09:32:02.999Z</time>
      </trkpt>
      <trkpt lat="46.797059" lon="8.687822">
        <ele>1324.912391</ele>
        <time>2026-08-30T09:32:03.999Z</time>
      </trkpt>
      <trkpt lat="46.797064" lon="8.687821">
        <ele>1325.089984</ele>
        <time>2026-08-30T09:32:04.999Z</time>
      </trkpt>
      <trkpt lat="46.797070" lon="8.687819">
        <ele>1325.306552</ele>
        <time>2026-08-30T09:32:05.999Z</time>
      </trkpt>
      <trkpt lat="46.797075" lon="8.687818">
        <ele>1325.484145</ele>
        <time>2026-08-30T09:32:06.999Z</time>
      </trkpt>
      <trkpt lat="46.797079" lon="8.687817">
        <ele>1325.626953</ele>
        <time>2026-08-30T09:32:07.999Z</time>
      </trkpt>
      <trkpt lat="46.797082" lon="8.687816">
        <ele>1325.735237</ele>
        <time>2026-08-30T09:32:08.999Z</time>
      </trkpt>
      <trkpt lat="46.797083" lon="8.687815">
        <ele>1325.777884</ele>
        <time>2026-08-30T09:32:09.999Z</time>
      </trkpt>
      <trkpt lat="46.797083" lon="8.687813">
        <ele>1325.826065</ele>
        <time>2026-08-30T09:32:10.999Z</time>
      </trkpt>
      <trkpt lat="46.797084" lon="8.687809">
        <ele>1325.928652</ele>
        <time>2026-08-30T09:32:11.999Z</time>
      </trkpt>
      <trkpt lat="46.797084" lon="8.687806">
        <ele>1326.000924</ele>
        <time>2026-08-30T09:32:12.999Z</time>
      </trkpt>
      <trkpt lat="46.797085" lon="8.687804">
        <ele>1326.060588</ele>
        <time>2026-08-30T09:32:13.999Z</time>
      </trkpt>
      <trkpt lat="46.797087" lon="8.687805">
        <ele>1326.134977</ele>
        <time>2026-08-30T09:32:14.999Z</time>
      </trkpt>
      <trkpt lat="46.797090" lon="8.687807">
        <ele>1326.251023</ele>
        <time>2026-08-30T09:32:15.999Z</time>
      </trkpt>
      <trkpt lat="46.797093" lon="8.687809">
        <ele>1326.367069</ele>
        <time>2026-08-30T09:32:16.999Z</time>
      </trkpt>
      <trkpt lat="46.797096" lon="8.687810">
        <ele>1326.475353</ele>
        <time>2026-08-30T09:32:17.999Z</time>
      </trkpt>
      <trkpt lat="46.797099" lon="8.687811">
        <ele>1326.583638</ele>
        <time>2026-08-30T09:32:18.999Z</time>
      </trkpt>
      <trkpt lat="46.797102" lon="8.687811">
        <ele>1326.689208</ele>
        <time>2026-08-30T09:32:19.999Z</time>
      </trkpt>
      <trkpt lat="46.797104" lon="8.687812">
        <ele>1326.763598</ele>
        <time>2026-08-30T09:32:20.999Z</time>
      </trkpt>
      <trkpt lat="46.797107" lon="8.687816">
        <ele>1326.906535</ele>
        <time>2026-08-30T09:32:21.999Z</time>
      </trkpt>
      <trkpt lat="46.797109" lon="8.687822">
        <ele>1327.067303</ele>
        <time>2026-08-30T09:32:22.999Z</time>
      </trkpt>
      <trkpt lat="46.797111" lon="8.687827">
        <ele>1327.206810</ele>
        <time>2026-08-30T09:32:23.999Z</time>
      </trkpt>
      <trkpt lat="46.797112" lon="8.687831">
        <ele>1327.309397</ele>
        <time>2026-08-30T09:32:24.999Z</time>
      </trkpt>
      <trkpt lat="46.797113" lon="8.687833">
        <ele>1327.369061</ele>
        <time>2026-08-30T09:32:25.999Z</time>
      </trkpt>
      <trkpt lat="46.797114" lon="8.687834">
        <ele>1327.411708</ele>
        <time>2026-08-30T09:32:26.999Z</time>
      </trkpt>
      <trkpt lat="46.797114" lon="8.687835">
        <ele>1327.435798</ele>
        <time>2026-08-30T09:32:27.999Z</time>
      </trkpt>
      <trkpt lat="46.797115" lon="8.687837">
        <ele>1327.495462</ele>
        <time>2026-08-30T09:32:28.999Z</time>
      </trkpt>
      <trkpt lat="46.797116" lon="8.687838">
        <ele>1327.538109</ele>
        <time>2026-08-30T09:32:29.999Z</time>
      </trkpt>
      <trkpt lat="46.797117" lon="8.687839">
        <ele>1327.580755</ele>
        <time>2026-08-30T09:32:30.999Z</time>
      </trkpt>
      <trkpt lat="46.797119" lon="8.687841">
        <ele>1327.666048</ele>
        <time>2026-08-30T09:32:31.999Z</time>
      </trkpt>
      <trkpt lat="46.797121" lon="8.687844">
        <ele>1327.758592</ele>
        <time>2026-08-30T09:32:32.999Z</time>
      </trkpt>
      <trkpt lat="46.797124" lon="8.687846">
        <ele>1327.864582</ele>
        <time>2026-08-30T09:32:33.999Z</time>
      </trkpt>
      <trkpt lat="46.797126" lon="8.687846">
        <ele>1327.928864</ele>
        <time>2026-08-30T09:32:34.999Z</time>
      </trkpt>
      <trkpt lat="46.797129" lon="8.687846">
        <ele>1328.025287</ele>
        <time>2026-08-30T09:32:35.999Z</time>
      </trkpt>
      <trkpt lat="46.797132" lon="8.687845">
        <ele>1328.124188</ele>
        <time>2026-08-30T09:32:36.999Z</time>
      </trkpt>
      <trkpt lat="46.797135" lon="8.687844">
        <ele>1328.223089</ele>
        <time>2026-08-30T09:32:37.999Z</time>
      </trkpt>
      <trkpt lat="46.797138" lon="8.687845">
        <ele>1328.321991</ele>
        <time>2026-08-30T09:32:38.999Z</time>
      </trkpt>
      <trkpt lat="46.797142" lon="8.687846">
        <ele>1328.452424</ele>
        <time>2026-08-30T09:32:39.999Z</time>
      </trkpt>
      <trkpt lat="46.797145" lon="8.687846">
        <ele>1328.548846</ele>
        <time>2026-08-30T09:32:40.999Z</time>
      </trkpt>
      <trkpt lat="46.797148" lon="8.687845">
        <ele>1328.647748</ele>
        <time>2026-08-30T09:32:41.999Z</time>
      </trkpt>
      <trkpt lat="46.797153" lon="8.687845">
        <ele>1328.808452</ele>
        <time>2026-08-30T09:32:42.999Z</time>
      </trkpt>
      <trkpt lat="46.797159" lon="8.687846">
        <ele>1329.002549</ele>
        <time>2026-08-30T09:32:43.999Z</time>
      </trkpt>
      <trkpt lat="46.797166" lon="8.687848">
        <ele>1329.231799</ele>
        <time>2026-08-30T09:32:44.999Z</time>
      </trkpt>
      <trkpt lat="46.797172" lon="8.687851">
        <ele>1329.435629</ele>
        <time>2026-08-30T09:32:45.999Z</time>
      </trkpt>
      <trkpt lat="46.797178" lon="8.687855">
        <ele>1329.647609</ele>
        <time>2026-08-30T09:32:46.999Z</time>
      </trkpt>
      <trkpt lat="46.797183" lon="8.687859">
        <ele>1329.830836</ele>
        <time>2026-08-30T09:32:47.999Z</time>
      </trkpt>
      <trkpt lat="46.797188" lon="8.687863">
        <ele>1330.014063</ele>
        <time>2026-08-30T09:32:48.999Z</time>
      </trkpt>
      <trkpt lat="46.797192" lon="8.687866">
        <ele>1330.158583</ele>
        <time>2026-08-30T09:32:49.999Z</time>
      </trkpt>
      <trkpt lat="46.797196" lon="8.687868">
        <ele>1330.294469</ele>
        <time>2026-08-30T09:32:50.999Z</time>
      </trkpt>
      <trkpt lat="46.797199" lon="8.687869">
        <ele>1330.393371</ele>
        <time>2026-08-30T09:32:51.999Z</time>
      </trkpt>
      <trkpt lat="46.797202" lon="8.687869">
        <ele>1330.489793</ele>
        <time>2026-08-30T09:32:52.999Z</time>
      </trkpt>
      <trkpt lat="46.797205" lon="8.687868">
        <ele>1330.588695</ele>
        <time>2026-08-30T09:32:53.999Z</time>
      </trkpt>
      <trkpt lat="46.797208" lon="8.687867">
        <ele>1330.687596</ele>
        <time>2026-08-30T09:32:54.999Z</time>
      </trkpt>
      <trkpt lat="46.797211" lon="8.687865">
        <ele>1330.793586</ele>
        <time>2026-08-30T09:32:55.999Z</time>
      </trkpt>
      <trkpt lat="46.797214" lon="8.687861">
        <ele>1330.924137</ele>
        <time>2026-08-30T09:32:56.999Z</time>
      </trkpt>
      <trkpt lat="46.797218" lon="8.687856">
        <ele>1331.093347</ele>
        <time>2026-08-30T09:32:57.999Z</time>
      </trkpt>
      <trkpt lat="46.797222" lon="8.687851">
        <ele>1331.262557</ele>
        <time>2026-08-30T09:32:58.999Z</time>
      </trkpt>
      <trkpt lat="46.797226" lon="8.687847">
        <ele>1331.418361</ele>
        <time>2026-08-30T09:32:59.999Z</time>
      </trkpt>
      <trkpt lat="46.797232" lon="8.687844">
        <ele>1331.622191</ele>
        <time>2026-08-30T09:33:00.999Z</time>
      </trkpt>
      <trkpt lat="46.797238" lon="8.687842">
        <ele>1331.819994</ele>
        <time>2026-08-30T09:33:01.999Z</time>
      </trkpt>
      <trkpt lat="46.797243" lon="8.687840">
        <ele>1331.986614</ele>
        <time>2026-08-30T09:33:02.999Z</time>
      </trkpt>
      <trkpt lat="46.797247" lon="8.687838">
        <ele>1332.122501</ele>
        <time>2026-08-30T09:33:03.999Z</time>
      </trkpt>
      <trkpt lat="46.797250" lon="8.687837">
        <ele>1332.221402</ele>
        <time>2026-08-30T09:33:04.999Z</time>
      </trkpt>
      <trkpt lat="46.797254" lon="8.687838">
        <ele>1332.351835</ele>
        <time>2026-08-30T09:33:05.999Z</time>
      </trkpt>
      <trkpt lat="46.797259" lon="8.687842">
        <ele>1332.535062</ele>
        <time>2026-08-30T09:33:06.999Z</time>
      </trkpt>
      <trkpt lat="46.797265" lon="8.687846">
        <ele>1332.747043</ele>
        <time>2026-08-30T09:33:07.999Z</time>
      </trkpt>
      <trkpt lat="46.797272" lon="8.687850">
        <ele>1332.988631</ele>
        <time>2026-08-30T09:33:08.999Z</time>
      </trkpt>
      <trkpt lat="46.797278" lon="8.687854">
        <ele>1333.200611</ele>
        <time>2026-08-30T09:33:09.999Z</time>
      </trkpt>
      <trkpt lat="46.797284" lon="8.687857">
        <ele>1333.404441</ele>
        <time>2026-08-30T09:33:10.999Z</time>
      </trkpt>
      <trkpt lat="46.797289" lon="8.687860">
        <ele>1333.578174</ele>
        <time>2026-08-30T09:33:11.999Z</time>
      </trkpt>
      <trkpt lat="46.797292" lon="8.687862">
        <ele>1333.684164</ele>
        <time>2026-08-30T09:33:12.999Z</time>
      </trkpt>
      <trkpt lat="46.797297" lon="8.687863">
        <ele>1333.846368</ele>
        <time>2026-08-30T09:33:13.999Z</time>
      </trkpt>
      <trkpt lat="46.797302" lon="8.687865">
        <ele>1334.012989</ele>
        <time>2026-08-30T09:33:14.999Z</time>
      </trkpt>
      <trkpt lat="46.797307" lon="8.687868">
        <ele>1334.186722</ele>
        <time>2026-08-30T09:33:15.999Z</time>
      </trkpt>
      <trkpt lat="46.797313" lon="8.687871">
        <ele>1334.390552</ele>
        <time>2026-08-30T09:33:16.999Z</time>
      </trkpt>
      <trkpt lat="46.797318" lon="8.687876">
        <ele>1334.585307</ele>
        <time>2026-08-30T09:33:17.999Z</time>
      </trkpt>
      <trkpt lat="46.797324" lon="8.687882">
        <ele>1334.819012</ele>
        <time>2026-08-30T09:33:18.999Z</time>
      </trkpt>
      <trkpt lat="46.797330" lon="8.687889">
        <ele>1335.065816</ele>
        <time>2026-08-30T09:33:19.999Z</time>
      </trkpt>
      <trkpt lat="46.797337" lon="8.687896">
        <ele>1335.338472</ele>
        <time>2026-08-30T09:33:20.999Z</time>
      </trkpt>
      <trkpt lat="46.797343" lon="8.687901">
        <ele>1335.560492</ele>
        <time>2026-08-30T09:33:21.999Z</time>
      </trkpt>
      <trkpt lat="46.797348" lon="8.687903">
        <ele>1335.727113</ele>
        <time>2026-08-30T09:33:22.999Z</time>
      </trkpt>
      <trkpt lat="46.797353" lon="8.687903">
        <ele>1335.887817</ele>
        <time>2026-08-30T09:33:23.999Z</time>
      </trkpt>
      <trkpt lat="46.797358" lon="8.687902">
        <ele>1336.050021</ele>
        <time>2026-08-30T09:33:24.999Z</time>
      </trkpt>
      <trkpt lat="46.797362" lon="8.687902">
        <ele>1336.178585</ele>
        <time>2026-08-30T09:33:25.999Z</time>
      </trkpt>
      <trkpt lat="46.797366" lon="8.687902">
        <ele>1336.307149</ele>
        <time>2026-08-30T09:33:26.999Z</time>
      </trkpt>
      <trkpt lat="46.797369" lon="8.687901">
        <ele>1336.406050</ele>
        <time>2026-08-30T09:33:27.999Z</time>
      </trkpt>
      <trkpt lat="46.797373" lon="8.687898">
        <ele>1336.550569</ele>
        <time>2026-08-30T09:33:28.999Z</time>
      </trkpt>
      <trkpt lat="46.797377" lon="8.687895">
        <ele>1336.695088</ele>
        <time>2026-08-30T09:33:29.999Z</time>
      </trkpt>
      <trkpt lat="46.797382" lon="8.687892">
        <ele>1336.868822</ele>
        <time>2026-08-30T09:33:30.999Z</time>
      </trkpt>
      <trkpt lat="46.797388" lon="8.687890">
        <ele>1337.066624</ele>
        <time>2026-08-30T09:33:31.999Z</time>
      </trkpt>
      <trkpt lat="46.797394" lon="8.687890">
        <ele>1337.259470</ele>
        <time>2026-08-30T09:33:32.999Z</time>
      </trkpt>
      <trkpt lat="46.797399" lon="8.687891">
        <ele>1337.421674</ele>
        <time>2026-08-30T09:33:33.999Z</time>
      </trkpt>
      <trkpt lat="46.797404" lon="8.687893">
        <ele>1337.588295</ele>
        <time>2026-08-30T09:33:34.999Z</time>
      </trkpt>
      <trkpt lat="46.797408" lon="8.687897">
        <ele>1337.744098</ele>
        <time>2026-08-30T09:33:35.999Z</time>
      </trkpt>
      <trkpt lat="46.797413" lon="8.687900">
        <ele>1337.917831</ele>
        <time>2026-08-30T09:33:36.999Z</time>
      </trkpt>
      <trkpt lat="46.797417" lon="8.687902">
        <ele>1338.053718</ele>
        <time>2026-08-30T09:33:37.999Z</time>
      </trkpt>
      <trkpt lat="46.797419" lon="8.687903">
        <ele>1338.121661</ele>
        <time>2026-08-30T09:33:38.999Z</time>
      </trkpt>
      <trkpt lat="46.797422" lon="8.687902">
        <ele>1338.220562</ele>
        <time>2026-08-30T09:33:39.999Z</time>
      </trkpt>
      <trkpt lat="46.797425" lon="8.687902">
        <ele>1338.316985</ele>
        <time>2026-08-30T09:33:40.999Z</time>
      </trkpt>
      <trkpt lat="46.797428" lon="8.687902">
        <ele>1338.413408</ele>
        <time>2026-08-30T09:33:41.999Z</time>
      </trkpt>
      <trkpt lat="46.797431" lon="8.687903">
        <ele>1338.512309</ele>
        <time>2026-08-30T09:33:42.999Z</time>
      </trkpt>
      <trkpt lat="46.797435" lon="8.687904">
        <ele>1338.642742</ele>
        <time>2026-08-30T09:33:43.999Z</time>
      </trkpt>
      <trkpt lat="46.797440" lon="8.687906">
        <ele>1338.809363</ele>
        <time>2026-08-30T09:33:44.999Z</time>
      </trkpt>
      <trkpt lat="46.797446" lon="8.687908">
        <ele>1339.007166</ele>
        <time>2026-08-30T09:33:45.999Z</time>
      </trkpt>
      <trkpt lat="46.797453" lon="8.687911">
        <ele>1339.241636</ele>
        <time>2026-08-30T09:33:46.999Z</time>
      </trkpt>
      <trkpt lat="46.797459" lon="8.687915">
        <ele>1339.453616</ele>
        <time>2026-08-30T09:33:47.999Z</time>
      </trkpt>
      <trkpt lat="46.797464" lon="8.687919">
        <ele>1339.636842</ele>
        <time>2026-08-30T09:33:48.999Z</time>
      </trkpt>
      <trkpt lat="46.797467" lon="8.687923">
        <ele>1339.767393</ele>
        <time>2026-08-30T09:33:49.999Z</time>
      </trkpt>
      <trkpt lat="46.797469" lon="8.687925">
        <ele>1339.845295</ele>
        <time>2026-08-30T09:33:50.999Z</time>
      </trkpt>
      <trkpt lat="46.797471" lon="8.687926">
        <ele>1339.913238</ele>
        <time>2026-08-30T09:33:51.999Z</time>
      </trkpt>
      <trkpt lat="46.797473" lon="8.687926">
        <ele>1339.977520</ele>
        <time>2026-08-30T09:33:52.999Z</time>
      </trkpt>
      <trkpt lat="46.797477" lon="8.687927">
        <ele>1340.107953</ele>
        <time>2026-08-30T09:33:53.999Z</time>
      </trkpt>
      <trkpt lat="46.797481" lon="8.687927">
        <ele>1340.236517</ele>
        <time>2026-08-30T09:33:54.999Z</time>
      </trkpt>
      <trkpt lat="46.797486" lon="8.687928">
        <ele>1340.398720</ele>
        <time>2026-08-30T09:33:55.999Z</time>
      </trkpt>
      <trkpt lat="46.797492" lon="8.687929">
        <ele>1340.592817</ele>
        <time>2026-08-30T09:33:56.999Z</time>
      </trkpt>
      <trkpt lat="46.797497" lon="8.687930">
        <ele>1340.755021</ele>
        <time>2026-08-30T09:33:57.999Z</time>
      </trkpt>
      <trkpt lat="46.797503" lon="8.687931">
        <ele>1340.949118</ele>
        <time>2026-08-30T09:33:58.999Z</time>
      </trkpt>
      <trkpt lat="46.797508" lon="8.687932">
        <ele>1341.111322</ele>
        <time>2026-08-30T09:33:59.999Z</time>
      </trkpt>
      <trkpt lat="46.797514" lon="8.687934">
        <ele>1341.309124</ele>
        <time>2026-08-30T09:34:00.999Z</time>
      </trkpt>
      <trkpt lat="46.797520" lon="8.687935">
        <ele>1341.503221</ele>
        <time>2026-08-30T09:34:01.999Z</time>
      </trkpt>
      <trkpt lat="46.797525" lon="8.687936">
        <ele>1341.665425</ele>
        <time>2026-08-30T09:34:02.999Z</time>
      </trkpt>
      <trkpt lat="46.797529" lon="8.687937">
        <ele>1341.795858</ele>
        <time>2026-08-30T09:34:03.999Z</time>
      </trkpt>
      <trkpt lat="46.797533" lon="8.687938">
        <ele>1341.926291</ele>
        <time>2026-08-30T09:34:04.999Z</time>
      </trkpt>
      <trkpt lat="46.797536" lon="8.687938">
        <ele>1342.022714</ele>
        <time>2026-08-30T09:34:05.999Z</time>
      </trkpt>
      <trkpt lat="46.797540" lon="8.687940">
        <ele>1342.158600</ele>
        <time>2026-08-30T09:34:06.999Z</time>
      </trkpt>
      <trkpt lat="46.797543" lon="8.687942">
        <ele>1342.264590</ele>
        <time>2026-08-30T09:34:07.999Z</time>
      </trkpt>
      <trkpt lat="46.797548" lon="8.687945">
        <ele>1342.438323</ele>
        <time>2026-08-30T09:34:08.999Z</time>
      </trkpt>
      <trkpt lat="46.797551" lon="8.687950">
        <ele>1342.584612</ele>
        <time>2026-08-30T09:34:09.999Z</time>
      </trkpt>
      <trkpt lat="46.797555" lon="8.687955">
        <ele>1342.753822</ele>
        <time>2026-08-30T09:34:10.999Z</time>
      </trkpt>
      <trkpt lat="46.797557" lon="8.687957">
        <ele>1342.831724</ele>
        <time>2026-08-30T09:34:11.999Z</time>
      </trkpt>
      <trkpt lat="46.797558" lon="8.687957">
        <ele>1342.863865</ele>
        <time>2026-08-30T09:34:12.999Z</time>
      </trkpt>
      <trkpt lat="46.797558" lon="8.687956">
        <ele>1342.885868</ele>
        <time>2026-08-30T09:34:13.999Z</time>
      </trkpt>
      <trkpt lat="46.797560" lon="8.687955">
        <ele>1342.953811</ele>
        <time>2026-08-30T09:34:14.999Z</time>
      </trkpt>
      <trkpt lat="46.797562" lon="8.687955">
        <ele>1343.018093</ele>
        <time>2026-08-30T09:34:15.999Z</time>
      </trkpt>
      <trkpt lat="46.797565" lon="8.687957">
        <ele>1343.124083</ele>
        <time>2026-08-30T09:34:16.999Z</time>
      </trkpt>
      <trkpt lat="46.797569" lon="8.687961">
        <ele>1343.279886</ele>
        <time>2026-08-30T09:34:17.999Z</time>
      </trkpt>
      <trkpt lat="46.797572" lon="8.687965">
        <ele>1343.410437</ele>
        <time>2026-08-30T09:34:18.999Z</time>
      </trkpt>
      <trkpt lat="46.797577" lon="8.687970">
        <ele>1343.605191</ele>
        <time>2026-08-30T09:34:19.999Z</time>
      </trkpt>
      <trkpt lat="46.797581" lon="8.687975">
        <ele>1343.774401</ele>
        <time>2026-08-30T09:34:20.999Z</time>
      </trkpt>
      <trkpt lat="46.797586" lon="8.687980">
        <ele>1343.969155</ele>
        <time>2026-08-30T09:34:21.999Z</time>
      </trkpt>
      <trkpt lat="46.797592" lon="8.687984">
        <ele>1344.181135</ele>
        <time>2026-08-30T09:34:22.999Z</time>
      </trkpt>
      <trkpt lat="46.797597" lon="8.687988">
        <ele>1344.364361</ele>
        <time>2026-08-30T09:34:23.999Z</time>
      </trkpt>
      <trkpt lat="46.797602" lon="8.687990">
        <ele>1344.530982</ele>
        <time>2026-08-30T09:34:24.999Z</time>
      </trkpt>
      <trkpt lat="46.797606" lon="8.687991">
        <ele>1344.661415</ele>
        <time>2026-08-30T09:34:25.999Z</time>
      </trkpt>
      <trkpt lat="46.797610" lon="8.687991">
        <ele>1344.789979</ele>
        <time>2026-08-30T09:34:26.999Z</time>
      </trkpt>
      <trkpt lat="46.797612" lon="8.687991">
        <ele>1344.854261</ele>
        <time>2026-08-30T09:34:27.999Z</time>
      </trkpt>
      <trkpt lat="46.797614" lon="8.687990">
        <ele>1344.922204</ele>
        <time>2026-08-30T09:34:28.999Z</time>
      </trkpt>
      <trkpt lat="46.797616" lon="8.687988">
        <ele>1345.000106</ele>
        <time>2026-08-30T09:34:29.999Z</time>
      </trkpt>
      <trkpt lat="46.797618" lon="8.687985">
        <ele>1345.092243</ele>
        <time>2026-08-30T09:34:30.999Z</time>
      </trkpt>
      <trkpt lat="46.797622" lon="8.687982">
        <ele>1345.236762</ele>
        <time>2026-08-30T09:34:31.999Z</time>
      </trkpt>
      <trkpt lat="46.797627" lon="8.687978">
        <ele>1345.419989</ele>
        <time>2026-08-30T09:34:32.999Z</time>
      </trkpt>
      <trkpt lat="46.797632" lon="8.687976">
        <ele>1345.586610</ele>
        <time>2026-08-30T09:34:33.999Z</time>
      </trkpt>
      <trkpt lat="46.797639" lon="8.687975">
        <ele>1345.812670</ele>
        <time>2026-08-30T09:34:34.999Z</time>
      </trkpt>
      <trkpt lat="46.797644" lon="8.687975">
        <ele>1345.973374</ele>
        <time>2026-08-30T09:34:35.999Z</time>
      </trkpt>
      <trkpt lat="46.797648" lon="8.687975">
        <ele>1346.101938</ele>
        <time>2026-08-30T09:34:36.999Z</time>
      </trkpt>
      <trkpt lat="46.797652" lon="8.687975">
        <ele>1346.230502</ele>
        <time>2026-08-30T09:34:37.999Z</time>
      </trkpt>
      <trkpt lat="46.797656" lon="8.687975">
        <ele>1346.359065</ele>
        <time>2026-08-30T09:34:38.999Z</time>
      </trkpt>
      <trkpt lat="46.797658" lon="8.687976">
        <ele>1346.427009</ele>
        <time>2026-08-30T09:34:39.999Z</time>
      </trkpt>
      <trkpt lat="46.797659" lon="8.687977">
        <ele>1346.465959</ele>
        <time>2026-08-30T09:34:40.999Z</time>
      </trkpt>
      <trkpt lat="46.797659" lon="8.687978">
        <ele>1346.487962</ele>
        <time>2026-08-30T09:34:41.999Z</time>
      </trkpt>
      <trkpt lat="46.797660" lon="8.687981">
        <ele>1346.561380</ele>
        <time>2026-08-30T09:34:42.999Z</time>
      </trkpt>
      <trkpt lat="46.797661" lon="8.687985">
        <ele>1346.655077</ele>
        <time>2026-08-30T09:34:43.999Z</time>
      </trkpt>
      <trkpt lat="46.797664" lon="8.687988">
        <ele>1346.771930</ele>
        <time>2026-08-30T09:34:44.999Z</time>
      </trkpt>
      <trkpt lat="46.797668" lon="8.687991">
        <ele>1346.916449</ele>
        <time>2026-08-30T09:34:45.999Z</time>
      </trkpt>
      <trkpt lat="46.797672" lon="8.687994">
        <ele>1347.060968</ele>
        <time>2026-08-30T09:34:46.999Z</time>
      </trkpt>
      <trkpt lat="46.797676" lon="8.687998">
        <ele>1347.216771</ele>
        <time>2026-08-30T09:34:47.999Z</time>
      </trkpt>
      <trkpt lat="46.797679" lon="8.688002">
        <ele>1347.347322</ele>
        <time>2026-08-30T09:34:48.999Z</time>
      </trkpt>
      <trkpt lat="46.797683" lon="8.688005">
        <ele>1347.491841</ele>
        <time>2026-08-30T09:34:49.999Z</time>
      </trkpt>
      <trkpt lat="46.797688" lon="8.688007">
        <ele>1347.658462</ele>
        <time>2026-08-30T09:34:50.999Z</time>
      </trkpt>
      <trkpt lat="46.797693" lon="8.688007">
        <ele>1347.819166</ele>
        <time>2026-08-30T09:34:51.999Z</time>
      </trkpt>
      <trkpt lat="46.797698" lon="8.688006">
        <ele>1347.981370</ele>
        <time>2026-08-30T09:34:52.999Z</time>
      </trkpt>
      <trkpt lat="46.797703" lon="8.688004">
        <ele>1348.147991</ele>
        <time>2026-08-30T09:34:53.999Z</time>
      </trkpt>
      <trkpt lat="46.797706" lon="8.688003">
        <ele>1348.246892</ele>
        <time>2026-08-30T09:34:54.999Z</time>
      </trkpt>
      <trkpt lat="46.797709" lon="8.688001">
        <ele>1348.352882</ele>
        <time>2026-08-30T09:34:55.999Z</time>
      </trkpt>
      <trkpt lat="46.797713" lon="8.688000">
        <ele>1348.483315</ele>
        <time>2026-08-30T09:34:56.999Z</time>
      </trkpt>
      <trkpt lat="46.797719" lon="8.687999">
        <ele>1348.677412</ele>
        <time>2026-08-30T09:34:57.999Z</time>
      </trkpt>
      <trkpt lat="46.797725" lon="8.688001">
        <ele>1348.875214</ele>
        <time>2026-08-30T09:34:58.999Z</time>
      </trkpt>
      <trkpt lat="46.797731" lon="8.688003">
        <ele>1349.073017</ele>
        <time>2026-08-30T09:34:59.999Z</time>
      </trkpt>
      <trkpt lat="46.797736" lon="8.688004">
        <ele>1349.235221</ele>
        <time>2026-08-30T09:35:00.999Z</time>
      </trkpt>
      <trkpt lat="46.797741" lon="8.688004">
        <ele>1349.395925</ele>
        <time>2026-08-30T09:35:01.999Z</time>
      </trkpt>
      <trkpt lat="46.797745" lon="8.688005">
        <ele>1349.526358</ele>
        <time>2026-08-30T09:35:02.999Z</time>
      </trkpt>
      <trkpt lat="46.797747" lon="8.688006">
        <ele>1349.594302</ele>
        <time>2026-08-30T09:35:03.999Z</time>
      </trkpt>
      <trkpt lat="46.797748" lon="8.688009">
        <ele>1349.667720</ele>
        <time>2026-08-30T09:35:04.999Z</time>
      </trkpt>
      <trkpt lat="46.797749" lon="8.688012">
        <ele>1349.741137</ele>
        <time>2026-08-30T09:35:05.999Z</time>
      </trkpt>
      <trkpt lat="46.797752" lon="8.688015">
        <ele>1349.857990</ele>
        <time>2026-08-30T09:35:06.999Z</time>
      </trkpt>
      <trkpt lat="46.797755" lon="8.688018">
        <ele>1349.974842</ele>
        <time>2026-08-30T09:35:07.999Z</time>
      </trkpt>
      <trkpt lat="46.797759" lon="8.688020">
        <ele>1350.110729</ele>
        <time>2026-08-30T09:35:08.999Z</time>
      </trkpt>
      <trkpt lat="46.797764" lon="8.688022">
        <ele>1350.277350</ele>
        <time>2026-08-30T09:35:09.999Z</time>
      </trkpt>
      <trkpt lat="46.797768" lon="8.688023">
        <ele>1350.407782</ele>
        <time>2026-08-30T09:35:10.999Z</time>
      </trkpt>
      <trkpt lat="46.797771" lon="8.688025">
        <ele>1350.513772</ele>
        <time>2026-08-30T09:35:11.999Z</time>
      </trkpt>
      <trkpt lat="46.797775" lon="8.688026">
        <ele>1350.644205</ele>
        <time>2026-08-30T09:35:12.999Z</time>
      </trkpt>
      <trkpt lat="46.797778" lon="8.688027">
        <ele>1350.743107</ele>
        <time>2026-08-30T09:35:13.999Z</time>
      </trkpt>
      <trkpt lat="46.797781" lon="8.688028">
        <ele>1350.842008</ele>
        <time>2026-08-30T09:35:14.999Z</time>
      </trkpt>
      <trkpt lat="46.797785" lon="8.688029">
        <ele>1350.972441</ele>
        <time>2026-08-30T09:35:15.999Z</time>
      </trkpt>
      <trkpt lat="46.797790" lon="8.688030">
        <ele>1351.134645</ele>
        <time>2026-08-30T09:35:16.999Z</time>
      </trkpt>
      <trkpt lat="46.797796" lon="8.688033">
        <ele>1351.338474</ele>
        <time>2026-08-30T09:35:17.999Z</time>
      </trkpt>
      <trkpt lat="46.797803" lon="8.688035">
        <ele>1351.567724</ele>
        <time>2026-08-30T09:35:18.999Z</time>
      </trkpt>
      <trkpt lat="46.797810" lon="8.688037">
        <ele>1351.796974</ele>
        <time>2026-08-30T09:35:19.999Z</time>
      </trkpt>
      <trkpt lat="46.797816" lon="8.688039">
        <ele>1351.994776</ele>
        <time>2026-08-30T09:35:20.999Z</time>
      </trkpt>
      <trkpt lat="46.797821" lon="8.688041">
        <ele>1352.161397</ele>
        <time>2026-08-30T09:35:21.999Z</time>
      </trkpt>
      <trkpt lat="46.797826" lon="8.688041">
        <ele>1352.322102</ele>
        <time>2026-08-30T09:35:22.999Z</time>
      </trkpt>
      <trkpt lat="46.797830" lon="8.688040">
        <ele>1352.452535</ele>
        <time>2026-08-30T09:35:23.999Z</time>
      </trkpt>
      <trkpt lat="46.797834" lon="8.688039">
        <ele>1352.582968</ele>
        <time>2026-08-30T09:35:24.999Z</time>
      </trkpt>
      <trkpt lat="46.797839" lon="8.688038">
        <ele>1352.745171</ele>
        <time>2026-08-30T09:35:25.999Z</time>
      </trkpt>
      <trkpt lat="46.797844" lon="8.688036">
        <ele>1352.911792</ele>
        <time>2026-08-30T09:35:26.999Z</time>
      </trkpt>
      <trkpt lat="46.797848" lon="8.688035">
        <ele>1353.042225</ele>
        <time>2026-08-30T09:35:27.999Z</time>
      </trkpt>
      <trkpt lat="46.797851" lon="8.688034">
        <ele>1353.141126</ele>
        <time>2026-08-30T09:35:28.999Z</time>
      </trkpt>
      <trkpt lat="46.797854" lon="8.688035">
        <ele>1353.240028</ele>
        <time>2026-08-30T09:35:29.999Z</time>
      </trkpt>
      <trkpt lat="46.797858" lon="8.688036">
        <ele>1353.370461</ele>
        <time>2026-08-30T09:35:30.999Z</time>
      </trkpt>
      <trkpt lat="46.797861" lon="8.688038">
        <ele>1353.476450</ele>
        <time>2026-08-30T09:35:31.999Z</time>
      </trkpt>
      <trkpt lat="46.797863" lon="8.688039">
        <ele>1353.544394</ele>
        <time>2026-08-30T09:35:32.999Z</time>
      </trkpt>
      <trkpt lat="46.797864" lon="8.688039">
        <ele>1353.576535</ele>
        <time>2026-08-30T09:35:33.999Z</time>
      </trkpt>
      <trkpt lat="46.797865" lon="8.688040">
        <ele>1353.615485</ele>
        <time>2026-08-30T09:35:34.999Z</time>
      </trkpt>
      <trkpt lat="46.797866" lon="8.688042">
        <ele>1353.669979</ele>
        <time>2026-08-30T09:35:35.999Z</time>
      </trkpt>
      <trkpt lat="46.797868" lon="8.688044">
        <ele>1353.747880</ele>
        <time>2026-08-30T09:35:36.999Z</time>
      </trkpt>
      <trkpt lat="46.797871" lon="8.688047">
        <ele>1353.864733</ele>
        <time>2026-08-30T09:35:37.999Z</time>
      </trkpt>
      <trkpt lat="46.797875" lon="8.688050">
        <ele>1354.009252</ele>
        <time>2026-08-30T09:35:38.999Z</time>
      </trkpt>
      <trkpt lat="46.797878" lon="8.688052">
        <ele>1354.115242</ele>
        <time>2026-08-30T09:35:39.999Z</time>
      </trkpt>
      <trkpt lat="46.797881" lon="8.688053">
        <ele>1354.214143</ele>
        <time>2026-08-30T09:35:40.999Z</time>
      </trkpt>
      <trkpt lat="46.797884" lon="8.688055">
        <ele>1354.320133</ele>
        <time>2026-08-30T09:35:41.999Z</time>
      </trkpt>
      <trkpt lat="46.797888" lon="8.688057">
        <ele>1354.456019</ele>
        <time>2026-08-30T09:35:42.999Z</time>
      </trkpt>
      <trkpt lat="46.797891" lon="8.688061">
        <ele>1354.586569</ele>
        <time>2026-08-30T09:35:43.999Z</time>
      </trkpt>
      <trkpt lat="46.797895" lon="8.688066">
        <ele>1354.755779</ele>
        <time>2026-08-30T09:35:44.999Z</time>
      </trkpt>
      <trkpt lat="46.797898" lon="8.688070">
        <ele>1354.886329</ele>
        <time>2026-08-30T09:35:45.999Z</time>
      </trkpt>
      <trkpt lat="46.797902" lon="8.688073">
        <ele>1355.030848</ele>
        <time>2026-08-30T09:35:46.999Z</time>
      </trkpt>
      <trkpt lat="46.797906" lon="8.688074">
        <ele>1355.161281</ele>
        <time>2026-08-30T09:35:47.999Z</time>
      </trkpt>
      <trkpt lat="46.797909" lon="8.688075">
        <ele>1355.260182</ele>
        <time>2026-08-30T09:35:48.999Z</time>
      </trkpt>
      <trkpt lat="46.797913" lon="8.688076">
        <ele>1355.390615</ele>
        <time>2026-08-30T09:35:49.999Z</time>
      </trkpt>
      <trkpt lat="46.797916" lon="8.688077">
        <ele>1355.489516</ele>
        <time>2026-08-30T09:35:50.999Z</time>
      </trkpt>
      <trkpt lat="46.797918" lon="8.688077">
        <ele>1355.553798</ele>
        <time>2026-08-30T09:35:51.999Z</time>
      </trkpt>
      <trkpt lat="46.797921" lon="8.688077">
        <ele>1355.650221</ele>
        <time>2026-08-30T09:35:52.999Z</time>
      </trkpt>
      <trkpt lat="46.797923" lon="8.688077">
        <ele>1355.714503</ele>
        <time>2026-08-30T09:35:53.999Z</time>
      </trkpt>
      <trkpt lat="46.797926" lon="8.688075">
        <ele>1355.820493</ele>
        <time>2026-08-30T09:35:54.999Z</time>
      </trkpt>
      <trkpt lat="46.797930" lon="8.688073">
        <ele>1355.956379</ele>
        <time>2026-08-30T09:35:55.999Z</time>
      </trkpt>
      <trkpt lat="46.797935" lon="8.688071">
        <ele>1356.123000</ele>
        <time>2026-08-30T09:35:56.999Z</time>
      </trkpt>
      <trkpt lat="46.797941" lon="8.688068">
        <ele>1356.326829</ele>
        <time>2026-08-30T09:35:57.999Z</time>
      </trkpt>
      <trkpt lat="46.797947" lon="8.688065">
        <ele>1356.530659</ele>
        <time>2026-08-30T09:35:58.999Z</time>
      </trkpt>
      <trkpt lat="46.797952" lon="8.688062">
        <ele>1356.704392</ele>
        <time>2026-08-30T09:35:59.999Z</time>
      </trkpt>
      <trkpt lat="46.797957" lon="8.688058">
        <ele>1356.887618</ele>
        <time>2026-08-30T09:36:00.999Z</time>
      </trkpt>
      <trkpt lat="46.797963" lon="8.688054">
        <ele>1357.099598</ele>
        <time>2026-08-30T09:36:01.999Z</time>
      </trkpt>
      <trkpt lat="46.797970" lon="8.688050">
        <ele>1357.341186</ele>
        <time>2026-08-30T09:36:02.999Z</time>
      </trkpt>
      <trkpt lat="46.797977" lon="8.688048">
        <ele>1357.570436</ele>
        <time>2026-08-30T09:36:03.999Z</time>
      </trkpt>
      <trkpt lat="46.797982" lon="8.688046">
        <ele>1357.737056</ele>
        <time>2026-08-30T09:36:04.999Z</time>
      </trkpt>
      <trkpt lat="46.797988" lon="8.688045">
        <ele>1357.931153</ele>
        <time>2026-08-30T09:36:05.999Z</time>
      </trkpt>
      <trkpt lat="46.797994" lon="8.688043">
        <ele>1358.128956</ele>
        <time>2026-08-30T09:36:06.999Z</time>
      </trkpt>
      <trkpt lat="46.798002" lon="8.688043">
        <ele>1358.386083</ele>
        <time>2026-08-30T09:36:07.999Z</time>
      </trkpt>
      <trkpt lat="46.798011" lon="8.688043">
        <ele>1358.675351</ele>
        <time>2026-08-30T09:36:08.999Z</time>
      </trkpt>
      <trkpt lat="46.798020" lon="8.688044">
        <ele>1358.965455</ele>
        <time>2026-08-30T09:36:09.999Z</time>
      </trkpt>
      <trkpt lat="46.798029" lon="8.688047">
        <ele>1359.262159</ele>
        <time>2026-08-30T09:36:10.999Z</time>
      </trkpt>
      <trkpt lat="46.798037" lon="8.688051">
        <ele>1359.533932</ele>
        <time>2026-08-30T09:36:11.999Z</time>
      </trkpt>
      <trkpt lat="46.798045" lon="8.688055">
        <ele>1359.805705</ele>
        <time>2026-08-30T09:36:12.999Z</time>
      </trkpt>
      <trkpt lat="46.798052" lon="8.688059">
        <ele>1360.047293</ele>
        <time>2026-08-30T09:36:13.999Z</time>
      </trkpt>
      <trkpt lat="46.798059" lon="8.688061">
        <ele>1360.276542</ele>
        <time>2026-08-30T09:36:14.999Z</time>
      </trkpt>
      <trkpt lat="46.798065" lon="8.688063">
        <ele>1360.474345</ele>
        <time>2026-08-30T09:36:15.999Z</time>
      </trkpt>
      <trkpt lat="46.798069" lon="8.688064">
        <ele>1360.604778</ele>
        <time>2026-08-30T09:36:16.999Z</time>
      </trkpt>
      <trkpt lat="46.798071" lon="8.688064">
        <ele>1360.669060</ele>
        <time>2026-08-30T09:36:17.999Z</time>
      </trkpt>
      <trkpt lat="46.798074" lon="8.688065">
        <ele>1360.767961</ele>
        <time>2026-08-30T09:36:18.999Z</time>
      </trkpt>
      <trkpt lat="46.798078" lon="8.688066">
        <ele>1360.898394</ele>
        <time>2026-08-30T09:36:19.999Z</time>
      </trkpt>
      <trkpt lat="46.798084" lon="8.688069">
        <ele>1361.102224</ele>
        <time>2026-08-30T09:36:20.999Z</time>
      </trkpt>
      <trkpt lat="46.798090" lon="8.688073">
        <ele>1361.314203</ele>
        <time>2026-08-30T09:36:21.999Z</time>
      </trkpt>
      <trkpt lat="46.798096" lon="8.688075">
        <ele>1361.512006</ele>
        <time>2026-08-30T09:36:22.999Z</time>
      </trkpt>
      <trkpt lat="46.798105" lon="8.688077">
        <ele>1361.804602</ele>
        <time>2026-08-30T09:36:23.999Z</time>
      </trkpt>
      <trkpt lat="46.798114" lon="8.688077">
        <ele>1362.093870</ele>
        <time>2026-08-30T09:36:24.999Z</time>
      </trkpt>
      <trkpt lat="46.798122" lon="8.688079">
        <ele>1362.354736</ele>
        <time>2026-08-30T09:36:25.999Z</time>
      </trkpt>
      <trkpt lat="46.798129" lon="8.688084">
        <ele>1362.605180</ele>
        <time>2026-08-30T09:36:26.999Z</time>
      </trkpt>
      <trkpt lat="46.798134" lon="8.688090">
        <ele>1362.813156</ele>
        <time>2026-08-30T09:36:27.999Z</time>
      </trkpt>
      <trkpt lat="46.798138" lon="8.688097">
        <ele>1363.013782</ele>
        <time>2026-08-30T09:36:28.999Z</time>
      </trkpt>
      <trkpt lat="46.798139" lon="8.688103">
        <ele>1363.149654</ele>
        <time>2026-08-30T09:36:29.999Z</time>
      </trkpt>
      <trkpt lat="46.798140" lon="8.688106">
        <ele>1363.223072</ele>
        <time>2026-08-30T09:36:30.999Z</time>
      </trkpt>
      <trkpt lat="46.798139" lon="8.688109">
        <ele>1363.296489</ele>
        <time>2026-08-30T09:36:31.999Z</time>
      </trkpt>
      <trkpt lat="46.798139" lon="8.688111">
        <ele>1363.340495</ele>
        <time>2026-08-30T09:36:32.999Z</time>
      </trkpt>
      <trkpt lat="46.798140" lon="8.688112">
        <ele>1363.379445</ele>
        <time>2026-08-30T09:36:33.999Z</time>
      </trkpt>
      <trkpt lat="46.798141" lon="8.688113">
        <ele>1363.418396</ele>
        <time>2026-08-30T09:36:34.999Z</time>
      </trkpt>
      <trkpt lat="46.798143" lon="8.688114">
        <ele>1363.486339</ele>
        <time>2026-08-30T09:36:35.999Z</time>
      </trkpt>
      <trkpt lat="46.798147" lon="8.688116">
        <ele>1363.622226</ele>
        <time>2026-08-30T09:36:36.999Z</time>
      </trkpt>
      <trkpt lat="46.798151" lon="8.688117">
        <ele>1363.752658</ele>
        <time>2026-08-30T09:36:37.999Z</time>
      </trkpt>
      <trkpt lat="46.798154" lon="8.688119">
        <ele>1363.858648</ele>
        <time>2026-08-30T09:36:38.999Z</time>
      </trkpt>
      <trkpt lat="46.798156" lon="8.688120">
        <ele>1363.926591</ele>
        <time>2026-08-30T09:36:39.999Z</time>
      </trkpt>
      <trkpt lat="46.798156" lon="8.688120">
        <ele>1363.926591</ele>
        <time>2026-08-30T09:36:40.999Z</time>
      </trkpt>
      <trkpt lat="46.798155" lon="8.688120">
        <ele>1363.958732</ele>
        <time>2026-08-30T09:36:41.999Z</time>
      </trkpt>
      <trkpt lat="46.798155" lon="8.688121">
        <ele>1363.980735</ele>
        <time>2026-08-30T09:36:42.999Z</time>
      </trkpt>
      <trkpt lat="46.798156" lon="8.688121">
        <ele>1364.012876</ele>
        <time>2026-08-30T09:36:43.999Z</time>
      </trkpt>
      <trkpt lat="46.798158" lon="8.688122">
        <ele>1364.080819</ele>
        <time>2026-08-30T09:36:44.999Z</time>
      </trkpt>
      <trkpt lat="46.798161" lon="8.688123">
        <ele>1364.179720</ele>
        <time>2026-08-30T09:36:45.999Z</time>
      </trkpt>
      <trkpt lat="46.798166" lon="8.688123">
        <ele>1364.340425</ele>
        <time>2026-08-30T09:36:46.999Z</time>
      </trkpt>
      <trkpt lat="46.798173" lon="8.688123">
        <ele>1364.565411</ele>
        <time>2026-08-30T09:36:47.999Z</time>
      </trkpt>
      <trkpt lat="46.798182" lon="8.688126">
        <ele>1364.862115</ele>
        <time>2026-08-30T09:36:48.999Z</time>
      </trkpt>
      <trkpt lat="46.798191" lon="8.688132">
        <ele>1365.180085</ele>
        <time>2026-08-30T09:36:49.999Z</time>
      </trkpt>
      <trkpt lat="46.798201" lon="8.688137">
        <ele>1365.519800</ele>
        <time>2026-08-30T09:36:50.999Z</time>
      </trkpt>
      <trkpt lat="46.798208" lon="8.688141">
        <ele>1365.761389</ele>
        <time>2026-08-30T09:36:51.999Z</time>
      </trkpt>
      <trkpt lat="46.798213" lon="8.688143">
        <ele>1365.928009</ele>
        <time>2026-08-30T09:36:52.999Z</time>
      </trkpt>
      <trkpt lat="46.798216" lon="8.688144">
        <ele>1366.026911</ele>
        <time>2026-08-30T09:36:53.999Z</time>
      </trkpt>
      <trkpt lat="46.798217" lon="8.688145">
        <ele>1366.065861</ele>
        <time>2026-08-30T09:36:54.999Z</time>
      </trkpt>
      <trkpt lat="46.798218" lon="8.688146">
        <ele>1366.104812</ele>
        <time>2026-08-30T09:36:55.999Z</time>
      </trkpt>
      <trkpt lat="46.798218" lon="8.688148">
        <ele>1366.148817</ele>
        <time>2026-08-30T09:36:56.999Z</time>
      </trkpt>
      <trkpt lat="46.798218" lon="8.688149">
        <ele>1366.170820</ele>
        <time>2026-08-30T09:36:57.999Z</time>
      </trkpt>
      <trkpt lat="46.798217" lon="8.688152">
        <ele>1366.244237</ele>
        <time>2026-08-30T09:36:58.999Z</time>
      </trkpt>
      <trkpt lat="46.798215" lon="8.688154">
        <ele>1366.322139</ele>
        <time>2026-08-30T09:36:59.999Z</time>
      </trkpt>
      <trkpt lat="46.798213" lon="8.688158">
        <ele>1366.431125</ele>
        <time>2026-08-30T09:37:00.999Z</time>
      </trkpt>
      <trkpt lat="46.798211" lon="8.688161">
        <ele>1366.523262</ele>
        <time>2026-08-30T09:37:01.999Z</time>
      </trkpt>
      <trkpt lat="46.798208" lon="8.688166">
        <ele>1366.669551</ele>
        <time>2026-08-30T09:37:02.999Z</time>
      </trkpt>
      <trkpt lat="46.798206" lon="8.688170">
        <ele>1366.778537</ele>
        <time>2026-08-30T09:37:03.999Z</time>
      </trkpt>
      <trkpt lat="46.798203" lon="8.688175">
        <ele>1366.924826</ele>
        <time>2026-08-30T09:37:04.999Z</time>
      </trkpt>
      <trkpt lat="46.798201" lon="8.688181">
        <ele>1367.071661</ele>
        <time>2026-08-30T09:37:05.999Z</time>
      </trkpt>
      <trkpt lat="46.798199" lon="8.688188">
        <ele>1367.238556</ele>
        <time>2026-08-30T09:37:06.999Z</time>
      </trkpt>
      <trkpt lat="46.798196" lon="8.688194">
        <ele>1367.402036</ele>
        <time>2026-08-30T09:37:07.999Z</time>
      </trkpt>
      <trkpt lat="46.798194" lon="8.688201">
        <ele>1367.568931</ele>
        <time>2026-08-30T09:37:08.999Z</time>
      </trkpt>
      <trkpt lat="46.798192" lon="8.688207">
        <ele>1367.715766</ele>
        <time>2026-08-30T09:37:09.999Z</time>
      </trkpt>
      <trkpt lat="46.798191" lon="8.688213">
        <ele>1367.851638</ele>
        <time>2026-08-30T09:37:10.999Z</time>
      </trkpt>
      <trkpt lat="46.798190" lon="8.688218">
        <ele>1367.966251</ele>
        <time>2026-08-30T09:37:11.999Z</time>
      </trkpt>
      <trkpt lat="46.798189" lon="8.688220">
        <ele>1368.020744</ele>
        <time>2026-08-30T09:37:12.999Z</time>
      </trkpt>
      <trkpt lat="46.798187" lon="8.688219">
        <ele>1368.088687</ele>
        <time>2026-08-30T09:37:13.999Z</time>
      </trkpt>
      <trkpt lat="46.798186" lon="8.688217">
        <ele>1368.143180</ele>
        <time>2026-08-30T09:37:14.999Z</time>
      </trkpt>
      <trkpt lat="46.798184" lon="8.688214">
        <ele>1368.235317</ele>
        <time>2026-08-30T09:37:15.999Z</time>
      </trkpt>
      <trkpt lat="46.798183" lon="8.688211">
        <ele>1368.308735</ele>
        <time>2026-08-30T09:37:16.999Z</time>
      </trkpt>
      <trkpt lat="46.798181" lon="8.688208">
        <ele>1368.400872</ele>
        <time>2026-08-30T09:37:17.999Z</time>
      </trkpt>
      <trkpt lat="46.798180" lon="8.688206">
        <ele>1368.455365</ele>
        <time>2026-08-30T09:37:18.999Z</time>
      </trkpt>
      <trkpt lat="46.798179" lon="8.688204">
        <ele>1368.509858</ele>
        <time>2026-08-30T09:37:19.999Z</time>
      </trkpt>
      <trkpt lat="46.798178" lon="8.688202">
        <ele>1368.564352</ele>
        <time>2026-08-30T09:37:20.999Z</time>
      </trkpt>
      <trkpt lat="46.798177" lon="8.688201">
        <ele>1368.603302</ele>
        <time>2026-08-30T09:37:21.999Z</time>
      </trkpt>
      <trkpt lat="46.798176" lon="8.688199">
        <ele>1368.657796</ele>
        <time>2026-08-30T09:37:22.999Z</time>
      </trkpt>
      <trkpt lat="46.798175" lon="8.688198">
        <ele>1368.696746</ele>
        <time>2026-08-30T09:37:23.999Z</time>
      </trkpt>
      <trkpt lat="46.798174" lon="8.688197">
        <ele>1368.735697</ele>
        <time>2026-08-30T09:37:24.999Z</time>
      </trkpt>
      <trkpt lat="46.798173" lon="8.688197">
        <ele>1368.767838</ele>
        <time>2026-08-30T09:37:25.999Z</time>
      </trkpt>
      <trkpt lat="46.798172" lon="8.688199">
        <ele>1368.822331</ele>
        <time>2026-08-30T09:37:26.999Z</time>
      </trkpt>
      <trkpt lat="46.798172" lon="8.688202">
        <ele>1368.888339</ele>
        <time>2026-08-30T09:37:27.999Z</time>
      </trkpt>
      <trkpt lat="46.798171" lon="8.688206">
        <ele>1368.982035</ele>
        <time>2026-08-30T09:37:28.999Z</time>
      </trkpt>
      <trkpt lat="46.798169" lon="8.688211">
        <ele>1369.109453</ele>
        <time>2026-08-30T09:37:29.999Z</time>
      </trkpt>
      <trkpt lat="46.798165" lon="8.688216">
        <ele>1369.278661</ele>
        <time>2026-08-30T09:37:30.999Z</time>
      </trkpt>
      <trkpt lat="46.798160" lon="8.688220">
        <ele>1369.461888</ele>
        <time>2026-08-30T09:37:31.999Z</time>
      </trkpt>
      <trkpt lat="46.798154" lon="8.688225">
        <ele>1369.683907</ele>
        <time>2026-08-30T09:37:32.999Z</time>
      </trkpt>
      <trkpt lat="46.798149" lon="8.688231">
        <ele>1369.891883</ele>
        <time>2026-08-30T09:37:33.999Z</time>
      </trkpt>
      <trkpt lat="46.798145" lon="8.688239">
        <ele>1370.109856</ele>
        <time>2026-08-30T09:37:34.999Z</time>
      </trkpt>
      <trkpt lat="46.798141" lon="8.688248">
        <ele>1370.345955</ele>
        <time>2026-08-30T09:37:35.999Z</time>
      </trkpt>
      <trkpt lat="46.798138" lon="8.688257">
        <ele>1370.566207</ele>
        <time>2026-08-30T09:37:36.999Z</time>
      </trkpt>
      <trkpt lat="46.798135" lon="8.688266">
        <ele>1370.786459</ele>
        <time>2026-08-30T09:37:37.999Z</time>
      </trkpt>
      <trkpt lat="46.798132" lon="8.688275">
        <ele>1371.006712</ele>
        <time>2026-08-30T09:37:38.999Z</time>
      </trkpt>
      <trkpt lat="46.798128" lon="8.688285">
        <ele>1371.261546</ele>
        <time>2026-08-30T09:37:39.999Z</time>
      </trkpt>
      <trkpt lat="46.798124" lon="8.688294">
        <ele>1371.497645</ele>
        <time>2026-08-30T09:37:40.999Z</time>
      </trkpt>
      <trkpt lat="46.798120" lon="8.688300">
        <ele>1371.681919</ele>
        <time>2026-08-30T09:37:41.999Z</time>
      </trkpt>
      <trkpt lat="46.798116" lon="8.688304">
        <ele>1371.837722</ele>
        <time>2026-08-30T09:37:42.999Z</time>
      </trkpt>
      <trkpt lat="46.798111" lon="8.688308">
        <ele>1372.020948</ele>
        <time>2026-08-30T09:37:43.999Z</time>
      </trkpt>
      <trkpt lat="46.798106" lon="8.688311">
        <ele>1372.194681</ele>
        <time>2026-08-30T09:37:44.999Z</time>
      </trkpt>
      <trkpt lat="46.798102" lon="8.688314">
        <ele>1372.339200</ele>
        <time>2026-08-30T09:37:45.999Z</time>
      </trkpt>
      <trkpt lat="46.798097" lon="8.688315">
        <ele>1372.501403</ele>
        <time>2026-08-30T09:37:46.999Z</time>
      </trkpt>
      <trkpt lat="46.798091" lon="8.688313">
        <ele>1372.699206</ele>
        <time>2026-08-30T09:37:47.999Z</time>
      </trkpt>
      <trkpt lat="46.798085" lon="8.688310">
        <ele>1372.903036</ele>
        <time>2026-08-30T09:37:48.999Z</time>
      </trkpt>
      <trkpt lat="46.798080" lon="8.688306">
        <ele>1373.086262</ele>
        <time>2026-08-30T09:37:49.999Z</time>
      </trkpt>
      <trkpt lat="46.798077" lon="8.688302">
        <ele>1373.216812</ele>
        <time>2026-08-30T09:37:50.999Z</time>
      </trkpt>
      <trkpt lat="46.798074" lon="8.688298">
        <ele>1373.347362</ele>
        <time>2026-08-30T09:37:51.999Z</time>
      </trkpt>
      <trkpt lat="46.798072" lon="8.688295">
        <ele>1373.439499</ele>
        <time>2026-08-30T09:37:52.999Z</time>
      </trkpt>
      <trkpt lat="46.798071" lon="8.688292">
        <ele>1373.512917</ele>
        <time>2026-08-30T09:37:53.999Z</time>
      </trkpt>
      <trkpt lat="46.798070" lon="8.688291">
        <ele>1373.551867</ele>
        <time>2026-08-30T09:37:54.999Z</time>
      </trkpt>
      <trkpt lat="46.798069" lon="8.688289">
        <ele>1373.606361</ele>
        <time>2026-08-30T09:37:55.999Z</time>
      </trkpt>
      <trkpt lat="46.798069" lon="8.688288">
        <ele>1373.628363</ele>
        <time>2026-08-30T09:37:56.999Z</time>
      </trkpt>
      <trkpt lat="46.798069" lon="8.688287">
        <ele>1373.650366</ele>
        <time>2026-08-30T09:37:57.999Z</time>
      </trkpt>
      <trkpt lat="46.798068" lon="8.688287">
        <ele>1373.682507</ele>
        <time>2026-08-30T09:37:58.999Z</time>
      </trkpt>
      <trkpt lat="46.798068" lon="8.688286">
        <ele>1373.704510</ele>
        <time>2026-08-30T09:37:59.999Z</time>
      </trkpt>
      <trkpt lat="46.798068" lon="8.688285">
        <ele>1373.726513</ele>
        <time>2026-08-30T09:38:00.999Z</time>
      </trkpt>
      <trkpt lat="46.798068" lon="8.688284">
        <ele>1373.748515</ele>
        <time>2026-08-30T09:38:01.999Z</time>
      </trkpt>
      <trkpt lat="46.798067" lon="8.688283">
        <ele>1373.787466</ele>
        <time>2026-08-30T09:38:02.999Z</time>
      </trkpt>
      <trkpt lat="46.798066" lon="8.688283">
        <ele>1373.819607</ele>
        <time>2026-08-30T09:38:03.999Z</time>
      </trkpt>
      <trkpt lat="46.798065" lon="8.688284">
        <ele>1373.858558</ele>
        <time>2026-08-30T09:38:04.999Z</time>
      </trkpt>
      <trkpt lat="46.798062" lon="8.688286">
        <ele>1373.964548</ele>
        <time>2026-08-30T09:38:05.999Z</time>
      </trkpt>
      <trkpt lat="46.798057" lon="8.688289">
        <ele>1374.138280</ele>
        <time>2026-08-30T09:38:06.999Z</time>
      </trkpt>
      <trkpt lat="46.798053" lon="8.688294">
        <ele>1374.307489</ele>
        <time>2026-08-30T09:38:07.999Z</time>
      </trkpt>
      <trkpt lat="46.798049" lon="8.688301">
        <ele>1374.508115</ele>
        <time>2026-08-30T09:38:08.999Z</time>
      </trkpt>
      <trkpt lat="46.798045" lon="8.688306">
        <ele>1374.677324</ele>
        <time>2026-08-30T09:38:09.999Z</time>
      </trkpt>
      <trkpt lat="46.798042" lon="8.688310">
        <ele>1374.807874</ele>
        <time>2026-08-30T09:38:10.999Z</time>
      </trkpt>
      <trkpt lat="46.798039" lon="8.688311">
        <ele>1374.906775</ele>
        <time>2026-08-30T09:38:11.999Z</time>
      </trkpt>
      <trkpt lat="46.798038" lon="8.688310">
        <ele>1374.945726</ele>
        <time>2026-08-30T09:38:12.999Z</time>
      </trkpt>
      <trkpt lat="46.798038" lon="8.688309">
        <ele>1374.967729</ele>
        <time>2026-08-30T09:38:13.999Z</time>
      </trkpt>
      <trkpt lat="46.798038" lon="8.688308">
        <ele>1374.989731</ele>
        <time>2026-08-30T09:38:14.999Z</time>
      </trkpt>
      <trkpt lat="46.798037" lon="8.688307">
        <ele>1375.028682</ele>
        <time>2026-08-30T09:38:15.999Z</time>
      </trkpt>
      <trkpt lat="46.798036" lon="8.688307">
        <ele>1375.060823</ele>
        <time>2026-08-30T09:38:16.999Z</time>
      </trkpt>
      <trkpt lat="46.798035" lon="8.688305">
        <ele>1375.115316</ele>
        <time>2026-08-30T09:38:17.999Z</time>
      </trkpt>
      <trkpt lat="46.798034" lon="8.688302">
        <ele>1375.188734</ele>
        <time>2026-08-30T09:38:18.999Z</time>
      </trkpt>
      <trkpt lat="46.798032" lon="8.688300">
        <ele>1375.266635</ele>
        <time>2026-08-30T09:38:19.999Z</time>
      </trkpt>
      <trkpt lat="46.798031" lon="8.688297">
        <ele>1375.340053</ele>
        <time>2026-08-30T09:38:20.999Z</time>
      </trkpt>
      <trkpt lat="46.798031" lon="8.688294">
        <ele>1375.406061</ele>
        <time>2026-08-30T09:38:21.999Z</time>
      </trkpt>
      <trkpt lat="46.798030" lon="8.688291">
        <ele>1375.479479</ele>
        <time>2026-08-30T09:38:22.999Z</time>
      </trkpt>
      <trkpt lat="46.798029" lon="8.688288">
        <ele>1375.552896</ele>
        <time>2026-08-30T09:38:23.999Z</time>
      </trkpt>
      <trkpt lat="46.798027" lon="8.688287">
        <ele>1375.620840</ele>
        <time>2026-08-30T09:38:24.999Z</time>
      </trkpt>
      <trkpt lat="46.798025" lon="8.688287">
        <ele>1375.685122</ele>
        <time>2026-08-30T09:38:25.999Z</time>
      </trkpt>
      <trkpt lat="46.798022" lon="8.688289">
        <ele>1375.791111</ele>
        <time>2026-08-30T09:38:26.999Z</time>
      </trkpt>
      <trkpt lat="46.798019" lon="8.688293">
        <ele>1375.921661</ele>
        <time>2026-08-30T09:38:27.999Z</time>
      </trkpt>
      <trkpt lat="46.798016" lon="8.688299">
        <ele>1376.085142</ele>
        <time>2026-08-30T09:38:28.999Z</time>
      </trkpt>
      <trkpt lat="46.798014" lon="8.688306">
        <ele>1376.252037</ele>
        <time>2026-08-30T09:38:29.999Z</time>
      </trkpt>
      <trkpt lat="46.798011" lon="8.688313">
        <ele>1376.433749</ele>
        <time>2026-08-30T09:38:30.999Z</time>
      </trkpt>
      <trkpt lat="46.798007" lon="8.688320">
        <ele>1376.634375</ele>
        <time>2026-08-30T09:38:31.999Z</time>
      </trkpt>
      <trkpt lat="46.798003" lon="8.688328">
        <ele>1376.852349</ele>
        <time>2026-08-30T09:38:32.999Z</time>
      </trkpt>
      <trkpt lat="46.797999" lon="8.688334">
        <ele>1377.036623</ele>
        <time>2026-08-30T09:38:33.999Z</time>
      </trkpt>
      <trkpt lat="46.797995" lon="8.688339">
        <ele>1377.205832</ele>
        <time>2026-08-30T09:38:34.999Z</time>
      </trkpt>
      <trkpt lat="46.797993" lon="8.688343">
        <ele>1377.314819</ele>
        <time>2026-08-30T09:38:35.999Z</time>
      </trkpt>
      <trkpt lat="46.797992" lon="8.688347">
        <ele>1377.408515</ele>
        <time>2026-08-30T09:38:36.999Z</time>
      </trkpt>
      <trkpt lat="46.797991" lon="8.688351">
        <ele>1377.502211</ele>
        <time>2026-08-30T09:38:37.999Z</time>
      </trkpt>
      <trkpt lat="46.797990" lon="8.688354">
        <ele>1377.575629</ele>
        <time>2026-08-30T09:38:38.999Z</time>
      </trkpt>
      <trkpt lat="46.797991" lon="8.688356">
        <ele>1377.630123</ele>
        <time>2026-08-30T09:38:39.999Z</time>
      </trkpt>
      <trkpt lat="46.797993" lon="8.688357">
        <ele>1377.698066</ele>
        <time>2026-08-30T09:38:40.999Z</time>
      </trkpt>
      <trkpt lat="46.797995" lon="8.688357">
        <ele>1377.762348</ele>
        <time>2026-08-30T09:38:41.999Z</time>
      </trkpt>
      <trkpt lat="46.797998" lon="8.688356">
        <ele>1377.861249</ele>
        <time>2026-08-30T09:38:42.999Z</time>
      </trkpt>
      <trkpt lat="46.798001" lon="8.688354">
        <ele>1377.967239</ele>
        <time>2026-08-30T09:38:43.999Z</time>
      </trkpt>
      <trkpt lat="46.798005" lon="8.688352">
        <ele>1378.103125</ele>
        <time>2026-08-30T09:38:44.999Z</time>
      </trkpt>
      <trkpt lat="46.798007" lon="8.688351">
        <ele>1378.171068</ele>
        <time>2026-08-30T09:38:45.999Z</time>
      </trkpt>
      <trkpt lat="46.798009" lon="8.688350">
        <ele>1378.239011</ele>
        <time>2026-08-30T09:38:46.999Z</time>
      </trkpt>
      <trkpt lat="46.798012" lon="8.688350">
        <ele>1378.335434</ele>
        <time>2026-08-30T09:38:47.999Z</time>
      </trkpt>
      <trkpt lat="46.798015" lon="8.688350">
        <ele>1378.431857</ele>
        <time>2026-08-30T09:38:48.999Z</time>
      </trkpt>
      <trkpt lat="46.798017" lon="8.688348">
        <ele>1378.509758</ele>
        <time>2026-08-30T09:38:49.999Z</time>
      </trkpt>
      <trkpt lat="46.798019" lon="8.688345">
        <ele>1378.601896</ele>
        <time>2026-08-30T09:38:50.999Z</time>
      </trkpt>
      <trkpt lat="46.798021" lon="8.688341">
        <ele>1378.710882</ele>
        <time>2026-08-30T09:38:51.999Z</time>
      </trkpt>
      <trkpt lat="46.798024" lon="8.688339">
        <ele>1378.816872</ele>
        <time>2026-08-30T09:38:52.999Z</time>
      </trkpt>
      <trkpt lat="46.798028" lon="8.688337">
        <ele>1378.952759</ele>
        <time>2026-08-30T09:38:53.999Z</time>
      </trkpt>
      <trkpt lat="46.798032" lon="8.688337">
        <ele>1379.081322</ele>
        <time>2026-08-30T09:38:54.999Z</time>
      </trkpt>
      <trkpt lat="46.798033" lon="8.688337">
        <ele>1379.113463</ele>
        <time>2026-08-30T09:38:55.999Z</time>
      </trkpt>
      <trkpt lat="46.798033" lon="8.688337">
        <ele>1379.113463</ele>
        <time>2026-08-30T09:38:56.999Z</time>
      </trkpt>
      <trkpt lat="46.798033" lon="8.688338">
        <ele>1379.135466</ele>
        <time>2026-08-30T09:38:57.999Z</time>
      </trkpt>
      <trkpt lat="46.798033" lon="8.688339">
        <ele>1379.157469</ele>
        <time>2026-08-30T09:38:58.999Z</time>
      </trkpt>
      <trkpt lat="46.798034" lon="8.688340">
        <ele>1379.196419</ele>
        <time>2026-08-30T09:38:59.999Z</time>
      </trkpt>
      <trkpt lat="46.798034" lon="8.688341">
        <ele>1379.218422</ele>
        <time>2026-08-30T09:39:00.999Z</time>
      </trkpt>
      <trkpt lat="46.798035" lon="8.688342">
        <ele>1379.257373</ele>
        <time>2026-08-30T09:39:01.999Z</time>
      </trkpt>
      <trkpt lat="46.798036" lon="8.688343">
        <ele>1379.296324</ele>
        <time>2026-08-30T09:39:02.999Z</time>
      </trkpt>
      <trkpt lat="46.798037" lon="8.688343">
        <ele>1379.328465</ele>
        <time>2026-08-30T09:39:03.999Z</time>
      </trkpt>
      <trkpt lat="46.798038" lon="8.688343">
        <ele>1379.360606</ele>
        <time>2026-08-30T09:39:04.999Z</time>
      </trkpt>
      <trkpt lat="46.798041" lon="8.688342">
        <ele>1379.459507</ele>
        <time>2026-08-30T09:39:05.999Z</time>
      </trkpt>
      <trkpt lat="46.798043" lon="8.688342">
        <ele>1379.523789</ele>
        <time>2026-08-30T09:39:06.999Z</time>
      </trkpt>
      <trkpt lat="46.798047" lon="8.688341">
        <ele>1379.654222</ele>
        <time>2026-08-30T09:39:07.999Z</time>
      </trkpt>
      <trkpt lat="46.798051" lon="8.688341">
        <ele>1379.782785</ele>
        <time>2026-08-30T09:39:08.999Z</time>
      </trkpt>
      <trkpt lat="46.798056" lon="8.688342">
        <ele>1379.944989</ele>
        <time>2026-08-30T09:39:09.999Z</time>
      </trkpt>
      <trkpt lat="46.798062" lon="8.688343">
        <ele>1380.139086</ele>
        <time>2026-08-30T09:39:10.999Z</time>
      </trkpt>
      <trkpt lat="46.798068" lon="8.688344">
        <ele>1380.333183</ele>
        <time>2026-08-30T09:39:11.999Z</time>
      </trkpt>
      <trkpt lat="46.798074" lon="8.688343">
        <ele>1380.527279</ele>
        <time>2026-08-30T09:39:12.999Z</time>
      </trkpt>
      <trkpt lat="46.798078" lon="8.688342">
        <ele>1380.657712</ele>
        <time>2026-08-30T09:39:13.999Z</time>
      </trkpt>
      <trkpt lat="46.798083" lon="8.688340">
        <ele>1380.824333</ele>
        <time>2026-08-30T09:39:14.999Z</time>
      </trkpt>
      <trkpt lat="46.798089" lon="8.688338">
        <ele>1381.022135</ele>
        <time>2026-08-30T09:39:15.999Z</time>
      </trkpt>
      <trkpt lat="46.798096" lon="8.688336">
        <ele>1381.251385</ele>
        <time>2026-08-30T09:39:16.999Z</time>
      </trkpt>
      <trkpt lat="46.798102" lon="8.688333">
        <ele>1381.455215</ele>
        <time>2026-08-30T09:39:17.999Z</time>
      </trkpt>
      <trkpt lat="46.798108" lon="8.688331">
        <ele>1381.653017</ele>
        <time>2026-08-30T09:39:18.999Z</time>
      </trkpt>
      <trkpt lat="46.798113" lon="8.688329">
        <ele>1381.819638</ele>
        <time>2026-08-30T09:39:19.999Z</time>
      </trkpt>
      <trkpt lat="46.798117" lon="8.688326">
        <ele>1381.964157</ele>
        <time>2026-08-30T09:39:20.999Z</time>
      </trkpt>
      <trkpt lat="46.798121" lon="8.688324">
        <ele>1382.100043</ele>
        <time>2026-08-30T09:39:21.999Z</time>
      </trkpt>
      <trkpt lat="46.798123" lon="8.688320">
        <ele>1382.209030</ele>
        <time>2026-08-30T09:39:22.999Z</time>
      </trkpt>
      <trkpt lat="46.798124" lon="8.688316">
        <ele>1382.302726</ele>
        <time>2026-08-30T09:39:23.999Z</time>
      </trkpt>
      <trkpt lat="46.798125" lon="8.688313">
        <ele>1382.376143</ele>
        <time>2026-08-30T09:39:24.999Z</time>
      </trkpt>
      <trkpt lat="46.798125" lon="8.688309">
        <ele>1382.464154</ele>
        <time>2026-08-30T09:39:25.999Z</time>
      </trkpt>
      <trkpt lat="46.798126" lon="8.688307">
        <ele>1382.518648</ele>
        <time>2026-08-30T09:39:26.999Z</time>
      </trkpt>
      <trkpt lat="46.798128" lon="8.688305">
        <ele>1382.596549</ele>
        <time>2026-08-30T09:39:27.999Z</time>
      </trkpt>
      <trkpt lat="46.798132" lon="8.688305">
        <ele>1382.725113</ele>
        <time>2026-08-30T09:39:28.999Z</time>
      </trkpt>
      <trkpt lat="46.798136" lon="8.688306">
        <ele>1382.855546</ele>
        <time>2026-08-30T09:39:29.999Z</time>
      </trkpt>
      <trkpt lat="46.798139" lon="8.688308">
        <ele>1382.961535</ele>
        <time>2026-08-30T09:39:30.999Z</time>
      </trkpt>
      <trkpt lat="46.798143" lon="8.688311">
        <ele>1383.106054</ele>
        <time>2026-08-30T09:39:31.999Z</time>
      </trkpt>
      <trkpt lat="46.798147" lon="8.688316">
        <ele>1383.275263</ele>
        <time>2026-08-30T09:39:32.999Z</time>
      </trkpt>
      <trkpt lat="46.798149" lon="8.688321">
        <ele>1383.402680</ele>
        <time>2026-08-30T09:39:33.999Z</time>
      </trkpt>
      <trkpt lat="46.798151" lon="8.688325">
        <ele>1383.511667</ele>
        <time>2026-08-30T09:39:34.999Z</time>
      </trkpt>
      <trkpt lat="46.798152" lon="8.688327">
        <ele>1383.566160</ele>
        <time>2026-08-30T09:39:35.999Z</time>
      </trkpt>
      <trkpt lat="46.798153" lon="8.688328">
        <ele>1383.605111</ele>
        <time>2026-08-30T09:39:36.999Z</time>
      </trkpt>
      <trkpt lat="46.798156" lon="8.688328">
        <ele>1383.701534</ele>
        <time>2026-08-30T09:39:37.999Z</time>
      </trkpt>
      <trkpt lat="46.798161" lon="8.688327">
        <ele>1383.863738</ele>
        <time>2026-08-30T09:39:38.999Z</time>
      </trkpt>
      <trkpt lat="46.798169" lon="8.688326">
        <ele>1384.121805</ele>
        <time>2026-08-30T09:39:39.999Z</time>
      </trkpt>
      <trkpt lat="46.798178" lon="8.688324">
        <ele>1384.414401</ele>
        <time>2026-08-30T09:39:40.999Z</time>
      </trkpt>
      <trkpt lat="46.798187" lon="8.688324">
        <ele>1384.703669</ele>
        <time>2026-08-30T09:39:41.999Z</time>
      </trkpt>
      <trkpt lat="46.798195" lon="8.688325">
        <ele>1384.961736</ele>
        <time>2026-08-30T09:39:42.999Z</time>
      </trkpt>
      <trkpt lat="46.798200" lon="8.688326">
        <ele>1385.123940</ele>
        <time>2026-08-30T09:39:43.999Z</time>
      </trkpt>
      <trkpt lat="46.798205" lon="8.688326">
        <ele>1385.284645</ele>
        <time>2026-08-30T09:39:44.999Z</time>
      </trkpt>
      <trkpt lat="46.798209" lon="8.688329">
        <ele>1385.429164</ele>
        <time>2026-08-30T09:39:45.999Z</time>
      </trkpt>
      <trkpt lat="46.798214" lon="8.688332">
        <ele>1385.593693</ele>
        <time>2026-08-30T09:39:46.999Z</time>
      </trkpt>
      <trkpt lat="46.798218" lon="8.688335">
        <ele>1385.727321</ele>
        <time>2026-08-30T09:39:47.999Z</time>
      </trkpt>
      <trkpt lat="46.798222" lon="8.688336">
        <ele>1385.847925</ele>
        <time>2026-08-30T09:39:48.999Z</time>
      </trkpt>
      <trkpt lat="46.798229" lon="8.688336">
        <ele>1386.055956</ele>
        <time>2026-08-30T09:39:49.999Z</time>
      </trkpt>
      <trkpt lat="46.798238" lon="8.688337">
        <ele>1386.324198</ele>
        <time>2026-08-30T09:39:50.999Z</time>
      </trkpt>
      <trkpt lat="46.798248" lon="8.688338">
        <ele>1386.622081</ele>
        <time>2026-08-30T09:39:51.999Z</time>
      </trkpt>
      <trkpt lat="46.798259" lon="8.688338">
        <ele>1386.948988</ele>
        <time>2026-08-30T09:39:52.999Z</time>
      </trkpt>
      <trkpt lat="46.798271" lon="8.688338">
        <ele>1387.305613</ele>
        <time>2026-08-30T09:39:53.999Z</time>
      </trkpt>
      <trkpt lat="46.798283" lon="8.688337">
        <ele>1387.662819</ele>
        <time>2026-08-30T09:39:54.999Z</time>
      </trkpt>
      <trkpt lat="46.798294" lon="8.688336">
        <ele>1387.990358</ele>
        <time>2026-08-30T09:39:55.999Z</time>
      </trkpt>
      <trkpt lat="46.798302" lon="8.688335">
        <ele>1388.228977</ele>
        <time>2026-08-30T09:39:56.999Z</time>
      </trkpt>
      <trkpt lat="46.798309" lon="8.688333">
        <ele>1388.440950</ele>
        <time>2026-08-30T09:39:57.999Z</time>
      </trkpt>
      <trkpt lat="46.798318" lon="8.688330">
        <ele>1388.715294</ele>
        <time>2026-08-30T09:39:58.999Z</time>
      </trkpt>
      <trkpt lat="46.798328" lon="8.688326">
        <ele>1389.023423</ele>
        <time>2026-08-30T09:39:59.999Z</time>
      </trkpt>
      <trkpt lat="46.798338" lon="8.688324">
        <ele>1389.323383</ele>
        <time>2026-08-30T09:40:00.999Z</time>
      </trkpt>
      <trkpt lat="46.798346" lon="8.688325">
        <ele>1389.562002</ele>
        <time>2026-08-30T09:40:01.999Z</time>
      </trkpt>
      <trkpt lat="46.798353" lon="8.688327">
        <ele>1389.773975</ele>
        <time>2026-08-30T09:40:02.999Z</time>
      </trkpt>
      <trkpt lat="46.798358" lon="8.688327">
        <ele>1389.922569</ele>
        <time>2026-08-30T09:40:03.999Z</time>
      </trkpt>
      <trkpt lat="46.798364" lon="8.688327">
        <ele>1390.100882</ele>
        <time>2026-08-30T09:40:04.999Z</time>
      </trkpt>
      <trkpt lat="46.798369" lon="8.688327">
        <ele>1390.249476</ele>
        <time>2026-08-30T09:40:05.999Z</time>
      </trkpt>
      <trkpt lat="46.798372" lon="8.688326">
        <ele>1390.340924</ele>
        <time>2026-08-30T09:40:06.999Z</time>
      </trkpt>
      <trkpt lat="46.798375" lon="8.688326">
        <ele>1390.430080</ele>
        <time>2026-08-30T09:40:07.999Z</time>
      </trkpt>
      <trkpt lat="46.798378" lon="8.688327">
        <ele>1390.521529</ele>
        <time>2026-08-30T09:40:08.999Z</time>
      </trkpt>
      <trkpt lat="46.798382" lon="8.688329">
        <ele>1390.647174</ele>
        <time>2026-08-30T09:40:09.999Z</time>
      </trkpt>
      <trkpt lat="46.798388" lon="8.688333">
        <ele>1390.843179</ele>
        <time>2026-08-30T09:40:10.999Z</time>
      </trkpt>
      <trkpt lat="46.798396" lon="8.688337">
        <ele>1391.094471</ele>
        <time>2026-08-30T09:40:11.999Z</time>
      </trkpt>
      <trkpt lat="46.798404" lon="8.688340">
        <ele>1391.339930</ele>
        <time>2026-08-30T09:40:12.999Z</time>
      </trkpt>
      <trkpt lat="46.798411" lon="8.688343">
        <ele>1391.556730</ele>
        <time>2026-08-30T09:40:13.999Z</time>
      </trkpt>
      <trkpt lat="46.798418" lon="8.688345">
        <ele>1391.768703</ele>
        <time>2026-08-30T09:40:14.999Z</time>
      </trkpt>
      <trkpt lat="46.798426" lon="8.688346">
        <ele>1392.007322</ele>
        <time>2026-08-30T09:40:15.999Z</time>
      </trkpt>
      <trkpt lat="46.798433" lon="8.688348">
        <ele>1392.219296</ele>
        <time>2026-08-30T09:40:16.999Z</time>
      </trkpt>
      <trkpt lat="46.798438" lon="8.688350">
        <ele>1392.373360</ele>
        <time>2026-08-30T09:40:17.999Z</time>
      </trkpt>
      <trkpt lat="46.798441" lon="8.688351">
        <ele>1392.464808</ele>
        <time>2026-08-30T09:40:18.999Z</time>
      </trkpt>
      <trkpt lat="46.798443" lon="8.688351">
        <ele>1392.524246</ele>
        <time>2026-08-30T09:40:19.999Z</time>
      </trkpt>
      <trkpt lat="46.798445" lon="8.688350">
        <ele>1392.587069</ele>
        <time>2026-08-30T09:40:20.999Z</time>
      </trkpt>
      <trkpt lat="46.798446" lon="8.688349">
        <ele>1392.623084</ele>
        <time>2026-08-30T09:40:21.999Z</time>
      </trkpt>
      <trkpt lat="46.798449" lon="8.688348">
        <ele>1392.714532</ele>
        <time>2026-08-30T09:40:22.999Z</time>
      </trkpt>
      <trkpt lat="46.798453" lon="8.688349">
        <ele>1392.835135</ele>
        <time>2026-08-30T09:40:23.999Z</time>
      </trkpt>
      <trkpt lat="46.798458" lon="8.688350">
        <ele>1392.985116</ele>
        <time>2026-08-30T09:40:24.999Z</time>
      </trkpt>
      <trkpt lat="46.798463" lon="8.688352">
        <ele>1393.139180</ele>
        <time>2026-08-30T09:40:25.999Z</time>
      </trkpt>
      <trkpt lat="46.798468" lon="8.688355">
        <ele>1393.299820</ele>
        <time>2026-08-30T09:40:26.999Z</time>
      </trkpt>
      <trkpt lat="46.798472" lon="8.688359">
        <ele>1393.443881</ele>
        <time>2026-08-30T09:40:27.999Z</time>
      </trkpt>
      <trkpt lat="46.798474" lon="8.688363">
        <ele>1393.544654</ele>
        <time>2026-08-30T09:40:28.999Z</time>
      </trkpt>
      <trkpt lat="46.798473" lon="8.688367">
        <ele>1393.631289</ele>
        <time>2026-08-30T09:40:29.999Z</time>
      </trkpt>
      <trkpt lat="46.798472" lon="8.688372">
        <ele>1393.737264</ele>
        <time>2026-08-30T09:40:30.999Z</time>
      </trkpt>
      <trkpt lat="46.798470" lon="8.688378">
        <ele>1393.873032</ele>
        <time>2026-08-30T09:40:31.999Z</time>
      </trkpt>
      <trkpt lat="46.798468" lon="8.688384">
        <ele>1394.008801</ele>
        <time>2026-08-30T09:40:32.999Z</time>
      </trkpt>
      <trkpt lat="46.798465" lon="8.688392">
        <ele>1394.194377</ele>
        <time>2026-08-30T09:40:33.999Z</time>
      </trkpt>
      <trkpt lat="46.798462" lon="8.688400">
        <ele>1394.379952</ele>
        <time>2026-08-30T09:40:34.999Z</time>
      </trkpt>
      <trkpt lat="46.798460" lon="8.688408">
        <ele>1394.553222</ele>
        <time>2026-08-30T09:40:35.999Z</time>
      </trkpt>
      <trkpt lat="46.798457" lon="8.688415">
        <ele>1394.721239</ele>
        <time>2026-08-30T09:40:36.999Z</time>
      </trkpt>
      <trkpt lat="46.798454" lon="8.688422">
        <ele>1394.889257</ele>
        <time>2026-08-30T09:40:37.999Z</time>
      </trkpt>
      <trkpt lat="46.798452" lon="8.688429">
        <ele>1395.043574</ele>
        <time>2026-08-30T09:40:38.999Z</time>
      </trkpt>
      <trkpt lat="46.798450" lon="8.688434">
        <ele>1395.161389</ele>
        <time>2026-08-30T09:40:39.999Z</time>
      </trkpt>
      <trkpt lat="46.798448" lon="8.688438">
        <ele>1395.262162</ele>
        <time>2026-08-30T09:40:40.999Z</time>
      </trkpt>
      <trkpt lat="46.798446" lon="8.688441">
        <ele>1395.347355</ele>
        <time>2026-08-30T09:40:41.999Z</time>
      </trkpt>
      <trkpt lat="46.798445" lon="8.688444">
        <ele>1395.415240</ele>
        <time>2026-08-30T09:40:42.999Z</time>
      </trkpt>
      <trkpt lat="46.798443" lon="8.688448">
        <ele>1395.516013</ele>
        <time>2026-08-30T09:40:43.999Z</time>
      </trkpt>
      <trkpt lat="46.798439" lon="8.688451">
        <ele>1395.649640</ele>
        <time>2026-08-30T09:40:44.999Z</time>
      </trkpt>
      <trkpt lat="46.798436" lon="8.688453">
        <ele>1395.747643</ele>
        <time>2026-08-30T09:40:45.999Z</time>
      </trkpt>
      <trkpt lat="46.798434" lon="8.688454">
        <ele>1395.810466</ele>
        <time>2026-08-30T09:40:46.999Z</time>
      </trkpt>
      <trkpt lat="46.798433" lon="8.688454">
        <ele>1395.840184</ele>
        <time>2026-08-30T09:40:47.999Z</time>
      </trkpt>
      <trkpt lat="46.798433" lon="8.688454">
        <ele>1395.840184</ele>
        <time>2026-08-30T09:40:48.999Z</time>
      </trkpt>
      <trkpt lat="46.798433" lon="8.688454">
        <ele>1395.840184</ele>
        <time>2026-08-30T09:40:49.999Z</time>
      </trkpt>
      <trkpt lat="46.798433" lon="8.688454">
        <ele>1395.840184</ele>
        <time>2026-08-30T09:40:50.999Z</time>
      </trkpt>
      <trkpt lat="46.798434" lon="8.688454">
        <ele>1395.869903</ele>
        <time>2026-08-30T09:40:51.999Z</time>
      </trkpt>
      <trkpt lat="46.798436" lon="8.688454">
        <ele>1395.929341</ele>
        <time>2026-08-30T09:40:52.999Z</time>
      </trkpt>
      <trkpt lat="46.798438" lon="8.688454">
        <ele>1395.988778</ele>
        <time>2026-08-30T09:40:53.999Z</time>
      </trkpt>
      <trkpt lat="46.798440" lon="8.688454">
        <ele>1396.048216</ele>
        <time>2026-08-30T09:40:54.999Z</time>
      </trkpt>
      <trkpt lat="46.798441" lon="8.688456">
        <ele>1396.098602</ele>
        <time>2026-08-30T09:40:55.999Z</time>
      </trkpt>
      <trkpt lat="46.798442" lon="8.688458">
        <ele>1396.148989</ele>
        <time>2026-08-30T09:40:56.999Z</time>
      </trkpt>
      <trkpt lat="46.798442" lon="8.688461">
        <ele>1396.210022</ele>
        <time>2026-08-30T09:40:57.999Z</time>
      </trkpt>
      <trkpt lat="46.798441" lon="8.688466">
        <ele>1396.315997</ele>
        <time>2026-08-30T09:40:58.999Z</time>
      </trkpt>
      <trkpt lat="46.798439" lon="8.688472">
        <ele>1396.451766</ele>
        <time>2026-08-30T09:40:59.999Z</time>
      </trkpt>
      <trkpt lat="46.798436" lon="8.688480">
        <ele>1396.637342</ele>
        <time>2026-08-30T09:41:00.999Z</time>
      </trkpt>
      <trkpt lat="46.798432" lon="8.688486">
        <ele>1396.807729</ele>
        <time>2026-08-30T09:41:01.999Z</time>
      </trkpt>
      <trkpt lat="46.798428" lon="8.688492">
        <ele>1396.978115</ele>
        <time>2026-08-30T09:41:02.999Z</time>
      </trkpt>
      <trkpt lat="46.798425" lon="8.688496">
        <ele>1397.098827</ele>
        <time>2026-08-30T09:41:03.999Z</time>
      </trkpt>
      <trkpt lat="46.798422" lon="8.688500">
        <ele>1397.219538</ele>
        <time>2026-08-30T09:41:04.999Z</time>
      </trkpt>
      <trkpt lat="46.798420" lon="8.688503">
        <ele>1397.304731</ele>
        <time>2026-08-30T09:41:05.999Z</time>
      </trkpt>
      <trkpt lat="46.798417" lon="8.688505">
        <ele>1397.402734</ele>
        <time>2026-08-30T09:41:06.999Z</time>
      </trkpt>
      <trkpt lat="46.798415" lon="8.688505">
        <ele>1397.462171</ele>
        <time>2026-08-30T09:41:07.999Z</time>
      </trkpt>
      <trkpt lat="46.798414" lon="8.688505">
        <ele>1397.491890</ele>
        <time>2026-08-30T09:41:08.999Z</time>
      </trkpt>
      <trkpt lat="46.798414" lon="8.688505">
        <ele>1397.491890</ele>
        <time>2026-08-30T09:41:09.999Z</time>
      </trkpt>
      <trkpt lat="46.798413" lon="8.688506">
        <ele>1397.527905</ele>
        <time>2026-08-30T09:41:10.999Z</time>
      </trkpt>
      <trkpt lat="46.798413" lon="8.688506">
        <ele>1397.527905</ele>
        <time>2026-08-30T09:41:11.999Z</time>
      </trkpt>
      <trkpt lat="46.798412" lon="8.688507">
        <ele>1397.563921</ele>
        <time>2026-08-30T09:41:12.999Z</time>
      </trkpt>
      <trkpt lat="46.798411" lon="8.688507">
        <ele>1397.593640</ele>
        <time>2026-08-30T09:41:13.999Z</time>
      </trkpt>
      <trkpt lat="46.798410" lon="8.688509">
        <ele>1397.644026</ele>
        <time>2026-08-30T09:41:14.999Z</time>
      </trkpt>
      <trkpt lat="46.798408" lon="8.688512">
        <ele>1397.729219</ele>
        <time>2026-08-30T09:41:15.999Z</time>
      </trkpt>
      <trkpt lat="46.798405" lon="8.688516">
        <ele>1397.849931</ele>
        <time>2026-08-30T09:41:16.999Z</time>
      </trkpt>
      <trkpt lat="46.798402" lon="8.688522">
        <ele>1398.001090</ele>
        <time>2026-08-30T09:41:17.999Z</time>
      </trkpt>
      <trkpt lat="46.798399" lon="8.688530">
        <ele>1398.186666</ele>
        <time>2026-08-30T09:41:18.999Z</time>
      </trkpt>
      <trkpt lat="46.798395" lon="8.688540">
        <ele>1398.422296</ele>
        <time>2026-08-30T09:41:19.999Z</time>
      </trkpt>
      <trkpt lat="46.798391" lon="8.688549">
        <ele>1398.640601</ele>
        <time>2026-08-30T09:41:20.999Z</time>
      </trkpt>
      <trkpt lat="46.798387" lon="8.688559">
        <ele>1398.876230</ele>
        <time>2026-08-30T09:41:21.999Z</time>
      </trkpt>
      <trkpt lat="46.798382" lon="8.688568">
        <ele>1399.112040</ele>
        <time>2026-08-30T09:41:22.999Z</time>
      </trkpt>
      <trkpt lat="46.798377" lon="8.688577">
        <ele>1399.347849</ele>
        <time>2026-08-30T09:41:23.999Z</time>
      </trkpt>
      <trkpt lat="46.798372" lon="8.688584">
        <ele>1399.553667</ele>
        <time>2026-08-30T09:41:24.999Z</time>
      </trkpt>
      <trkpt lat="46.798368" lon="8.688589">
        <ele>1399.710124</ele>
        <time>2026-08-30T09:41:25.999Z</time>
      </trkpt>
      <trkpt lat="46.798364" lon="8.688595">
        <ele>1399.880511</ele>
        <time>2026-08-30T09:41:26.999Z</time>
      </trkpt>
      <trkpt lat="46.798360" lon="8.688600">
        <ele>1400.036968</ele>
        <time>2026-08-30T09:41:27.999Z</time>
      </trkpt>
      <trkpt lat="46.798356" lon="8.688605">
        <ele>1400.193425</ele>
        <time>2026-08-30T09:41:28.999Z</time>
      </trkpt>
      <trkpt lat="46.798354" lon="8.688607">
        <ele>1400.265456</ele>
        <time>2026-08-30T09:41:29.999Z</time>
      </trkpt>
      <trkpt lat="46.798353" lon="8.688607">
        <ele>1400.295175</ele>
        <time>2026-08-30T09:41:30.999Z</time>
      </trkpt>
      <trkpt lat="46.798352" lon="8.688606">
        <ele>1400.331190</ele>
        <time>2026-08-30T09:41:31.999Z</time>
      </trkpt>
      <trkpt lat="46.798350" lon="8.688605">
        <ele>1400.394013</ele>
        <time>2026-08-30T09:41:32.999Z</time>
      </trkpt>
      <trkpt lat="46.798349" lon="8.688605">
        <ele>1400.423732</ele>
        <time>2026-08-30T09:41:33.999Z</time>
      </trkpt>
      <trkpt lat="46.798348" lon="8.688605">
        <ele>1400.453450</ele>
        <time>2026-08-30T09:41:34.999Z</time>
      </trkpt>
      <trkpt lat="46.798347" lon="8.688607">
        <ele>1400.503837</ele>
        <time>2026-08-30T09:41:35.999Z</time>
      </trkpt>
      <trkpt lat="46.798346" lon="8.688609">
        <ele>1400.554224</ele>
        <time>2026-08-30T09:41:36.999Z</time>
      </trkpt>
      <trkpt lat="46.798345" lon="8.688612">
        <ele>1400.622108</ele>
        <time>2026-08-30T09:41:37.999Z</time>
      </trkpt>
      <trkpt lat="46.798344" lon="8.688615">
        <ele>1400.689993</ele>
        <time>2026-08-30T09:41:38.999Z</time>
      </trkpt>
      <trkpt lat="46.798343" lon="8.688617">
        <ele>1400.740379</ele>
        <time>2026-08-30T09:41:39.999Z</time>
      </trkpt>
      <trkpt lat="46.798342" lon="8.688619">
        <ele>1400.790766</ele>
        <time>2026-08-30T09:41:40.999Z</time>
      </trkpt>
      <trkpt lat="46.798342" lon="8.688620">
        <ele>1400.811110</ele>
        <time>2026-08-30T09:41:41.999Z</time>
      </trkpt>
      <trkpt lat="46.798342" lon="8.688621">
        <ele>1400.831455</ele>
        <time>2026-08-30T09:41:42.999Z</time>
      </trkpt>
      <trkpt lat="46.798341" lon="8.688623">
        <ele>1400.881841</ele>
        <time>2026-08-30T09:41:43.999Z</time>
      </trkpt>
      <trkpt lat="46.798340" lon="8.688626">
        <ele>1400.949726</ele>
        <time>2026-08-30T09:41:44.999Z</time>
      </trkpt>
      <trkpt lat="46.798338" lon="8.688629">
        <ele>1401.034919</ele>
        <time>2026-08-30T09:41:45.999Z</time>
      </trkpt>
      <trkpt lat="46.798335" lon="8.688633">
        <ele>1401.155631</ele>
        <time>2026-08-30T09:41:46.999Z</time>
      </trkpt>
      <trkpt lat="46.798332" lon="8.688636">
        <ele>1401.263677</ele>
        <time>2026-08-30T09:41:47.999Z</time>
      </trkpt>
      <trkpt lat="46.798328" lon="8.688639">
        <ele>1401.397305</ele>
        <time>2026-08-30T09:41:48.999Z</time>
      </trkpt>
      <trkpt lat="46.798324" lon="8.688643">
        <ele>1401.541366</ele>
        <time>2026-08-30T09:41:49.999Z</time>
      </trkpt>
      <trkpt lat="46.798321" lon="8.688647">
        <ele>1401.662078</ele>
        <time>2026-08-30T09:41:50.999Z</time>
      </trkpt>
      <trkpt lat="46.798318" lon="8.688652">
        <ele>1401.797342</ele>
        <time>2026-08-30T09:41:51.999Z</time>
      </trkpt>
      <trkpt lat="46.798315" lon="8.688657">
        <ele>1401.932606</ele>
        <time>2026-08-30T09:41:52.999Z</time>
      </trkpt>
      <trkpt lat="46.798314" lon="8.688660">
        <ele>1402.000490</ele>
        <time>2026-08-30T09:41:53.999Z</time>
      </trkpt>
      <trkpt lat="46.798313" lon="8.688664">
        <ele>1402.087125</ele>
        <time>2026-08-30T09:41:54.999Z</time>
      </trkpt>
      <trkpt lat="46.798312" lon="8.688667">
        <ele>1402.155010</ele>
        <time>2026-08-30T09:41:55.999Z</time>
      </trkpt>
      <trkpt lat="46.798311" lon="8.688671">
        <ele>1402.241645</ele>
        <time>2026-08-30T09:41:56.999Z</time>
      </trkpt>
      <trkpt lat="46.798309" lon="8.688675">
        <ele>1402.342418</ele>
        <time>2026-08-30T09:41:57.999Z</time>
      </trkpt>
      <trkpt lat="46.798307" lon="8.688678">
        <ele>1402.427611</ele>
        <time>2026-08-30T09:41:58.999Z</time>
      </trkpt>
      <trkpt lat="46.798303" lon="8.688681">
        <ele>1402.561239</ele>
        <time>2026-08-30T09:41:59.999Z</time>
      </trkpt>
      <trkpt lat="46.798299" lon="8.688685">
        <ele>1402.705301</ele>
        <time>2026-08-30T09:42:00.999Z</time>
      </trkpt>
      <trkpt lat="46.798295" lon="8.688688">
        <ele>1402.838929</ele>
        <time>2026-08-30T09:42:01.999Z</time>
      </trkpt>
      <trkpt lat="46.798291" lon="8.688691">
        <ele>1402.972556</ele>
        <time>2026-08-30T09:42:02.999Z</time>
      </trkpt>
      <trkpt lat="46.798288" lon="8.688694">
        <ele>1403.080602</ele>
        <time>2026-08-30T09:42:03.999Z</time>
      </trkpt>
      <trkpt lat="46.798286" lon="8.688696">
        <ele>1403.152633</ele>
        <time>2026-08-30T09:42:04.999Z</time>
      </trkpt>
      <trkpt lat="46.798284" lon="8.688698">
        <ele>1403.224664</ele>
        <time>2026-08-30T09:42:05.999Z</time>
      </trkpt>
      <trkpt lat="46.798282" lon="8.688699">
        <ele>1403.287487</ele>
        <time>2026-08-30T09:42:06.999Z</time>
      </trkpt>
      <trkpt lat="46.798280" lon="8.688699">
        <ele>1403.346924</ele>
        <time>2026-08-30T09:42:07.999Z</time>
      </trkpt>
      <trkpt lat="46.798278" lon="8.688699">
        <ele>1403.406362</ele>
        <time>2026-08-30T09:42:08.999Z</time>
      </trkpt>
      <trkpt lat="46.798277" lon="8.688699">
        <ele>1403.436081</ele>
        <time>2026-08-30T09:42:09.999Z</time>
      </trkpt>
      <trkpt lat="46.798276" lon="8.688697">
        <ele>1403.486467</ele>
        <time>2026-08-30T09:42:10.999Z</time>
      </trkpt>
      <trkpt lat="46.798276" lon="8.688694">
        <ele>1403.547501</ele>
        <time>2026-08-30T09:42:11.999Z</time>
      </trkpt>
      <trkpt lat="46.798277" lon="8.688693">
        <ele>1403.583516</ele>
        <time>2026-08-30T09:42:12.999Z</time>
      </trkpt>
      <trkpt lat="46.798278" lon="8.688693">
        <ele>1403.613235</ele>
        <time>2026-08-30T09:42:13.999Z</time>
      </trkpt>
      <trkpt lat="46.798279" lon="8.688695">
        <ele>1403.663622</ele>
        <time>2026-08-30T09:42:14.999Z</time>
      </trkpt>
      <trkpt lat="46.798279" lon="8.688698">
        <ele>1403.724656</ele>
        <time>2026-08-30T09:42:15.999Z</time>
      </trkpt>
      <trkpt lat="46.798278" lon="8.688700">
        <ele>1403.775042</ele>
        <time>2026-08-30T09:42:16.999Z</time>
      </trkpt>
      <trkpt lat="46.798275" lon="8.688702">
        <ele>1403.873044</ele>
        <time>2026-08-30T09:42:17.999Z</time>
      </trkpt>
      <trkpt lat="46.798272" lon="8.688703">
        <ele>1403.964493</ele>
        <time>2026-08-30T09:42:18.999Z</time>
      </trkpt>
      <trkpt lat="46.798268" lon="8.688703">
        <ele>1404.083368</ele>
        <time>2026-08-30T09:42:19.999Z</time>
      </trkpt>
      <trkpt lat="46.798263" lon="8.688704">
        <ele>1404.233348</ele>
        <time>2026-08-30T09:42:20.999Z</time>
      </trkpt>
      <trkpt lat="46.798257" lon="8.688705">
        <ele>1404.412817</ele>
        <time>2026-08-30T09:42:21.999Z</time>
      </trkpt>
      <trkpt lat="46.798251" lon="8.688709">
        <ele>1404.608822</ele>
        <time>2026-08-30T09:42:22.999Z</time>
      </trkpt>
      <trkpt lat="46.798245" lon="8.688714">
        <ele>1404.814110</ele>
        <time>2026-08-30T09:42:23.999Z</time>
      </trkpt>
      <trkpt lat="46.798240" lon="8.688719">
        <ele>1404.994187</ele>
        <time>2026-08-30T09:42:24.999Z</time>
      </trkpt>
      <trkpt lat="46.798235" lon="8.688725">
        <ele>1405.186490</ele>
        <time>2026-08-30T09:42:25.999Z</time>
      </trkpt>
      <trkpt lat="46.798231" lon="8.688732">
        <ele>1405.371996</ele>
        <time>2026-08-30T09:42:26.999Z</time>
      </trkpt>
      <trkpt lat="46.798226" lon="8.688740">
        <ele>1405.592382</ele>
        <time>2026-08-30T09:42:27.999Z</time>
      </trkpt>
      <trkpt lat="46.798223" lon="8.688748">
        <ele>1405.777958</ele>
        <time>2026-08-30T09:42:28.999Z</time>
      </trkpt>
      <trkpt lat="46.798220" lon="8.688755">
        <ele>1405.945976</ele>
        <time>2026-08-30T09:42:29.999Z</time>
      </trkpt>
      <trkpt lat="46.798217" lon="8.688761">
        <ele>1406.097136</ele>
        <time>2026-08-30T09:42:30.999Z</time>
      </trkpt>
      <trkpt lat="46.798214" lon="8.688765">
        <ele>1406.217848</ele>
        <time>2026-08-30T09:42:31.999Z</time>
      </trkpt>
      <trkpt lat="46.798210" lon="8.688770">
        <ele>1406.374305</ele>
        <time>2026-08-30T09:42:32.999Z</time>
      </trkpt>
      <trkpt lat="46.798205" lon="8.688774">
        <ele>1406.543723</ele>
        <time>2026-08-30T09:42:33.999Z</time>
      </trkpt>
      <trkpt lat="46.798200" lon="8.688777">
        <ele>1406.704363</ele>
        <time>2026-08-30T09:42:34.999Z</time>
      </trkpt>
      <trkpt lat="46.798196" lon="8.688780">
        <ele>1406.837991</ele>
        <time>2026-08-30T09:42:35.999Z</time>
      </trkpt>
      <trkpt lat="46.798192" lon="8.688782">
        <ele>1406.963637</ele>
        <time>2026-08-30T09:42:36.999Z</time>
      </trkpt>
      <trkpt lat="46.798188" lon="8.688784">
        <ele>1407.089283</ele>
        <time>2026-08-30T09:42:37.999Z</time>
      </trkpt>
      <trkpt lat="46.798184" lon="8.688787">
        <ele>1407.222911</ele>
        <time>2026-08-30T09:42:38.999Z</time>
      </trkpt>
      <trkpt lat="46.798180" lon="8.688790">
        <ele>1407.356539</ele>
        <time>2026-08-30T09:42:39.999Z</time>
      </trkpt>
      <trkpt lat="46.798177" lon="8.688793">
        <ele>1407.464585</ele>
        <time>2026-08-30T09:42:40.999Z</time>
      </trkpt>
      <trkpt lat="46.798173" lon="8.688797">
        <ele>1407.608647</ele>
        <time>2026-08-30T09:42:41.999Z</time>
      </trkpt>
      <trkpt lat="46.798170" lon="8.688802">
        <ele>1407.743911</ele>
        <time>2026-08-30T09:42:42.999Z</time>
      </trkpt>
      <trkpt lat="46.798167" lon="8.688805">
        <ele>1407.851957</ele>
        <time>2026-08-30T09:42:43.999Z</time>
      </trkpt>
      <trkpt lat="46.798164" lon="8.688809">
        <ele>1407.972669</ele>
        <time>2026-08-30T09:42:44.999Z</time>
      </trkpt>
      <trkpt lat="46.798161" lon="8.688813">
        <ele>1408.093380</ele>
        <time>2026-08-30T09:42:45.999Z</time>
      </trkpt>
      <trkpt lat="46.798158" lon="8.688817">
        <ele>1408.214092</ele>
        <time>2026-08-30T09:42:46.999Z</time>
      </trkpt>
      <trkpt lat="46.798155" lon="8.688820">
        <ele>1408.322138</ele>
        <time>2026-08-30T09:42:47.999Z</time>
      </trkpt>
      <trkpt lat="46.798153" lon="8.688823">
        <ele>1408.407332</ele>
        <time>2026-08-30T09:42:48.999Z</time>
      </trkpt>
      <trkpt lat="46.798151" lon="8.688826">
        <ele>1408.492525</ele>
        <time>2026-08-30T09:42:49.999Z</time>
      </trkpt>
      <trkpt lat="46.798148" lon="8.688830">
        <ele>1408.613237</ele>
        <time>2026-08-30T09:42:50.999Z</time>
      </trkpt>
      <trkpt lat="46.798143" lon="8.688834">
        <ele>1408.782656</ele>
        <time>2026-08-30T09:42:51.999Z</time>
      </trkpt>
      <trkpt lat="46.798138" lon="8.688840">
        <ele>1408.974959</ele>
        <time>2026-08-30T09:42:52.999Z</time>
      </trkpt>
      <trkpt lat="46.798132" lon="8.688845">
        <ele>1409.180247</ele>
        <time>2026-08-30T09:42:53.999Z</time>
      </trkpt>
      <trkpt lat="46.798127" lon="8.688850">
        <ele>1409.360324</ele>
        <time>2026-08-30T09:42:54.999Z</time>
      </trkpt>
      <trkpt lat="46.798124" lon="8.688855">
        <ele>1409.495588</ele>
        <time>2026-08-30T09:42:55.999Z</time>
      </trkpt>
      <trkpt lat="46.798121" lon="8.688862">
        <ele>1409.663606</ele>
        <time>2026-08-30T09:42:56.999Z</time>
      </trkpt>
      <trkpt lat="46.798116" lon="8.688869">
        <ele>1409.869425</ele>
        <time>2026-08-30T09:42:57.999Z</time>
      </trkpt>
      <trkpt lat="46.798110" lon="8.688876">
        <ele>1410.097628</ele>
        <time>2026-08-30T09:42:58.999Z</time>
      </trkpt>
      <trkpt lat="46.798104" lon="8.688883">
        <ele>1410.325832</ele>
        <time>2026-08-30T09:42:59.999Z</time>
      </trkpt>
      <trkpt lat="46.798097" lon="8.688889">
        <ele>1410.567032</ele>
        <time>2026-08-30T09:43:00.999Z</time>
      </trkpt>
      <trkpt lat="46.798089" lon="8.688894">
        <ele>1410.825630</ele>
        <time>2026-08-30T09:43:01.999Z</time>
      </trkpt>
      <trkpt lat="46.798081" lon="8.688901">
        <ele>1411.102769</ele>
        <time>2026-08-30T09:43:02.999Z</time>
      </trkpt>
      <trkpt lat="46.798072" lon="8.688907">
        <ele>1411.396777</ele>
        <time>2026-08-30T09:43:03.999Z</time>
      </trkpt>
      <trkpt lat="46.798063" lon="8.688912">
        <ele>1411.682936</ele>
        <time>2026-08-30T09:43:04.999Z</time>
      </trkpt>
      <trkpt lat="46.798055" lon="8.688916">
        <ele>1411.934228</ele>
        <time>2026-08-30T09:43:05.999Z</time>
      </trkpt>
      <trkpt lat="46.798049" lon="8.688920">
        <ele>1412.130233</ele>
        <time>2026-08-30T09:43:06.999Z</time>
      </trkpt>
      <trkpt lat="46.798044" lon="8.688922">
        <ele>1412.284297</ele>
        <time>2026-08-30T09:43:07.999Z</time>
      </trkpt>
      <trkpt lat="46.798039" lon="8.688923">
        <ele>1412.434277</ele>
        <time>2026-08-30T09:43:08.999Z</time>
      </trkpt>
      <trkpt lat="46.798033" lon="8.688924">
        <ele>1412.613747</ele>
        <time>2026-08-30T09:43:09.999Z</time>
      </trkpt>
      <trkpt lat="46.798025" lon="8.688926">
        <ele>1412.854954</ele>
        <time>2026-08-30T09:43:10.999Z</time>
      </trkpt>
      <trkpt lat="46.798018" lon="8.688928">
        <ele>1413.066927</ele>
        <time>2026-08-30T09:43:11.999Z</time>
      </trkpt>
      <trkpt lat="46.798012" lon="8.688930">
        <ele>1413.249824</ele>
        <time>2026-08-30T09:43:12.999Z</time>
      </trkpt>
      <trkpt lat="46.798007" lon="8.688932">
        <ele>1413.403888</ele>
        <time>2026-08-30T09:43:13.999Z</time>
      </trkpt>
      <trkpt lat="46.798002" lon="8.688934">
        <ele>1413.557952</ele>
        <time>2026-08-30T09:43:14.999Z</time>
      </trkpt>
      <trkpt lat="46.797996" lon="8.688935">
        <ele>1413.737421</ele>
        <time>2026-08-30T09:43:15.999Z</time>
      </trkpt>
      <trkpt lat="46.797989" lon="8.688937">
        <ele>1413.949395</ele>
        <time>2026-08-30T09:43:16.999Z</time>
      </trkpt>
      <trkpt lat="46.797984" lon="8.688938">
        <ele>1414.099375</ele>
        <time>2026-08-30T09:43:17.999Z</time>
      </trkpt>
      <trkpt lat="46.797980" lon="8.688938">
        <ele>1414.218250</ele>
        <time>2026-08-30T09:43:18.999Z</time>
      </trkpt>
      <trkpt lat="46.797977" lon="8.688938">
        <ele>1414.307407</ele>
        <time>2026-08-30T09:43:19.999Z</time>
      </trkpt>
      <trkpt lat="46.797975" lon="8.688938">
        <ele>1414.366844</ele>
        <time>2026-08-30T09:43:20.999Z</time>
      </trkpt>
      <trkpt lat="46.797974" lon="8.688938">
        <ele>1414.396563</ele>
        <time>2026-08-30T09:43:21.999Z</time>
      </trkpt>
      <trkpt lat="46.797973" lon="8.688938">
        <ele>1414.426282</ele>
        <time>2026-08-30T09:43:22.999Z</time>
      </trkpt>
      <trkpt lat="46.797972" lon="8.688938">
        <ele>1414.456000</ele>
        <time>2026-08-30T09:43:23.999Z</time>
      </trkpt>
      <trkpt lat="46.797970" lon="8.688938">
        <ele>1414.515438</ele>
        <time>2026-08-30T09:43:24.999Z</time>
      </trkpt>
      <trkpt lat="46.797968" lon="8.688938">
        <ele>1414.574876</ele>
        <time>2026-08-30T09:43:25.999Z</time>
      </trkpt>
      <trkpt lat="46.797966" lon="8.688937">
        <ele>1414.637699</ele>
        <time>2026-08-30T09:43:26.999Z</time>
      </trkpt>
      <trkpt lat="46.797962" lon="8.688936">
        <ele>1414.758302</ele>
        <time>2026-08-30T09:43:27.999Z</time>
      </trkpt>
      <trkpt lat="46.797959" lon="8.688933">
        <ele>1414.866348</ele>
        <time>2026-08-30T09:43:28.999Z</time>
      </trkpt>
      <trkpt lat="46.797955" lon="8.688928">
        <ele>1415.022806</ele>
        <time>2026-08-30T09:43:29.999Z</time>
      </trkpt>
      <trkpt lat="46.797950" lon="8.688922">
        <ele>1415.215110</ele>
        <time>2026-08-30T09:43:30.999Z</time>
      </trkpt>
      <trkpt lat="46.797948" lon="8.688918">
        <ele>1415.315883</ele>
        <time>2026-08-30T09:43:31.999Z</time>
      </trkpt>
      <trkpt lat="46.797948" lon="8.688918">
        <ele>1415.315883</ele>
        <time>2026-08-30T09:43:32.999Z</time>
      </trkpt>
      <trkpt lat="46.797947" lon="8.688918">
        <ele>1415.345602</ele>
        <time>2026-08-30T09:43:33.999Z</time>
      </trkpt>
      <trkpt lat="46.797947" lon="8.688919">
        <ele>1415.365947</ele>
        <time>2026-08-30T09:43:34.999Z</time>
      </trkpt>
      <trkpt lat="46.797945" lon="8.688919">
        <ele>1415.425384</ele>
        <time>2026-08-30T09:43:35.999Z</time>
      </trkpt>
      <trkpt lat="46.797944" lon="8.688919">
        <ele>1415.455103</ele>
        <time>2026-08-30T09:43:36.999Z</time>
      </trkpt>
      <trkpt lat="46.797943" lon="8.688922">
        <ele>1415.522988</ele>
        <time>2026-08-30T09:43:37.999Z</time>
      </trkpt>
      <trkpt lat="46.797943" lon="8.688925">
        <ele>1415.584022</ele>
        <time>2026-08-30T09:43:38.999Z</time>
      </trkpt>
      <trkpt lat="46.797942" lon="8.688929">
        <ele>1415.670658</ele>
        <time>2026-08-30T09:43:39.999Z</time>
      </trkpt>
      <trkpt lat="46.797941" lon="8.688934">
        <ele>1415.776633</ele>
        <time>2026-08-30T09:43:40.999Z</time>
      </trkpt>
      <trkpt lat="46.797939" lon="8.688938">
        <ele>1415.877407</ele>
        <time>2026-08-30T09:43:41.999Z</time>
      </trkpt>
      <trkpt lat="46.797936" lon="8.688942">
        <ele>1415.998119</ele>
        <time>2026-08-30T09:43:42.999Z</time>
      </trkpt>
      <trkpt lat="46.797934" lon="8.688946">
        <ele>1416.098892</ele>
        <time>2026-08-30T09:43:43.999Z</time>
      </trkpt>
      <trkpt lat="46.797933" lon="8.688951">
        <ele>1416.204868</ele>
        <time>2026-08-30T09:43:44.999Z</time>
      </trkpt>
      <trkpt lat="46.797930" lon="8.688957">
        <ele>1416.356029</ele>
        <time>2026-08-30T09:43:45.999Z</time>
      </trkpt>
      <trkpt lat="46.797928" lon="8.688963">
        <ele>1416.491799</ele>
        <time>2026-08-30T09:43:46.999Z</time>
      </trkpt>
      <trkpt lat="46.797926" lon="8.688967">
        <ele>1416.592572</ele>
        <time>2026-08-30T09:43:47.999Z</time>
      </trkpt>
      <trkpt lat="46.797925" lon="8.688970">
        <ele>1416.660457</ele>
        <time>2026-08-30T09:43:48.999Z</time>
      </trkpt>
      <trkpt lat="46.797923" lon="8.688973">
        <ele>1416.745651</ele>
        <time>2026-08-30T09:43:49.999Z</time>
      </trkpt>
      <trkpt lat="46.797921" lon="8.688976">
        <ele>1416.830845</ele>
        <time>2026-08-30T09:43:50.999Z</time>
      </trkpt>
      <trkpt lat="46.797919" lon="8.688979">
        <ele>1416.916039</ele>
        <time>2026-08-30T09:43:51.999Z</time>
      </trkpt>
      <trkpt lat="46.797917" lon="8.688982">
        <ele>1417.001232</ele>
        <time>2026-08-30T09:43:52.999Z</time>
      </trkpt>
      <trkpt lat="46.797916" lon="8.688983">
        <ele>1417.037248</ele>
        <time>2026-08-30T09:43:53.999Z</time>
      </trkpt>
      <trkpt lat="46.797914" lon="8.688982">
        <ele>1417.100071</ele>
        <time>2026-08-30T09:43:54.999Z</time>
      </trkpt>
      <trkpt lat="46.797912" lon="8.688980">
        <ele>1417.172102</ele>
        <time>2026-08-30T09:43:55.999Z</time>
      </trkpt>
      <trkpt lat="46.797911" lon="8.688977">
        <ele>1417.239987</ele>
        <time>2026-08-30T09:43:56.999Z</time>
      </trkpt>
      <trkpt lat="46.797910" lon="8.688974">
        <ele>1417.307872</ele>
        <time>2026-08-30T09:43:57.999Z</time>
      </trkpt>
      <trkpt lat="46.797909" lon="8.688972">
        <ele>1417.358258</ele>
        <time>2026-08-30T09:43:58.999Z</time>
      </trkpt>
      <trkpt lat="46.797908" lon="8.688971">
        <ele>1417.394274</ele>
        <time>2026-08-30T09:43:59.999Z</time>
      </trkpt>
      <trkpt lat="46.797908" lon="8.688971">
        <ele>1417.394274</ele>
        <time>2026-08-30T09:44:00.999Z</time>
      </trkpt>
      <trkpt lat="46.797908" lon="8.688973">
        <ele>1417.434963</ele>
        <time>2026-08-30T09:44:01.999Z</time>
      </trkpt>
      <trkpt lat="46.797908" lon="8.688976">
        <ele>1417.495997</ele>
        <time>2026-08-30T09:44:02.999Z</time>
      </trkpt>
      <trkpt lat="46.797908" lon="8.688979">
        <ele>1417.557031</ele>
        <time>2026-08-30T09:44:03.999Z</time>
      </trkpt>
      <trkpt lat="46.797908" lon="8.688982">
        <ele>1417.618066</ele>
        <time>2026-08-30T09:44:04.999Z</time>
      </trkpt>
      <trkpt lat="46.797908" lon="8.688985">
        <ele>1417.679100</ele>
        <time>2026-08-30T09:44:05.999Z</time>
      </trkpt>
      <trkpt lat="46.797908" lon="8.688988">
        <ele>1417.740134</ele>
        <time>2026-08-30T09:44:06.999Z</time>
      </trkpt>
      <trkpt lat="46.797907" lon="8.688990">
        <ele>1417.790521</ele>
        <time>2026-08-30T09:44:07.999Z</time>
      </trkpt>
      <trkpt lat="46.797907" lon="8.688991">
        <ele>1417.810865</ele>
        <time>2026-08-30T09:44:08.999Z</time>
      </trkpt>
      <trkpt lat="46.797907" lon="8.688991">
        <ele>1417.810865</ele>
        <time>2026-08-30T09:44:09.999Z</time>
      </trkpt>
      <trkpt lat="46.797907" lon="8.688991">
        <ele>1417.810865</ele>
        <time>2026-08-30T09:44:10.999Z</time>
      </trkpt>
      <trkpt lat="46.797907" lon="8.688990">
        <ele>1417.831210</ele>
        <time>2026-08-30T09:44:11.999Z</time>
      </trkpt>
      <trkpt lat="46.797907" lon="8.688990">
        <ele>1417.831210</ele>
        <time>2026-08-30T09:44:12.999Z</time>
      </trkpt>
      <trkpt lat="46.797907" lon="8.688990">
        <ele>1417.831210</ele>
        <time>2026-08-30T09:44:13.999Z</time>
      </trkpt>
      <trkpt lat="46.797908" lon="8.688989">
        <ele>1417.867225</ele>
        <time>2026-08-30T09:44:14.999Z</time>
      </trkpt>
      <trkpt lat="46.797908" lon="8.688989">
        <ele>1417.867225</ele>
        <time>2026-08-30T09:44:15.999Z</time>
      </trkpt>
      <trkpt lat="46.797908" lon="8.688990">
        <ele>1417.887570</ele>
        <time>2026-08-30T09:44:16.999Z</time>
      </trkpt>
      <trkpt lat="46.797908" lon="8.688990">
        <ele>1417.887570</ele>
        <time>2026-08-30T09:44:17.999Z</time>
      </trkpt>
      <trkpt lat="46.797908" lon="8.688991">
        <ele>1417.907915</ele>
        <time>2026-08-30T09:44:18.999Z</time>
      </trkpt>
      <trkpt lat="46.797908" lon="8.688991">
        <ele>1417.907915</ele>
        <time>2026-08-30T09:44:19.999Z</time>
      </trkpt>
      <trkpt lat="46.797908" lon="8.688991">
        <ele>1417.907915</ele>
        <time>2026-08-30T09:44:20.999Z</time>
      </trkpt>
      <trkpt lat="46.797907" lon="8.688992">
        <ele>1417.943930</ele>
        <time>2026-08-30T09:44:21.999Z</time>
      </trkpt>
      <trkpt lat="46.797907" lon="8.688992">
        <ele>1417.943930</ele>
        <time>2026-08-30T09:44:22.999Z</time>
      </trkpt>
      <trkpt lat="46.797906" lon="8.688992">
        <ele>1417.973649</ele>
        <time>2026-08-30T09:44:23.999Z</time>
      </trkpt>
      <trkpt lat="46.797904" lon="8.688993">
        <ele>1418.036472</ele>
        <time>2026-08-30T09:44:24.999Z</time>
      </trkpt>
      <trkpt lat="46.797902" lon="8.688995">
        <ele>1418.108503</ele>
        <time>2026-08-30T09:44:25.999Z</time>
      </trkpt>
      <trkpt lat="46.797900" lon="8.688997">
        <ele>1418.180534</ele>
        <time>2026-08-30T09:44:26.999Z</time>
      </trkpt>
      <trkpt lat="46.797897" lon="8.689001">
        <ele>1418.301246</ele>
        <time>2026-08-30T09:44:27.999Z</time>
      </trkpt>
      <trkpt lat="46.797894" lon="8.689006">
        <ele>1418.436510</ele>
        <time>2026-08-30T09:44:28.999Z</time>
      </trkpt>
      <trkpt lat="46.797890" lon="8.689010">
        <ele>1418.580572</ele>
        <time>2026-08-30T09:44:29.999Z</time>
      </trkpt>
      <trkpt lat="46.797886" lon="8.689014">
        <ele>1418.724634</ele>
        <time>2026-08-30T09:44:30.999Z</time>
      </trkpt>
      <trkpt lat="46.797884" lon="8.689016">
        <ele>1418.796665</ele>
        <time>2026-08-30T09:44:31.999Z</time>
      </trkpt>
      <trkpt lat="46.797884" lon="8.689017">
        <ele>1418.817010</ele>
        <time>2026-08-30T09:44:32.999Z</time>
      </trkpt>
      <trkpt lat="46.797885" lon="8.689017">
        <ele>1418.846728</ele>
        <time>2026-08-30T09:44:33.999Z</time>
      </trkpt>
      <trkpt lat="46.797887" lon="8.689016">
        <ele>1418.909551</ele>
        <time>2026-08-30T09:44:34.999Z</time>
      </trkpt>
      <trkpt lat="46.797890" lon="8.689014">
        <ele>1419.007554</ele>
        <time>2026-08-30T09:44:35.999Z</time>
      </trkpt>
      <trkpt lat="46.797894" lon="8.689011">
        <ele>1419.141182</ele>
        <time>2026-08-30T09:44:36.999Z</time>
      </trkpt>
      <trkpt lat="46.797897" lon="8.689008">
        <ele>1419.249228</ele>
        <time>2026-08-30T09:44:37.999Z</time>
      </trkpt>
      <trkpt lat="46.797901" lon="8.689005">
        <ele>1419.382856</ele>
        <time>2026-08-30T09:44:38.999Z</time>
      </trkpt>
      <trkpt lat="46.797905" lon="8.689002">
        <ele>1419.516484</ele>
        <time>2026-08-30T09:44:39.999Z</time>
      </trkpt>
      <trkpt lat="46.797909" lon="8.689001">
        <ele>1419.637088</ele>
        <time>2026-08-30T09:44:40.999Z</time>
      </trkpt>
      <trkpt lat="46.797915" lon="8.689001">
        <ele>1419.815401</ele>
        <time>2026-08-30T09:44:41.999Z</time>
      </trkpt>
      <trkpt lat="46.797922" lon="8.689002">
        <ele>1420.024425</ele>
        <time>2026-08-30T09:44:42.999Z</time>
      </trkpt>
      <trkpt lat="46.797929" lon="8.689002">
        <ele>1420.232456</ele>
        <time>2026-08-30T09:44:43.999Z</time>
      </trkpt>
      <trkpt lat="46.797934" lon="8.689000">
        <ele>1420.386520</ele>
        <time>2026-08-30T09:44:45.000Z</time>
      </trkpt>
      <trkpt lat="46.797938" lon="8.688996">
        <ele>1420.530582</ele>
        <time>2026-08-30T09:44:46.000Z</time>
      </trkpt>
      <trkpt lat="46.797943" lon="8.688993">
        <ele>1420.691222</ele>
        <time>2026-08-30T09:44:47.000Z</time>
      </trkpt>
      <trkpt lat="46.797948" lon="8.688992">
        <ele>1420.841203</ele>
        <time>2026-08-30T09:44:48.000Z</time>
      </trkpt>
      <trkpt lat="46.797953" lon="8.688992">
        <ele>1420.989796</ele>
        <time>2026-08-30T09:44:49.000Z</time>
      </trkpt>
      <trkpt lat="46.797957" lon="8.688993">
        <ele>1421.110400</ele>
        <time>2026-08-30T09:44:50.000Z</time>
      </trkpt>
      <trkpt lat="46.797961" lon="8.688996">
        <ele>1421.244028</ele>
        <time>2026-08-30T09:44:51.000Z</time>
      </trkpt>
      <trkpt lat="46.797964" lon="8.689000">
        <ele>1421.364740</ele>
        <time>2026-08-30T09:44:52.000Z</time>
      </trkpt>
      <trkpt lat="46.797967" lon="8.689002">
        <ele>1421.462742</ele>
        <time>2026-08-30T09:44:53.000Z</time>
      </trkpt>
      <trkpt lat="46.797970" lon="8.689003">
        <ele>1421.554190</ele>
        <time>2026-08-30T09:44:54.000Z</time>
      </trkpt>
      <trkpt lat="46.797973" lon="8.689004">
        <ele>1421.645638</ele>
        <time>2026-08-30T09:44:55.000Z</time>
      </trkpt>
      <trkpt lat="46.797977" lon="8.689007">
        <ele>1421.779267</ele>
        <time>2026-08-30T09:44:56.000Z</time>
      </trkpt>
      <trkpt lat="46.797982" lon="8.689011">
        <ele>1421.948685</ele>
        <time>2026-08-30T09:44:57.000Z</time>
      </trkpt>
      <trkpt lat="46.797988" lon="8.689015">
        <ele>1422.144690</ele>
        <time>2026-08-30T09:44:58.000Z</time>
      </trkpt>
      <trkpt lat="46.797993" lon="8.689019">
        <ele>1422.314108</ele>
        <time>2026-08-30T09:44:59.000Z</time>
      </trkpt>
      <trkpt lat="46.797997" lon="8.689021">
        <ele>1422.439754</ele>
        <time>2026-08-30T09:45:00.000Z</time>
      </trkpt>
      <trkpt lat="46.798001" lon="8.689019">
        <ele>1422.565400</ele>
        <time>2026-08-30T09:45:01.000Z</time>
      </trkpt>
      <trkpt lat="46.798003" lon="8.689016">
        <ele>1422.650594</ele>
        <time>2026-08-30T09:45:02.000Z</time>
      </trkpt>
      <trkpt lat="46.798005" lon="8.689012">
        <ele>1422.751368</ele>
        <time>2026-08-30T09:45:03.000Z</time>
      </trkpt>
      <trkpt lat="46.798007" lon="8.689008">
        <ele>1422.852141</ele>
        <time>2026-08-30T09:45:04.000Z</time>
      </trkpt>
      <trkpt lat="46.798009" lon="8.689005">
        <ele>1422.937335</ele>
        <time>2026-08-30T09:45:05.000Z</time>
      </trkpt>
      <trkpt lat="46.798013" lon="8.689004">
        <ele>1423.057938</ele>
        <time>2026-08-30T09:45:06.000Z</time>
      </trkpt>
      <trkpt lat="46.798019" lon="8.689004">
        <ele>1423.236251</ele>
        <time>2026-08-30T09:45:07.000Z</time>
      </trkpt>
      <trkpt lat="46.798026" lon="8.689005">
        <ele>1423.445275</ele>
        <time>2026-08-30T09:45:08.000Z</time>
      </trkpt>
      <trkpt lat="46.798030" lon="8.689003">
        <ele>1423.570921</ele>
        <time>2026-08-30T09:45:09.000Z</time>
      </trkpt>
      <trkpt lat="46.798032" lon="8.689000">
        <ele>1423.656115</ele>
        <time>2026-08-30T09:45:10.000Z</time>
      </trkpt>
      <trkpt lat="46.798034" lon="8.688998">
        <ele>1423.728146</ele>
        <time>2026-08-30T09:45:11.000Z</time>
      </trkpt>
      <trkpt lat="46.798035" lon="8.688996">
        <ele>1423.778532</ele>
        <time>2026-08-30T09:45:12.000Z</time>
      </trkpt>
      <trkpt lat="46.798035" lon="8.688993">
        <ele>1423.839566</ele>
        <time>2026-08-30T09:45:13.000Z</time>
      </trkpt>
      <trkpt lat="46.798037" lon="8.688991">
        <ele>1423.911597</ele>
        <time>2026-08-30T09:45:14.000Z</time>
      </trkpt>
      <trkpt lat="46.798039" lon="8.688989">
        <ele>1423.983628</ele>
        <time>2026-08-30T09:45:15.000Z</time>
      </trkpt>
      <trkpt lat="46.798041" lon="8.688988">
        <ele>1424.046451</ele>
        <time>2026-08-30T09:45:16.000Z</time>
      </trkpt>
      <trkpt lat="46.798045" lon="8.688987">
        <ele>1424.167055</ele>
        <time>2026-08-30T09:45:17.000Z</time>
      </trkpt>
      <trkpt lat="46.798048" lon="8.688988">
        <ele>1424.258503</ele>
        <time>2026-08-30T09:45:18.000Z</time>
      </trkpt>
      <trkpt lat="46.798052" lon="8.688989">
        <ele>1424.379106</ele>
        <time>2026-08-30T09:45:19.000Z</time>
      </trkpt>
      <trkpt lat="46.798057" lon="8.688991">
        <ele>1424.533170</ele>
        <time>2026-08-30T09:45:20.000Z</time>
      </trkpt>
      <trkpt lat="46.798063" lon="8.688994">
        <ele>1424.721639</ele>
        <time>2026-08-30T09:45:21.000Z</time>
      </trkpt>
      <trkpt lat="46.798069" lon="8.688997">
        <ele>1424.910108</ele>
        <time>2026-08-30T09:45:22.000Z</time>
      </trkpt>
      <trkpt lat="46.798075" lon="8.689000">
        <ele>1425.098577</ele>
        <time>2026-08-30T09:45:23.000Z</time>
      </trkpt>
      <trkpt lat="46.798079" lon="8.689003">
        <ele>1425.232205</ele>
        <time>2026-08-30T09:45:24.000Z</time>
      </trkpt>
      <trkpt lat="46.798081" lon="8.689005">
        <ele>1425.304236</ele>
        <time>2026-08-30T09:45:25.000Z</time>
      </trkpt>
      <trkpt lat="46.798083" lon="8.689006">
        <ele>1425.367059</ele>
        <time>2026-08-30T09:45:26.000Z</time>
      </trkpt>
      <trkpt lat="46.798085" lon="8.689008">
        <ele>1425.439090</ele>
        <time>2026-08-30T09:45:27.000Z</time>
      </trkpt>
      <trkpt lat="46.798087" lon="8.689011">
        <ele>1425.524284</ele>
        <time>2026-08-30T09:45:28.000Z</time>
      </trkpt>
      <trkpt lat="46.798090" lon="8.689014">
        <ele>1425.632330</ele>
        <time>2026-08-30T09:45:29.000Z</time>
      </trkpt>
      <trkpt lat="46.798094" lon="8.689017">
        <ele>1425.765958</ele>
        <time>2026-08-30T09:45:30.000Z</time>
      </trkpt>
      <trkpt lat="46.798097" lon="8.689021">
        <ele>1425.886669</ele>
        <time>2026-08-30T09:45:31.000Z</time>
      </trkpt>
      <trkpt lat="46.798099" lon="8.689028">
        <ele>1426.040988</ele>
        <time>2026-08-30T09:45:32.000Z</time>
      </trkpt>
      <trkpt lat="46.798100" lon="8.689036">
        <ele>1426.206436</ele>
        <time>2026-08-30T09:45:33.000Z</time>
      </trkpt>
      <trkpt lat="46.798100" lon="8.689045">
        <ele>1426.389537</ele>
        <time>2026-08-30T09:45:34.000Z</time>
      </trkpt>
      <trkpt lat="46.798099" lon="8.689054">
        <ele>1426.575035</ele>
        <time>2026-08-30T09:45:35.000Z</time>
      </trkpt>
      <trkpt lat="46.798099" lon="8.689062">
        <ele>1426.737792</ele>
        <time>2026-08-30T09:45:36.000Z</time>
      </trkpt>
      <trkpt lat="46.798099" lon="8.689069">
        <ele>1426.880204</ele>
        <time>2026-08-30T09:45:37.000Z</time>
      </trkpt>
      <trkpt lat="46.798100" lon="8.689074">
        <ele>1426.986180</ele>
        <time>2026-08-30T09:45:38.000Z</time>
      </trkpt>
      <trkpt lat="46.798100" lon="8.689078">
        <ele>1427.067558</ele>
        <time>2026-08-30T09:45:39.000Z</time>
      </trkpt>
      <trkpt lat="46.798100" lon="8.689081">
        <ele>1427.128592</ele>
        <time>2026-08-30T09:45:40.000Z</time>
      </trkpt>
      <trkpt lat="46.798099" lon="8.689083">
        <ele>1427.178979</ele>
        <time>2026-08-30T09:45:41.000Z</time>
      </trkpt>
      <trkpt lat="46.798097" lon="8.689084">
        <ele>1427.241802</ele>
        <time>2026-08-30T09:45:42.000Z</time>
      </trkpt>
      <trkpt lat="46.798097" lon="8.689086">
        <ele>1427.282491</ele>
        <time>2026-08-30T09:45:43.000Z</time>
      </trkpt>
      <trkpt lat="46.798097" lon="8.689088">
        <ele>1427.323180</ele>
        <time>2026-08-30T09:45:44.000Z</time>
      </trkpt>
      <trkpt lat="46.798098" lon="8.689090">
        <ele>1427.373567</ele>
        <time>2026-08-30T09:45:45.000Z</time>
      </trkpt>
      <trkpt lat="46.798100" lon="8.689091">
        <ele>1427.436390</ele>
        <time>2026-08-30T09:45:46.000Z</time>
      </trkpt>
      <trkpt lat="46.798101" lon="8.689092">
        <ele>1427.472406</ele>
        <time>2026-08-30T09:45:47.000Z</time>
      </trkpt>
      <trkpt lat="46.798100" lon="8.689092">
        <ele>1427.502124</ele>
        <time>2026-08-30T09:45:48.000Z</time>
      </trkpt>
      <trkpt lat="46.798098" lon="8.689092">
        <ele>1427.561562</ele>
        <time>2026-08-30T09:45:49.000Z</time>
      </trkpt>
      <trkpt lat="46.798096" lon="8.689092">
        <ele>1427.620999</ele>
        <time>2026-08-30T09:45:50.000Z</time>
      </trkpt>
      <trkpt lat="46.798093" lon="8.689091">
        <ele>1427.712448</ele>
        <time>2026-08-30T09:45:51.000Z</time>
      </trkpt>
      <trkpt lat="46.798091" lon="8.689090">
        <ele>1427.775271</ele>
        <time>2026-08-30T09:45:52.000Z</time>
      </trkpt>
      <trkpt lat="46.798088" lon="8.689089">
        <ele>1427.866719</ele>
        <time>2026-08-30T09:45:53.000Z</time>
      </trkpt>
      <trkpt lat="46.798085" lon="8.689087">
        <ele>1427.964721</ele>
        <time>2026-08-30T09:45:54.000Z</time>
      </trkpt>
      <trkpt lat="46.798082" lon="8.689085">
        <ele>1428.062724</ele>
        <time>2026-08-30T09:45:55.000Z</time>
      </trkpt>
      <trkpt lat="46.798079" lon="8.689082">
        <ele>1428.170770</ele>
        <time>2026-08-30T09:45:56.000Z</time>
      </trkpt>
      <trkpt lat="46.798077" lon="8.689080">
        <ele>1428.242801</ele>
        <time>2026-08-30T09:45:57.000Z</time>
      </trkpt>
      <trkpt lat="46.798075" lon="8.689078">
        <ele>1428.314831</ele>
        <time>2026-08-30T09:45:58.000Z</time>
      </trkpt>
      <trkpt lat="46.798073" lon="8.689076">
        <ele>1428.386862</ele>
        <time>2026-08-30T09:45:59.000Z</time>
      </trkpt>
      <trkpt lat="46.798071" lon="8.689074">
        <ele>1428.458893</ele>
        <time>2026-08-30T09:46:00.000Z</time>
      </trkpt>
      <trkpt lat="46.798070" lon="8.689073">
        <ele>1428.494909</ele>
        <time>2026-08-30T09:46:01.000Z</time>
      </trkpt>
      <trkpt lat="46.798069" lon="8.689073">
        <ele>1428.524627</ele>
        <time>2026-08-30T09:46:02.000Z</time>
      </trkpt>
      <trkpt lat="46.798068" lon="8.689074">
        <ele>1428.560643</ele>
        <time>2026-08-30T09:46:03.000Z</time>
      </trkpt>
      <trkpt lat="46.798067" lon="8.689076">
        <ele>1428.611029</ele>
        <time>2026-08-30T09:46:04.000Z</time>
      </trkpt>
      <trkpt lat="46.798066" lon="8.689078">
        <ele>1428.661416</ele>
        <time>2026-08-30T09:46:05.000Z</time>
      </trkpt>
      <trkpt lat="46.798066" lon="8.689079">
        <ele>1428.681761</ele>
        <time>2026-08-30T09:46:06.000Z</time>
      </trkpt>
      <trkpt lat="46.798068" lon="8.689080">
        <ele>1428.744584</ele>
        <time>2026-08-30T09:46:07.000Z</time>
      </trkpt>
      <trkpt lat="46.798071" lon="8.689080">
        <ele>1428.833740</ele>
        <time>2026-08-30T09:46:08.000Z</time>
      </trkpt>
      <trkpt lat="46.798077" lon="8.689079">
        <ele>1429.013210</ele>
        <time>2026-08-30T09:46:09.000Z</time>
      </trkpt>
      <trkpt lat="46.798082" lon="8.689080">
        <ele>1429.163190</ele>
        <time>2026-08-30T09:46:10.000Z</time>
      </trkpt>
      <trkpt lat="46.798088" lon="8.689084">
        <ele>1429.359195</ele>
        <time>2026-08-30T09:46:11.000Z</time>
      </trkpt>
      <trkpt lat="46.798092" lon="8.689089">
        <ele>1429.515652</ele>
        <time>2026-08-30T09:46:12.000Z</time>
      </trkpt>
      <trkpt lat="46.798095" lon="8.689094">
        <ele>1429.650916</ele>
        <time>2026-08-30T09:46:13.000Z</time>
      </trkpt>
      <trkpt lat="46.798099" lon="8.689098">
        <ele>1429.794978</ele>
        <time>2026-08-30T09:46:14.000Z</time>
      </trkpt>
      <trkpt lat="46.798102" lon="8.689101">
        <ele>1429.903024</ele>
        <time>2026-08-30T09:46:15.000Z</time>
      </trkpt>
      <trkpt lat="46.798105" lon="8.689103">
        <ele>1430.001027</ele>
        <time>2026-08-30T09:46:16.000Z</time>
      </trkpt>
      <trkpt lat="46.798108" lon="8.689105">
        <ele>1430.099029</ele>
        <time>2026-08-30T09:46:17.000Z</time>
      </trkpt>
      <trkpt lat="46.798111" lon="8.689106">
        <ele>1430.190477</ele>
        <time>2026-08-30T09:46:18.000Z</time>
      </trkpt>
      <trkpt lat="46.798113" lon="8.689107">
        <ele>1430.253300</ele>
        <time>2026-08-30T09:46:19.000Z</time>
      </trkpt>
      <trkpt lat="46.798116" lon="8.689106">
        <ele>1430.344748</ele>
        <time>2026-08-30T09:46:20.000Z</time>
      </trkpt>
      <trkpt lat="46.798119" lon="8.689105">
        <ele>1430.436196</ele>
        <time>2026-08-30T09:46:21.000Z</time>
      </trkpt>
      <trkpt lat="46.798123" lon="8.689103">
        <ele>1430.561842</ele>
        <time>2026-08-30T09:46:22.000Z</time>
      </trkpt>
      <trkpt lat="46.798129" lon="8.689099">
        <ele>1430.757847</ele>
        <time>2026-08-30T09:46:23.000Z</time>
      </trkpt>
      <trkpt lat="46.798138" lon="8.689094">
        <ele>1431.044007</ele>
        <time>2026-08-30T09:46:24.000Z</time>
      </trkpt>
      <trkpt lat="46.798147" lon="8.689091">
        <ele>1431.318351</ele>
        <time>2026-08-30T09:46:25.000Z</time>
      </trkpt>
      <trkpt lat="46.798156" lon="8.689091">
        <ele>1431.585820</ele>
        <time>2026-08-30T09:46:26.000Z</time>
      </trkpt>
      <trkpt lat="46.798164" lon="8.689094">
        <ele>1431.831279</ele>
        <time>2026-08-30T09:46:27.000Z</time>
      </trkpt>
      <trkpt lat="46.798172" lon="8.689099">
        <ele>1432.089877</ele>
        <time>2026-08-30T09:46:28.000Z</time>
      </trkpt>
      <trkpt lat="46.798178" lon="8.689104">
        <ele>1432.295165</ele>
        <time>2026-08-30T09:46:29.000Z</time>
      </trkpt>
      <trkpt lat="46.798184" lon="8.689108">
        <ele>1432.491169</ele>
        <time>2026-08-30T09:46:30.000Z</time>
      </trkpt>
      <trkpt lat="46.798189" lon="8.689113">
        <ele>1432.671246</ele>
        <time>2026-08-30T09:46:31.000Z</time>
      </trkpt>
      <trkpt lat="46.798194" lon="8.689119">
        <ele>1432.863550</ele>
        <time>2026-08-30T09:46:32.000Z</time>
      </trkpt>
      <trkpt lat="46.798199" lon="8.689126">
        <ele>1433.069369</ele>
        <time>2026-08-30T09:46:33.000Z</time>
      </trkpt>
      <trkpt lat="46.798203" lon="8.689134">
        <ele>1433.270915</ele>
        <time>2026-08-30T09:46:34.000Z</time>
      </trkpt>
      <trkpt lat="46.798206" lon="8.689141">
        <ele>1433.438933</ele>
        <time>2026-08-30T09:46:35.000Z</time>
      </trkpt>
      <trkpt lat="46.798208" lon="8.689148">
        <ele>1433.593251</ele>
        <time>2026-08-30T09:46:36.000Z</time>
      </trkpt>
      <trkpt lat="46.798209" lon="8.689154">
        <ele>1433.718884</ele>
        <time>2026-08-30T09:46:37.000Z</time>
      </trkpt>
      <trkpt lat="46.798209" lon="8.689159">
        <ele>1433.820607</ele>
        <time>2026-08-30T09:46:38.000Z</time>
      </trkpt>
      <trkpt lat="46.798208" lon="8.689161">
        <ele>1433.870994</ele>
        <time>2026-08-30T09:46:39.000Z</time>
      </trkpt>
      <trkpt lat="46.798207" lon="8.689162">
        <ele>1433.907009</ele>
        <time>2026-08-30T09:46:40.000Z</time>
      </trkpt>
      <trkpt lat="46.798205" lon="8.689161">
        <ele>1433.969832</ele>
        <time>2026-08-30T09:46:41.000Z</time>
      </trkpt>
      <trkpt lat="46.798202" lon="8.689160">
        <ele>1434.061280</ele>
        <time>2026-08-30T09:46:42.000Z</time>
      </trkpt>
      <trkpt lat="46.798200" lon="8.689159">
        <ele>1434.124103</ele>
        <time>2026-08-30T09:46:43.000Z</time>
      </trkpt>
      <trkpt lat="46.798198" lon="8.689158">
        <ele>1434.186926</ele>
        <time>2026-08-30T09:46:44.000Z</time>
      </trkpt>
      <trkpt lat="46.798197" lon="8.689157">
        <ele>1434.222942</ele>
        <time>2026-08-30T09:46:45.000Z</time>
      </trkpt>
      <trkpt lat="46.798196" lon="8.689155">
        <ele>1434.273328</ele>
        <time>2026-08-30T09:46:46.000Z</time>
      </trkpt>
      <trkpt lat="46.798197" lon="8.689153">
        <ele>1434.323715</ele>
        <time>2026-08-30T09:46:47.000Z</time>
      </trkpt>
      <trkpt lat="46.798199" lon="8.689151">
        <ele>1434.395746</ele>
        <time>2026-08-30T09:46:48.000Z</time>
      </trkpt>
      <trkpt lat="46.798198" lon="8.689149">
        <ele>1434.446132</ele>
        <time>2026-08-30T09:46:49.000Z</time>
      </trkpt>
      <trkpt lat="46.798196" lon="8.689147">
        <ele>1434.518163</ele>
        <time>2026-08-30T09:46:50.000Z</time>
      </trkpt>
      <trkpt lat="46.798196" lon="8.689145">
        <ele>1434.558852</ele>
        <time>2026-08-30T09:46:51.000Z</time>
      </trkpt>
      <trkpt lat="46.798197" lon="8.689142">
        <ele>1434.626737</ele>
        <time>2026-08-30T09:46:52.000Z</time>
      </trkpt>
      <trkpt lat="46.798198" lon="8.689139">
        <ele>1434.694622</ele>
        <time>2026-08-30T09:46:53.000Z</time>
      </trkpt>
      <trkpt lat="46.798200" lon="8.689139">
        <ele>1434.754059</ele>
        <time>2026-08-30T09:46:54.000Z</time>
      </trkpt>
      <trkpt lat="46.798202" lon="8.689138">
        <ele>1434.816882</ele>
        <time>2026-08-30T09:46:55.000Z</time>
      </trkpt>
      <trkpt lat="46.798204" lon="8.689138">
        <ele>1434.876320</ele>
        <time>2026-08-30T09:46:56.000Z</time>
      </trkpt>
      <trkpt lat="46.798208" lon="8.689139">
        <ele>1434.996923</ele>
        <time>2026-08-30T09:46:57.000Z</time>
      </trkpt>
      <trkpt lat="46.798213" lon="8.689142">
        <ele>1435.157563</ele>
        <time>2026-08-30T09:46:58.000Z</time>
      </trkpt>
      <trkpt lat="46.798218" lon="8.689147">
        <ele>1435.337640</ele>
        <time>2026-08-30T09:46:59.000Z</time>
      </trkpt>
      <trkpt lat="46.798222" lon="8.689150">
        <ele>1435.471268</ele>
        <time>2026-08-30T09:47:00.000Z</time>
      </trkpt>
      <trkpt lat="46.798227" lon="8.689154">
        <ele>1435.640687</ele>
        <time>2026-08-30T09:47:01.000Z</time>
      </trkpt>
      <trkpt lat="46.798232" lon="8.689157">
        <ele>1435.801327</ele>
        <time>2026-08-30T09:47:02.000Z</time>
      </trkpt>
      <trkpt lat="46.798237" lon="8.689160">
        <ele>1435.961967</ele>
        <time>2026-08-30T09:47:03.000Z</time>
      </trkpt>
      <trkpt lat="46.798243" lon="8.689163">
        <ele>1436.150436</ele>
        <time>2026-08-30T09:47:04.000Z</time>
      </trkpt>
      <trkpt lat="46.798249" lon="8.689168">
        <ele>1436.355723</ele>
        <time>2026-08-30T09:47:05.000Z</time>
      </trkpt>
      <trkpt lat="46.798254" lon="8.689172">
        <ele>1436.525142</ele>
        <time>2026-08-30T09:47:06.000Z</time>
      </trkpt>
      <trkpt lat="46.798258" lon="8.689175">
        <ele>1436.658770</ele>
        <time>2026-08-30T09:47:07.000Z</time>
      </trkpt>
      <trkpt lat="46.798261" lon="8.689176">
        <ele>1436.750218</ele>
        <time>2026-08-30T09:47:08.000Z</time>
      </trkpt>
      <trkpt lat="46.798265" lon="8.689175">
        <ele>1436.870821</ele>
        <time>2026-08-30T09:47:09.000Z</time>
      </trkpt>
      <trkpt lat="46.798268" lon="8.689174">
        <ele>1436.962269</ele>
        <time>2026-08-30T09:47:10.000Z</time>
      </trkpt>
      <trkpt lat="46.798272" lon="8.689174">
        <ele>1437.081144</ele>
        <time>2026-08-30T09:47:11.000Z</time>
      </trkpt>
      <trkpt lat="46.798276" lon="8.689174">
        <ele>1437.200020</ele>
        <time>2026-08-30T09:47:12.000Z</time>
      </trkpt>
      <trkpt lat="46.798280" lon="8.689175">
        <ele>1437.320623</ele>
        <time>2026-08-30T09:47:13.000Z</time>
      </trkpt>
      <trkpt lat="46.798283" lon="8.689176">
        <ele>1437.412071</ele>
        <time>2026-08-30T09:47:14.000Z</time>
      </trkpt>
      <trkpt lat="46.798284" lon="8.689176">
        <ele>1437.441790</ele>
        <time>2026-08-30T09:47:15.000Z</time>
      </trkpt>
      <trkpt lat="46.798286" lon="8.689175">
        <ele>1437.504613</ele>
        <time>2026-08-30T09:47:16.000Z</time>
      </trkpt>
      <trkpt lat="46.798287" lon="8.689175">
        <ele>1437.534332</ele>
        <time>2026-08-30T09:47:17.000Z</time>
      </trkpt>
      <trkpt lat="46.798289" lon="8.689176">
        <ele>1437.597155</ele>
        <time>2026-08-30T09:47:18.000Z</time>
      </trkpt>
      <trkpt lat="46.798291" lon="8.689178">
        <ele>1437.669185</ele>
        <time>2026-08-30T09:47:19.000Z</time>
      </trkpt>
      <trkpt lat="46.798294" lon="8.689180">
        <ele>1437.767188</ele>
        <time>2026-08-30T09:47:20.000Z</time>
      </trkpt>
      <trkpt lat="46.798297" lon="8.689182">
        <ele>1437.865190</ele>
        <time>2026-08-30T09:47:21.000Z</time>
      </trkpt>
      <trkpt lat="46.798303" lon="8.689185">
        <ele>1438.053659</ele>
        <time>2026-08-30T09:47:22.000Z</time>
      </trkpt>
      <trkpt lat="46.798309" lon="8.689188">
        <ele>1438.242128</ele>
        <time>2026-08-30T09:47:22.999Z</time>
      </trkpt>
      <trkpt lat="46.798314" lon="8.689192">
        <ele>1438.411546</ele>
        <time>2026-08-30T09:47:23.999Z</time>
      </trkpt>
      <trkpt lat="46.798318" lon="8.689196">
        <ele>1438.555608</ele>
        <time>2026-08-30T09:47:24.999Z</time>
      </trkpt>
      <trkpt lat="46.798321" lon="8.689201">
        <ele>1438.690872</ele>
        <time>2026-08-30T09:47:25.999Z</time>
      </trkpt>
      <trkpt lat="46.798324" lon="8.689206">
        <ele>1438.826136</ele>
        <time>2026-08-30T09:47:26.999Z</time>
      </trkpt>
      <trkpt lat="46.798327" lon="8.689209">
        <ele>1438.934182</ele>
        <time>2026-08-30T09:47:27.999Z</time>
      </trkpt>
      <trkpt lat="46.798329" lon="8.689210">
        <ele>1439.000431</ele>
        <time>2026-08-30T09:47:28.999Z</time>
      </trkpt>
      <trkpt lat="46.798330" lon="8.689211">
        <ele>1439.038413</ele>
        <time>2026-08-30T09:47:29.999Z</time>
      </trkpt>
      <trkpt lat="46.798333" lon="8.689213">
        <ele>1439.141768</ele>
        <time>2026-08-30T09:47:30.999Z</time>
      </trkpt>
      <trkpt lat="46.798337" lon="8.689217">
        <ele>1439.293697</ele>
        <time>2026-08-30T09:47:31.999Z</time>
      </trkpt>
      <trkpt lat="46.798342" lon="8.689222">
        <ele>1439.483609</ele>
        <time>2026-08-30T09:47:32.999Z</time>
      </trkpt>
      <trkpt lat="46.798349" lon="8.689228">
        <ele>1439.737982</ele>
        <time>2026-08-30T09:47:33.999Z</time>
      </trkpt>
      <trkpt lat="46.798355" lon="8.689235">
        <ele>1439.978648</ele>
        <time>2026-08-30T09:47:34.999Z</time>
      </trkpt>
      <trkpt lat="46.798363" lon="8.689242">
        <ele>1440.270923</ele>
        <time>2026-08-30T09:47:35.999Z</time>
      </trkpt>
      <trkpt lat="46.798372" lon="8.689246">
        <ele>1440.565767</ele>
        <time>2026-08-30T09:47:36.999Z</time>
      </trkpt>
      <trkpt lat="46.798381" lon="8.689249">
        <ele>1440.855094</ele>
        <time>2026-08-30T09:47:37.999Z</time>
      </trkpt>
      <trkpt lat="46.798390" lon="8.689250">
        <ele>1441.137985</ele>
        <time>2026-08-30T09:47:38.999Z</time>
      </trkpt>
      <trkpt lat="46.798398" lon="8.689251">
        <ele>1441.389637</ele>
        <time>2026-08-30T09:47:39.999Z</time>
      </trkpt>
      <trkpt lat="46.798404" lon="8.689252">
        <ele>1441.578908</ele>
        <time>2026-08-30T09:47:40.999Z</time>
      </trkpt>
      <trkpt lat="46.798410" lon="8.689253">
        <ele>1441.768179</ele>
        <time>2026-08-30T09:47:41.999Z</time>
      </trkpt>
      <trkpt lat="46.798414" lon="8.689256">
        <ele>1441.909105</ele>
        <time>2026-08-30T09:47:42.999Z</time>
      </trkpt>
      <trkpt lat="46.798417" lon="8.689260">
        <ele>1442.036409</ele>
        <time>2026-08-30T09:47:43.999Z</time>
      </trkpt>
      <trkpt lat="46.798420" lon="8.689265">
        <ele>1442.179060</ele>
        <time>2026-08-30T09:47:44.999Z</time>
      </trkpt>
      <trkpt lat="46.798423" lon="8.689272">
        <ele>1442.356253</ele>
        <time>2026-08-30T09:47:45.999Z</time>
      </trkpt>
      <trkpt lat="46.798426" lon="8.689277">
        <ele>1442.498905</ele>
        <time>2026-08-30T09:47:46.999Z</time>
      </trkpt>
      <trkpt lat="46.798430" lon="8.689280">
        <ele>1442.639830</ele>
        <time>2026-08-30T09:47:47.999Z</time>
      </trkpt>
      <trkpt lat="46.798435" lon="8.689282">
        <ele>1442.802309</ele>
        <time>2026-08-30T09:47:48.999Z</time>
      </trkpt>
      <trkpt lat="46.798439" lon="8.689285">
        <ele>1442.943234</ele>
        <time>2026-08-30T09:47:49.999Z</time>
      </trkpt>
      <trkpt lat="46.798443" lon="8.689286">
        <ele>1443.070424</ele>
        <time>2026-08-30T09:47:50.999Z</time>
      </trkpt>
      <trkpt lat="46.798447" lon="8.689288">
        <ele>1443.202932</ele>
        <time>2026-08-30T09:47:51.999Z</time>
      </trkpt>
      <trkpt lat="46.798452" lon="8.689288">
        <ele>1443.359642</ele>
        <time>2026-08-30T09:47:52.999Z</time>
      </trkpt>
      <trkpt lat="46.798456" lon="8.689289">
        <ele>1443.486832</ele>
        <time>2026-08-30T09:47:53.999Z</time>
      </trkpt>
      <trkpt lat="46.798460" lon="8.689289">
        <ele>1443.612199</ele>
        <time>2026-08-30T09:47:54.999Z</time>
      </trkpt>
      <trkpt lat="46.798464" lon="8.689286">
        <ele>1443.753125</ele>
        <time>2026-08-30T09:47:55.999Z</time>
      </trkpt>
      <trkpt lat="46.798469" lon="8.689283">
        <ele>1443.922538</ele>
        <time>2026-08-30T09:47:56.999Z</time>
      </trkpt>
      <trkpt lat="46.798475" lon="8.689279">
        <ele>1444.129247</ele>
        <time>2026-08-30T09:47:57.999Z</time>
      </trkpt>
      <trkpt lat="46.798482" lon="8.689275">
        <ele>1444.364829</ele>
        <time>2026-08-30T09:47:58.999Z</time>
      </trkpt>
      <trkpt lat="46.798488" lon="8.689271">
        <ele>1444.571538</ele>
        <time>2026-08-30T09:47:59.999Z</time>
      </trkpt>
      <trkpt lat="46.798492" lon="8.689268">
        <ele>1444.712464</ele>
        <time>2026-08-30T09:48:00.999Z</time>
      </trkpt>
      <trkpt lat="46.798495" lon="8.689265">
        <ele>1444.826411</ele>
        <time>2026-08-30T09:48:01.999Z</time>
      </trkpt>
      <trkpt lat="46.798495" lon="8.689263">
        <ele>1444.869322</ele>
        <time>2026-08-30T09:48:02.999Z</time>
      </trkpt>
      <trkpt lat="46.798495" lon="8.689260">
        <ele>1444.933689</ele>
        <time>2026-08-30T09:48:03.999Z</time>
      </trkpt>
      <trkpt lat="46.798496" lon="8.689258">
        <ele>1444.986827</ele>
        <time>2026-08-30T09:48:04.999Z</time>
      </trkpt>
      <trkpt lat="46.798498" lon="8.689256">
        <ele>1445.062792</ele>
        <time>2026-08-30T09:48:05.999Z</time>
      </trkpt>
      <trkpt lat="46.798502" lon="8.689255">
        <ele>1445.189982</ele>
        <time>2026-08-30T09:48:06.999Z</time>
      </trkpt>
      <trkpt lat="46.798505" lon="8.689255">
        <ele>1445.284007</ele>
        <time>2026-08-30T09:48:07.999Z</time>
      </trkpt>
      <trkpt lat="46.798506" lon="8.689254">
        <ele>1445.321989</ele>
        <time>2026-08-30T09:48:08.999Z</time>
      </trkpt>
      <trkpt lat="46.798506" lon="8.689254">
        <ele>1445.321989</ele>
        <time>2026-08-30T09:48:09.999Z</time>
      </trkpt>
      <trkpt lat="46.798506" lon="8.689252">
        <ele>1445.364901</ele>
        <time>2026-08-30T09:48:10.999Z</time>
      </trkpt>
      <trkpt lat="46.798506" lon="8.689251">
        <ele>1445.386356</ele>
        <time>2026-08-30T09:48:12.000Z</time>
      </trkpt>
      <trkpt lat="46.798506" lon="8.689251">
        <ele>1445.386356</ele>
        <time>2026-08-30T09:48:13.000Z</time>
      </trkpt>
      <trkpt lat="46.798505" lon="8.689250">
        <ele>1445.424338</ele>
        <time>2026-08-30T09:48:14.000Z</time>
      </trkpt>
      <trkpt lat="46.798504" lon="8.689251">
        <ele>1445.462321</ele>
        <time>2026-08-30T09:48:15.000Z</time>
      </trkpt>
      <trkpt lat="46.798503" lon="8.689251">
        <ele>1445.493663</ele>
        <time>2026-08-30T09:48:16.000Z</time>
      </trkpt>
      <trkpt lat="46.798502" lon="8.689252">
        <ele>1445.531645</ele>
        <time>2026-08-30T09:48:17.000Z</time>
      </trkpt>
      <trkpt lat="46.798500" lon="8.689250">
        <ele>1445.607609</ele>
        <time>2026-08-30T09:48:18.000Z</time>
      </trkpt>
      <trkpt lat="46.798499" lon="8.689248">
        <ele>1445.660748</ele>
        <time>2026-08-30T09:48:19.000Z</time>
      </trkpt>
      <trkpt lat="46.798498" lon="8.689245">
        <ele>1445.732339</ele>
        <time>2026-08-30T09:48:20.000Z</time>
      </trkpt>
      <trkpt lat="46.798498" lon="8.689240">
        <ele>1445.839617</ele>
        <time>2026-08-30T09:48:21.000Z</time>
      </trkpt>
      <trkpt lat="46.798498" lon="8.689235">
        <ele>1445.946895</ele>
        <time>2026-08-30T09:48:22.000Z</time>
      </trkpt>
      <trkpt lat="46.798500" lon="8.689230">
        <ele>1446.071144</ele>
        <time>2026-08-30T09:48:23.000Z</time>
      </trkpt>
      <trkpt lat="46.798502" lon="8.689225">
        <ele>1446.195393</ele>
        <time>2026-08-30T09:48:24.000Z</time>
      </trkpt>
      <trkpt lat="46.798506" lon="8.689221">
        <ele>1446.347322</ele>
        <time>2026-08-30T09:48:25.000Z</time>
      </trkpt>
      <trkpt lat="46.798512" lon="8.689220">
        <ele>1446.536593</ele>
        <time>2026-08-30T09:48:26.000Z</time>
      </trkpt>
      <trkpt lat="46.798519" lon="8.689222">
        <ele>1446.760143</ele>
        <time>2026-08-30T09:48:27.000Z</time>
      </trkpt>
      <trkpt lat="46.798524" lon="8.689224">
        <ele>1446.922621</ele>
        <time>2026-08-30T09:48:28.000Z</time>
      </trkpt>
      <trkpt lat="46.798528" lon="8.689226">
        <ele>1447.055129</ele>
        <time>2026-08-30T09:48:29.000Z</time>
      </trkpt>
      <trkpt lat="46.798532" lon="8.689229">
        <ele>1447.196055</ele>
        <time>2026-08-30T09:48:30.000Z</time>
      </trkpt>
      <trkpt lat="46.798536" lon="8.689231">
        <ele>1447.328563</ele>
        <time>2026-08-30T09:48:31.000Z</time>
      </trkpt>
      <trkpt lat="46.798537" lon="8.689232">
        <ele>1447.366545</ele>
        <time>2026-08-30T09:48:32.000Z</time>
      </trkpt>
      <trkpt lat="46.798538" lon="8.689232">
        <ele>1447.397887</ele>
        <time>2026-08-30T09:48:33.000Z</time>
      </trkpt>
      <trkpt lat="46.798538" lon="8.689232">
        <ele>1447.397887</ele>
        <time>2026-08-30T09:48:34.000Z</time>
      </trkpt>
      <trkpt lat="46.798537" lon="8.689232">
        <ele>1447.429229</ele>
        <time>2026-08-30T09:48:35.000Z</time>
      </trkpt>
      <trkpt lat="46.798537" lon="8.689232">
        <ele>1447.429229</ele>
        <time>2026-08-30T09:48:36.000Z</time>
      </trkpt>
      <trkpt lat="46.798537" lon="8.689232">
        <ele>1447.429229</ele>
        <time>2026-08-30T09:48:37.000Z</time>
      </trkpt>
      <trkpt lat="46.798536" lon="8.689232">
        <ele>1447.460571</ele>
        <time>2026-08-30T09:48:38.000Z</time>
      </trkpt>
      <trkpt lat="46.798536" lon="8.689232">
        <ele>1447.460571</ele>
        <time>2026-08-30T09:48:39.000Z</time>
      </trkpt>
      <trkpt lat="46.798536" lon="8.689233">
        <ele>1447.482026</ele>
        <time>2026-08-30T09:48:40.000Z</time>
      </trkpt>
      <trkpt lat="46.798536" lon="8.689233">
        <ele>1447.482026</ele>
        <time>2026-08-30T09:48:41.000Z</time>
      </trkpt>
      <trkpt lat="46.798537" lon="8.689234">
        <ele>1447.520009</ele>
        <time>2026-08-30T09:48:42.000Z</time>
      </trkpt>
      <trkpt lat="46.798537" lon="8.689234">
        <ele>1447.520009</ele>
        <time>2026-08-30T09:48:43.000Z</time>
      </trkpt>
      <trkpt lat="46.798537" lon="8.689235">
        <ele>1447.541464</ele>
        <time>2026-08-30T09:48:44.000Z</time>
      </trkpt>
      <trkpt lat="46.798538" lon="8.689236">
        <ele>1447.579446</ele>
        <time>2026-08-30T09:48:45.000Z</time>
      </trkpt>
      <trkpt lat="46.798538" lon="8.689237">
        <ele>1447.600902</ele>
        <time>2026-08-30T09:48:46.000Z</time>
      </trkpt>
      <trkpt lat="46.798538" lon="8.689238">
        <ele>1447.622357</ele>
        <time>2026-08-30T09:48:47.000Z</time>
      </trkpt>
      <trkpt lat="46.798537" lon="8.689239">
        <ele>1447.660340</ele>
        <time>2026-08-30T09:48:48.000Z</time>
      </trkpt>
      <trkpt lat="46.798535" lon="8.689241">
        <ele>1447.736304</ele>
        <time>2026-08-30T09:48:49.000Z</time>
      </trkpt>
      <trkpt lat="46.798534" lon="8.689242">
        <ele>1447.774286</ele>
        <time>2026-08-30T09:48:50.000Z</time>
      </trkpt>
      <trkpt lat="46.798533" lon="8.689243">
        <ele>1447.812269</ele>
        <time>2026-08-30T09:48:51.000Z</time>
      </trkpt>
      <trkpt lat="46.798532" lon="8.689243">
        <ele>1447.843611</ele>
        <time>2026-08-30T09:48:52.000Z</time>
      </trkpt>
      <trkpt lat="46.798531" lon="8.689243">
        <ele>1447.874952</ele>
        <time>2026-08-30T09:48:53.000Z</time>
      </trkpt>
      <trkpt lat="46.798530" lon="8.689244">
        <ele>1447.912935</ele>
        <time>2026-08-30T09:48:54.000Z</time>
      </trkpt>
      <trkpt lat="46.798529" lon="8.689244">
        <ele>1447.944277</ele>
        <time>2026-08-30T09:48:55.000Z</time>
      </trkpt>
      <trkpt lat="46.798528" lon="8.689244">
        <ele>1447.975618</ele>
        <time>2026-08-30T09:48:56.000Z</time>
      </trkpt>
      <trkpt lat="46.798526" lon="8.689244">
        <ele>1448.038302</ele>
        <time>2026-08-30T09:48:57.000Z</time>
      </trkpt>
      <trkpt lat="46.798524" lon="8.689245">
        <ele>1448.104556</ele>
        <time>2026-08-30T09:48:58.000Z</time>
      </trkpt>
      <trkpt lat="46.798523" lon="8.689246">
        <ele>1448.142538</ele>
        <time>2026-08-30T09:48:59.000Z</time>
      </trkpt>
      <trkpt lat="46.798523" lon="8.689248">
        <ele>1448.185449</ele>
        <time>2026-08-30T09:49:00.000Z</time>
      </trkpt>
      <trkpt lat="46.798523" lon="8.689251">
        <ele>1448.249816</ele>
        <time>2026-08-30T09:49:01.000Z</time>
      </trkpt>
      <trkpt lat="46.798523" lon="8.689254">
        <ele>1448.314183</ele>
        <time>2026-08-30T09:49:02.000Z</time>
      </trkpt>
      <trkpt lat="46.798523" lon="8.689255">
        <ele>1448.335638</ele>
        <time>2026-08-30T09:49:03.000Z</time>
      </trkpt>
      <trkpt lat="46.798522" lon="8.689257">
        <ele>1448.388777</ele>
        <time>2026-08-30T09:49:04.000Z</time>
      </trkpt>
      <trkpt lat="46.798521" lon="8.689257">
        <ele>1448.420119</ele>
        <time>2026-08-30T09:49:05.000Z</time>
      </trkpt>
      <trkpt lat="46.798521" lon="8.689257">
        <ele>1448.420119</ele>
        <time>2026-08-30T09:49:06.000Z</time>
      </trkpt>
      <trkpt lat="46.798520" lon="8.689257">
        <ele>1448.451460</ele>
        <time>2026-08-30T09:49:07.000Z</time>
      </trkpt>
      <trkpt lat="46.798520" lon="8.689257">
        <ele>1448.451460</ele>
        <time>2026-08-30T09:49:08.000Z</time>
      </trkpt>
      <trkpt lat="46.798519" lon="8.689257">
        <ele>1448.482802</ele>
        <time>2026-08-30T09:49:09.000Z</time>
      </trkpt>
      <trkpt lat="46.798519" lon="8.689257">
        <ele>1448.482802</ele>
        <time>2026-08-30T09:49:10.000Z</time>
      </trkpt>
      <trkpt lat="46.798519" lon="8.689257">
        <ele>1448.482802</ele>
        <time>2026-08-30T09:49:11.000Z</time>
      </trkpt>
      <trkpt lat="46.798518" lon="8.689257">
        <ele>1448.514144</ele>
        <time>2026-08-30T09:49:12.000Z</time>
      </trkpt>
      <trkpt lat="46.798518" lon="8.689257">
        <ele>1448.514144</ele>
        <time>2026-08-30T09:49:13.000Z</time>
      </trkpt>
      <trkpt lat="46.798518" lon="8.689257">
        <ele>1448.514144</ele>
        <time>2026-08-30T09:49:14.000Z</time>
      </trkpt>
      <trkpt lat="46.798517" lon="8.689258">
        <ele>1448.552126</ele>
        <time>2026-08-30T09:49:15.000Z</time>
      </trkpt>
      <trkpt lat="46.798517" lon="8.689258">
        <ele>1448.552126</ele>
        <time>2026-08-30T09:49:16.000Z</time>
      </trkpt>
      <trkpt lat="46.798516" lon="8.689258">
        <ele>1448.583468</ele>
        <time>2026-08-30T09:49:17.000Z</time>
      </trkpt>
      <trkpt lat="46.798515" lon="8.689258">
        <ele>1448.614810</ele>
        <time>2026-08-30T09:49:18.000Z</time>
      </trkpt>
      <trkpt lat="46.798514" lon="8.689259">
        <ele>1448.652792</ele>
        <time>2026-08-30T09:49:19.000Z</time>
      </trkpt>
      <trkpt lat="46.798513" lon="8.689259">
        <ele>1448.684134</ele>
        <time>2026-08-30T09:49:20.000Z</time>
      </trkpt>
      <trkpt lat="46.798511" lon="8.689260">
        <ele>1448.750388</ele>
        <time>2026-08-30T09:49:21.000Z</time>
      </trkpt>
      <trkpt lat="46.798509" lon="8.689261">
        <ele>1448.816642</ele>
        <time>2026-08-30T09:49:22.000Z</time>
      </trkpt>
      <trkpt lat="46.798508" lon="8.689261">
        <ele>1448.847984</ele>
        <time>2026-08-30T09:49:23.000Z</time>
      </trkpt>
      <trkpt lat="46.798506" lon="8.689262">
        <ele>1448.914238</ele>
        <time>2026-08-30T09:49:24.000Z</time>
      </trkpt>
      <trkpt lat="46.798505" lon="8.689262">
        <ele>1448.945580</ele>
        <time>2026-08-30T09:49:25.000Z</time>
      </trkpt>
      <trkpt lat="46.798504" lon="8.689263">
        <ele>1448.983562</ele>
        <time>2026-08-30T09:49:26.000Z</time>
      </trkpt>
      <trkpt lat="46.798504" lon="8.689264">
        <ele>1449.005018</ele>
        <time>2026-08-30T09:49:27.000Z</time>
      </trkpt>
      <trkpt lat="46.798503" lon="8.689264">
        <ele>1449.036359</ele>
        <time>2026-08-30T09:49:28.000Z</time>
      </trkpt>
      <trkpt lat="46.798503" lon="8.689264">
        <ele>1449.036359</ele>
        <time>2026-08-30T09:49:29.000Z</time>
      </trkpt>
      <trkpt lat="46.798502" lon="8.689264">
        <ele>1449.067701</ele>
        <time>2026-08-30T09:49:30.000Z</time>
      </trkpt>
      <trkpt lat="46.798502" lon="8.689264">
        <ele>1449.067701</ele>
        <time>2026-08-30T09:49:31.000Z</time>
      </trkpt>
      <trkpt lat="46.798502" lon="8.689264">
        <ele>1449.067701</ele>
        <time>2026-08-30T09:49:32.000Z</time>
      </trkpt>
      <trkpt lat="46.798502" lon="8.689265">
        <ele>1449.089157</ele>
        <time>2026-08-30T09:49:33.000Z</time>
      </trkpt>
      <trkpt lat="46.798502" lon="8.689266">
        <ele>1449.110612</ele>
        <time>2026-08-30T09:49:34.000Z</time>
      </trkpt>
      <trkpt lat="46.798502" lon="8.689266">
        <ele>1449.110612</ele>
        <time>2026-08-30T09:49:35.000Z</time>
      </trkpt>
      <trkpt lat="46.798503" lon="8.689267">
        <ele>1449.148595</ele>
        <time>2026-08-30T09:49:36.000Z</time>
      </trkpt>
      <trkpt lat="46.798504" lon="8.689267">
        <ele>1449.179937</ele>
        <time>2026-08-30T09:49:37.000Z</time>
      </trkpt>
      <trkpt lat="46.798505" lon="8.689268">
        <ele>1449.217919</ele>
        <time>2026-08-30T09:49:38.000Z</time>
      </trkpt>
      <trkpt lat="46.798506" lon="8.689268">
        <ele>1449.249261</ele>
        <time>2026-08-30T09:49:39.000Z</time>
      </trkpt>
      <trkpt lat="46.798507" lon="8.689268">
        <ele>1449.280602</ele>
        <time>2026-08-30T09:49:40.000Z</time>
      </trkpt>
      <trkpt lat="46.798508" lon="8.689269">
        <ele>1449.318585</ele>
        <time>2026-08-30T09:49:41.000Z</time>
      </trkpt>
      <trkpt lat="46.798509" lon="8.689270">
        <ele>1449.356567</ele>
        <time>2026-08-30T09:49:42.000Z</time>
      </trkpt>
      <trkpt lat="46.798510" lon="8.689271">
        <ele>1449.394549</ele>
        <time>2026-08-30T09:49:43.000Z</time>
      </trkpt>
      <trkpt lat="46.798512" lon="8.689271">
        <ele>1449.457233</ele>
        <time>2026-08-30T09:49:44.000Z</time>
      </trkpt>
      <trkpt lat="46.798513" lon="8.689269">
        <ele>1449.510371</ele>
        <time>2026-08-30T09:49:45.000Z</time>
      </trkpt>
      <trkpt lat="46.798516" lon="8.689266">
        <ele>1449.624318</ele>
        <time>2026-08-30T09:49:46.000Z</time>
      </trkpt>
      <trkpt lat="46.798519" lon="8.689263">
        <ele>1449.738265</ele>
        <time>2026-08-30T09:49:47.000Z</time>
      </trkpt>
      <trkpt lat="46.798523" lon="8.689259">
        <ele>1449.890194</ele>
        <time>2026-08-30T09:49:48.000Z</time>
      </trkpt>
      <trkpt lat="46.798529" lon="8.689255">
        <ele>1450.096903</ele>
        <time>2026-08-30T09:49:49.000Z</time>
      </trkpt>
      <trkpt lat="46.798536" lon="8.689252">
        <ele>1450.325543</ele>
        <time>2026-08-30T09:49:50.000Z</time>
      </trkpt>
      <trkpt lat="46.798544" lon="8.689248">
        <ele>1450.590559</ele>
        <time>2026-08-30T09:49:51.000Z</time>
      </trkpt>
      <trkpt lat="46.798553" lon="8.689243">
        <ele>1450.892347</ele>
        <time>2026-08-30T09:49:52.000Z</time>
      </trkpt>
      <trkpt lat="46.798563" lon="8.689237">
        <ele>1451.231173</ele>
        <time>2026-08-30T09:49:53.000Z</time>
      </trkpt>
      <trkpt lat="46.798573" lon="8.689229">
        <ele>1451.588515</ele>
        <time>2026-08-30T09:49:54.000Z</time>
      </trkpt>
      <trkpt lat="46.798584" lon="8.689223">
        <ele>1451.956526</ele>
        <time>2026-08-30T09:49:55.000Z</time>
      </trkpt>
      <trkpt lat="46.798595" lon="8.689219">
        <ele>1452.311807</ele>
        <time>2026-08-30T09:49:56.000Z</time>
      </trkpt>
      <trkpt lat="46.798606" lon="8.689217">
        <ele>1452.659228</ele>
        <time>2026-08-30T09:49:57.000Z</time>
      </trkpt>
      <trkpt lat="46.798616" lon="8.689215">
        <ele>1452.975570</ele>
        <time>2026-08-30T09:49:58.000Z</time>
      </trkpt>
      <trkpt lat="46.798625" lon="8.689213">
        <ele>1453.260892</ele>
        <time>2026-08-30T09:49:59.000Z</time>
      </trkpt>
      <trkpt lat="46.798634" lon="8.689212">
        <ele>1453.543784</ele>
        <time>2026-08-30T09:50:00.000Z</time>
      </trkpt>
      <trkpt lat="46.798640" lon="8.689211">
        <ele>1453.733055</ele>
        <time>2026-08-30T09:50:01.000Z</time>
      </trkpt>
      <trkpt lat="46.798645" lon="8.689211">
        <ele>1453.889764</ele>
        <time>2026-08-30T09:50:02.000Z</time>
      </trkpt>
      <trkpt lat="46.798649" lon="8.689213">
        <ele>1454.022272</ele>
        <time>2026-08-30T09:50:03.000Z</time>
      </trkpt>
      <trkpt lat="46.798653" lon="8.689214">
        <ele>1454.149462</ele>
        <time>2026-08-30T09:50:04.000Z</time>
      </trkpt>
      <trkpt lat="46.798659" lon="8.689215">
        <ele>1454.338733</ele>
        <time>2026-08-30T09:50:05.000Z</time>
      </trkpt>
      <trkpt lat="46.798664" lon="8.689215">
        <ele>1454.495442</ele>
        <time>2026-08-30T09:50:06.000Z</time>
      </trkpt>
      <trkpt lat="46.798670" lon="8.689214">
        <ele>1454.684713</ele>
        <time>2026-08-30T09:50:07.000Z</time>
      </trkpt>
      <trkpt lat="46.798677" lon="8.689213">
        <ele>1454.905153</ele>
        <time>2026-08-30T09:50:08.000Z</time>
      </trkpt>
      <trkpt lat="46.798684" lon="8.689212">
        <ele>1455.125593</ele>
        <time>2026-08-30T09:50:09.000Z</time>
      </trkpt>
      <trkpt lat="46.798690" lon="8.689210">
        <ele>1455.318477</ele>
        <time>2026-08-30T09:50:10.000Z</time>
      </trkpt>
      <trkpt lat="46.798697" lon="8.689207">
        <ele>1455.547118</ele>
        <time>2026-08-30T09:50:11.000Z</time>
      </trkpt>
      <trkpt lat="46.798702" lon="8.689205">
        <ele>1455.709596</ele>
        <time>2026-08-30T09:50:12.000Z</time>
      </trkpt>
      <trkpt lat="46.798708" lon="8.689202">
        <ele>1455.908357</ele>
        <time>2026-08-30T09:50:13.000Z</time>
      </trkpt>
      <trkpt lat="46.798713" lon="8.689201">
        <ele>1456.066529</ele>
        <time>2026-08-30T09:50:14.000Z</time>
      </trkpt>
      <trkpt lat="46.798718" lon="8.689201">
        <ele>1456.223238</ele>
        <time>2026-08-30T09:50:15.000Z</time>
      </trkpt>
      <trkpt lat="46.798722" lon="8.689203">
        <ele>1456.355746</ele>
        <time>2026-08-30T09:50:16.000Z</time>
      </trkpt>
      <trkpt lat="46.798725" lon="8.689208">
        <ele>1456.498397</ele>
        <time>2026-08-30T09:50:17.000Z</time>
      </trkpt>
      <trkpt lat="46.798728" lon="8.689215">
        <ele>1456.675590</ele>
        <time>2026-08-30T09:50:18.000Z</time>
      </trkpt>
      <trkpt lat="46.798731" lon="8.689219">
        <ele>1456.802893</ele>
        <time>2026-08-30T09:50:19.000Z</time>
      </trkpt>
      <trkpt lat="46.798736" lon="8.689219">
        <ele>1456.959602</ele>
        <time>2026-08-30T09:50:20.000Z</time>
      </trkpt>
      <trkpt lat="46.798741" lon="8.689219">
        <ele>1457.116312</ele>
        <time>2026-08-30T09:50:21.000Z</time>
      </trkpt>
      <trkpt lat="46.798747" lon="8.689218">
        <ele>1457.305583</ele>
        <time>2026-08-30T09:50:22.000Z</time>
      </trkpt>
      <trkpt lat="46.798751" lon="8.689220">
        <ele>1457.438091</ele>
        <time>2026-08-30T09:50:23.000Z</time>
      </trkpt>
      <trkpt lat="46.798753" lon="8.689225">
        <ele>1457.562339</ele>
        <time>2026-08-30T09:50:24.000Z</time>
      </trkpt>
      <trkpt lat="46.798755" lon="8.689233">
        <ele>1457.745071</ele>
        <time>2026-08-30T09:50:25.000Z</time>
      </trkpt>
      <trkpt lat="46.798756" lon="8.689242">
        <ele>1457.940697</ele>
        <time>2026-08-30T09:50:26.000Z</time>
      </trkpt>
      <trkpt lat="46.798757" lon="8.689252">
        <ele>1458.157529</ele>
        <time>2026-08-30T09:50:27.000Z</time>
      </trkpt>
      <trkpt lat="46.798757" lon="8.689264">
        <ele>1458.414994</ele>
        <time>2026-08-30T09:50:28.000Z</time>
      </trkpt>
      <trkpt lat="46.798756" lon="8.689275">
        <ele>1458.653076</ele>
        <time>2026-08-30T09:50:29.000Z</time>
      </trkpt>
      <trkpt lat="46.798755" lon="8.689284">
        <ele>1458.848703</ele>
        <time>2026-08-30T09:50:30.000Z</time>
      </trkpt>
      <trkpt lat="46.798753" lon="8.689293">
        <ele>1459.051721</ele>
        <time>2026-08-30T09:50:31.000Z</time>
      </trkpt>
      <trkpt lat="46.798751" lon="8.689301">
        <ele>1459.234453</ele>
        <time>2026-08-30T09:50:32.000Z</time>
      </trkpt>
      <trkpt lat="46.798750" lon="8.689310">
        <ele>1459.430079</ele>
        <time>2026-08-30T09:50:33.000Z</time>
      </trkpt>
      <trkpt lat="46.798749" lon="8.689320">
        <ele>1459.646911</ele>
        <time>2026-08-30T09:50:34.000Z</time>
      </trkpt>
      <trkpt lat="46.798747" lon="8.689330">
        <ele>1459.870435</ele>
        <time>2026-08-30T09:50:34.999Z</time>
      </trkpt>
      <trkpt lat="46.798746" lon="8.689337">
        <ele>1460.023858</ele>
        <time>2026-08-30T09:50:35.999Z</time>
      </trkpt>
      <trkpt lat="46.798745" lon="8.689345">
        <ele>1460.198340</ele>
        <time>2026-08-30T09:50:36.999Z</time>
      </trkpt>
      <trkpt lat="46.798741" lon="8.689352">
        <ele>1460.393976</ele>
        <time>2026-08-30T09:50:37.999Z</time>
      </trkpt>
      <trkpt lat="46.798737" lon="8.689358">
        <ele>1460.573668</ele>
        <time>2026-08-30T09:50:38.999Z</time>
      </trkpt>
      <trkpt lat="46.798733" lon="8.689364">
        <ele>1460.753360</ele>
        <time>2026-08-30T09:50:39.999Z</time>
      </trkpt>
      <trkpt lat="46.798728" lon="8.689370">
        <ele>1460.956165</ele>
        <time>2026-08-30T09:50:40.999Z</time>
      </trkpt>
      <trkpt lat="46.798726" lon="8.689376">
        <ele>1461.099348</ele>
        <time>2026-08-30T09:50:41.999Z</time>
      </trkpt>
      <trkpt lat="46.798724" lon="8.689381">
        <ele>1461.223597</ele>
        <time>2026-08-30T09:50:42.999Z</time>
      </trkpt>
      <trkpt lat="46.798723" lon="8.689386">
        <ele>1461.335359</ele>
        <time>2026-08-30T09:50:43.999Z</time>
      </trkpt>
      <trkpt lat="46.798721" lon="8.689393">
        <ele>1461.498103</ele>
        <time>2026-08-30T09:50:44.999Z</time>
      </trkpt>
      <trkpt lat="46.798720" lon="8.689399">
        <ele>1461.630597</ele>
        <time>2026-08-30T09:50:45.999Z</time>
      </trkpt>
      <trkpt lat="46.798719" lon="8.689405">
        <ele>1461.763090</ele>
        <time>2026-08-30T09:50:46.999Z</time>
      </trkpt>
      <trkpt lat="46.798717" lon="8.689412">
        <ele>1461.925835</ele>
        <time>2026-08-30T09:50:47.999Z</time>
      </trkpt>
      <trkpt lat="46.798714" lon="8.689419">
        <ele>1462.103028</ele>
        <time>2026-08-30T09:50:48.999Z</time>
      </trkpt>
      <trkpt lat="46.798710" lon="8.689427">
        <ele>1462.315580</ele>
        <time>2026-08-30T09:50:49.999Z</time>
      </trkpt>
      <trkpt lat="46.798706" lon="8.689435">
        <ele>1462.528133</ele>
        <time>2026-08-30T09:50:50.999Z</time>
      </trkpt>
      <trkpt lat="46.798704" lon="8.689441">
        <ele>1462.671316</ele>
        <time>2026-08-30T09:50:51.999Z</time>
      </trkpt>
      <trkpt lat="46.798702" lon="8.689445">
        <ele>1462.777592</ele>
        <time>2026-08-30T09:50:52.999Z</time>
      </trkpt>
      <trkpt lat="46.798701" lon="8.689449">
        <ele>1462.868958</ele>
        <time>2026-08-30T09:50:53.999Z</time>
      </trkpt>
      <trkpt lat="46.798699" lon="8.689454">
        <ele>1462.993207</ele>
        <time>2026-08-30T09:50:54.999Z</time>
      </trkpt>
      <trkpt lat="46.798698" lon="8.689458">
        <ele>1463.084572</ele>
        <time>2026-08-30T09:50:55.999Z</time>
      </trkpt>
      <trkpt lat="46.798698" lon="8.689463">
        <ele>1463.191850</ele>
        <time>2026-08-30T09:50:56.999Z</time>
      </trkpt>
      <trkpt lat="46.798698" lon="8.689467">
        <ele>1463.277672</ele>
        <time>2026-08-30T09:50:57.999Z</time>
      </trkpt>
      <trkpt lat="46.798699" lon="8.689470">
        <ele>1463.349263</ele>
        <time>2026-08-30T09:50:58.999Z</time>
      </trkpt>
      <trkpt lat="46.798701" lon="8.689472">
        <ele>1463.425228</ele>
        <time>2026-08-30T09:50:59.999Z</time>
      </trkpt>
      <trkpt lat="46.798702" lon="8.689475">
        <ele>1463.496819</ele>
        <time>2026-08-30T09:51:00.999Z</time>
      </trkpt>
      <trkpt lat="46.798702" lon="8.689479">
        <ele>1463.582641</ele>
        <time>2026-08-30T09:51:01.999Z</time>
      </trkpt>
      <trkpt lat="46.798702" lon="8.689485">
        <ele>1463.711374</ele>
        <time>2026-08-30T09:51:02.999Z</time>
      </trkpt>
      <trkpt lat="46.798701" lon="8.689493">
        <ele>1463.885856</ele>
        <time>2026-08-30T09:51:03.999Z</time>
      </trkpt>
      <trkpt lat="46.798698" lon="8.689502">
        <ele>1464.100631</ele>
        <time>2026-08-30T09:51:04.999Z</time>
      </trkpt>
      <trkpt lat="46.798696" lon="8.689510">
        <ele>1464.283363</ele>
        <time>2026-08-30T09:51:05.999Z</time>
      </trkpt>
      <trkpt lat="46.798693" lon="8.689515">
        <ele>1464.426014</ele>
        <time>2026-08-30T09:51:06.999Z</time>
      </trkpt>
      <trkpt lat="46.798691" lon="8.689521">
        <ele>1464.569197</ele>
        <time>2026-08-30T09:51:07.999Z</time>
      </trkpt>
      <trkpt lat="46.798688" lon="8.689526">
        <ele>1464.711848</ele>
        <time>2026-08-30T09:51:08.999Z</time>
      </trkpt>
      <trkpt lat="46.798686" lon="8.689528">
        <ele>1464.787812</ele>
        <time>2026-08-30T09:51:09.999Z</time>
      </trkpt>
      <trkpt lat="46.798685" lon="8.689527">
        <ele>1464.825794</ele>
        <time>2026-08-30T09:51:10.999Z</time>
      </trkpt>
      <trkpt lat="46.798684" lon="8.689523">
        <ele>1464.917160</ele>
        <time>2026-08-30T09:51:11.999Z</time>
      </trkpt>
      <trkpt lat="46.798683" lon="8.689520">
        <ele>1464.988752</ele>
        <time>2026-08-30T09:51:12.999Z</time>
      </trkpt>
      <trkpt lat="46.798683" lon="8.689517">
        <ele>1465.053118</ele>
        <time>2026-08-30T09:51:13.999Z</time>
      </trkpt>
      <trkpt lat="46.798683" lon="8.689514">
        <ele>1465.117485</ele>
        <time>2026-08-30T09:51:14.999Z</time>
      </trkpt>
      <trkpt lat="46.798684" lon="8.689512">
        <ele>1465.170623</ele>
        <time>2026-08-30T09:51:15.999Z</time>
      </trkpt>
      <trkpt lat="46.798686" lon="8.689510">
        <ele>1465.246587</ele>
        <time>2026-08-30T09:51:16.999Z</time>
      </trkpt>
      <trkpt lat="46.798687" lon="8.689509">
        <ele>1465.284570</ele>
        <time>2026-08-30T09:51:17.999Z</time>
      </trkpt>
      <trkpt lat="46.798689" lon="8.689509">
        <ele>1465.347253</ele>
        <time>2026-08-30T09:51:18.999Z</time>
      </trkpt>
      <trkpt lat="46.798690" lon="8.689508">
        <ele>1465.385236</ele>
        <time>2026-08-30T09:51:19.999Z</time>
      </trkpt>
      <trkpt lat="46.798691" lon="8.689508">
        <ele>1465.416577</ele>
        <time>2026-08-30T09:51:20.999Z</time>
      </trkpt>
      <trkpt lat="46.798693" lon="8.689507">
        <ele>1465.482831</ele>
        <time>2026-08-30T09:51:21.999Z</time>
      </trkpt>
      <trkpt lat="46.798695" lon="8.689506">
        <ele>1465.549085</ele>
        <time>2026-08-30T09:51:22.999Z</time>
      </trkpt>
      <trkpt lat="46.798697" lon="8.689506">
        <ele>1465.611769</ele>
        <time>2026-08-30T09:51:23.999Z</time>
      </trkpt>
      <trkpt lat="46.798698" lon="8.689506">
        <ele>1465.643111</ele>
        <time>2026-08-30T09:51:24.999Z</time>
      </trkpt>
      <trkpt lat="46.798700" lon="8.689507">
        <ele>1465.709365</ele>
        <time>2026-08-30T09:51:25.999Z</time>
      </trkpt>
      <trkpt lat="46.798701" lon="8.689509">
        <ele>1465.762503</ele>
        <time>2026-08-30T09:51:26.999Z</time>
      </trkpt>
      <trkpt lat="46.798703" lon="8.689513">
        <ele>1465.868779</ele>
        <time>2026-08-30T09:51:27.999Z</time>
      </trkpt>
      <trkpt lat="46.798704" lon="8.689517">
        <ele>1465.960145</ele>
        <time>2026-08-30T09:51:28.999Z</time>
      </trkpt>
      <trkpt lat="46.798707" lon="8.689523">
        <ele>1466.119560</ele>
        <time>2026-08-30T09:51:29.999Z</time>
      </trkpt>
      <trkpt lat="46.798709" lon="8.689530">
        <ele>1466.282304</ele>
        <time>2026-08-30T09:51:30.999Z</time>
      </trkpt>
      <trkpt lat="46.798712" lon="8.689537">
        <ele>1466.459497</ele>
        <time>2026-08-30T09:51:31.999Z</time>
      </trkpt>
      <trkpt lat="46.798716" lon="8.689544">
        <ele>1466.655133</ele>
        <time>2026-08-30T09:51:32.999Z</time>
      </trkpt>
      <trkpt lat="46.798721" lon="8.689552">
        <ele>1466.887554</ele>
        <time>2026-08-30T09:51:33.999Z</time>
      </trkpt>
      <trkpt lat="46.798727" lon="8.689560">
        <ele>1467.142161</ele>
        <time>2026-08-30T09:51:34.999Z</time>
      </trkpt>
      <trkpt lat="46.798733" lon="8.689569">
        <ele>1467.411699</ele>
        <time>2026-08-30T09:51:35.999Z</time>
      </trkpt>
      <trkpt lat="46.798737" lon="8.689578">
        <ele>1467.641926</ele>
        <time>2026-08-30T09:51:36.999Z</time>
      </trkpt>
      <trkpt lat="46.798739" lon="8.689586">
        <ele>1467.824657</ele>
        <time>2026-08-30T09:51:37.999Z</time>
      </trkpt>
      <trkpt lat="46.798741" lon="8.689593">
        <ele>1467.987402</ele>
        <time>2026-08-30T09:51:38.999Z</time>
      </trkpt>
      <trkpt lat="46.798743" lon="8.689599">
        <ele>1468.130585</ele>
        <time>2026-08-30T09:51:39.999Z</time>
      </trkpt>
      <trkpt lat="46.798745" lon="8.689604">
        <ele>1468.254833</ele>
        <time>2026-08-30T09:51:40.999Z</time>
      </trkpt>
      <trkpt lat="46.798747" lon="8.689607">
        <ele>1468.344679</ele>
        <time>2026-08-30T09:51:41.999Z</time>
      </trkpt>
      <trkpt lat="46.798748" lon="8.689608">
        <ele>1468.382661</ele>
        <time>2026-08-30T09:51:42.999Z</time>
      </trkpt>
      <trkpt lat="46.798750" lon="8.689607">
        <ele>1468.448915</ele>
        <time>2026-08-30T09:51:43.999Z</time>
      </trkpt>
      <trkpt lat="46.798752" lon="8.689605">
        <ele>1468.524880</ele>
        <time>2026-08-30T09:51:44.999Z</time>
      </trkpt>
      <trkpt lat="46.798754" lon="8.689601">
        <ele>1468.631156</ele>
        <time>2026-08-30T09:51:45.999Z</time>
      </trkpt>
      <trkpt lat="46.798757" lon="8.689597">
        <ele>1468.758460</ele>
        <time>2026-08-30T09:51:46.999Z</time>
      </trkpt>
      <trkpt lat="46.798759" lon="8.689593">
        <ele>1468.864736</ele>
        <time>2026-08-30T09:51:47.999Z</time>
      </trkpt>
      <trkpt lat="46.798762" lon="8.689590">
        <ele>1468.978683</ele>
        <time>2026-08-30T09:51:48.999Z</time>
      </trkpt>
      <trkpt lat="46.798764" lon="8.689588">
        <ele>1469.054647</ele>
        <time>2026-08-30T09:51:49.999Z</time>
      </trkpt>
      <trkpt lat="46.798767" lon="8.689587">
        <ele>1469.151089</ele>
        <time>2026-08-30T09:51:50.999Z</time>
      </trkpt>
      <trkpt lat="46.798771" lon="8.689587">
        <ele>1469.276457</ele>
        <time>2026-08-30T09:51:51.999Z</time>
      </trkpt>
      <trkpt lat="46.798775" lon="8.689586">
        <ele>1469.403647</ele>
        <time>2026-08-30T09:51:52.999Z</time>
      </trkpt>
      <trkpt lat="46.798781" lon="8.689587">
        <ele>1469.592918</ele>
        <time>2026-08-30T09:51:53.999Z</time>
      </trkpt>
      <trkpt lat="46.798787" lon="8.689590">
        <ele>1469.791680</ele>
        <time>2026-08-30T09:51:54.999Z</time>
      </trkpt>
      <trkpt lat="46.798794" lon="8.689595">
        <ele>1470.035896</ele>
        <time>2026-08-30T09:51:55.999Z</time>
      </trkpt>
      <trkpt lat="46.798800" lon="8.689602">
        <ele>1470.276561</ele>
        <time>2026-08-30T09:51:56.999Z</time>
      </trkpt>
      <trkpt lat="46.798802" lon="8.689609">
        <ele>1470.439306</ele>
        <time>2026-08-30T09:51:57.999Z</time>
      </trkpt>
      <trkpt lat="46.798801" lon="8.689617">
        <ele>1470.613787</ele>
        <time>2026-08-30T09:51:58.999Z</time>
      </trkpt>
      <trkpt lat="46.798799" lon="8.689626">
        <ele>1470.816806</ele>
        <time>2026-08-30T09:51:59.999Z</time>
      </trkpt>
      <trkpt lat="46.798797" lon="8.689634">
        <ele>1470.999537</ele>
        <time>2026-08-30T09:52:00.999Z</time>
      </trkpt>
      <trkpt lat="46.798796" lon="8.689639">
        <ele>1471.111299</ele>
        <time>2026-08-30T09:52:01.999Z</time>
      </trkpt>
      <trkpt lat="46.798794" lon="8.689644">
        <ele>1471.235547</ele>
        <time>2026-08-30T09:52:02.999Z</time>
      </trkpt>
      <trkpt lat="46.798791" lon="8.689653">
        <ele>1471.450322</ele>
        <time>2026-08-30T09:52:03.999Z</time>
      </trkpt>
      <trkpt lat="46.798787" lon="8.689662">
        <ele>1471.680548</ele>
        <time>2026-08-30T09:52:04.999Z</time>
      </trkpt>
      <trkpt lat="46.798783" lon="8.689671">
        <ele>1471.910775</ele>
        <time>2026-08-30T09:52:05.999Z</time>
      </trkpt>
      <trkpt lat="46.798779" lon="8.689678">
        <ele>1472.106411</ele>
        <time>2026-08-30T09:52:06.999Z</time>
      </trkpt>
      <trkpt lat="46.798776" lon="8.689686">
        <ele>1472.302121</ele>
        <time>2026-08-30T09:52:07.999Z</time>
      </trkpt>
      <trkpt lat="46.798773" lon="8.689694">
        <ele>1472.497831</ele>
        <time>2026-08-30T09:52:08.999Z</time>
      </trkpt>
      <trkpt lat="46.798770" lon="8.689702">
        <ele>1472.693541</ele>
        <time>2026-08-30T09:52:09.999Z</time>
      </trkpt>
      <trkpt lat="46.798769" lon="8.689709">
        <ele>1472.846964</ele>
        <time>2026-08-30T09:52:10.999Z</time>
      </trkpt>
      <trkpt lat="46.798768" lon="8.689714">
        <ele>1472.958726</ele>
        <time>2026-08-30T09:52:11.999Z</time>
      </trkpt>
      <trkpt lat="46.798766" lon="8.689717">
        <ele>1473.048572</ele>
        <time>2026-08-30T09:52:12.999Z</time>
      </trkpt>
      <trkpt lat="46.798763" lon="8.689720">
        <ele>1473.162519</ele>
        <time>2026-08-30T09:52:13.999Z</time>
      </trkpt>
      <trkpt lat="46.798760" lon="8.689723">
        <ele>1473.276465</ele>
        <time>2026-08-30T09:52:14.999Z</time>
      </trkpt>
      <trkpt lat="46.798757" lon="8.689726">
        <ele>1473.390412</ele>
        <time>2026-08-30T09:52:15.999Z</time>
      </trkpt>
      <trkpt lat="46.798755" lon="8.689728">
        <ele>1473.466377</ele>
        <time>2026-08-30T09:52:16.999Z</time>
      </trkpt>
      <trkpt lat="46.798754" lon="8.689729">
        <ele>1473.504359</ele>
        <time>2026-08-30T09:52:17.999Z</time>
      </trkpt>
      <trkpt lat="46.798754" lon="8.689727">
        <ele>1473.547270</ele>
        <time>2026-08-30T09:52:18.999Z</time>
      </trkpt>
      <trkpt lat="46.798754" lon="8.689726">
        <ele>1473.568725</ele>
        <time>2026-08-30T09:52:19.999Z</time>
      </trkpt>
      <trkpt lat="46.798755" lon="8.689725">
        <ele>1473.606707</ele>
        <time>2026-08-30T09:52:20.999Z</time>
      </trkpt>
      <trkpt lat="46.798756" lon="8.689726">
        <ele>1473.644690</ele>
        <time>2026-08-30T09:52:21.999Z</time>
      </trkpt>
      <trkpt lat="46.798759" lon="8.689728">
        <ele>1473.748044</ele>
        <time>2026-08-30T09:52:22.999Z</time>
      </trkpt>
      <trkpt lat="46.798763" lon="8.689731">
        <ele>1473.888970</ele>
        <time>2026-08-30T09:52:23.999Z</time>
      </trkpt>
      <trkpt lat="46.798767" lon="8.689730">
        <ele>1474.016160</ele>
        <time>2026-08-30T09:52:24.999Z</time>
      </trkpt>
      <trkpt lat="46.798770" lon="8.689729">
        <ele>1474.112602</ele>
        <time>2026-08-30T09:52:25.999Z</time>
      </trkpt>
      <trkpt lat="46.798772" lon="8.689727">
        <ele>1474.188567</ele>
        <time>2026-08-30T09:52:26.999Z</time>
      </trkpt>
      <trkpt lat="46.798774" lon="8.689724">
        <ele>1474.278412</ele>
        <time>2026-08-30T09:52:27.999Z</time>
      </trkpt>
      <trkpt lat="46.798776" lon="8.689723">
        <ele>1474.344666</ele>
        <time>2026-08-30T09:52:28.999Z</time>
      </trkpt>
      <trkpt lat="46.798781" lon="8.689723">
        <ele>1474.501376</ele>
        <time>2026-08-30T09:52:29.999Z</time>
      </trkpt>
      <trkpt lat="46.798786" lon="8.689726">
        <ele>1474.670789</ele>
        <time>2026-08-30T09:52:30.999Z</time>
      </trkpt>
      <trkpt lat="46.798793" lon="8.689732">
        <ele>1474.925161</ele>
        <time>2026-08-30T09:52:31.999Z</time>
      </trkpt>
      <trkpt lat="46.798798" lon="8.689738">
        <ele>1475.127966</ele>
        <time>2026-08-30T09:52:32.999Z</time>
      </trkpt>
      <trkpt lat="46.798802" lon="8.689742">
        <ele>1475.279895</ele>
        <time>2026-08-30T09:52:33.999Z</time>
      </trkpt>
      <trkpt lat="46.798805" lon="8.689743">
        <ele>1475.376338</ele>
        <time>2026-08-30T09:52:34.999Z</time>
      </trkpt>
      <trkpt lat="46.798806" lon="8.689741">
        <ele>1475.429476</ele>
        <time>2026-08-30T09:52:35.999Z</time>
      </trkpt>
      <trkpt lat="46.798808" lon="8.689737">
        <ele>1475.535752</ele>
        <time>2026-08-30T09:52:36.999Z</time>
      </trkpt>
      <trkpt lat="46.798809" lon="8.689732">
        <ele>1475.647514</ele>
        <time>2026-08-30T09:52:37.999Z</time>
      </trkpt>
      <trkpt lat="46.798811" lon="8.689727">
        <ele>1475.771762</ele>
        <time>2026-08-30T09:52:38.999Z</time>
      </trkpt>
      <trkpt lat="46.798813" lon="8.689722">
        <ele>1475.896010</ele>
        <time>2026-08-30T09:52:39.999Z</time>
      </trkpt>
      <trkpt lat="46.798814" lon="8.689718">
        <ele>1475.987376</ele>
        <time>2026-08-30T09:52:40.999Z</time>
      </trkpt>
      <trkpt lat="46.798816" lon="8.689714">
        <ele>1476.093652</ele>
        <time>2026-08-30T09:52:41.999Z</time>
      </trkpt>
      <trkpt lat="46.798820" lon="8.689709">
        <ele>1476.258653</ele>
        <time>2026-08-30T09:52:42.999Z</time>
      </trkpt>
      <trkpt lat="46.798823" lon="8.689704">
        <ele>1476.401304</ele>
        <time>2026-08-30T09:52:43.999Z</time>
      </trkpt>
      <trkpt lat="46.798827" lon="8.689700">
        <ele>1476.553233</ele>
        <time>2026-08-30T09:52:44.999Z</time>
      </trkpt>
      <trkpt lat="46.798830" lon="8.689696">
        <ele>1476.680536</ele>
        <time>2026-08-30T09:52:45.999Z</time>
      </trkpt>
      <trkpt lat="46.798835" lon="8.689693">
        <ele>1476.849950</ele>
        <time>2026-08-30T09:52:46.999Z</time>
      </trkpt>
      <trkpt lat="46.798840" lon="8.689692">
        <ele>1477.008121</ele>
        <time>2026-08-30T09:52:47.999Z</time>
      </trkpt>
      <trkpt lat="46.798844" lon="8.689692">
        <ele>1477.133488</ele>
        <time>2026-08-30T09:52:48.999Z</time>
      </trkpt>
      <trkpt lat="46.798848" lon="8.689694">
        <ele>1477.265996</ele>
        <time>2026-08-30T09:52:49.999Z</time>
      </trkpt>
      <trkpt lat="46.798851" lon="8.689700">
        <ele>1477.425410</ele>
        <time>2026-08-30T09:52:50.999Z</time>
      </trkpt>
      <trkpt lat="46.798854" lon="8.689708">
        <ele>1477.621120</ele>
        <time>2026-08-30T09:52:51.999Z</time>
      </trkpt>
      <trkpt lat="46.798856" lon="8.689718">
        <ele>1477.844643</ele>
        <time>2026-08-30T09:52:52.999Z</time>
      </trkpt>
      <trkpt lat="46.798856" lon="8.689730">
        <ele>1478.102108</ele>
        <time>2026-08-30T09:52:53.999Z</time>
      </trkpt>
      <trkpt lat="46.798856" lon="8.689743">
        <ele>1478.381029</ele>
        <time>2026-08-30T09:52:54.999Z</time>
      </trkpt>
      <trkpt lat="46.798855" lon="8.689758">
        <ele>1478.704383</ele>
        <time>2026-08-30T09:52:55.999Z</time>
      </trkpt>
      <trkpt lat="46.798853" lon="8.689773">
        <ele>1479.032262</ele>
        <time>2026-08-30T09:52:56.999Z</time>
      </trkpt>
      <trkpt lat="46.798850" lon="8.689787">
        <ele>1479.347011</ele>
        <time>2026-08-30T09:52:57.999Z</time>
      </trkpt>
      <trkpt lat="46.798848" lon="8.689800">
        <ele>1479.632888</ele>
        <time>2026-08-30T09:52:58.999Z</time>
      </trkpt>
      <trkpt lat="46.798845" lon="8.689812">
        <ele>1479.906985</ele>
        <time>2026-08-30T09:52:59.999Z</time>
      </trkpt>
      <trkpt lat="46.798842" lon="8.689823">
        <ele>1480.161035</ele>
        <time>2026-08-30T09:53:00.999Z</time>
      </trkpt>
      <trkpt lat="46.798839" lon="8.689834">
        <ele>1480.415085</ele>
        <time>2026-08-30T09:53:01.999Z</time>
      </trkpt>
      <trkpt lat="46.798837" lon="8.689846">
        <ele>1480.680071</ele>
        <time>2026-08-30T09:53:02.999Z</time>
      </trkpt>
      <trkpt lat="46.798834" lon="8.689857">
        <ele>1480.934121</ele>
        <time>2026-08-30T09:53:03.999Z</time>
      </trkpt>
      <trkpt lat="46.798829" lon="8.689866">
        <ele>1481.182808</ele>
        <time>2026-08-30T09:53:04.999Z</time>
      </trkpt>
      <trkpt lat="46.798825" lon="8.689874">
        <ele>1481.395360</ele>
        <time>2026-08-30T09:53:05.999Z</time>
      </trkpt>
      <trkpt lat="46.798820" lon="8.689881">
        <ele>1481.612418</ele>
        <time>2026-08-30T09:53:06.999Z</time>
      </trkpt>
      <trkpt lat="46.798816" lon="8.689885">
        <ele>1481.764347</ele>
        <time>2026-08-30T09:53:07.999Z</time>
      </trkpt>
      <trkpt lat="46.798813" lon="8.689887">
        <ele>1481.867701</ele>
        <time>2026-08-30T09:53:08.999Z</time>
      </trkpt>
      <trkpt lat="46.798811" lon="8.689888">
        <ele>1481.933955</ele>
        <time>2026-08-30T09:53:09.999Z</time>
      </trkpt>
      <trkpt lat="46.798808" lon="8.689889">
        <ele>1482.030398</ele>
        <time>2026-08-30T09:53:10.999Z</time>
      </trkpt>
      <trkpt lat="46.798806" lon="8.689890">
        <ele>1482.096652</ele>
        <time>2026-08-30T09:53:11.999Z</time>
      </trkpt>
      <trkpt lat="46.798803" lon="8.689890">
        <ele>1482.190677</ele>
        <time>2026-08-30T09:53:12.999Z</time>
      </trkpt>
      <trkpt lat="46.798800" lon="8.689890">
        <ele>1482.284703</ele>
        <time>2026-08-30T09:53:13.999Z</time>
      </trkpt>
      <trkpt lat="46.798796" lon="8.689890">
        <ele>1482.410070</ele>
        <time>2026-08-30T09:53:14.999Z</time>
      </trkpt>
      <trkpt lat="46.798791" lon="8.689891">
        <ele>1482.568241</ele>
        <time>2026-08-30T09:53:15.999Z</time>
      </trkpt>
      <trkpt lat="46.798785" lon="8.689893">
        <ele>1482.761126</ele>
        <time>2026-08-30T09:53:16.999Z</time>
      </trkpt>
      <trkpt lat="46.798778" lon="8.689897">
        <ele>1482.996708</ele>
        <time>2026-08-30T09:53:17.999Z</time>
      </trkpt>
      <trkpt lat="46.798772" lon="8.689901">
        <ele>1483.203417</ele>
        <time>2026-08-30T09:53:18.999Z</time>
      </trkpt>
      <trkpt lat="46.798766" lon="8.689905">
        <ele>1483.410126</ele>
        <time>2026-08-30T09:53:19.999Z</time>
      </trkpt>
      <trkpt lat="46.798761" lon="8.689910">
        <ele>1483.600037</ele>
        <time>2026-08-30T09:53:20.999Z</time>
      </trkpt>
      <trkpt lat="46.798756" lon="8.689914">
        <ele>1483.778707</ele>
        <time>2026-08-30T09:53:21.999Z</time>
      </trkpt>
      <trkpt lat="46.798751" lon="8.689917">
        <ele>1483.948121</ele>
        <time>2026-08-30T09:53:22.999Z</time>
      </trkpt>
      <trkpt lat="46.798746" lon="8.689919">
        <ele>1484.110599</ele>
        <time>2026-08-30T09:53:23.999Z</time>
      </trkpt>
      <trkpt lat="46.798742" lon="8.689922">
        <ele>1484.251524</ele>
        <time>2026-08-30T09:53:24.999Z</time>
      </trkpt>
      <trkpt lat="46.798739" lon="8.689925">
        <ele>1484.365471</ele>
        <time>2026-08-30T09:53:25.999Z</time>
      </trkpt>
      <trkpt lat="46.798736" lon="8.689931">
        <ele>1484.524885</ele>
        <time>2026-08-30T09:53:26.999Z</time>
      </trkpt>
      <trkpt lat="46.798734" lon="8.689937">
        <ele>1484.668068</ele>
        <time>2026-08-30T09:53:27.999Z</time>
      </trkpt>
      <trkpt lat="46.798732" lon="8.689943">
        <ele>1484.811251</ele>
        <time>2026-08-30T09:53:28.999Z</time>
      </trkpt>
      <trkpt lat="46.798729" lon="8.689949">
        <ele>1484.970666</ele>
        <time>2026-08-30T09:53:29.999Z</time>
      </trkpt>
      <trkpt lat="46.798726" lon="8.689953">
        <ele>1485.097969</ele>
        <time>2026-08-30T09:53:30.999Z</time>
      </trkpt>
      <trkpt lat="46.798723" lon="8.689958">
        <ele>1485.240620</ele>
        <time>2026-08-30T09:53:31.999Z</time>
      </trkpt>
      <trkpt lat="46.798720" lon="8.689961">
        <ele>1485.354567</ele>
        <time>2026-08-30T09:53:32.999Z</time>
      </trkpt>
      <trkpt lat="46.798717" lon="8.689964">
        <ele>1485.468514</ele>
        <time>2026-08-30T09:53:33.999Z</time>
      </trkpt>
      <trkpt lat="46.798712" lon="8.689966">
        <ele>1485.630992</ele>
        <time>2026-08-30T09:53:34.999Z</time>
      </trkpt>
      <trkpt lat="46.798707" lon="8.689967">
        <ele>1485.789163</ele>
        <time>2026-08-30T09:53:35.999Z</time>
      </trkpt>
      <trkpt lat="46.798702" lon="8.689969">
        <ele>1485.951641</ele>
        <time>2026-08-30T09:53:36.999Z</time>
      </trkpt>
      <trkpt lat="46.798696" lon="8.689972">
        <ele>1486.150403</ele>
        <time>2026-08-30T09:53:37.999Z</time>
      </trkpt>
      <trkpt lat="46.798691" lon="8.689977">
        <ele>1486.340314</ele>
        <time>2026-08-30T09:53:38.999Z</time>
      </trkpt>
      <trkpt lat="46.798686" lon="8.689982">
        <ele>1486.530225</ele>
        <time>2026-08-30T09:53:39.999Z</time>
      </trkpt>
      <trkpt lat="46.798682" lon="8.689987">
        <ele>1486.695226</ele>
        <time>2026-08-30T09:53:40.999Z</time>
      </trkpt>
      <trkpt lat="46.798678" lon="8.689990">
        <ele>1486.836152</ele>
        <time>2026-08-30T09:53:41.999Z</time>
      </trkpt>
      <trkpt lat="46.798674" lon="8.689988">
        <ele>1486.968660</ele>
        <time>2026-08-30T09:53:42.999Z</time>
      </trkpt>
      <trkpt lat="46.798670" lon="8.689985">
        <ele>1487.109586</ele>
        <time>2026-08-30T09:53:43.999Z</time>
      </trkpt>
      <trkpt lat="46.798666" lon="8.689980">
        <ele>1487.274587</ele>
        <time>2026-08-30T09:53:44.999Z</time>
      </trkpt>
      <trkpt lat="46.798662" lon="8.689976">
        <ele>1487.426516</ele>
        <time>2026-08-30T09:53:45.999Z</time>
      </trkpt>
      <trkpt lat="46.798658" lon="8.689973">
        <ele>1487.567442</ele>
        <time>2026-08-30T09:53:46.999Z</time>
      </trkpt>
      <trkpt lat="46.798656" lon="8.689971">
        <ele>1487.643406</ele>
        <time>2026-08-30T09:53:47.999Z</time>
      </trkpt>
      <trkpt lat="46.798655" lon="8.689970">
        <ele>1487.681388</ele>
        <time>2026-08-30T09:53:48.999Z</time>
      </trkpt>
      <trkpt lat="46.798654" lon="8.689972">
        <ele>1487.734526</ele>
        <time>2026-08-30T09:53:49.999Z</time>
      </trkpt>
      <trkpt lat="46.798652" lon="8.689975">
        <ele>1487.824372</ele>
        <time>2026-08-30T09:53:50.999Z</time>
      </trkpt>
      <trkpt lat="46.798650" lon="8.689979">
        <ele>1487.930649</ele>
        <time>2026-08-30T09:53:51.999Z</time>
      </trkpt>
      <trkpt lat="46.798647" lon="8.689985">
        <ele>1488.090063</ele>
        <time>2026-08-30T09:53:52.999Z</time>
      </trkpt>
      <trkpt lat="46.798644" lon="8.689991">
        <ele>1488.249478</ele>
        <time>2026-08-30T09:53:53.999Z</time>
      </trkpt>
      <trkpt lat="46.798642" lon="8.689998">
        <ele>1488.412223</ele>
        <time>2026-08-30T09:53:54.999Z</time>
      </trkpt>
      <trkpt lat="46.798640" lon="8.690005">
        <ele>1488.574967</ele>
        <time>2026-08-30T09:53:55.999Z</time>
      </trkpt>
      <trkpt lat="46.798639" lon="8.690012">
        <ele>1488.728391</ele>
        <time>2026-08-30T09:53:56.999Z</time>
      </trkpt>
      <trkpt lat="46.798638" lon="8.690018">
        <ele>1488.860885</ele>
        <time>2026-08-30T09:53:57.999Z</time>
      </trkpt>
      <trkpt lat="46.798636" lon="8.690023">
        <ele>1488.985134</ele>
        <time>2026-08-30T09:53:58.999Z</time>
      </trkpt>
      <trkpt lat="46.798635" lon="8.690028">
        <ele>1489.096896</ele>
        <time>2026-08-30T09:53:59.999Z</time>
      </trkpt>
      <trkpt lat="46.798634" lon="8.690033">
        <ele>1489.208658</ele>
        <time>2026-08-30T09:54:00.999Z</time>
      </trkpt>
      <trkpt lat="46.798632" lon="8.690038">
        <ele>1489.332907</ele>
        <time>2026-08-30T09:54:01.999Z</time>
      </trkpt>
      <trkpt lat="46.798630" lon="8.690044">
        <ele>1489.476090</ele>
        <time>2026-08-30T09:54:02.999Z</time>
      </trkpt>
      <trkpt lat="46.798628" lon="8.690051">
        <ele>1489.638835</ele>
        <time>2026-08-30T09:54:03.999Z</time>
      </trkpt>
      <trkpt lat="46.798626" lon="8.690057">
        <ele>1489.782018</ele>
        <time>2026-08-30T09:54:04.999Z</time>
      </trkpt>
      <trkpt lat="46.798623" lon="8.690062">
        <ele>1489.924669</ele>
        <time>2026-08-30T09:54:05.999Z</time>
      </trkpt>
      <trkpt lat="46.798620" lon="8.690065">
        <ele>1490.038616</ele>
        <time>2026-08-30T09:54:06.999Z</time>
      </trkpt>
      <trkpt lat="46.798615" lon="8.690069">
        <ele>1490.217286</ele>
        <time>2026-08-30T09:54:07.999Z</time>
      </trkpt>
      <trkpt lat="46.798609" lon="8.690072">
        <ele>1490.416048</ele>
        <time>2026-08-30T09:54:08.999Z</time>
      </trkpt>
      <trkpt lat="46.798606" lon="8.690073">
        <ele>1490.512491</ele>
        <time>2026-08-30T09:54:09.999Z</time>
      </trkpt>
      <trkpt lat="46.798603" lon="8.690073">
        <ele>1490.606516</ele>
        <time>2026-08-30T09:54:10.999Z</time>
      </trkpt>
      <trkpt lat="46.798601" lon="8.690074">
        <ele>1490.672770</ele>
        <time>2026-08-30T09:54:11.999Z</time>
      </trkpt>
      <trkpt lat="46.798598" lon="8.690076">
        <ele>1490.776125</ele>
        <time>2026-08-30T09:54:12.999Z</time>
      </trkpt>
      <trkpt lat="46.798596" lon="8.690079">
        <ele>1490.865971</ele>
        <time>2026-08-30T09:54:13.999Z</time>
      </trkpt>
      <trkpt lat="46.798595" lon="8.690083">
        <ele>1490.957337</ele>
        <time>2026-08-30T09:54:14.999Z</time>
      </trkpt>
      <trkpt lat="46.798593" lon="8.690087">
        <ele>1491.063613</ele>
        <time>2026-08-30T09:54:15.999Z</time>
      </trkpt>
      <trkpt lat="46.798591" lon="8.690092">
        <ele>1491.187862</ele>
        <time>2026-08-30T09:54:16.999Z</time>
      </trkpt>
      <trkpt lat="46.798589" lon="8.690096">
        <ele>1491.294138</ele>
        <time>2026-08-30T09:54:17.999Z</time>
      </trkpt>
      <trkpt lat="46.798585" lon="8.690100">
        <ele>1491.446067</ele>
        <time>2026-08-30T09:54:18.999Z</time>
      </trkpt>
      <trkpt lat="46.798581" lon="8.690104">
        <ele>1491.597996</ele>
        <time>2026-08-30T09:54:19.999Z</time>
      </trkpt>
      <trkpt lat="46.798577" lon="8.690108">
        <ele>1491.749925</ele>
        <time>2026-08-30T09:54:20.999Z</time>
      </trkpt>
      <trkpt lat="46.798574" lon="8.690112">
        <ele>1491.877229</ele>
        <time>2026-08-30T09:54:21.999Z</time>
      </trkpt>
      <trkpt lat="46.798572" lon="8.690118">
        <ele>1492.020413</ele>
        <time>2026-08-30T09:54:22.999Z</time>
      </trkpt>
      <trkpt lat="46.798569" lon="8.690125">
        <ele>1492.197606</ele>
        <time>2026-08-30T09:54:23.999Z</time>
      </trkpt>
      <trkpt lat="46.798567" lon="8.690131">
        <ele>1492.340789</ele>
        <time>2026-08-30T09:54:24.999Z</time>
      </trkpt>
      <trkpt lat="46.798565" lon="8.690135">
        <ele>1492.447066</ele>
        <time>2026-08-30T09:54:25.999Z</time>
      </trkpt>
      <trkpt lat="46.798563" lon="8.690137">
        <ele>1492.523030</ele>
        <time>2026-08-30T09:54:26.999Z</time>
      </trkpt>
      <trkpt lat="46.798561" lon="8.690138">
        <ele>1492.589284</ele>
        <time>2026-08-30T09:54:27.999Z</time>
      </trkpt>
      <trkpt lat="46.798559" lon="8.690138">
        <ele>1492.651968</ele>
        <time>2026-08-30T09:54:28.999Z</time>
      </trkpt>
      <trkpt lat="46.798557" lon="8.690138">
        <ele>1492.714652</ele>
        <time>2026-08-30T09:54:29.999Z</time>
      </trkpt>
      <trkpt lat="46.798556" lon="8.690138">
        <ele>1492.745994</ele>
        <time>2026-08-30T09:54:30.999Z</time>
      </trkpt>
      <trkpt lat="46.798555" lon="8.690138">
        <ele>1492.777335</ele>
        <time>2026-08-30T09:54:31.999Z</time>
      </trkpt>
      <trkpt lat="46.798554" lon="8.690138">
        <ele>1492.808677</ele>
        <time>2026-08-30T09:54:32.999Z</time>
      </trkpt>
      <trkpt lat="46.798554" lon="8.690138">
        <ele>1492.808677</ele>
        <time>2026-08-30T09:54:33.999Z</time>
      </trkpt>
      <trkpt lat="46.798553" lon="8.690137">
        <ele>1492.846660</ele>
        <time>2026-08-30T09:54:34.999Z</time>
      </trkpt>
      <trkpt lat="46.798553" lon="8.690136">
        <ele>1492.868115</ele>
        <time>2026-08-30T09:54:35.999Z</time>
      </trkpt>
      <trkpt lat="46.798553" lon="8.690135">
        <ele>1492.889571</ele>
        <time>2026-08-30T09:54:36.999Z</time>
      </trkpt>
      <trkpt lat="46.798553" lon="8.690135">
        <ele>1492.889571</ele>
        <time>2026-08-30T09:54:37.999Z</time>
      </trkpt>
      <trkpt lat="46.798552" lon="8.690135">
        <ele>1492.920913</ele>
        <time>2026-08-30T09:54:38.999Z</time>
      </trkpt>
      <trkpt lat="46.798552" lon="8.690136">
        <ele>1492.942368</ele>
        <time>2026-08-30T09:54:39.999Z</time>
      </trkpt>
      <trkpt lat="46.798551" lon="8.690137">
        <ele>1492.980350</ele>
        <time>2026-08-30T09:54:40.999Z</time>
      </trkpt>
      <trkpt lat="46.798551" lon="8.690138">
        <ele>1493.001806</ele>
        <time>2026-08-30T09:54:41.999Z</time>
      </trkpt>
      <trkpt lat="46.798550" lon="8.690140">
        <ele>1493.054944</ele>
        <time>2026-08-30T09:54:42.999Z</time>
      </trkpt>
      <trkpt lat="46.798548" lon="8.690140">
        <ele>1493.117628</ele>
        <time>2026-08-30T09:54:43.999Z</time>
      </trkpt>
      <trkpt lat="46.798546" lon="8.690139">
        <ele>1493.183882</ele>
        <time>2026-08-30T09:54:44.999Z</time>
      </trkpt>
      <trkpt lat="46.798544" lon="8.690139">
        <ele>1493.246565</ele>
        <time>2026-08-30T09:54:45.999Z</time>
      </trkpt>
      <trkpt lat="46.798544" lon="8.690139">
        <ele>1493.246565</ele>
        <time>2026-08-30T09:54:46.999Z</time>
      </trkpt>
      <trkpt lat="46.798545" lon="8.690141">
        <ele>1493.299704</ele>
        <time>2026-08-30T09:54:47.999Z</time>
      </trkpt>
      <trkpt lat="46.798548" lon="8.690144">
        <ele>1493.413651</ele>
        <time>2026-08-30T09:54:48.999Z</time>
      </trkpt>
      <trkpt lat="46.798551" lon="8.690148">
        <ele>1493.540954</ele>
        <time>2026-08-30T09:54:49.999Z</time>
      </trkpt>
      <trkpt lat="46.798553" lon="8.690151">
        <ele>1493.630800</ele>
        <time>2026-08-30T09:54:50.999Z</time>
      </trkpt>
      <trkpt lat="46.798555" lon="8.690153">
        <ele>1493.706765</ele>
        <time>2026-08-30T09:54:51.999Z</time>
      </trkpt>
      <trkpt lat="46.798555" lon="8.690154">
        <ele>1493.728220</ele>
        <time>2026-08-30T09:54:52.999Z</time>
      </trkpt>
      <trkpt lat="46.798555" lon="8.690154">
        <ele>1493.728220</ele>
        <time>2026-08-30T09:54:53.999Z</time>
      </trkpt>
      <trkpt lat="46.798554" lon="8.690153">
        <ele>1493.766203</ele>
        <time>2026-08-30T09:54:54.999Z</time>
      </trkpt>
      <trkpt lat="46.798553" lon="8.690151">
        <ele>1493.819341</ele>
        <time>2026-08-30T09:54:55.999Z</time>
      </trkpt>
      <trkpt lat="46.798553" lon="8.690150">
        <ele>1493.840797</ele>
        <time>2026-08-30T09:54:56.999Z</time>
      </trkpt>
      <trkpt lat="46.798552" lon="8.690148">
        <ele>1493.893935</ele>
        <time>2026-08-30T09:54:57.999Z</time>
      </trkpt>
      <trkpt lat="46.798552" lon="8.690146">
        <ele>1493.936846</ele>
        <time>2026-08-30T09:54:58.999Z</time>
      </trkpt>
      <trkpt lat="46.798551" lon="8.690143">
        <ele>1494.008438</ele>
        <time>2026-08-30T09:54:59.999Z</time>
      </trkpt>
      <trkpt lat="46.798550" lon="8.690140">
        <ele>1494.080029</ele>
        <time>2026-08-30T09:55:00.999Z</time>
      </trkpt>
      <trkpt lat="46.798548" lon="8.690137">
        <ele>1494.169875</ele>
        <time>2026-08-30T09:55:01.999Z</time>
      </trkpt>
      <trkpt lat="46.798547" lon="8.690134">
        <ele>1494.241467</ele>
        <time>2026-08-30T09:55:02.999Z</time>
      </trkpt>
      <trkpt lat="46.798546" lon="8.690131">
        <ele>1494.313059</ele>
        <time>2026-08-30T09:55:03.999Z</time>
      </trkpt>
      <trkpt lat="46.798544" lon="8.690128">
        <ele>1494.402905</ele>
        <time>2026-08-30T09:55:04.999Z</time>
      </trkpt>
      <trkpt lat="46.798543" lon="8.690125">
        <ele>1494.474497</ele>
        <time>2026-08-30T09:55:05.999Z</time>
      </trkpt>
      <trkpt lat="46.798541" lon="8.690123">
        <ele>1494.550461</ele>
        <time>2026-08-30T09:55:06.999Z</time>
      </trkpt>
      <trkpt lat="46.798539" lon="8.690122">
        <ele>1494.616715</ele>
        <time>2026-08-30T09:55:07.999Z</time>
      </trkpt>
      <trkpt lat="46.798537" lon="8.690122">
        <ele>1494.679399</ele>
        <time>2026-08-30T09:55:08.999Z</time>
      </trkpt>
      <trkpt lat="46.798535" lon="8.690122">
        <ele>1494.742083</ele>
        <time>2026-08-30T09:55:09.999Z</time>
      </trkpt>
      <trkpt lat="46.798534" lon="8.690123">
        <ele>1494.780065</ele>
        <time>2026-08-30T09:55:10.999Z</time>
      </trkpt>
      <trkpt lat="46.798533" lon="8.690123">
        <ele>1494.811407</ele>
        <time>2026-08-30T09:55:11.999Z</time>
      </trkpt>
      <trkpt lat="46.798532" lon="8.690125">
        <ele>1494.864545</ele>
        <time>2026-08-30T09:55:12.999Z</time>
      </trkpt>
      <trkpt lat="46.798530" lon="8.690127">
        <ele>1494.940509</ele>
        <time>2026-08-30T09:55:13.999Z</time>
      </trkpt>
      <trkpt lat="46.798528" lon="8.690131">
        <ele>1495.046786</ele>
        <time>2026-08-30T09:55:14.999Z</time>
      </trkpt>
      <trkpt lat="46.798527" lon="8.690137">
        <ele>1495.179280</ele>
        <time>2026-08-30T09:55:15.999Z</time>
      </trkpt>
      <trkpt lat="46.798526" lon="8.690144">
        <ele>1495.330649</ele>
        <time>2026-08-30T09:55:16.999Z</time>
      </trkpt>
      <trkpt lat="46.798526" lon="8.690152">
        <ele>1495.488530</ele>
        <time>2026-08-30T09:55:17.999Z</time>
      </trkpt>
      <trkpt lat="46.798526" lon="8.690160">
        <ele>1495.646411</ele>
        <time>2026-08-30T09:55:18.999Z</time>
      </trkpt>
      <trkpt lat="46.798527" lon="8.690169">
        <ele>1495.826351</ele>
        <time>2026-08-30T09:55:19.999Z</time>
      </trkpt>
      <trkpt lat="46.798528" lon="8.690177">
        <ele>1495.986843</ele>
        <time>2026-08-30T09:55:20.999Z</time>
      </trkpt>
      <trkpt lat="46.798528" lon="8.690185">
        <ele>1496.144724</ele>
        <time>2026-08-30T09:55:21.999Z</time>
      </trkpt>
      <trkpt lat="46.798528" lon="8.690192">
        <ele>1496.282869</ele>
        <time>2026-08-30T09:55:22.999Z</time>
      </trkpt>
      <trkpt lat="46.798526" lon="8.690201">
        <ele>1496.469610</ele>
        <time>2026-08-30T09:55:23.999Z</time>
      </trkpt>
      <trkpt lat="46.798524" lon="8.690211">
        <ele>1496.675211</ele>
        <time>2026-08-30T09:55:24.999Z</time>
      </trkpt>
      <trkpt lat="46.798522" lon="8.690219">
        <ele>1496.843291</ele>
        <time>2026-08-30T09:55:25.999Z</time>
      </trkpt>
      <trkpt lat="46.798520" lon="8.690226">
        <ele>1496.992986</ele>
        <time>2026-08-30T09:55:26.999Z</time>
      </trkpt>
      <trkpt lat="46.798518" lon="8.690231">
        <ele>1497.107272</ele>
        <time>2026-08-30T09:55:27.999Z</time>
      </trkpt>
      <trkpt lat="46.798517" lon="8.690234">
        <ele>1497.173123</ele>
        <time>2026-08-30T09:55:28.999Z</time>
      </trkpt>
      <trkpt lat="46.798516" lon="8.690237">
        <ele>1497.238974</ele>
        <time>2026-08-30T09:55:29.999Z</time>
      </trkpt>
      <trkpt lat="46.798516" lon="8.690239">
        <ele>1497.278444</ele>
        <time>2026-08-30T09:55:30.999Z</time>
      </trkpt>
      <trkpt lat="46.798516" lon="8.690241">
        <ele>1497.317914</ele>
        <time>2026-08-30T09:55:31.999Z</time>
      </trkpt>
      <trkpt lat="46.798517" lon="8.690243">
        <ele>1497.366792</ele>
        <time>2026-08-30T09:55:32.999Z</time>
      </trkpt>
      <trkpt lat="46.798517" lon="8.690245">
        <ele>1497.406262</ele>
        <time>2026-08-30T09:55:33.999Z</time>
      </trkpt>
      <trkpt lat="46.798516" lon="8.690248">
        <ele>1497.472113</ele>
        <time>2026-08-30T09:55:34.999Z</time>
      </trkpt>
      <trkpt lat="46.798515" lon="8.690251">
        <ele>1497.537964</ele>
        <time>2026-08-30T09:55:35.999Z</time>
      </trkpt>
      <trkpt lat="46.798514" lon="8.690255">
        <ele>1497.622004</ele>
        <time>2026-08-30T09:55:36.999Z</time>
      </trkpt>
      <trkpt lat="46.798513" lon="8.690260">
        <ele>1497.724805</ele>
        <time>2026-08-30T09:55:37.999Z</time>
      </trkpt>
      <trkpt lat="46.798513" lon="8.690264">
        <ele>1497.803745</ele>
        <time>2026-08-30T09:55:38.999Z</time>
      </trkpt>
      <trkpt lat="46.798513" lon="8.690269">
        <ele>1497.902421</ele>
        <time>2026-08-30T09:55:39.999Z</time>
      </trkpt>
      <trkpt lat="46.798513" lon="8.690273">
        <ele>1497.981362</ele>
        <time>2026-08-30T09:55:40.999Z</time>
      </trkpt>
      <trkpt lat="46.798514" lon="8.690278">
        <ele>1498.084162</ele>
        <time>2026-08-30T09:55:41.999Z</time>
      </trkpt>
      <trkpt lat="46.798515" lon="8.690282">
        <ele>1498.168202</ele>
        <time>2026-08-30T09:55:42.999Z</time>
      </trkpt>
      <trkpt lat="46.798516" lon="8.690288">
        <ele>1498.290072</ele>
        <time>2026-08-30T09:55:43.999Z</time>
      </trkpt>
      <trkpt lat="46.798515" lon="8.690297">
        <ele>1498.470012</ele>
        <time>2026-08-30T09:55:44.999Z</time>
      </trkpt>
      <trkpt lat="46.798514" lon="8.690308">
        <ele>1498.689005</ele>
        <time>2026-08-30T09:55:45.999Z</time>
      </trkpt>
      <trkpt lat="46.798514" lon="8.690318">
        <ele>1498.886356</ele>
        <time>2026-08-30T09:55:46.999Z</time>
      </trkpt>
      <trkpt lat="46.798515" lon="8.690327">
        <ele>1499.066296</ele>
        <time>2026-08-30T09:55:47.999Z</time>
      </trkpt>
      <trkpt lat="46.798516" lon="8.690334">
        <ele>1499.207418</ele>
        <time>2026-08-30T09:55:48.999Z</time>
      </trkpt>
      <trkpt lat="46.798516" lon="8.690339">
        <ele>1499.306094</ele>
        <time>2026-08-30T09:55:49.999Z</time>
      </trkpt>
      <trkpt lat="46.798514" lon="8.690343">
        <ele>1499.403849</ele>
        <time>2026-08-30T09:55:50.999Z</time>
      </trkpt>
      <trkpt lat="46.798510" lon="8.690346">
        <ele>1499.533474</ele>
        <time>2026-08-30T09:55:51.999Z</time>
      </trkpt>
      <trkpt lat="46.798504" lon="8.690350">
        <ele>1499.723608</ele>
        <time>2026-08-30T09:55:52.999Z</time>
      </trkpt>
      <trkpt lat="46.798498" lon="8.690354">
        <ele>1499.913742</ele>
        <time>2026-08-30T09:55:53.999Z</time>
      </trkpt>
      <trkpt lat="46.798492" lon="8.690359">
        <ele>1500.112881</ele>
        <time>2026-08-30T09:55:54.999Z</time>
      </trkpt>
      <trkpt lat="46.798486" lon="8.690366">
        <ele>1500.334248</ele>
        <time>2026-08-30T09:55:55.999Z</time>
      </trkpt>
      <trkpt lat="46.798481" lon="8.690373">
        <ele>1500.533902</ele>
        <time>2026-08-30T09:55:56.999Z</time>
      </trkpt>
      <trkpt lat="46.798478" lon="8.690381">
        <ele>1500.713920</ele>
        <time>2026-08-30T09:55:57.999Z</time>
      </trkpt>
      <trkpt lat="46.798474" lon="8.690389">
        <ele>1500.909429</ele>
        <time>2026-08-30T09:55:58.999Z</time>
      </trkpt>
      <trkpt lat="46.798470" lon="8.690398">
        <ele>1501.121196</ele>
        <time>2026-08-30T09:55:59.999Z</time>
      </trkpt>
      <trkpt lat="46.798467" lon="8.690406">
        <ele>1501.301213</ele>
        <time>2026-08-30T09:56:00.999Z</time>
      </trkpt>
      <trkpt lat="46.798463" lon="8.690414">
        <ele>1501.496723</ele>
        <time>2026-08-30T09:56:01.999Z</time>
      </trkpt>
      <trkpt lat="46.798461" lon="8.690421">
        <ele>1501.646418</ele>
        <time>2026-08-30T09:56:02.999Z</time>
      </trkpt>
      <trkpt lat="46.798459" lon="8.690427">
        <ele>1501.778120</ele>
        <time>2026-08-30T09:56:03.999Z</time>
      </trkpt>
      <trkpt lat="46.798457" lon="8.690433">
        <ele>1501.909823</ele>
        <time>2026-08-30T09:56:04.999Z</time>
      </trkpt>
      <trkpt lat="46.798455" lon="8.690439">
        <ele>1502.041525</ele>
        <time>2026-08-30T09:56:05.999Z</time>
      </trkpt>
      <trkpt lat="46.798454" lon="8.690446">
        <ele>1502.182647</ele>
        <time>2026-08-30T09:56:06.999Z</time>
      </trkpt>
      <trkpt lat="46.798452" lon="8.690455">
        <ele>1502.369387</ele>
        <time>2026-08-30T09:56:07.999Z</time>
      </trkpt>
      <trkpt lat="46.798451" lon="8.690464">
        <ele>1502.549328</ele>
        <time>2026-08-30T09:56:08.999Z</time>
      </trkpt>
      <trkpt lat="46.798452" lon="8.690471">
        <ele>1502.690450</ele>
        <time>2026-08-30T09:56:09.999Z</time>
      </trkpt>
      <trkpt lat="46.798453" lon="8.690476">
        <ele>1502.793251</ele>
        <time>2026-08-30T09:56:10.999Z</time>
      </trkpt>
      <trkpt lat="46.798454" lon="8.690479">
        <ele>1502.859102</ele>
        <time>2026-08-30T09:56:11.999Z</time>
      </trkpt>
      <trkpt lat="46.798455" lon="8.690483">
        <ele>1502.943142</ele>
        <time>2026-08-30T09:56:12.999Z</time>
      </trkpt>
      <trkpt lat="46.798457" lon="8.690486">
        <ele>1503.025784</ele>
        <time>2026-08-30T09:56:13.999Z</time>
      </trkpt>
      <trkpt lat="46.798458" lon="8.690489">
        <ele>1503.091635</ele>
        <time>2026-08-30T09:56:14.999Z</time>
      </trkpt>
      <trkpt lat="46.798460" lon="8.690491">
        <ele>1503.161508</ele>
        <time>2026-08-30T09:56:15.999Z</time>
      </trkpt>
      <trkpt lat="46.798461" lon="8.690492">
        <ele>1503.196445</ele>
        <time>2026-08-30T09:56:16.999Z</time>
      </trkpt>
      <trkpt lat="46.798462" lon="8.690492">
        <ele>1503.225274</ele>
        <time>2026-08-30T09:56:17.999Z</time>
      </trkpt>
      <trkpt lat="46.798462" lon="8.690487">
        <ele>1503.323949</ele>
        <time>2026-08-30T09:56:18.999Z</time>
      </trkpt>
      <trkpt lat="46.798461" lon="8.690478">
        <ele>1503.503890</ele>
        <time>2026-08-30T09:56:19.999Z</time>
      </trkpt>
      <trkpt lat="46.798461" lon="8.690468">
        <ele>1503.701242</ele>
        <time>2026-08-30T09:56:20.999Z</time>
      </trkpt>
      <trkpt lat="46.798464" lon="8.690459">
        <ele>1503.898795</ele>
        <time>2026-08-30T09:56:21.999Z</time>
      </trkpt>
      <trkpt lat="46.798467" lon="8.690451">
        <ele>1504.078813</ele>
        <time>2026-08-30T09:56:22.999Z</time>
      </trkpt>
      <trkpt lat="46.798470" lon="8.690444">
        <ele>1504.241798</ele>
        <time>2026-08-30T09:56:23.999Z</time>
      </trkpt>
      <trkpt lat="46.798474" lon="8.690437">
        <ele>1504.421747</ele>
        <time>2026-08-30T09:56:24.999Z</time>
      </trkpt>
      <trkpt lat="46.798478" lon="8.690433">
        <ele>1504.561494</ele>
        <time>2026-08-30T09:56:25.999Z</time>
      </trkpt>
      <trkpt lat="46.798483" lon="8.690430">
        <ele>1504.717323</ele>
        <time>2026-08-30T09:56:26.999Z</time>
      </trkpt>
      <trkpt lat="46.798489" lon="8.690429">
        <ele>1504.891417</ele>
        <time>2026-08-30T09:56:27.999Z</time>
      </trkpt>
      <trkpt lat="46.798496" lon="8.690429">
        <ele>1505.093218</ele>
        <time>2026-08-30T09:56:28.999Z</time>
      </trkpt>
      <trkpt lat="46.798502" lon="8.690431">
        <ele>1505.270636</ele>
        <time>2026-08-30T09:56:29.999Z</time>
      </trkpt>
      <trkpt lat="46.798507" lon="8.690432">
        <ele>1505.416124</ele>
        <time>2026-08-30T09:56:30.999Z</time>
      </trkpt>
      <trkpt lat="46.798511" lon="8.690432">
        <ele>1505.531439</ele>
        <time>2026-08-30T09:56:31.999Z</time>
      </trkpt>
      <trkpt lat="46.798514" lon="8.690430">
        <ele>1505.626506</ele>
        <time>2026-08-30T09:56:32.999Z</time>
      </trkpt>
      <trkpt lat="46.798517" lon="8.690429">
        <ele>1505.715215</ele>
        <time>2026-08-30T09:56:33.999Z</time>
      </trkpt>
      <trkpt lat="46.798521" lon="8.690427">
        <ele>1505.837097</ele>
        <time>2026-08-30T09:56:34.999Z</time>
      </trkpt>
      <trkpt lat="46.798525" lon="8.690426">
        <ele>1505.954089</ele>
        <time>2026-08-30T09:56:35.999Z</time>
      </trkpt>
      <trkpt lat="46.798530" lon="8.690424">
        <ele>1506.103538</ele>
        <time>2026-08-30T09:56:36.999Z</time>
      </trkpt>
      <trkpt lat="46.798536" lon="8.690422">
        <ele>1506.280957</ele>
        <time>2026-08-30T09:56:37.999Z</time>
      </trkpt>
      <trkpt lat="46.798540" lon="8.690421">
        <ele>1506.397948</ele>
        <time>2026-08-30T09:56:38.999Z</time>
      </trkpt>
      <trkpt lat="46.798544" lon="8.690422">
        <ele>1506.514939</ele>
        <time>2026-08-30T09:56:39.999Z</time>
      </trkpt>
      <trkpt lat="46.798547" lon="8.690423">
        <ele>1506.603648</ele>
        <time>2026-08-30T09:56:40.999Z</time>
      </trkpt>
      <trkpt lat="46.798549" lon="8.690424">
        <ele>1506.664590</ele>
        <time>2026-08-30T09:56:41.999Z</time>
      </trkpt>
      <trkpt lat="46.798552" lon="8.690425">
        <ele>1506.753299</ele>
        <time>2026-08-30T09:56:42.999Z</time>
      </trkpt>
      <trkpt lat="46.798557" lon="8.690425">
        <ele>1506.897442</ele>
        <time>2026-08-30T09:56:43.999Z</time>
      </trkpt>
      <trkpt lat="46.798562" lon="8.690423">
        <ele>1507.046892</ele>
        <time>2026-08-30T09:56:44.999Z</time>
      </trkpt>
      <trkpt lat="46.798568" lon="8.690420">
        <ele>1507.229716</ele>
        <time>2026-08-30T09:56:45.999Z</time>
      </trkpt>
      <trkpt lat="46.798575" lon="8.690417">
        <ele>1507.440022</ele>
        <time>2026-08-30T09:56:46.999Z</time>
      </trkpt>
      <trkpt lat="46.798581" lon="8.690414">
        <ele>1507.622846</ele>
        <time>2026-08-30T09:56:47.999Z</time>
      </trkpt>
      <trkpt lat="46.798586" lon="8.690412">
        <ele>1507.772296</ele>
        <time>2026-08-30T09:56:48.999Z</time>
      </trkpt>
      <trkpt lat="46.798591" lon="8.690411">
        <ele>1507.917784</ele>
        <time>2026-08-30T09:56:49.999Z</time>
      </trkpt>
      <trkpt lat="46.798596" lon="8.690410">
        <ele>1508.063272</ele>
        <time>2026-08-30T09:56:50.999Z</time>
      </trkpt>
      <trkpt lat="46.798599" lon="8.690409">
        <ele>1508.151981</ele>
        <time>2026-08-30T09:56:51.999Z</time>
      </trkpt>
      <trkpt lat="46.798602" lon="8.690408">
        <ele>1508.240690</ele>
        <time>2026-08-30T09:56:52.999Z</time>
      </trkpt>
      <trkpt lat="46.798605" lon="8.690407">
        <ele>1508.329399</ele>
        <time>2026-08-30T09:56:53.999Z</time>
      </trkpt>
      <trkpt lat="46.798607" lon="8.690406">
        <ele>1508.390341</ele>
        <time>2026-08-30T09:56:54.999Z</time>
      </trkpt>
      <trkpt lat="46.798609" lon="8.690404">
        <ele>1508.460214</ele>
        <time>2026-08-30T09:56:55.999Z</time>
      </trkpt>
      <trkpt lat="46.798611" lon="8.690403">
        <ele>1508.521155</ele>
        <time>2026-08-30T09:56:56.999Z</time>
      </trkpt>
      <trkpt lat="46.798613" lon="8.690401">
        <ele>1508.591029</ele>
        <time>2026-08-30T09:56:57.999Z</time>
      </trkpt>
      <trkpt lat="46.798614" lon="8.690400">
        <ele>1508.625965</ele>
        <time>2026-08-30T09:56:58.999Z</time>
      </trkpt>
      <trkpt lat="46.798615" lon="8.690398">
        <ele>1508.674842</ele>
        <time>2026-08-30T09:56:59.999Z</time>
      </trkpt>
      <trkpt lat="46.798616" lon="8.690397">
        <ele>1508.709779</ele>
        <time>2026-08-30T09:57:00.999Z</time>
      </trkpt>
      <trkpt lat="46.798618" lon="8.690396">
        <ele>1508.770720</ele>
        <time>2026-08-30T09:57:01.999Z</time>
      </trkpt>
      <trkpt lat="46.798620" lon="8.690395">
        <ele>1508.831662</ele>
        <time>2026-08-30T09:57:02.999Z</time>
      </trkpt>
      <trkpt lat="46.798622" lon="8.690395">
        <ele>1508.889319</ele>
        <time>2026-08-30T09:57:03.999Z</time>
      </trkpt>
      <trkpt lat="46.798623" lon="8.690396">
        <ele>1508.924256</ele>
        <time>2026-08-30T09:57:04.999Z</time>
      </trkpt>
      <trkpt lat="46.798624" lon="8.690397">
        <ele>1508.959192</ele>
        <time>2026-08-30T09:57:05.999Z</time>
      </trkpt>
      <trkpt lat="46.798624" lon="8.690400">
        <ele>1509.018398</ele>
        <time>2026-08-30T09:57:06.999Z</time>
      </trkpt>
      <trkpt lat="46.798625" lon="8.690403">
        <ele>1509.084249</ele>
        <time>2026-08-30T09:57:07.999Z</time>
      </trkpt>
      <trkpt lat="46.798627" lon="8.690406">
        <ele>1509.166890</ele>
        <time>2026-08-30T09:57:08.999Z</time>
      </trkpt>
      <trkpt lat="46.798628" lon="8.690409">
        <ele>1509.232741</ele>
        <time>2026-08-30T09:57:09.999Z</time>
      </trkpt>
      <trkpt lat="46.798630" lon="8.690411">
        <ele>1509.302614</ele>
        <time>2026-08-30T09:57:10.999Z</time>
      </trkpt>
      <trkpt lat="46.798630" lon="8.690414">
        <ele>1509.361820</ele>
        <time>2026-08-30T09:57:11.999Z</time>
      </trkpt>
      <trkpt lat="46.798631" lon="8.690417">
        <ele>1509.427671</ele>
        <time>2026-08-30T09:57:12.999Z</time>
      </trkpt>
      <trkpt lat="46.798632" lon="8.690420">
        <ele>1509.493522</ele>
        <time>2026-08-30T09:57:13.999Z</time>
      </trkpt>
      <trkpt lat="46.798632" lon="8.690422">
        <ele>1509.532992</ele>
        <time>2026-08-30T09:57:14.999Z</time>
      </trkpt>
      <trkpt lat="46.798633" lon="8.690423">
        <ele>1509.567928</ele>
        <time>2026-08-30T09:57:15.999Z</time>
      </trkpt>
      <trkpt lat="46.798633" lon="8.690424">
        <ele>1509.587664</ele>
        <time>2026-08-30T09:57:16.999Z</time>
      </trkpt>
      <trkpt lat="46.798633" lon="8.690425">
        <ele>1509.607399</ele>
        <time>2026-08-30T09:57:17.999Z</time>
      </trkpt>
      <trkpt lat="46.798633" lon="8.690426">
        <ele>1509.627134</ele>
        <time>2026-08-30T09:57:18.999Z</time>
      </trkpt>
      <trkpt lat="46.798633" lon="8.690426">
        <ele>1509.627134</ele>
        <time>2026-08-30T09:57:19.999Z</time>
      </trkpt>
      <trkpt lat="46.798633" lon="8.690427">
        <ele>1509.646869</ele>
        <time>2026-08-30T09:57:20.999Z</time>
      </trkpt>
      <trkpt lat="46.798633" lon="8.690427">
        <ele>1509.646869</ele>
        <time>2026-08-30T09:57:21.999Z</time>
      </trkpt>
      <trkpt lat="46.798632" lon="8.690428">
        <ele>1509.681805</ele>
        <time>2026-08-30T09:57:22.999Z</time>
      </trkpt>
      <trkpt lat="46.798632" lon="8.690428">
        <ele>1509.681805</ele>
        <time>2026-08-30T09:57:23.999Z</time>
      </trkpt>
      <trkpt lat="46.798632" lon="8.690429">
        <ele>1509.701540</ele>
        <time>2026-08-30T09:57:24.999Z</time>
      </trkpt>
      <trkpt lat="46.798631" lon="8.690430">
        <ele>1509.736477</ele>
        <time>2026-08-30T09:57:25.999Z</time>
      </trkpt>
      <trkpt lat="46.798631" lon="8.690431">
        <ele>1509.756212</ele>
        <time>2026-08-30T09:57:26.999Z</time>
      </trkpt>
      <trkpt lat="46.798631" lon="8.690432">
        <ele>1509.775947</ele>
        <time>2026-08-30T09:57:27.999Z</time>
      </trkpt>
      <trkpt lat="46.798632" lon="8.690433">
        <ele>1509.810884</ele>
        <time>2026-08-30T09:57:28.999Z</time>
      </trkpt>
      <trkpt lat="46.798633" lon="8.690433">
        <ele>1509.839713</ele>
        <time>2026-08-30T09:57:29.999Z</time>
      </trkpt>
      <trkpt lat="46.798635" lon="8.690434">
        <ele>1509.900654</ele>
        <time>2026-08-30T09:57:30.999Z</time>
      </trkpt>
      <trkpt lat="46.798636" lon="8.690434">
        <ele>1509.929483</ele>
        <time>2026-08-30T09:57:31.999Z</time>
      </trkpt>
      <trkpt lat="46.798636" lon="8.690434">
        <ele>1509.929483</ele>
        <time>2026-08-30T09:57:32.999Z</time>
      </trkpt>
      <trkpt lat="46.798636" lon="8.690433">
        <ele>1509.949218</ele>
        <time>2026-08-30T09:57:33.999Z</time>
      </trkpt>
      <trkpt lat="46.798636" lon="8.690433">
        <ele>1509.949218</ele>
        <time>2026-08-30T09:57:34.999Z</time>
      </trkpt>
      <trkpt lat="46.798636" lon="8.690432">
        <ele>1509.968953</ele>
        <time>2026-08-30T09:57:35.999Z</time>
      </trkpt>
      <trkpt lat="46.798636" lon="8.690432">
        <ele>1509.968953</ele>
        <time>2026-08-30T09:57:36.999Z</time>
      </trkpt>
      <trkpt lat="46.798637" lon="8.690432">
        <ele>1509.997781</ele>
        <time>2026-08-30T09:57:37.999Z</time>
      </trkpt>
      <trkpt lat="46.798638" lon="8.690432">
        <ele>1510.026610</ele>
        <time>2026-08-30T09:57:38.999Z</time>
      </trkpt>
      <trkpt lat="46.798639" lon="8.690433">
        <ele>1510.061547</ele>
        <time>2026-08-30T09:57:39.999Z</time>
      </trkpt>
      <trkpt lat="46.798639" lon="8.690435">
        <ele>1510.101017</ele>
        <time>2026-08-30T09:57:40.999Z</time>
      </trkpt>
      <trkpt lat="46.798640" lon="8.690437">
        <ele>1510.149894</ele>
        <time>2026-08-30T09:57:41.999Z</time>
      </trkpt>
      <trkpt lat="46.798640" lon="8.690439">
        <ele>1510.189364</ele>
        <time>2026-08-30T09:57:42.999Z</time>
      </trkpt>
      <trkpt lat="46.798638" lon="8.690441">
        <ele>1510.259237</ele>
        <time>2026-08-30T09:57:43.999Z</time>
      </trkpt>
      <trkpt lat="46.798637" lon="8.690443">
        <ele>1510.308115</ele>
        <time>2026-08-30T09:57:44.999Z</time>
      </trkpt>
      <trkpt lat="46.798635" lon="8.690446">
        <ele>1510.390756</ele>
        <time>2026-08-30T09:57:45.999Z</time>
      </trkpt>
      <trkpt lat="46.798633" lon="8.690449">
        <ele>1510.473398</ele>
        <time>2026-08-30T09:57:46.999Z</time>
      </trkpt>
      <trkpt lat="46.798631" lon="8.690452">
        <ele>1510.556040</ele>
        <time>2026-08-30T09:57:47.999Z</time>
      </trkpt>
      <trkpt lat="46.798630" lon="8.690454">
        <ele>1510.604917</ele>
        <time>2026-08-30T09:57:48.999Z</time>
      </trkpt>
      <trkpt lat="46.798629" lon="8.690456">
        <ele>1510.653794</ele>
        <time>2026-08-30T09:57:49.999Z</time>
      </trkpt>
      <trkpt lat="46.798628" lon="8.690457">
        <ele>1510.688731</ele>
        <time>2026-08-30T09:57:50.999Z</time>
      </trkpt>
      <trkpt lat="46.798627" lon="8.690458">
        <ele>1510.723667</ele>
        <time>2026-08-30T09:57:51.999Z</time>
      </trkpt>
      <trkpt lat="46.798626" lon="8.690459">
        <ele>1510.758604</ele>
        <time>2026-08-30T09:57:52.999Z</time>
      </trkpt>
      <trkpt lat="46.798625" lon="8.690460">
        <ele>1510.793540</ele>
        <time>2026-08-30T09:57:53.999Z</time>
      </trkpt>
      <trkpt lat="46.798624" lon="8.690460">
        <ele>1510.822369</ele>
        <time>2026-08-30T09:57:54.999Z</time>
      </trkpt>
      <trkpt lat="46.798623" lon="8.690461">
        <ele>1510.857306</ele>
        <time>2026-08-30T09:57:55.999Z</time>
      </trkpt>
      <trkpt lat="46.798623" lon="8.690461">
        <ele>1510.857306</ele>
        <time>2026-08-30T09:57:56.999Z</time>
      </trkpt>
      <trkpt lat="46.798622" lon="8.690462">
        <ele>1510.892242</ele>
        <time>2026-08-30T09:57:57.999Z</time>
      </trkpt>
      <trkpt lat="46.798622" lon="8.690462">
        <ele>1510.892242</ele>
        <time>2026-08-30T09:57:58.999Z</time>
      </trkpt>
      <trkpt lat="46.798621" lon="8.690460">
        <ele>1510.941120</ele>
        <time>2026-08-30T09:57:59.999Z</time>
      </trkpt>
      <trkpt lat="46.798622" lon="8.690457">
        <ele>1511.006971</ele>
        <time>2026-08-30T09:58:00.999Z</time>
      </trkpt>
      <trkpt lat="46.798622" lon="8.690453">
        <ele>1511.085911</ele>
        <time>2026-08-30T09:58:01.999Z</time>
      </trkpt>
      <trkpt lat="46.798624" lon="8.690448">
        <ele>1511.200197</ele>
        <time>2026-08-30T09:58:02.999Z</time>
      </trkpt>
      <trkpt lat="46.798626" lon="8.690441">
        <ele>1511.349892</ele>
        <time>2026-08-30T09:58:03.999Z</time>
      </trkpt>
      <trkpt lat="46.798628" lon="8.690433">
        <ele>1511.517971</ele>
        <time>2026-08-30T09:58:04.999Z</time>
      </trkpt>
      <trkpt lat="46.798631" lon="8.690425">
        <ele>1511.697988</ele>
        <time>2026-08-30T09:58:05.999Z</time>
      </trkpt>
      <trkpt lat="46.798634" lon="8.690417">
        <ele>1511.878005</ele>
        <time>2026-08-30T09:58:06.999Z</time>
      </trkpt>
      <trkpt lat="46.798637" lon="8.690409">
        <ele>1512.058022</ele>
        <time>2026-08-30T09:58:07.999Z</time>
      </trkpt>
      <trkpt lat="46.798640" lon="8.690402">
        <ele>1512.221007</ele>
        <time>2026-08-30T09:58:08.999Z</time>
      </trkpt>
      <trkpt lat="46.798644" lon="8.690395">
        <ele>1512.400956</ele>
        <time>2026-08-30T09:58:09.999Z</time>
      </trkpt>
      <trkpt lat="46.798649" lon="8.690391">
        <ele>1512.565300</ele>
        <time>2026-08-30T09:58:10.999Z</time>
      </trkpt>
      <trkpt lat="46.798656" lon="8.690390">
        <ele>1512.768064</ele>
        <time>2026-08-30T09:58:11.999Z</time>
      </trkpt>
      <trkpt lat="46.798663" lon="8.690388">
        <ele>1512.973688</ele>
        <time>2026-08-30T09:58:12.999Z</time>
      </trkpt>
      <trkpt lat="46.798669" lon="8.690387">
        <ele>1513.147782</ele>
        <time>2026-08-30T09:58:13.999Z</time>
      </trkpt>
      <trkpt lat="46.798674" lon="8.690387">
        <ele>1513.291926</ele>
        <time>2026-08-30T09:58:14.999Z</time>
      </trkpt>
      <trkpt lat="46.798678" lon="8.690388">
        <ele>1513.408917</ele>
        <time>2026-08-30T09:58:15.999Z</time>
      </trkpt>
      <trkpt lat="46.798682" lon="8.690390">
        <ele>1513.530799</ele>
        <time>2026-08-30T09:58:16.999Z</time>
      </trkpt>
      <trkpt lat="46.798687" lon="8.690393">
        <ele>1513.686628</ele>
        <time>2026-08-30T09:58:17.999Z</time>
      </trkpt>
      <trkpt lat="46.798691" lon="8.690395">
        <ele>1513.808511</ele>
        <time>2026-08-30T09:58:18.999Z</time>
      </trkpt>
      <trkpt lat="46.798695" lon="8.690397">
        <ele>1513.930393</ele>
        <time>2026-08-30T09:58:19.999Z</time>
      </trkpt>
      <trkpt lat="46.798700" lon="8.690398">
        <ele>1514.075881</ele>
        <time>2026-08-30T09:58:20.999Z</time>
      </trkpt>
      <trkpt lat="46.798704" lon="8.690398">
        <ele>1514.191196</ele>
        <time>2026-08-30T09:58:21.999Z</time>
      </trkpt>
      <trkpt lat="46.798707" lon="8.690397">
        <ele>1514.279905</ele>
        <time>2026-08-30T09:58:22.999Z</time>
      </trkpt>
      <trkpt lat="46.798710" lon="8.690396">
        <ele>1514.368614</ele>
        <time>2026-08-30T09:58:23.999Z</time>
      </trkpt>
      <trkpt lat="46.798711" lon="8.690395">
        <ele>1514.403551</ele>
        <time>2026-08-30T09:58:24.999Z</time>
      </trkpt>
      <trkpt lat="46.798712" lon="8.690395">
        <ele>1514.432380</ele>
        <time>2026-08-30T09:58:25.999Z</time>
      </trkpt>
      <trkpt lat="46.798712" lon="8.690396">
        <ele>1514.452115</ele>
        <time>2026-08-30T09:58:26.999Z</time>
      </trkpt>
      <trkpt lat="46.798711" lon="8.690396">
        <ele>1514.480943</ele>
        <time>2026-08-30T09:58:27.999Z</time>
      </trkpt>
      <trkpt lat="46.798710" lon="8.690396">
        <ele>1514.509772</ele>
        <time>2026-08-30T09:58:28.999Z</time>
      </trkpt>
      <trkpt lat="46.798709" lon="8.690393">
        <ele>1514.575623</ele>
        <time>2026-08-30T09:58:29.999Z</time>
      </trkpt>
      <trkpt lat="46.798709" lon="8.690389">
        <ele>1514.654563</ele>
        <time>2026-08-30T09:58:30.999Z</time>
      </trkpt>
      <trkpt lat="46.798712" lon="8.690382">
        <ele>1514.817548</ele>
        <time>2026-08-30T09:58:31.999Z</time>
      </trkpt>
      <trkpt lat="46.798716" lon="8.690375">
        <ele>1514.997497</ele>
        <time>2026-08-30T09:58:32.999Z</time>
      </trkpt>
      <trkpt lat="46.798722" lon="8.690371">
        <ele>1515.187631</ele>
        <time>2026-08-30T09:58:33.999Z</time>
      </trkpt>
      <trkpt lat="46.798729" lon="8.690371">
        <ele>1515.389431</ele>
        <time>2026-08-30T09:58:34.999Z</time>
      </trkpt>
      <trkpt lat="46.798738" lon="8.690373">
        <ele>1515.651875</ele>
        <time>2026-08-30T09:58:35.999Z</time>
      </trkpt>
      <trkpt lat="46.798747" lon="8.690377">
        <ele>1515.923076</ele>
        <time>2026-08-30T09:58:36.999Z</time>
      </trkpt>
      <trkpt lat="46.798753" lon="8.690382">
        <ele>1516.122214</ele>
        <time>2026-08-30T09:58:37.999Z</time>
      </trkpt>
      <trkpt lat="46.798758" lon="8.690389">
        <ele>1516.321867</ele>
        <time>2026-08-30T09:58:38.999Z</time>
      </trkpt>
      <trkpt lat="46.798760" lon="8.690395">
        <ele>1516.453569</ele>
        <time>2026-08-30T09:58:39.999Z</time>
      </trkpt>
      <trkpt lat="46.798761" lon="8.690400">
        <ele>1516.556369</ele>
        <time>2026-08-30T09:58:40.999Z</time>
      </trkpt>
      <trkpt lat="46.798762" lon="8.690404">
        <ele>1516.640409</ele>
        <time>2026-08-30T09:58:41.999Z</time>
      </trkpt>
      <trkpt lat="46.798763" lon="8.690407">
        <ele>1516.706260</ele>
        <time>2026-08-30T09:58:42.999Z</time>
      </trkpt>
      <trkpt lat="46.798765" lon="8.690411">
        <ele>1516.804014</ele>
        <time>2026-08-30T09:58:43.999Z</time>
      </trkpt>
      <trkpt lat="46.798767" lon="8.690416">
        <ele>1516.918300</ele>
        <time>2026-08-30T09:58:44.999Z</time>
      </trkpt>
      <trkpt lat="46.798767" lon="8.690421">
        <ele>1517.016975</ele>
        <time>2026-08-30T09:58:45.999Z</time>
      </trkpt>
      <trkpt lat="46.798767" lon="8.690424">
        <ele>1517.076180</ele>
        <time>2026-08-30T09:58:46.999Z</time>
      </trkpt>
      <trkpt lat="46.798766" lon="8.690427">
        <ele>1517.142031</ele>
        <time>2026-08-30T09:58:47.999Z</time>
      </trkpt>
      <trkpt lat="46.798763" lon="8.690429">
        <ele>1517.237098</ele>
        <time>2026-08-30T09:58:48.999Z</time>
      </trkpt>
      <trkpt lat="46.798760" lon="8.690431">
        <ele>1517.332165</ele>
        <time>2026-08-30T09:58:49.999Z</time>
      </trkpt>
      <trkpt lat="46.798757" lon="8.690432">
        <ele>1517.420874</ele>
        <time>2026-08-30T09:58:50.999Z</time>
      </trkpt>
      <trkpt lat="46.798753" lon="8.690433">
        <ele>1517.537865</ele>
        <time>2026-08-30T09:58:51.999Z</time>
      </trkpt>
      <trkpt lat="46.798750" lon="8.690432">
        <ele>1517.626574</ele>
        <time>2026-08-30T09:58:52.999Z</time>
      </trkpt>
      <trkpt lat="46.798748" lon="8.690431">
        <ele>1517.687515</ele>
        <time>2026-08-30T09:58:53.999Z</time>
      </trkpt>
      <trkpt lat="46.798745" lon="8.690428">
        <ele>1517.792325</ele>
        <time>2026-08-30T09:58:54.999Z</time>
      </trkpt>
      <trkpt lat="46.798743" lon="8.690425">
        <ele>1517.874967</ele>
        <time>2026-08-30T09:58:55.999Z</time>
      </trkpt>
      <trkpt lat="46.798742" lon="8.690421">
        <ele>1517.959006</ele>
        <time>2026-08-30T09:58:56.999Z</time>
      </trkpt>
      <trkpt lat="46.798741" lon="8.690417">
        <ele>1518.043046</ele>
        <time>2026-08-30T09:58:57.999Z</time>
      </trkpt>
      <trkpt lat="46.798739" lon="8.690413">
        <ele>1518.140800</ele>
        <time>2026-08-30T09:58:58.999Z</time>
      </trkpt>
      <trkpt lat="46.798738" lon="8.690409">
        <ele>1518.224840</ele>
        <time>2026-08-30T09:58:59.999Z</time>
      </trkpt>
      <trkpt lat="46.798737" lon="8.690406">
        <ele>1518.290691</ele>
        <time>2026-08-30T09:59:00.999Z</time>
      </trkpt>
      <trkpt lat="46.798737" lon="8.690404">
        <ele>1518.330161</ele>
        <time>2026-08-30T09:59:01.999Z</time>
      </trkpt>
      <trkpt lat="46.798737" lon="8.690402">
        <ele>1518.369631</ele>
        <time>2026-08-30T09:59:02.999Z</time>
      </trkpt>
      <trkpt lat="46.798737" lon="8.690401">
        <ele>1518.389366</ele>
        <time>2026-08-30T09:59:03.999Z</time>
      </trkpt>
      <trkpt lat="46.798737" lon="8.690400">
        <ele>1518.409101</ele>
        <time>2026-08-30T09:59:04.999Z</time>
      </trkpt>
      <trkpt lat="46.798736" lon="8.690400">
        <ele>1518.437930</ele>
        <time>2026-08-30T09:59:05.999Z</time>
      </trkpt>
      <trkpt lat="46.798735" lon="8.690401">
        <ele>1518.472866</ele>
        <time>2026-08-30T09:59:06.999Z</time>
      </trkpt>
      <trkpt lat="46.798734" lon="8.690402">
        <ele>1518.507803</ele>
        <time>2026-08-30T09:59:07.999Z</time>
      </trkpt>
      <trkpt lat="46.798732" lon="8.690403">
        <ele>1518.568744</ele>
        <time>2026-08-30T09:59:08.999Z</time>
      </trkpt>
      <trkpt lat="46.798731" lon="8.690403">
        <ele>1518.597573</ele>
        <time>2026-08-30T09:59:09.999Z</time>
      </trkpt>
      <trkpt lat="46.798730" lon="8.690398">
        <ele>1518.700373</ele>
        <time>2026-08-30T09:59:10.999Z</time>
      </trkpt>
      <trkpt lat="46.798730" lon="8.690389">
        <ele>1518.877989</ele>
        <time>2026-08-30T09:59:11.999Z</time>
      </trkpt>
      <trkpt lat="46.798728" lon="8.690379">
        <ele>1519.083589</ele>
        <time>2026-08-30T09:59:12.999Z</time>
      </trkpt>
      <trkpt lat="46.798727" lon="8.690370">
        <ele>1519.263529</ele>
        <time>2026-08-30T09:59:13.999Z</time>
      </trkpt>
      <trkpt lat="46.798725" lon="8.690363">
        <ele>1519.413224</ele>
        <time>2026-08-30T09:59:14.999Z</time>
      </trkpt>
      <trkpt lat="46.798723" lon="8.690360">
        <ele>1519.495865</ele>
        <time>2026-08-30T09:59:15.999Z</time>
      </trkpt>
      <trkpt lat="46.798722" lon="8.690359">
        <ele>1519.530802</ele>
        <time>2026-08-30T09:59:16.999Z</time>
      </trkpt>
      <trkpt lat="46.798721" lon="8.690361">
        <ele>1519.579679</ele>
        <time>2026-08-30T09:59:17.999Z</time>
      </trkpt>
      <trkpt lat="46.798722" lon="8.690364">
        <ele>1519.645530</ele>
        <time>2026-08-30T09:59:18.999Z</time>
      </trkpt>
      <trkpt lat="46.798723" lon="8.690369">
        <ele>1519.748330</ele>
        <time>2026-08-30T09:59:19.999Z</time>
      </trkpt>
      <trkpt lat="46.798723" lon="8.690376">
        <ele>1519.886476</ele>
        <time>2026-08-30T09:59:20.999Z</time>
      </trkpt>
      <trkpt lat="46.798723" lon="8.690386">
        <ele>1520.083826</ele>
        <time>2026-08-30T09:59:21.999Z</time>
      </trkpt>
      <trkpt lat="46.798723" lon="8.690400">
        <ele>1520.360117</ele>
        <time>2026-08-30T09:59:22.999Z</time>
      </trkpt>
      <trkpt lat="46.798723" lon="8.690413">
        <ele>1520.616673</ele>
        <time>2026-08-30T09:59:23.999Z</time>
      </trkpt>
      <trkpt lat="46.798722" lon="8.690427">
        <ele>1520.894463</ele>
        <time>2026-08-30T09:59:24.999Z</time>
      </trkpt>
      <trkpt lat="46.798722" lon="8.690438">
        <ele>1521.111549</ele>
        <time>2026-08-30T09:59:25.999Z</time>
      </trkpt>
      <trkpt lat="46.798722" lon="8.690448">
        <ele>1521.308900</ele>
        <time>2026-08-30T09:59:26.999Z</time>
      </trkpt>
      <trkpt lat="46.798724" lon="8.690456">
        <ele>1521.476979</ele>
        <time>2026-08-30T09:59:27.999Z</time>
      </trkpt>
      <trkpt lat="46.798726" lon="8.690465">
        <ele>1521.663718</ele>
        <time>2026-08-30T09:59:28.999Z</time>
      </trkpt>
      <trkpt lat="46.798728" lon="8.690475">
        <ele>1521.869319</ele>
        <time>2026-08-30T09:59:29.999Z</time>
      </trkpt>
      <trkpt lat="46.798729" lon="8.690487">
        <ele>1522.107888</ele>
        <time>2026-08-30T09:59:30.999Z</time>
      </trkpt>
      <trkpt lat="46.798729" lon="8.690498">
        <ele>1522.324973</ele>
        <time>2026-08-30T09:59:31.999Z</time>
      </trkpt>
      <trkpt lat="46.798729" lon="8.690509">
        <ele>1522.542059</ele>
        <time>2026-08-30T09:59:32.999Z</time>
      </trkpt>
      <trkpt lat="46.798729" lon="8.690519">
        <ele>1522.739409</ele>
        <time>2026-08-30T09:59:33.999Z</time>
      </trkpt>
      <trkpt lat="46.798727" lon="8.690530">
        <ele>1522.964021</ele>
        <time>2026-08-30T09:59:34.999Z</time>
      </trkpt>
      <trkpt lat="46.798724" lon="8.690542">
        <ele>1523.216140</ele>
        <time>2026-08-30T09:59:35.999Z</time>
      </trkpt>
      <trkpt lat="46.798721" lon="8.690554">
        <ele>1523.468259</ele>
        <time>2026-08-30T09:59:36.999Z</time>
      </trkpt>
      <trkpt lat="46.798717" lon="8.690564">
        <ele>1523.696830</ele>
        <time>2026-08-30T09:59:37.999Z</time>
      </trkpt>
      <trkpt lat="46.798713" lon="8.690575">
        <ele>1523.942642</ele>
        <time>2026-08-30T09:59:38.999Z</time>
      </trkpt>
      <trkpt lat="46.798708" lon="8.690585">
        <ele>1524.187028</ele>
        <time>2026-08-30T09:59:39.999Z</time>
      </trkpt>
      <trkpt lat="46.798704" lon="8.690593">
        <ele>1524.382537</ele>
        <time>2026-08-30T09:59:40.999Z</time>
      </trkpt>
      <trkpt lat="46.798701" lon="8.690600">
        <ele>1524.545522</ele>
        <time>2026-08-30T09:59:41.999Z</time>
      </trkpt>
      <trkpt lat="46.798698" lon="8.690603">
        <ele>1524.650332</ele>
        <time>2026-08-30T09:59:42.999Z</time>
      </trkpt>
      <trkpt lat="46.798698" lon="8.690605">
        <ele>1524.689802</ele>
        <time>2026-08-30T09:59:43.999Z</time>
      </trkpt>
      <trkpt lat="46.798699" lon="8.690604">
        <ele>1524.724738</ele>
        <time>2026-08-30T09:59:44.999Z</time>
      </trkpt>
      <trkpt lat="46.798700" lon="8.690601">
        <ele>1524.790589</ele>
        <time>2026-08-30T09:59:45.999Z</time>
      </trkpt>
      <trkpt lat="46.798702" lon="8.690597">
        <ele>1524.888344</ele>
        <time>2026-08-30T09:59:46.999Z</time>
      </trkpt>
      <trkpt lat="46.798704" lon="8.690592">
        <ele>1525.002629</ele>
        <time>2026-08-30T09:59:47.999Z</time>
      </trkpt>
      <trkpt lat="46.798706" lon="8.690587">
        <ele>1525.116915</ele>
        <time>2026-08-30T09:59:48.999Z</time>
      </trkpt>
      <trkpt lat="46.798709" lon="8.690583">
        <ele>1525.234010</ele>
        <time>2026-08-30T09:59:49.999Z</time>
      </trkpt>
      <trkpt lat="46.798711" lon="8.690580">
        <ele>1525.316652</ele>
        <time>2026-08-30T09:59:50.999Z</time>
      </trkpt>
      <trkpt lat="46.798715" lon="8.690578">
        <ele>1525.438535</ele>
        <time>2026-08-30T09:59:51.999Z</time>
      </trkpt>
      <trkpt lat="46.798718" lon="8.690576">
        <ele>1525.533602</ele>
        <time>2026-08-30T09:59:52.999Z</time>
      </trkpt>
      <trkpt lat="46.798722" lon="8.690574">
        <ele>1525.655484</ele>
        <time>2026-08-30T09:59:53.999Z</time>
      </trkpt>
      <trkpt lat="46.798727" lon="8.690571">
        <ele>1525.811313</ele>
        <time>2026-08-30T09:59:54.999Z</time>
      </trkpt>
      <trkpt lat="46.798731" lon="8.690568">
        <ele>1525.940938</ele>
        <time>2026-08-30T09:59:55.999Z</time>
      </trkpt>
      <trkpt lat="46.798734" lon="8.690564">
        <ele>1526.058034</ele>
        <time>2026-08-30T09:59:56.999Z</time>
      </trkpt>
      <trkpt lat="46.798736" lon="8.690560">
        <ele>1526.155788</ele>
        <time>2026-08-30T09:59:57.999Z</time>
      </trkpt>
      <trkpt lat="46.798737" lon="8.690554">
        <ele>1526.277657</ele>
        <time>2026-08-30T09:59:58.999Z</time>
      </trkpt>
      <trkpt lat="46.798737" lon="8.690549">
        <ele>1526.376333</ele>
        <time>2026-08-30T09:59:59.999Z</time>
      </trkpt>
      <trkpt lat="46.798736" lon="8.690546">
        <ele>1526.442183</ele>
        <time>2026-08-30T10:00:00.999Z</time>
      </trkpt>
      <trkpt lat="46.798736" lon="8.690544">
        <ele>1526.481654</ele>
        <time>2026-08-30T10:00:01.999Z</time>
      </trkpt>
      <trkpt lat="46.798737" lon="8.690543">
        <ele>1526.516590</ele>
        <time>2026-08-30T10:00:02.999Z</time>
      </trkpt>
      <trkpt lat="46.798737" lon="8.690543">
        <ele>1526.516590</ele>
        <time>2026-08-30T10:00:03.999Z</time>
      </trkpt>
      <trkpt lat="46.798739" lon="8.690543">
        <ele>1526.574248</ele>
        <time>2026-08-30T10:00:04.999Z</time>
      </trkpt>
      <trkpt lat="46.798740" lon="8.690543">
        <ele>1526.603076</ele>
        <time>2026-08-30T10:00:05.999Z</time>
      </trkpt>
      <trkpt lat="46.798742" lon="8.690545">
        <ele>1526.672949</ele>
        <time>2026-08-30T10:00:06.999Z</time>
      </trkpt>
      <trkpt lat="46.798743" lon="8.690548">
        <ele>1526.738800</ele>
        <time>2026-08-30T10:00:07.999Z</time>
      </trkpt>
      <trkpt lat="46.798744" lon="8.690552">
        <ele>1526.822840</ele>
        <time>2026-08-30T10:00:08.999Z</time>
      </trkpt>
      <trkpt lat="46.798744" lon="8.690554">
        <ele>1526.862310</ele>
        <time>2026-08-30T10:00:09.999Z</time>
      </trkpt>
      <trkpt lat="46.798745" lon="8.690555">
        <ele>1526.897246</ele>
        <time>2026-08-30T10:00:10.999Z</time>
      </trkpt>
      <trkpt lat="46.798747" lon="8.690558">
        <ele>1526.979888</ele>
        <time>2026-08-30T10:00:11.999Z</time>
      </trkpt>
      <trkpt lat="46.798748" lon="8.690563">
        <ele>1527.082688</ele>
        <time>2026-08-30T10:00:12.999Z</time>
      </trkpt>
      <trkpt lat="46.798749" lon="8.690570">
        <ele>1527.223810</ele>
        <time>2026-08-30T10:00:13.999Z</time>
      </trkpt>
      <trkpt lat="46.798749" lon="8.690576">
        <ele>1527.342220</ele>
        <time>2026-08-30T10:00:14.999Z</time>
      </trkpt>
      <trkpt lat="46.798750" lon="8.690579">
        <ele>1527.408071</ele>
        <time>2026-08-30T10:00:15.999Z</time>
      </trkpt>
      <trkpt lat="46.798751" lon="8.690579">
        <ele>1527.436899</ele>
        <time>2026-08-30T10:00:16.999Z</time>
      </trkpt>
      <trkpt lat="46.798755" lon="8.690578">
        <ele>1527.553891</ele>
        <time>2026-08-30T10:00:17.999Z</time>
      </trkpt>
      <trkpt lat="46.798762" lon="8.690576">
        <ele>1527.759515</ele>
        <time>2026-08-30T10:00:18.999Z</time>
      </trkpt>
      <trkpt lat="46.798770" lon="8.690574">
        <ele>1527.993498</ele>
        <time>2026-08-30T10:00:19.999Z</time>
      </trkpt>
      <trkpt lat="46.798779" lon="8.690574">
        <ele>1528.252956</ele>
        <time>2026-08-30T10:00:20.999Z</time>
      </trkpt>
      <trkpt lat="46.798787" lon="8.690574">
        <ele>1528.483585</ele>
        <time>2026-08-30T10:00:21.999Z</time>
      </trkpt>
      <trkpt lat="46.798797" lon="8.690574">
        <ele>1528.771872</ele>
        <time>2026-08-30T10:00:22.999Z</time>
      </trkpt>
      <trkpt lat="46.798805" lon="8.690574">
        <ele>1529.002501</ele>
        <time>2026-08-30T10:00:23.999Z</time>
      </trkpt>
      <trkpt lat="46.798813" lon="8.690574">
        <ele>1529.233131</ele>
        <time>2026-08-30T10:00:24.999Z</time>
      </trkpt>
      <trkpt lat="46.798820" lon="8.690573">
        <ele>1529.435894</ele>
        <time>2026-08-30T10:00:25.999Z</time>
      </trkpt>
      <trkpt lat="46.798826" lon="8.690573">
        <ele>1529.608866</ele>
        <time>2026-08-30T10:00:26.999Z</time>
      </trkpt>
      <trkpt lat="46.798830" lon="8.690572">
        <ele>1529.725857</ele>
        <time>2026-08-30T10:00:27.999Z</time>
      </trkpt>
      <trkpt lat="46.798834" lon="8.690570">
        <ele>1529.847740</ele>
        <time>2026-08-30T10:00:28.999Z</time>
      </trkpt>
      <trkpt lat="46.798837" lon="8.690569">
        <ele>1529.936449</ele>
        <time>2026-08-30T10:00:29.999Z</time>
      </trkpt>
      <trkpt lat="46.798841" lon="8.690566">
        <ele>1530.066074</ele>
        <time>2026-08-30T10:00:30.999Z</time>
      </trkpt>
      <trkpt lat="46.798845" lon="8.690562">
        <ele>1530.205821</ele>
        <time>2026-08-30T10:00:31.999Z</time>
      </trkpt>
      <trkpt lat="46.798849" lon="8.690556">
        <ele>1530.371103</ele>
        <time>2026-08-30T10:00:32.999Z</time>
      </trkpt>
      <trkpt lat="46.798852" lon="8.690549">
        <ele>1530.534088</ele>
        <time>2026-08-30T10:00:33.999Z</time>
      </trkpt>
      <trkpt lat="46.798854" lon="8.690543">
        <ele>1530.665789</ele>
        <time>2026-08-30T10:00:34.999Z</time>
      </trkpt>
      <trkpt lat="46.798856" lon="8.690536">
        <ele>1530.815484</ele>
        <time>2026-08-30T10:00:35.999Z</time>
      </trkpt>
      <trkpt lat="46.798859" lon="8.690530">
        <ele>1530.962115</ele>
        <time>2026-08-30T10:00:36.999Z</time>
      </trkpt>
      <trkpt lat="46.798862" lon="8.690527">
        <ele>1531.066925</ele>
        <time>2026-08-30T10:00:37.999Z</time>
      </trkpt>
      <trkpt lat="46.798866" lon="8.690527">
        <ele>1531.182240</ele>
        <time>2026-08-30T10:00:38.999Z</time>
      </trkpt>
      <trkpt lat="46.798869" lon="8.690529">
        <ele>1531.277306</ele>
        <time>2026-08-30T10:00:39.999Z</time>
      </trkpt>
      <trkpt lat="46.798872" lon="8.690532">
        <ele>1531.382116</ele>
        <time>2026-08-30T10:00:40.999Z</time>
      </trkpt>
      <trkpt lat="46.798874" lon="8.690537">
        <ele>1531.496401</ele>
        <time>2026-08-30T10:00:41.999Z</time>
      </trkpt>
      <trkpt lat="46.798876" lon="8.690545">
        <ele>1531.664480</ele>
        <time>2026-08-30T10:00:42.999Z</time>
      </trkpt>
      <trkpt lat="46.798876" lon="8.690556">
        <ele>1531.881565</ele>
        <time>2026-08-30T10:00:43.999Z</time>
      </trkpt>
      <trkpt lat="46.798875" lon="8.690568">
        <ele>1532.120133</ele>
        <time>2026-08-30T10:00:44.999Z</time>
      </trkpt>
      <trkpt lat="46.798874" lon="8.690580">
        <ele>1532.358702</ele>
        <time>2026-08-30T10:00:45.999Z</time>
      </trkpt>
      <trkpt lat="46.798873" lon="8.690592">
        <ele>1532.597270</ele>
        <time>2026-08-30T10:00:46.999Z</time>
      </trkpt>
      <trkpt lat="46.798873" lon="8.690603">
        <ele>1532.814355</ele>
        <time>2026-08-30T10:00:47.999Z</time>
      </trkpt>
      <trkpt lat="46.798873" lon="8.690616">
        <ele>1533.070910</ele>
        <time>2026-08-30T10:00:48.999Z</time>
      </trkpt>
      <trkpt lat="46.798873" lon="8.690629">
        <ele>1533.327465</ele>
        <time>2026-08-30T10:00:49.999Z</time>
      </trkpt>
      <trkpt lat="46.798874" lon="8.690642">
        <ele>1533.585634</ele>
        <time>2026-08-30T10:00:50.999Z</time>
      </trkpt>
      <trkpt lat="46.798874" lon="8.690653">
        <ele>1533.802719</ele>
        <time>2026-08-30T10:00:51.999Z</time>
      </trkpt>
      <trkpt lat="46.798875" lon="8.690661">
        <ele>1533.963210</ele>
        <time>2026-08-30T10:00:52.999Z</time>
      </trkpt>
      <trkpt lat="46.798875" lon="8.690666">
        <ele>1534.061885</ele>
        <time>2026-08-30T10:00:53.999Z</time>
      </trkpt>
      <trkpt lat="46.798876" lon="8.690670">
        <ele>1534.145924</ele>
        <time>2026-08-30T10:00:54.999Z</time>
      </trkpt>
      <trkpt lat="46.798876" lon="8.690672">
        <ele>1534.185394</ele>
        <time>2026-08-30T10:00:55.999Z</time>
      </trkpt>
      <trkpt lat="46.798877" lon="8.690675">
        <ele>1534.251245</ele>
        <time>2026-08-30T10:00:56.999Z</time>
      </trkpt>
      <trkpt lat="46.798878" lon="8.690681">
        <ele>1534.373114</ele>
        <time>2026-08-30T10:00:57.999Z</time>
      </trkpt>
      <trkpt lat="46.798879" lon="8.690689">
        <ele>1534.533604</ele>
        <time>2026-08-30T10:00:58.999Z</time>
      </trkpt>
      <trkpt lat="46.798879" lon="8.690696">
        <ele>1534.671749</ele>
        <time>2026-08-30T10:00:59.999Z</time>
      </trkpt>
      <trkpt lat="46.798879" lon="8.690701">
        <ele>1534.770424</ele>
        <time>2026-08-30T10:01:00.999Z</time>
      </trkpt>
      <trkpt lat="46.798878" lon="8.690705">
        <ele>1534.854464</ele>
        <time>2026-08-30T10:01:01.999Z</time>
      </trkpt>
      <trkpt lat="46.798877" lon="8.690709">
        <ele>1534.938503</ele>
        <time>2026-08-30T10:01:02.999Z</time>
      </trkpt>
      <trkpt lat="46.798875" lon="8.690714">
        <ele>1535.052788</ele>
        <time>2026-08-30T10:01:03.999Z</time>
      </trkpt>
      <trkpt lat="46.798872" lon="8.690720">
        <ele>1535.199420</ele>
        <time>2026-08-30T10:01:04.999Z</time>
      </trkpt>
      <trkpt lat="46.798870" lon="8.690725">
        <ele>1535.313705</ele>
        <time>2026-08-30T10:01:05.999Z</time>
      </trkpt>
      <trkpt lat="46.798866" lon="8.690730">
        <ele>1535.465475</ele>
        <time>2026-08-30T10:01:06.999Z</time>
      </trkpt>
      <trkpt lat="46.798862" lon="8.690730">
        <ele>1535.580790</ele>
        <time>2026-08-30T10:01:07.999Z</time>
      </trkpt>
      <trkpt lat="46.798857" lon="8.690729">
        <ele>1535.726278</ele>
        <time>2026-08-30T10:01:08.999Z</time>
      </trkpt>
      <trkpt lat="46.798853" lon="8.690726">
        <ele>1535.855903</ele>
        <time>2026-08-30T10:01:09.999Z</time>
      </trkpt>
      <trkpt lat="46.798849" lon="8.690722">
        <ele>1535.995650</ele>
        <time>2026-08-30T10:01:10.999Z</time>
      </trkpt>
      <trkpt lat="46.798845" lon="8.690717">
        <ele>1536.147420</ele>
        <time>2026-08-30T10:01:11.999Z</time>
      </trkpt>
      <trkpt lat="46.798841" lon="8.690712">
        <ele>1536.299190</ele>
        <time>2026-08-30T10:01:12.999Z</time>
      </trkpt>
      <trkpt lat="46.798837" lon="8.690707">
        <ele>1536.450961</ele>
        <time>2026-08-30T10:01:13.999Z</time>
      </trkpt>
      <trkpt lat="46.798834" lon="8.690702">
        <ele>1536.582173</ele>
        <time>2026-08-30T10:01:14.999Z</time>
      </trkpt>
      <trkpt lat="46.798831" lon="8.690698">
        <ele>1536.699268</ele>
        <time>2026-08-30T10:01:15.999Z</time>
      </trkpt>
      <trkpt lat="46.798830" lon="8.690695">
        <ele>1536.765119</ele>
        <time>2026-08-30T10:01:16.999Z</time>
      </trkpt>
      <trkpt lat="46.798828" lon="8.690693">
        <ele>1536.834992</ele>
        <time>2026-08-30T10:01:17.999Z</time>
      </trkpt>
      <trkpt lat="46.798826" lon="8.690694">
        <ele>1536.895934</ele>
        <time>2026-08-30T10:01:18.999Z</time>
      </trkpt>
      <trkpt lat="46.798823" lon="8.690697">
        <ele>1537.000743</ele>
        <time>2026-08-30T10:01:19.999Z</time>
      </trkpt>
      <trkpt lat="46.798820" lon="8.690703">
        <ele>1537.147375</ele>
        <time>2026-08-30T10:01:20.999Z</time>
      </trkpt>
      <trkpt lat="46.798817" lon="8.690710">
        <ele>1537.310359</ele>
        <time>2026-08-30T10:01:21.999Z</time>
      </trkpt>
      <trkpt lat="46.798814" lon="8.690718">
        <ele>1537.490376</ele>
        <time>2026-08-30T10:01:22.999Z</time>
      </trkpt>
      <trkpt lat="46.798811" lon="8.690728">
        <ele>1537.705845</ele>
        <time>2026-08-30T10:01:23.999Z</time>
      </trkpt>
      <trkpt lat="46.798809" lon="8.690737">
        <ele>1537.892584</ele>
        <time>2026-08-30T10:01:24.999Z</time>
      </trkpt>
      <trkpt lat="46.798809" lon="8.690744">
        <ele>1538.030729</ele>
        <time>2026-08-30T10:01:25.999Z</time>
      </trkpt>
      <trkpt lat="46.798809" lon="8.690751">
        <ele>1538.168874</ele>
        <time>2026-08-30T10:01:26.999Z</time>
      </trkpt>
      <trkpt lat="46.798808" lon="8.690757">
        <ele>1538.290743</ele>
        <time>2026-08-30T10:01:27.999Z</time>
      </trkpt>
      <trkpt lat="46.798808" lon="8.690763">
        <ele>1538.409154</ele>
        <time>2026-08-30T10:01:28.999Z</time>
      </trkpt>
      <trkpt lat="46.798807" lon="8.690768">
        <ele>1538.511954</ele>
        <time>2026-08-30T10:01:29.999Z</time>
      </trkpt>
      <trkpt lat="46.798807" lon="8.690773">
        <ele>1538.610629</ele>
        <time>2026-08-30T10:01:30.999Z</time>
      </trkpt>
      <trkpt lat="46.798807" lon="8.690778">
        <ele>1538.709304</ele>
        <time>2026-08-30T10:01:31.999Z</time>
      </trkpt>
      <trkpt lat="46.798807" lon="8.690781">
        <ele>1538.768509</ele>
        <time>2026-08-30T10:01:32.999Z</time>
      </trkpt>
      <trkpt lat="46.798807" lon="8.690784">
        <ele>1538.827714</ele>
        <time>2026-08-30T10:01:33.999Z</time>
      </trkpt>
      <trkpt lat="46.798807" lon="8.690786">
        <ele>1538.867184</ele>
        <time>2026-08-30T10:01:34.999Z</time>
      </trkpt>
      <trkpt lat="46.798807" lon="8.690789">
        <ele>1538.926389</ele>
        <time>2026-08-30T10:01:35.999Z</time>
      </trkpt>
      <trkpt lat="46.798807" lon="8.690794">
        <ele>1539.025064</ele>
        <time>2026-08-30T10:01:36.999Z</time>
      </trkpt>
      <trkpt lat="46.798807" lon="8.690799">
        <ele>1539.123739</ele>
        <time>2026-08-30T10:01:37.999Z</time>
      </trkpt>
      <trkpt lat="46.798806" lon="8.690806">
        <ele>1539.264861</ele>
        <time>2026-08-30T10:01:38.999Z</time>
      </trkpt>
      <trkpt lat="46.798805" lon="8.690813">
        <ele>1539.405982</ele>
        <time>2026-08-30T10:01:39.999Z</time>
      </trkpt>
      <trkpt lat="46.798803" lon="8.690819">
        <ele>1539.537683</ele>
        <time>2026-08-30T10:01:40.999Z</time>
      </trkpt>
      <trkpt lat="46.798802" lon="8.690823">
        <ele>1539.621723</ele>
        <time>2026-08-30T10:01:41.999Z</time>
      </trkpt>
      <trkpt lat="46.798801" lon="8.690826">
        <ele>1539.687574</ele>
        <time>2026-08-30T10:01:42.999Z</time>
      </trkpt>
      <trkpt lat="46.798800" lon="8.690828">
        <ele>1539.736451</ele>
        <time>2026-08-30T10:01:43.999Z</time>
      </trkpt>
      <trkpt lat="46.798799" lon="8.690832">
        <ele>1539.820490</ele>
        <time>2026-08-30T10:01:44.999Z</time>
      </trkpt>
      <trkpt lat="46.798798" lon="8.690836">
        <ele>1539.904530</ele>
        <time>2026-08-30T10:01:45.999Z</time>
      </trkpt>
      <trkpt lat="46.798795" lon="8.690841">
        <ele>1540.035742</ele>
        <time>2026-08-30T10:01:46.999Z</time>
      </trkpt>
      <trkpt lat="46.798794" lon="8.690844">
        <ele>1540.101593</ele>
        <time>2026-08-30T10:01:47.999Z</time>
      </trkpt>
      <trkpt lat="46.798793" lon="8.690847">
        <ele>1540.167444</ele>
        <time>2026-08-30T10:01:48.999Z</time>
      </trkpt>
      <trkpt lat="46.798793" lon="8.690850">
        <ele>1540.226649</ele>
        <time>2026-08-30T10:01:49.999Z</time>
      </trkpt>
      <trkpt lat="46.798793" lon="8.690854">
        <ele>1540.305589</ele>
        <time>2026-08-30T10:01:50.999Z</time>
      </trkpt>
      <trkpt lat="46.798791" lon="8.690861">
        <ele>1540.455284</ele>
        <time>2026-08-30T10:01:51.999Z</time>
      </trkpt>
      <trkpt lat="46.798788" lon="8.690868">
        <ele>1540.618268</ele>
        <time>2026-08-30T10:01:52.999Z</time>
      </trkpt>
      <trkpt lat="46.798785" lon="8.690877">
        <ele>1540.815821</ele>
        <time>2026-08-30T10:01:53.999Z</time>
      </trkpt>
      <trkpt lat="46.798783" lon="8.690887">
        <ele>1541.021421</ele>
        <time>2026-08-30T10:01:54.999Z</time>
      </trkpt>
      <trkpt lat="46.798782" lon="8.690895">
        <ele>1541.181912</ele>
        <time>2026-08-30T10:01:55.999Z</time>
      </trkpt>
      <trkpt lat="46.798782" lon="8.690901">
        <ele>1541.300322</ele>
        <time>2026-08-30T10:01:56.999Z</time>
      </trkpt>
      <trkpt lat="46.798781" lon="8.690906">
        <ele>1541.403122</ele>
        <time>2026-08-30T10:01:57.999Z</time>
      </trkpt>
      <trkpt lat="46.798780" lon="8.690910">
        <ele>1541.487162</ele>
        <time>2026-08-30T10:01:58.999Z</time>
      </trkpt>
      <trkpt lat="46.798778" lon="8.690916">
        <ele>1541.618863</ele>
        <time>2026-08-30T10:01:59.999Z</time>
      </trkpt>
      <trkpt lat="46.798776" lon="8.690922">
        <ele>1541.750565</ele>
        <time>2026-08-30T10:02:00.999Z</time>
      </trkpt>
      <trkpt lat="46.798774" lon="8.690928">
        <ele>1541.882267</ele>
        <time>2026-08-30T10:02:01.999Z</time>
      </trkpt>
      <trkpt lat="46.798772" lon="8.690933">
        <ele>1541.996552</ele>
        <time>2026-08-30T10:02:02.999Z</time>
      </trkpt>
      <trkpt lat="46.798770" lon="8.690939">
        <ele>1542.128254</ele>
        <time>2026-08-30T10:02:03.999Z</time>
      </trkpt>
      <trkpt lat="46.798769" lon="8.690947">
        <ele>1542.288745</ele>
        <time>2026-08-30T10:02:04.999Z</time>
      </trkpt>
      <trkpt lat="46.798768" lon="8.690955">
        <ele>1542.449235</ele>
        <time>2026-08-30T10:02:05.999Z</time>
      </trkpt>
      <trkpt lat="46.798768" lon="8.690963">
        <ele>1542.607116</ele>
        <time>2026-08-30T10:02:06.999Z</time>
      </trkpt>
      <trkpt lat="46.798769" lon="8.690970">
        <ele>1542.748237</ele>
        <time>2026-08-30T10:02:07.999Z</time>
      </trkpt>
      <trkpt lat="46.798770" lon="8.690978">
        <ele>1542.908728</ele>
        <time>2026-08-30T10:02:08.999Z</time>
      </trkpt>
      <trkpt lat="46.798771" lon="8.690987">
        <ele>1543.088668</ele>
        <time>2026-08-30T10:02:09.999Z</time>
      </trkpt>
      <trkpt lat="46.798772" lon="8.690997">
        <ele>1543.288112</ele>
        <time>2026-08-30T10:02:10.999Z</time>
      </trkpt>
      <trkpt lat="46.798773" lon="8.691007">
        <ele>1543.487557</ele>
        <time>2026-08-30T10:02:11.999Z</time>
      </trkpt>
      <trkpt lat="46.798774" lon="8.691017">
        <ele>1543.687002</ele>
        <time>2026-08-30T10:02:12.999Z</time>
      </trkpt>
      <trkpt lat="46.798774" lon="8.691026">
        <ele>1543.864617</ele>
        <time>2026-08-30T10:02:13.999Z</time>
      </trkpt>
      <trkpt lat="46.798774" lon="8.691034">
        <ele>1544.022498</ele>
        <time>2026-08-30T10:02:14.999Z</time>
      </trkpt>
      <trkpt lat="46.798775" lon="8.691042">
        <ele>1544.182989</ele>
        <time>2026-08-30T10:02:15.999Z</time>
      </trkpt>
      <trkpt lat="46.798775" lon="8.691048">
        <ele>1544.301399</ele>
        <time>2026-08-30T10:02:16.999Z</time>
      </trkpt>
      <trkpt lat="46.798775" lon="8.691056">
        <ele>1544.459279</ele>
        <time>2026-08-30T10:02:17.999Z</time>
      </trkpt>
      <trkpt lat="46.798775" lon="8.691065">
        <ele>1544.636894</ele>
        <time>2026-08-30T10:02:18.999Z</time>
      </trkpt>
      <trkpt lat="46.798775" lon="8.691073">
        <ele>1544.794775</ele>
        <time>2026-08-30T10:02:19.999Z</time>
      </trkpt>
      <trkpt lat="46.798774" lon="8.691081">
        <ele>1544.955265</ele>
        <time>2026-08-30T10:02:20.999Z</time>
      </trkpt>
      <trkpt lat="46.798774" lon="8.691086">
        <ele>1545.053941</ele>
        <time>2026-08-30T10:02:21.999Z</time>
      </trkpt>
      <trkpt lat="46.798773" lon="8.691090">
        <ele>1545.137980</ele>
        <time>2026-08-30T10:02:22.999Z</time>
      </trkpt>
      <trkpt lat="46.798773" lon="8.691092">
        <ele>1545.177450</ele>
        <time>2026-08-30T10:02:23.999Z</time>
      </trkpt>
      <trkpt lat="46.798772" lon="8.691096">
        <ele>1545.261490</ele>
        <time>2026-08-30T10:02:24.999Z</time>
      </trkpt>
      <trkpt lat="46.798771" lon="8.691101">
        <ele>1545.364290</ele>
        <time>2026-08-30T10:02:25.999Z</time>
      </trkpt>
      <trkpt lat="46.798771" lon="8.691108">
        <ele>1545.502435</ele>
        <time>2026-08-30T10:02:26.999Z</time>
      </trkpt>
      <trkpt lat="46.798771" lon="8.691114">
        <ele>1545.620845</ele>
        <time>2026-08-30T10:02:27.999Z</time>
      </trkpt>
      <trkpt lat="46.798772" lon="8.691120">
        <ele>1545.742714</ele>
        <time>2026-08-30T10:02:28.999Z</time>
      </trkpt>
      <trkpt lat="46.798773" lon="8.691127">
        <ele>1545.883836</ele>
        <time>2026-08-30T10:02:29.999Z</time>
      </trkpt>
      <trkpt lat="46.798774" lon="8.691135">
        <ele>1546.044326</ele>
        <time>2026-08-30T10:02:30.999Z</time>
      </trkpt>
      <trkpt lat="46.798774" lon="8.691144">
        <ele>1546.221942</ele>
        <time>2026-08-30T10:02:31.999Z</time>
      </trkpt>
      <trkpt lat="46.798775" lon="8.691154">
        <ele>1546.421387</ele>
        <time>2026-08-30T10:02:32.999Z</time>
      </trkpt>
      <trkpt lat="46.798775" lon="8.691164">
        <ele>1546.618737</ele>
        <time>2026-08-30T10:02:33.999Z</time>
      </trkpt>
      <trkpt lat="46.798776" lon="8.691174">
        <ele>1546.818182</ele>
        <time>2026-08-30T10:02:34.999Z</time>
      </trkpt>
      <trkpt lat="46.798777" lon="8.691183">
        <ele>1546.998122</ele>
        <time>2026-08-30T10:02:35.999Z</time>
      </trkpt>
      <trkpt lat="46.798778" lon="8.691192">
        <ele>1547.177085</ele>
        <time>2026-08-30T10:02:36.999Z</time>
      </trkpt>
      <trkpt lat="46.798779" lon="8.691200">
        <ele>1547.329097</ele>
        <time>2026-08-30T10:02:37.999Z</time>
      </trkpt>
      <trkpt lat="46.798780" lon="8.691208">
        <ele>1547.481110</ele>
        <time>2026-08-30T10:02:38.999Z</time>
      </trkpt>
      <trkpt lat="46.798782" lon="8.691214">
        <ele>1547.605855</ele>
        <time>2026-08-30T10:02:39.999Z</time>
      </trkpt>
      <trkpt lat="46.798784" lon="8.691220">
        <ele>1547.730600</ele>
        <time>2026-08-30T10:02:40.999Z</time>
      </trkpt>
      <trkpt lat="46.798786" lon="8.691228">
        <ele>1547.889800</ele>
        <time>2026-08-30T10:02:41.999Z</time>
      </trkpt>
      <trkpt lat="46.798787" lon="8.691235">
        <ele>1548.023466</ele>
        <time>2026-08-30T10:02:42.999Z</time>
      </trkpt>
      <trkpt lat="46.798789" lon="8.691241">
        <ele>1548.148211</ele>
        <time>2026-08-30T10:02:43.999Z</time>
      </trkpt>
      <trkpt lat="46.798790" lon="8.691246">
        <ele>1548.245581</ele>
        <time>2026-08-30T10:02:44.999Z</time>
      </trkpt>
      <trkpt lat="46.798791" lon="8.691252">
        <ele>1548.361012</ele>
        <time>2026-08-30T10:02:45.999Z</time>
      </trkpt>
      <trkpt lat="46.798792" lon="8.691259">
        <ele>1548.494679</ele>
        <time>2026-08-30T10:02:46.999Z</time>
      </trkpt>
      <trkpt lat="46.798792" lon="8.691267">
        <ele>1548.644219</ele>
        <time>2026-08-30T10:02:47.999Z</time>
      </trkpt>
      <trkpt lat="46.798791" lon="8.691274">
        <ele>1548.777886</ele>
        <time>2026-08-30T10:02:48.999Z</time>
      </trkpt>
      <trkpt lat="46.798790" lon="8.691281">
        <ele>1548.911552</ele>
        <time>2026-08-30T10:02:49.999Z</time>
      </trkpt>
      <trkpt lat="46.798789" lon="8.691285">
        <ele>1548.991152</ele>
        <time>2026-08-30T10:02:50.999Z</time>
      </trkpt>
      <trkpt lat="46.798787" lon="8.691289">
        <ele>1549.083743</ele>
        <time>2026-08-30T10:02:51.999Z</time>
      </trkpt>
      <trkpt lat="46.798786" lon="8.691294">
        <ele>1549.181113</ele>
        <time>2026-08-30T10:02:52.999Z</time>
      </trkpt>
      <trkpt lat="46.798784" lon="8.691301">
        <ele>1549.322900</ele>
        <time>2026-08-30T10:02:53.999Z</time>
      </trkpt>
      <trkpt lat="46.798783" lon="8.691309">
        <ele>1549.474913</ele>
        <time>2026-08-30T10:02:54.999Z</time>
      </trkpt>
      <trkpt lat="46.798782" lon="8.691318">
        <ele>1549.645347</ele>
        <time>2026-08-30T10:02:55.999Z</time>
      </trkpt>
      <trkpt lat="46.798781" lon="8.691328">
        <ele>1549.834256</ele>
        <time>2026-08-30T10:02:56.999Z</time>
      </trkpt>
      <trkpt lat="46.798780" lon="8.691338">
        <ele>1550.023166</ele>
        <time>2026-08-30T10:02:57.999Z</time>
      </trkpt>
      <trkpt lat="46.798779" lon="8.691348">
        <ele>1550.212075</ele>
        <time>2026-08-30T10:02:58.999Z</time>
      </trkpt>
      <trkpt lat="46.798776" lon="8.691358">
        <ele>1550.416162</ele>
        <time>2026-08-30T10:02:59.999Z</time>
      </trkpt>
      <trkpt lat="46.798773" lon="8.691368">
        <ele>1550.620249</ele>
        <time>2026-08-30T10:03:00.999Z</time>
      </trkpt>
      <trkpt lat="46.798769" lon="8.691378">
        <ele>1550.836746</ele>
        <time>2026-08-30T10:03:01.999Z</time>
      </trkpt>
      <trkpt lat="46.798766" lon="8.691386">
        <ele>1551.007253</ele>
        <time>2026-08-30T10:03:02.999Z</time>
      </trkpt>
      <trkpt lat="46.798763" lon="8.691395">
        <ele>1551.194370</ele>
        <time>2026-08-30T10:03:03.999Z</time>
      </trkpt>
      <trkpt lat="46.798760" lon="8.691403">
        <ele>1551.364878</ele>
        <time>2026-08-30T10:03:04.999Z</time>
      </trkpt>
      <trkpt lat="46.798759" lon="8.691409">
        <ele>1551.480309</ele>
        <time>2026-08-30T10:03:05.999Z</time>
      </trkpt>
      <trkpt lat="46.798757" lon="8.691413">
        <ele>1551.572900</ele>
        <time>2026-08-30T10:03:06.999Z</time>
      </trkpt>
      <trkpt lat="46.798757" lon="8.691417">
        <ele>1551.647670</ele>
        <time>2026-08-30T10:03:07.999Z</time>
      </trkpt>
      <trkpt lat="46.798756" lon="8.691419">
        <ele>1551.693965</ele>
        <time>2026-08-30T10:03:08.999Z</time>
      </trkpt>
      <trkpt lat="46.798756" lon="8.691423">
        <ele>1551.768736</ele>
        <time>2026-08-30T10:03:09.999Z</time>
      </trkpt>
      <trkpt lat="46.798755" lon="8.691427">
        <ele>1551.848336</ele>
        <time>2026-08-30T10:03:10.999Z</time>
      </trkpt>
      <trkpt lat="46.798755" lon="8.691433">
        <ele>1551.960491</ele>
        <time>2026-08-30T10:03:11.999Z</time>
      </trkpt>
      <trkpt lat="46.798754" lon="8.691439">
        <ele>1552.075922</ele>
        <time>2026-08-30T10:03:12.999Z</time>
      </trkpt>
      <trkpt lat="46.798755" lon="8.691445">
        <ele>1552.191354</ele>
        <time>2026-08-30T10:03:13.999Z</time>
      </trkpt>
      <trkpt lat="46.798756" lon="8.691450">
        <ele>1552.288724</ele>
        <time>2026-08-30T10:03:14.999Z</time>
      </trkpt>
      <trkpt lat="46.798757" lon="8.691453">
        <ele>1552.351096</ele>
        <time>2026-08-30T10:03:15.999Z</time>
      </trkpt>
      <trkpt lat="46.798759" lon="8.691457">
        <ele>1552.443687</ele>
        <time>2026-08-30T10:03:16.999Z</time>
      </trkpt>
      <trkpt lat="46.798760" lon="8.691461">
        <ele>1552.523287</ele>
        <time>2026-08-30T10:03:17.999Z</time>
      </trkpt>
      <trkpt lat="46.798761" lon="8.691463">
        <ele>1552.569582</ele>
        <time>2026-08-30T10:03:18.999Z</time>
      </trkpt>
      <trkpt lat="46.798763" lon="8.691464">
        <ele>1552.627304</ele>
        <time>2026-08-30T10:03:19.999Z</time>
      </trkpt>
      <trkpt lat="46.798765" lon="8.691464">
        <ele>1552.681916</ele>
        <time>2026-08-30T10:03:20.999Z</time>
      </trkpt>
      <trkpt lat="46.798767" lon="8.691462">
        <ele>1552.748098</ele>
        <time>2026-08-30T10:03:21.999Z</time>
      </trkpt>
      <trkpt lat="46.798770" lon="8.691461">
        <ele>1552.832121</ele>
        <time>2026-08-30T10:03:22.999Z</time>
      </trkpt>
      <trkpt lat="46.798773" lon="8.691460">
        <ele>1552.916144</ele>
        <time>2026-08-30T10:03:23.999Z</time>
      </trkpt>
      <trkpt lat="46.798775" lon="8.691462">
        <ele>1552.982326</ele>
        <time>2026-08-30T10:03:24.999Z</time>
      </trkpt>
      <trkpt lat="46.798777" lon="8.691464">
        <ele>1553.048508</ele>
        <time>2026-08-30T10:03:25.999Z</time>
      </trkpt>
      <trkpt lat="46.798778" lon="8.691468">
        <ele>1553.128109</ele>
        <time>2026-08-30T10:03:26.999Z</time>
      </trkpt>
      <trkpt lat="46.798779" lon="8.691473">
        <ele>1553.225478</ele>
        <time>2026-08-30T10:03:27.999Z</time>
      </trkpt>
      <trkpt lat="46.798779" lon="8.691479">
        <ele>1553.337634</ele>
        <time>2026-08-30T10:03:28.999Z</time>
      </trkpt>
      <trkpt lat="46.798779" lon="8.691483">
        <ele>1553.412404</ele>
        <time>2026-08-30T10:03:29.999Z</time>
      </trkpt>
      <trkpt lat="46.798779" lon="8.691486">
        <ele>1553.468481</ele>
        <time>2026-08-30T10:03:30.999Z</time>
      </trkpt>
      <trkpt lat="46.798779" lon="8.691488">
        <ele>1553.505867</ele>
        <time>2026-08-30T10:03:31.999Z</time>
      </trkpt>
      <trkpt lat="46.798779" lon="8.691490">
        <ele>1553.543252</ele>
        <time>2026-08-30T10:03:32.999Z</time>
      </trkpt>
      <trkpt lat="46.798778" lon="8.691493">
        <ele>1553.605624</ele>
        <time>2026-08-30T10:03:33.999Z</time>
      </trkpt>
      <trkpt lat="46.798778" lon="8.691497">
        <ele>1553.680394</ele>
        <time>2026-08-30T10:03:34.999Z</time>
      </trkpt>
      <trkpt lat="46.798777" lon="8.691501">
        <ele>1553.759994</ele>
        <time>2026-08-30T10:03:35.999Z</time>
      </trkpt>
      <trkpt lat="46.798777" lon="8.691506">
        <ele>1553.853457</ele>
        <time>2026-08-30T10:03:36.999Z</time>
      </trkpt>
      <trkpt lat="46.798776" lon="8.691512">
        <ele>1553.968888</ele>
        <time>2026-08-30T10:03:37.999Z</time>
      </trkpt>
      <trkpt lat="46.798776" lon="8.691518">
        <ele>1554.081044</ele>
        <time>2026-08-30T10:03:38.999Z</time>
      </trkpt>
      <trkpt lat="46.798776" lon="8.691524">
        <ele>1554.193199</ele>
        <time>2026-08-30T10:03:39.999Z</time>
      </trkpt>
      <trkpt lat="46.798776" lon="8.691530">
        <ele>1554.305354</ele>
        <time>2026-08-30T10:03:40.999Z</time>
      </trkpt>
      <trkpt lat="46.798776" lon="8.691536">
        <ele>1554.417509</ele>
        <time>2026-08-30T10:03:41.999Z</time>
      </trkpt>
      <trkpt lat="46.798776" lon="8.691543">
        <ele>1554.548357</ele>
        <time>2026-08-30T10:03:42.999Z</time>
      </trkpt>
      <trkpt lat="46.798777" lon="8.691549">
        <ele>1554.663789</ele>
        <time>2026-08-30T10:03:43.999Z</time>
      </trkpt>
      <trkpt lat="46.798778" lon="8.691556">
        <ele>1554.797455</ele>
        <time>2026-08-30T10:03:44.999Z</time>
      </trkpt>
      <trkpt lat="46.798779" lon="8.691563">
        <ele>1554.931122</ele>
        <time>2026-08-30T10:03:45.999Z</time>
      </trkpt>
      <trkpt lat="46.798781" lon="8.691570">
        <ele>1555.072909</ele>
        <time>2026-08-30T10:03:46.999Z</time>
      </trkpt>
      <trkpt lat="46.798782" lon="8.691577">
        <ele>1555.206575</ele>
        <time>2026-08-30T10:03:47.999Z</time>
      </trkpt>
      <trkpt lat="46.798783" lon="8.691587">
        <ele>1555.395485</ele>
        <time>2026-08-30T10:03:48.999Z</time>
      </trkpt>
      <trkpt lat="46.798784" lon="8.691597">
        <ele>1555.584394</ele>
        <time>2026-08-30T10:03:49.999Z</time>
      </trkpt>
      <trkpt lat="46.798784" lon="8.691608">
        <ele>1555.790012</ele>
        <time>2026-08-30T10:03:50.999Z</time>
      </trkpt>
      <trkpt lat="46.798785" lon="8.691617">
        <ele>1555.960446</ele>
        <time>2026-08-30T10:03:51.999Z</time>
      </trkpt>
      <trkpt lat="46.798785" lon="8.691624">
        <ele>1556.091294</ele>
        <time>2026-08-30T10:03:52.999Z</time>
      </trkpt>
      <trkpt lat="46.798785" lon="8.691629">
        <ele>1556.184757</ele>
        <time>2026-08-30T10:03:53.999Z</time>
      </trkpt>
      <trkpt lat="46.798785" lon="8.691632">
        <ele>1556.240834</ele>
        <time>2026-08-30T10:03:54.999Z</time>
      </trkpt>
      <trkpt lat="46.798785" lon="8.691635">
        <ele>1556.296912</ele>
        <time>2026-08-30T10:03:55.999Z</time>
      </trkpt>
      <trkpt lat="46.798786" lon="8.691637">
        <ele>1556.343207</ele>
        <time>2026-08-30T10:03:56.999Z</time>
      </trkpt>
      <trkpt lat="46.798787" lon="8.691639">
        <ele>1556.389502</ele>
        <time>2026-08-30T10:03:57.999Z</time>
      </trkpt>
      <trkpt lat="46.798787" lon="8.691641">
        <ele>1556.426887</ele>
        <time>2026-08-30T10:03:58.999Z</time>
      </trkpt>
      <trkpt lat="46.798788" lon="8.691643">
        <ele>1556.473183</ele>
        <time>2026-08-30T10:03:59.999Z</time>
      </trkpt>
      <trkpt lat="46.798789" lon="8.691645">
        <ele>1556.519478</ele>
        <time>2026-08-30T10:04:00.999Z</time>
      </trkpt>
      <trkpt lat="46.798790" lon="8.691648">
        <ele>1556.581850</ele>
        <time>2026-08-30T10:04:01.999Z</time>
      </trkpt>
      <trkpt lat="46.798792" lon="8.691651">
        <ele>1556.660126</ele>
        <time>2026-08-30T10:04:02.999Z</time>
      </trkpt>
      <trkpt lat="46.798793" lon="8.691655">
        <ele>1556.739726</ele>
        <time>2026-08-30T10:04:03.999Z</time>
      </trkpt>
      <trkpt lat="46.798794" lon="8.691658">
        <ele>1556.802099</ele>
        <time>2026-08-30T10:04:04.999Z</time>
      </trkpt>
      <trkpt lat="46.798794" lon="8.691660">
        <ele>1556.839484</ele>
        <time>2026-08-30T10:04:05.999Z</time>
      </trkpt>
      <trkpt lat="46.798795" lon="8.691662">
        <ele>1556.885779</ele>
        <time>2026-08-30T10:04:06.999Z</time>
      </trkpt>
      <trkpt lat="46.798795" lon="8.691664">
        <ele>1556.923164</ele>
        <time>2026-08-30T10:04:07.999Z</time>
      </trkpt>
      <trkpt lat="46.798795" lon="8.691667">
        <ele>1556.979242</ele>
        <time>2026-08-30T10:04:08.999Z</time>
      </trkpt>
      <trkpt lat="46.798795" lon="8.691670">
        <ele>1557.035319</ele>
        <time>2026-08-30T10:04:09.999Z</time>
      </trkpt>
      <trkpt lat="46.798794" lon="8.691673">
        <ele>1557.097692</ele>
        <time>2026-08-30T10:04:10.999Z</time>
      </trkpt>
      <trkpt lat="46.798793" lon="8.691676">
        <ele>1557.160064</ele>
        <time>2026-08-30T10:04:11.999Z</time>
      </trkpt>
      <trkpt lat="46.798793" lon="8.691680">
        <ele>1557.234834</ele>
        <time>2026-08-30T10:04:12.999Z</time>
      </trkpt>
      <trkpt lat="46.798792" lon="8.691684">
        <ele>1557.314434</ele>
        <time>2026-08-30T10:04:13.999Z</time>
      </trkpt>
      <trkpt lat="46.798791" lon="8.691687">
        <ele>1557.376807</ele>
        <time>2026-08-30T10:04:14.999Z</time>
      </trkpt>
      <trkpt lat="46.798790" lon="8.691688">
        <ele>1557.409898</ele>
        <time>2026-08-30T10:04:15.999Z</time>
      </trkpt>
      <trkpt lat="46.798789" lon="8.691689">
        <ele>1557.442989</ele>
        <time>2026-08-30T10:04:16.999Z</time>
      </trkpt>
      <trkpt lat="46.798789" lon="8.691689">
        <ele>1557.442989</ele>
        <time>2026-08-30T10:04:17.999Z</time>
      </trkpt>
      <trkpt lat="46.798788" lon="8.691689">
        <ele>1557.470295</ele>
        <time>2026-08-30T10:04:18.999Z</time>
      </trkpt>
      <trkpt lat="46.798788" lon="8.691689">
        <ele>1557.470295</ele>
        <time>2026-08-30T10:04:19.999Z</time>
      </trkpt>
      <trkpt lat="46.798788" lon="8.691689">
        <ele>1557.470295</ele>
        <time>2026-08-30T10:04:20.999Z</time>
      </trkpt>
      <trkpt lat="46.798787" lon="8.691689">
        <ele>1557.497600</ele>
        <time>2026-08-30T10:04:21.999Z</time>
      </trkpt>
      <trkpt lat="46.798786" lon="8.691689">
        <ele>1557.524906</ele>
        <time>2026-08-30T10:04:22.999Z</time>
      </trkpt>
      <trkpt lat="46.798786" lon="8.691689">
        <ele>1557.524906</ele>
        <time>2026-08-30T10:04:23.999Z</time>
      </trkpt>
      <trkpt lat="46.798784" lon="8.691688">
        <ele>1557.582628</ele>
        <time>2026-08-30T10:04:24.999Z</time>
      </trkpt>
      <trkpt lat="46.798783" lon="8.691688">
        <ele>1557.609934</ele>
        <time>2026-08-30T10:04:25.999Z</time>
      </trkpt>
      <trkpt lat="46.798781" lon="8.691687">
        <ele>1557.667656</ele>
        <time>2026-08-30T10:04:26.999Z</time>
      </trkpt>
      <trkpt lat="46.798779" lon="8.691687">
        <ele>1557.722268</ele>
        <time>2026-08-30T10:04:27.999Z</time>
      </trkpt>
      <trkpt lat="46.798777" lon="8.691686">
        <ele>1557.779990</ele>
        <time>2026-08-30T10:04:28.999Z</time>
      </trkpt>
      <trkpt lat="46.798776" lon="8.691685">
        <ele>1557.813081</ele>
        <time>2026-08-30T10:04:29.999Z</time>
      </trkpt>
      <trkpt lat="46.798776" lon="8.691685">
        <ele>1557.813081</ele>
        <time>2026-08-30T10:04:30.999Z</time>
      </trkpt>
      <trkpt lat="46.798775" lon="8.691684">
        <ele>1557.846172</ele>
        <time>2026-08-30T10:04:31.999Z</time>
      </trkpt>
      <trkpt lat="46.798773" lon="8.691685">
        <ele>1557.903894</ele>
        <time>2026-08-30T10:04:32.999Z</time>
      </trkpt>
      <trkpt lat="46.798771" lon="8.691686">
        <ele>1557.961616</ele>
        <time>2026-08-30T10:04:33.999Z</time>
      </trkpt>
      <trkpt lat="46.798768" lon="8.691689">
        <ele>1558.060889</ele>
        <time>2026-08-30T10:04:34.999Z</time>
      </trkpt>
      <trkpt lat="46.798766" lon="8.691690">
        <ele>1558.118612</ele>
        <time>2026-08-30T10:04:35.999Z</time>
      </trkpt>
      <trkpt lat="46.798764" lon="8.691689">
        <ele>1558.176334</ele>
        <time>2026-08-30T10:04:36.999Z</time>
      </trkpt>
      <trkpt lat="46.798763" lon="8.691687">
        <ele>1558.222629</ele>
        <time>2026-08-30T10:04:37.999Z</time>
      </trkpt>
      <trkpt lat="46.798763" lon="8.691686">
        <ele>1558.241321</ele>
        <time>2026-08-30T10:04:38.999Z</time>
      </trkpt>
      <trkpt lat="46.798763" lon="8.691685">
        <ele>1558.260014</ele>
        <time>2026-08-30T10:04:39.999Z</time>
      </trkpt>
      <trkpt lat="46.798763" lon="8.691684">
        <ele>1558.278707</ele>
        <time>2026-08-30T10:04:40.999Z</time>
      </trkpt>
      <trkpt lat="46.798763" lon="8.691685">
        <ele>1558.297399</ele>
        <time>2026-08-30T10:04:41.999Z</time>
      </trkpt>
      <trkpt lat="46.798763" lon="8.691686">
        <ele>1558.316092</ele>
        <time>2026-08-30T10:04:42.999Z</time>
      </trkpt>
      <trkpt lat="46.798762" lon="8.691687">
        <ele>1558.349183</ele>
        <time>2026-08-30T10:04:43.999Z</time>
      </trkpt>
      <trkpt lat="46.798762" lon="8.691689">
        <ele>1558.386568</ele>
        <time>2026-08-30T10:04:44.999Z</time>
      </trkpt>
      <trkpt lat="46.798762" lon="8.691690">
        <ele>1558.405260</ele>
        <time>2026-08-30T10:04:45.999Z</time>
      </trkpt>
      <trkpt lat="46.798761" lon="8.691692">
        <ele>1558.451556</ele>
        <time>2026-08-30T10:04:46.999Z</time>
      </trkpt>
      <trkpt lat="46.798761" lon="8.691693">
        <ele>1558.470248</ele>
        <time>2026-08-30T10:04:47.999Z</time>
      </trkpt>
      <trkpt lat="46.798760" lon="8.691694">
        <ele>1558.503339</ele>
        <time>2026-08-30T10:04:48.999Z</time>
      </trkpt>
      <trkpt lat="46.798759" lon="8.691694">
        <ele>1558.530645</ele>
        <time>2026-08-30T10:04:49.999Z</time>
      </trkpt>
      <trkpt lat="46.798758" lon="8.691695">
        <ele>1558.563736</ele>
        <time>2026-08-30T10:04:50.999Z</time>
      </trkpt>
      <trkpt lat="46.798758" lon="8.691695">
        <ele>1558.563736</ele>
        <time>2026-08-30T10:04:51.999Z</time>
      </trkpt>
      <trkpt lat="46.798757" lon="8.691696">
        <ele>1558.596827</ele>
        <time>2026-08-30T10:04:52.999Z</time>
      </trkpt>
      <trkpt lat="46.798757" lon="8.691698">
        <ele>1558.634212</ele>
        <time>2026-08-30T10:04:53.999Z</time>
      </trkpt>
      <trkpt lat="46.798756" lon="8.691701">
        <ele>1558.696585</ele>
        <time>2026-08-30T10:04:54.999Z</time>
      </trkpt>
      <trkpt lat="46.798753" lon="8.691705">
        <ele>1558.807495</ele>
        <time>2026-08-30T10:04:55.999Z</time>
      </trkpt>
      <trkpt lat="46.798751" lon="8.691710">
        <ele>1558.915743</ele>
        <time>2026-08-30T10:04:56.999Z</time>
      </trkpt>
      <trkpt lat="46.798751" lon="8.691714">
        <ele>1558.990513</ele>
        <time>2026-08-30T10:04:57.999Z</time>
      </trkpt>
      <trkpt lat="46.798753" lon="8.691717">
        <ele>1559.068789</ele>
        <time>2026-08-30T10:04:58.999Z</time>
      </trkpt>
      <trkpt lat="46.798754" lon="8.691722">
        <ele>1559.166159</ele>
        <time>2026-08-30T10:04:59.999Z</time>
      </trkpt>
      <trkpt lat="46.798756" lon="8.691730">
        <ele>1559.325360</ele>
        <time>2026-08-30T10:05:00.999Z</time>
      </trkpt>
      <trkpt lat="46.798758" lon="8.691738">
        <ele>1559.484560</ele>
        <time>2026-08-30T10:05:01.999Z</time>
      </trkpt>
      <trkpt lat="46.798761" lon="8.691746">
        <ele>1559.655067</ele>
        <time>2026-08-30T10:05:02.999Z</time>
      </trkpt>
      <trkpt lat="46.798763" lon="8.691753">
        <ele>1559.796855</ele>
        <time>2026-08-30T10:05:03.999Z</time>
      </trkpt>
      <trkpt lat="46.798765" lon="8.691761">
        <ele>1559.956055</ele>
        <time>2026-08-30T10:05:04.999Z</time>
      </trkpt>
      <trkpt lat="46.798766" lon="8.691768">
        <ele>1560.089721</ele>
        <time>2026-08-30T10:05:05.999Z</time>
      </trkpt>
      <trkpt lat="46.798766" lon="8.691774">
        <ele>1560.201877</ele>
        <time>2026-08-30T10:05:06.999Z</time>
      </trkpt>
      <trkpt lat="46.798765" lon="8.691776">
        <ele>1560.248172</ele>
        <time>2026-08-30T10:05:07.999Z</time>
      </trkpt>
      <trkpt lat="46.798763" lon="8.691777">
        <ele>1560.305894</ele>
        <time>2026-08-30T10:05:08.999Z</time>
      </trkpt>
      <trkpt lat="46.798761" lon="8.691776">
        <ele>1560.363616</ele>
        <time>2026-08-30T10:05:09.999Z</time>
      </trkpt>
      <trkpt lat="46.798759" lon="8.691776">
        <ele>1560.418228</ele>
        <time>2026-08-30T10:05:10.999Z</time>
      </trkpt>
      <trkpt lat="46.798757" lon="8.691776">
        <ele>1560.472839</ele>
        <time>2026-08-30T10:05:12.000Z</time>
      </trkpt>
      <trkpt lat="46.798756" lon="8.691776">
        <ele>1560.500145</ele>
        <time>2026-08-30T10:05:13.000Z</time>
      </trkpt>
      <trkpt lat="46.798755" lon="8.691778">
        <ele>1560.546441</ele>
        <time>2026-08-30T10:05:14.000Z</time>
      </trkpt>
      <trkpt lat="46.798755" lon="8.691781">
        <ele>1560.602518</ele>
        <time>2026-08-30T10:05:15.000Z</time>
      </trkpt>
      <trkpt lat="46.798755" lon="8.691783">
        <ele>1560.639903</ele>
        <time>2026-08-30T10:05:16.000Z</time>
      </trkpt>
      <trkpt lat="46.798755" lon="8.691785">
        <ele>1560.677288</ele>
        <time>2026-08-30T10:05:17.000Z</time>
      </trkpt>
      <trkpt lat="46.798755" lon="8.691787">
        <ele>1560.714674</ele>
        <time>2026-08-30T10:05:18.000Z</time>
      </trkpt>
      <trkpt lat="46.798756" lon="8.691789">
        <ele>1560.760969</ele>
        <time>2026-08-30T10:05:19.000Z</time>
      </trkpt>
      <trkpt lat="46.798758" lon="8.691793">
        <ele>1560.853559</ele>
        <time>2026-08-30T10:05:20.000Z</time>
      </trkpt>
      <trkpt lat="46.798761" lon="8.691797">
        <ele>1560.964469</ele>
        <time>2026-08-30T10:05:21.000Z</time>
      </trkpt>
      <trkpt lat="46.798766" lon="8.691801">
        <ele>1561.120132</ele>
        <time>2026-08-30T10:05:22.000Z</time>
      </trkpt>
      <trkpt lat="46.798771" lon="8.691804">
        <ele>1561.267729</ele>
        <time>2026-08-30T10:05:23.000Z</time>
      </trkpt>
      <trkpt lat="46.798773" lon="8.691806">
        <ele>1561.333911</ele>
        <time>2026-08-30T10:05:24.000Z</time>
      </trkpt>
      <trkpt lat="46.798774" lon="8.691808">
        <ele>1561.380206</ele>
        <time>2026-08-30T10:05:25.000Z</time>
      </trkpt>
      <trkpt lat="46.798774" lon="8.691811">
        <ele>1561.436284</ele>
        <time>2026-08-30T10:05:26.000Z</time>
      </trkpt>
      <trkpt lat="46.798775" lon="8.691815">
        <ele>1561.515884</ele>
        <time>2026-08-30T10:05:27.000Z</time>
      </trkpt>
      <trkpt lat="46.798776" lon="8.691819">
        <ele>1561.595484</ele>
        <time>2026-08-30T10:05:28.000Z</time>
      </trkpt>
      <trkpt lat="46.798777" lon="8.691823">
        <ele>1561.675084</ele>
        <time>2026-08-30T10:05:29.000Z</time>
      </trkpt>
      <trkpt lat="46.798777" lon="8.691826">
        <ele>1561.731162</ele>
        <time>2026-08-30T10:05:30.000Z</time>
      </trkpt>
      <trkpt lat="46.798777" lon="8.691828">
        <ele>1561.768547</ele>
        <time>2026-08-30T10:05:31.000Z</time>
      </trkpt>
      <trkpt lat="46.798776" lon="8.691831">
        <ele>1561.830919</ele>
        <time>2026-08-30T10:05:32.000Z</time>
      </trkpt>
      <trkpt lat="46.798775" lon="8.691833">
        <ele>1561.877215</ele>
        <time>2026-08-30T10:05:33.000Z</time>
      </trkpt>
      <trkpt lat="46.798774" lon="8.691836">
        <ele>1561.939587</ele>
        <time>2026-08-30T10:05:34.000Z</time>
      </trkpt>
      <trkpt lat="46.798772" lon="8.691838">
        <ele>1562.005769</ele>
        <time>2026-08-30T10:05:35.000Z</time>
      </trkpt>
      <trkpt lat="46.798771" lon="8.691841">
        <ele>1562.068141</ele>
        <time>2026-08-30T10:05:36.000Z</time>
      </trkpt>
      <trkpt lat="46.798769" lon="8.691844">
        <ele>1562.146417</ele>
        <time>2026-08-30T10:05:37.000Z</time>
      </trkpt>
      <trkpt lat="46.798768" lon="8.691847">
        <ele>1562.208790</ele>
        <time>2026-08-30T10:05:38.000Z</time>
      </trkpt>
      <trkpt lat="46.798767" lon="8.691850">
        <ele>1562.271162</ele>
        <time>2026-08-30T10:05:39.000Z</time>
      </trkpt>
      <trkpt lat="46.798766" lon="8.691852">
        <ele>1562.317457</ele>
        <time>2026-08-30T10:05:40.000Z</time>
      </trkpt>
      <trkpt lat="46.798766" lon="8.691855">
        <ele>1562.373535</ele>
        <time>2026-08-30T10:05:41.000Z</time>
      </trkpt>
      <trkpt lat="46.798767" lon="8.691858">
        <ele>1562.435907</ele>
        <time>2026-08-30T10:05:42.000Z</time>
      </trkpt>
      <trkpt lat="46.798768" lon="8.691862">
        <ele>1562.515508</ele>
        <time>2026-08-30T10:05:43.000Z</time>
      </trkpt>
      <trkpt lat="46.798769" lon="8.691867">
        <ele>1562.612877</ele>
        <time>2026-08-30T10:05:44.000Z</time>
      </trkpt>
      <trkpt lat="46.798770" lon="8.691873">
        <ele>1562.728309</ele>
        <time>2026-08-30T10:05:45.000Z</time>
      </trkpt>
      <trkpt lat="46.798772" lon="8.691879">
        <ele>1562.853053</ele>
        <time>2026-08-30T10:05:46.000Z</time>
      </trkpt>
      <trkpt lat="46.798773" lon="8.691887">
        <ele>1563.005066</ele>
        <time>2026-08-30T10:05:47.000Z</time>
      </trkpt>
      <trkpt lat="46.798774" lon="8.691894">
        <ele>1563.138733</ele>
        <time>2026-08-30T10:05:48.000Z</time>
      </trkpt>
      <trkpt lat="46.798773" lon="8.691899">
        <ele>1563.236103</ele>
        <time>2026-08-30T10:05:49.000Z</time>
      </trkpt>
      <trkpt lat="46.798773" lon="8.691905">
        <ele>1563.348258</ele>
        <time>2026-08-30T10:05:50.000Z</time>
      </trkpt>
      <trkpt lat="46.798773" lon="8.691910">
        <ele>1563.441721</ele>
        <time>2026-08-30T10:05:51.000Z</time>
      </trkpt>
      <trkpt lat="46.798773" lon="8.691915">
        <ele>1563.535183</ele>
        <time>2026-08-30T10:05:52.000Z</time>
      </trkpt>
      <trkpt lat="46.798774" lon="8.691920">
        <ele>1563.632553</ele>
        <time>2026-08-30T10:05:53.000Z</time>
      </trkpt>
      <trkpt lat="46.798775" lon="8.691925">
        <ele>1563.729923</ele>
        <time>2026-08-30T10:05:54.000Z</time>
      </trkpt>
      <trkpt lat="46.798775" lon="8.691931">
        <ele>1563.842078</ele>
        <time>2026-08-30T10:05:55.000Z</time>
      </trkpt>
      <trkpt lat="46.798776" lon="8.691937">
        <ele>1563.957510</ele>
        <time>2026-08-30T10:05:56.000Z</time>
      </trkpt>
      <trkpt lat="46.798777" lon="8.691941">
        <ele>1564.037110</ele>
        <time>2026-08-30T10:05:57.000Z</time>
      </trkpt>
      <trkpt lat="46.798777" lon="8.691943">
        <ele>1564.074495</ele>
        <time>2026-08-30T10:05:58.000Z</time>
      </trkpt>
      <trkpt lat="46.798778" lon="8.691943">
        <ele>1564.101801</ele>
        <time>2026-08-30T10:05:59.000Z</time>
      </trkpt>
      <trkpt lat="46.798779" lon="8.691944">
        <ele>1564.134892</ele>
        <time>2026-08-30T10:06:00.000Z</time>
      </trkpt>
      <trkpt lat="46.798780" lon="8.691946">
        <ele>1564.181187</ele>
        <time>2026-08-30T10:06:01.000Z</time>
      </trkpt>
      <trkpt lat="46.798781" lon="8.691951">
        <ele>1564.278557</ele>
        <time>2026-08-30T10:06:02.000Z</time>
      </trkpt>
      <trkpt lat="46.798782" lon="8.691958">
        <ele>1564.412224</ele>
        <time>2026-08-30T10:06:03.000Z</time>
      </trkpt>
      <trkpt lat="46.798783" lon="8.691964">
        <ele>1564.527655</ele>
        <time>2026-08-30T10:06:04.000Z</time>
      </trkpt>
      <trkpt lat="46.798784" lon="8.691967">
        <ele>1564.590027</ele>
        <time>2026-08-30T10:06:05.000Z</time>
      </trkpt>
      <trkpt lat="46.798786" lon="8.691968">
        <ele>1564.647749</ele>
        <time>2026-08-30T10:06:06.000Z</time>
      </trkpt>
      <trkpt lat="46.798789" lon="8.691969">
        <ele>1564.731772</ele>
        <time>2026-08-30T10:06:07.000Z</time>
      </trkpt>
      <trkpt lat="46.798790" lon="8.691970">
        <ele>1564.764864</ele>
        <time>2026-08-30T10:06:08.000Z</time>
      </trkpt>
      <trkpt lat="46.798792" lon="8.691975">
        <ele>1564.873112</ele>
        <time>2026-08-30T10:06:09.000Z</time>
      </trkpt>
      <trkpt lat="46.798793" lon="8.691983">
        <ele>1565.025125</ele>
        <time>2026-08-30T10:06:10.000Z</time>
      </trkpt>
      <trkpt lat="46.798793" lon="8.691993">
        <ele>1565.212050</ele>
        <time>2026-08-30T10:06:11.000Z</time>
      </trkpt>
      <trkpt lat="46.798794" lon="8.692001">
        <ele>1565.364063</ele>
        <time>2026-08-30T10:06:12.000Z</time>
      </trkpt>
      <trkpt lat="46.798795" lon="8.692004">
        <ele>1565.426435</ele>
        <time>2026-08-30T10:06:13.000Z</time>
      </trkpt>
      <trkpt lat="46.798797" lon="8.692003">
        <ele>1565.484157</ele>
        <time>2026-08-30T10:06:14.000Z</time>
      </trkpt>
      <trkpt lat="46.798800" lon="8.692001">
        <ele>1565.574202</ele>
        <time>2026-08-30T10:06:15.000Z</time>
      </trkpt>
      <trkpt lat="46.798802" lon="8.691997">
        <ele>1565.666793</ele>
        <time>2026-08-30T10:06:16.000Z</time>
      </trkpt>
      <trkpt lat="46.798802" lon="8.691992">
        <ele>1565.760256</ele>
        <time>2026-08-30T10:06:17.000Z</time>
      </trkpt>
      <trkpt lat="46.798801" lon="8.691986">
        <ele>1565.875687</ele>
        <time>2026-08-30T10:06:18.000Z</time>
      </trkpt>
      <trkpt lat="46.798799" lon="8.691980">
        <ele>1566.000432</ele>
        <time>2026-08-30T10:06:19.000Z</time>
      </trkpt>
      <trkpt lat="46.798797" lon="8.691974">
        <ele>1566.125176</ele>
        <time>2026-08-30T10:06:20.000Z</time>
      </trkpt>
      <trkpt lat="46.798794" lon="8.691970">
        <ele>1566.236086</ele>
        <time>2026-08-30T10:06:21.000Z</time>
      </trkpt>
      <trkpt lat="46.798790" lon="8.691968">
        <ele>1566.351530</ele>
        <time>2026-08-30T10:06:22.000Z</time>
      </trkpt>
      <trkpt lat="46.798787" lon="8.691967">
        <ele>1566.435553</ele>
        <time>2026-08-30T10:06:23.000Z</time>
      </trkpt>
      <trkpt lat="46.798783" lon="8.691967">
        <ele>1566.544777</ele>
        <time>2026-08-30T10:06:24.000Z</time>
      </trkpt>
      <trkpt lat="46.798780" lon="8.691968">
        <ele>1566.628800</ele>
        <time>2026-08-30T10:06:25.000Z</time>
      </trkpt>
      <trkpt lat="46.798778" lon="8.691968">
        <ele>1566.683411</ele>
        <time>2026-08-30T10:06:26.000Z</time>
      </trkpt>
      <trkpt lat="46.798776" lon="8.691969">
        <ele>1566.741134</ele>
        <time>2026-08-30T10:06:27.000Z</time>
      </trkpt>
      <trkpt lat="46.798775" lon="8.691971">
        <ele>1566.787429</ele>
        <time>2026-08-30T10:06:28.000Z</time>
      </trkpt>
      <trkpt lat="46.798775" lon="8.691971">
        <ele>1566.787429</ele>
        <time>2026-08-30T10:06:29.000Z</time>
      </trkpt>
      <trkpt lat="46.798776" lon="8.691972">
        <ele>1566.820520</ele>
        <time>2026-08-30T10:06:30.000Z</time>
      </trkpt>
      <trkpt lat="46.798778" lon="8.691973">
        <ele>1566.878242</ele>
        <time>2026-08-30T10:06:31.000Z</time>
      </trkpt>
      <trkpt lat="46.798781" lon="8.691973">
        <ele>1566.960159</ele>
        <time>2026-08-30T10:06:32.000Z</time>
      </trkpt>
      <trkpt lat="46.798783" lon="8.691974">
        <ele>1567.017882</ele>
        <time>2026-08-30T10:06:33.000Z</time>
      </trkpt>
      <trkpt lat="46.798785" lon="8.691975">
        <ele>1567.075604</ele>
        <time>2026-08-30T10:06:34.000Z</time>
      </trkpt>
      <trkpt lat="46.798787" lon="8.691975">
        <ele>1567.130215</ele>
        <time>2026-08-30T10:06:35.000Z</time>
      </trkpt>
      <trkpt lat="46.798788" lon="8.691976">
        <ele>1567.163306</ele>
        <time>2026-08-30T10:06:36.000Z</time>
      </trkpt>
      <trkpt lat="46.798789" lon="8.691977">
        <ele>1567.196397</ele>
        <time>2026-08-30T10:06:37.000Z</time>
      </trkpt>
      <trkpt lat="46.798790" lon="8.691977">
        <ele>1567.223703</ele>
        <time>2026-08-30T10:06:38.000Z</time>
      </trkpt>
      <trkpt lat="46.798791" lon="8.691978">
        <ele>1567.256794</ele>
        <time>2026-08-30T10:06:39.000Z</time>
      </trkpt>
      <trkpt lat="46.798791" lon="8.691979">
        <ele>1567.275487</ele>
        <time>2026-08-30T10:06:40.000Z</time>
      </trkpt>
      <trkpt lat="46.798791" lon="8.691980">
        <ele>1567.294179</ele>
        <time>2026-08-30T10:06:41.000Z</time>
      </trkpt>
      <trkpt lat="46.798792" lon="8.691981">
        <ele>1567.327270</ele>
        <time>2026-08-30T10:06:42.000Z</time>
      </trkpt>
      <trkpt lat="46.798792" lon="8.691983">
        <ele>1567.364655</ele>
        <time>2026-08-30T10:06:43.000Z</time>
      </trkpt>
      <trkpt lat="46.798792" lon="8.691984">
        <ele>1567.383348</ele>
        <time>2026-08-30T10:06:44.000Z</time>
      </trkpt>
      <trkpt lat="46.798791" lon="8.691985">
        <ele>1567.416439</ele>
        <time>2026-08-30T10:06:45.000Z</time>
      </trkpt>
      <trkpt lat="46.798790" lon="8.691987">
        <ele>1567.462734</ele>
        <time>2026-08-30T10:06:46.000Z</time>
      </trkpt>
      <trkpt lat="46.798788" lon="8.691988">
        <ele>1567.520456</ele>
        <time>2026-08-30T10:06:47.000Z</time>
      </trkpt>
      <trkpt lat="46.798785" lon="8.691989">
        <ele>1567.604480</ele>
        <time>2026-08-30T10:06:48.000Z</time>
      </trkpt>
      <trkpt lat="46.798783" lon="8.691989">
        <ele>1567.659091</ele>
        <time>2026-08-30T10:06:49.000Z</time>
      </trkpt>
      <trkpt lat="46.798781" lon="8.691989">
        <ele>1567.713703</ele>
        <time>2026-08-30T10:06:50.000Z</time>
      </trkpt>
      <trkpt lat="46.798778" lon="8.691989">
        <ele>1567.795620</ele>
        <time>2026-08-30T10:06:51.000Z</time>
      </trkpt>
      <trkpt lat="46.798776" lon="8.691988">
        <ele>1567.853342</ele>
        <time>2026-08-30T10:06:52.000Z</time>
      </trkpt>
      <trkpt lat="46.798774" lon="8.691987">
        <ele>1567.911064</ele>
        <time>2026-08-30T10:06:53.000Z</time>
      </trkpt>
      <trkpt lat="46.798772" lon="8.691987">
        <ele>1567.965676</ele>
        <time>2026-08-30T10:06:54.000Z</time>
      </trkpt>
      <trkpt lat="46.798769" lon="8.691986">
        <ele>1568.049699</ele>
        <time>2026-08-30T10:06:55.000Z</time>
      </trkpt>
      <trkpt lat="46.798767" lon="8.691985">
        <ele>1568.107421</ele>
        <time>2026-08-30T10:06:56.000Z</time>
      </trkpt>
      <trkpt lat="46.798764" lon="8.691984">
        <ele>1568.191444</ele>
        <time>2026-08-30T10:06:57.000Z</time>
      </trkpt>
      <trkpt lat="46.798762" lon="8.691983">
        <ele>1568.249166</ele>
        <time>2026-08-30T10:06:58.000Z</time>
      </trkpt>
      <trkpt lat="46.798760" lon="8.691982">
        <ele>1568.306889</ele>
        <time>2026-08-30T10:06:59.000Z</time>
      </trkpt>
      <trkpt lat="46.798758" lon="8.691982">
        <ele>1568.361500</ele>
        <time>2026-08-30T10:07:00.000Z</time>
      </trkpt>
      <trkpt lat="46.798757" lon="8.691982">
        <ele>1568.388806</ele>
        <time>2026-08-30T10:07:01.000Z</time>
      </trkpt>
      <trkpt lat="46.798756" lon="8.691982">
        <ele>1568.416112</ele>
        <time>2026-08-30T10:07:02.000Z</time>
      </trkpt>
      <trkpt lat="46.798756" lon="8.691982">
        <ele>1568.416112</ele>
        <time>2026-08-30T10:07:03.000Z</time>
      </trkpt>
      <trkpt lat="46.798755" lon="8.691981">
        <ele>1568.449203</ele>
        <time>2026-08-30T10:07:04.000Z</time>
      </trkpt>
      <trkpt lat="46.798755" lon="8.691981">
        <ele>1568.449203</ele>
        <time>2026-08-30T10:07:05.000Z</time>
      </trkpt>
      <trkpt lat="46.798754" lon="8.691980">
        <ele>1568.482294</ele>
        <time>2026-08-30T10:07:06.000Z</time>
      </trkpt>
      <trkpt lat="46.798754" lon="8.691979">
        <ele>1568.500987</ele>
        <time>2026-08-30T10:07:07.000Z</time>
      </trkpt>
      <trkpt lat="46.798754" lon="8.691979">
        <ele>1568.500987</ele>
        <time>2026-08-30T10:07:08.000Z</time>
      </trkpt>
      <trkpt lat="46.798753" lon="8.691978">
        <ele>1568.534078</ele>
        <time>2026-08-30T10:07:09.000Z</time>
      </trkpt>
      <trkpt lat="46.798753" lon="8.691979">
        <ele>1568.552770</ele>
        <time>2026-08-30T10:07:10.000Z</time>
      </trkpt>
      <trkpt lat="46.798753" lon="8.691979">
        <ele>1568.552770</ele>
        <time>2026-08-30T10:07:11.000Z</time>
      </trkpt>
      <trkpt lat="46.798752" lon="8.691980">
        <ele>1568.585861</ele>
        <time>2026-08-30T10:07:12.000Z</time>
      </trkpt>
      <trkpt lat="46.798751" lon="8.691981">
        <ele>1568.618952</ele>
        <time>2026-08-30T10:07:13.000Z</time>
      </trkpt>
      <trkpt lat="46.798750" lon="8.691982">
        <ele>1568.652043</ele>
        <time>2026-08-30T10:07:14.000Z</time>
      </trkpt>
      <trkpt lat="46.798750" lon="8.691983">
        <ele>1568.670736</ele>
        <time>2026-08-30T10:07:15.000Z</time>
      </trkpt>
      <trkpt lat="46.798749" lon="8.691983">
        <ele>1568.698042</ele>
        <time>2026-08-30T10:07:16.000Z</time>
      </trkpt>
      <trkpt lat="46.798749" lon="8.691984">
        <ele>1568.716734</ele>
        <time>2026-08-30T10:07:17.000Z</time>
      </trkpt>
      <trkpt lat="46.798749" lon="8.691984">
        <ele>1568.716734</ele>
        <time>2026-08-30T10:07:18.000Z</time>
      </trkpt>
      <trkpt lat="46.798749" lon="8.691984">
        <ele>1568.716734</ele>
        <time>2026-08-30T10:07:19.000Z</time>
      </trkpt>
      <trkpt lat="46.798749" lon="8.691984">
        <ele>1568.716734</ele>
        <time>2026-08-30T10:07:20.000Z</time>
      </trkpt>
      <trkpt lat="46.798749" lon="8.691984">
        <ele>1568.716734</ele>
        <time>2026-08-30T10:07:21.000Z</time>
      </trkpt>
      <trkpt lat="46.798749" lon="8.691984">
        <ele>1568.716734</ele>
        <time>2026-08-30T10:07:22.000Z</time>
      </trkpt>
      <trkpt lat="46.798748" lon="8.691985">
        <ele>1568.749825</ele>
        <time>2026-08-30T10:07:23.000Z</time>
      </trkpt>
      <trkpt lat="46.798748" lon="8.691985">
        <ele>1568.749825</ele>
        <time>2026-08-30T10:07:24.000Z</time>
      </trkpt>
      <trkpt lat="46.798748" lon="8.691985">
        <ele>1568.749825</ele>
        <time>2026-08-30T10:07:25.000Z</time>
      </trkpt>
      <trkpt lat="46.798747" lon="8.691986">
        <ele>1568.782916</ele>
        <time>2026-08-30T10:07:26.000Z</time>
      </trkpt>
      <trkpt lat="46.798747" lon="8.691986">
        <ele>1568.782916</ele>
        <time>2026-08-30T10:07:27.000Z</time>
      </trkpt>
      <trkpt lat="46.798747" lon="8.691987">
        <ele>1568.801609</ele>
        <time>2026-08-30T10:07:28.000Z</time>
      </trkpt>
      <trkpt lat="46.798747" lon="8.691987">
        <ele>1568.801609</ele>
        <time>2026-08-30T10:07:29.000Z</time>
      </trkpt>
      <trkpt lat="46.798747" lon="8.691987">
        <ele>1568.801609</ele>
        <time>2026-08-30T10:07:30.000Z</time>
      </trkpt>
      <trkpt lat="46.798748" lon="8.691988">
        <ele>1568.834700</ele>
        <time>2026-08-30T10:07:31.000Z</time>
      </trkpt>
      <trkpt lat="46.798748" lon="8.691988">
        <ele>1568.834700</ele>
        <time>2026-08-30T10:07:32.000Z</time>
      </trkpt>
      <trkpt lat="46.798748" lon="8.691988">
        <ele>1568.834700</ele>
        <time>2026-08-30T10:07:33.000Z</time>
      </trkpt>
      <trkpt lat="46.798748" lon="8.691988">
        <ele>1568.834700</ele>
        <time>2026-08-30T10:07:34.000Z</time>
      </trkpt>
      <trkpt lat="46.798748" lon="8.691989">
        <ele>1568.853393</ele>
        <time>2026-08-30T10:07:35.000Z</time>
      </trkpt>
      <trkpt lat="46.798748" lon="8.691989">
        <ele>1568.853393</ele>
        <time>2026-08-30T10:07:36.000Z</time>
      </trkpt>
      <trkpt lat="46.798748" lon="8.691990">
        <ele>1568.872085</ele>
        <time>2026-08-30T10:07:37.000Z</time>
      </trkpt>
      <trkpt lat="46.798749" lon="8.691990">
        <ele>1568.899391</ele>
        <time>2026-08-30T10:07:38.000Z</time>
      </trkpt>
      <trkpt lat="46.798749" lon="8.691991">
        <ele>1568.918083</ele>
        <time>2026-08-30T10:07:39.000Z</time>
      </trkpt>
      <trkpt lat="46.798750" lon="8.691991">
        <ele>1568.945389</ele>
        <time>2026-08-30T10:07:40.000Z</time>
      </trkpt>
      <trkpt lat="46.798751" lon="8.691992">
        <ele>1568.978480</ele>
        <time>2026-08-30T10:07:41.000Z</time>
      </trkpt>
      <trkpt lat="46.798752" lon="8.691992">
        <ele>1569.005786</ele>
        <time>2026-08-30T10:07:42.000Z</time>
      </trkpt>
      <trkpt lat="46.798753" lon="8.691992">
        <ele>1569.033092</ele>
        <time>2026-08-30T10:07:43.000Z</time>
      </trkpt>
      <trkpt lat="46.798755" lon="8.691992">
        <ele>1569.087704</ele>
        <time>2026-08-30T10:07:44.000Z</time>
      </trkpt>
      <trkpt lat="46.798756" lon="8.691992">
        <ele>1569.115009</ele>
        <time>2026-08-30T10:07:45.000Z</time>
      </trkpt>
      <trkpt lat="46.798757" lon="8.691992">
        <ele>1569.142315</ele>
        <time>2026-08-30T10:07:46.000Z</time>
      </trkpt>
      <trkpt lat="46.798757" lon="8.691992">
        <ele>1569.142315</ele>
        <time>2026-08-30T10:07:47.000Z</time>
      </trkpt>
      <trkpt lat="46.798758" lon="8.691992">
        <ele>1569.169621</ele>
        <time>2026-08-30T10:07:48.000Z</time>
      </trkpt>
      <trkpt lat="46.798758" lon="8.691992">
        <ele>1569.169621</ele>
        <time>2026-08-30T10:07:49.000Z</time>
      </trkpt>
      <trkpt lat="46.798758" lon="8.691992">
        <ele>1569.169621</ele>
        <time>2026-08-30T10:07:50.000Z</time>
      </trkpt>
      <trkpt lat="46.798759" lon="8.691992">
        <ele>1569.196927</ele>
        <time>2026-08-30T10:07:51.000Z</time>
      </trkpt>
      <trkpt lat="46.798759" lon="8.691991">
        <ele>1569.215619</ele>
        <time>2026-08-30T10:07:52.000Z</time>
      </trkpt>
      <trkpt lat="46.798759" lon="8.691991">
        <ele>1569.215619</ele>
        <time>2026-08-30T10:07:53.000Z</time>
      </trkpt>
      <trkpt lat="46.798760" lon="8.691991">
        <ele>1569.242925</ele>
        <time>2026-08-30T10:07:54.000Z</time>
      </trkpt>
      <trkpt lat="46.798760" lon="8.691991">
        <ele>1569.242925</ele>
        <time>2026-08-30T10:07:55.000Z</time>
      </trkpt>
      <trkpt lat="46.798760" lon="8.691991">
        <ele>1569.242925</ele>
        <time>2026-08-30T10:07:56.000Z</time>
      </trkpt>
      <trkpt lat="46.798760" lon="8.691991">
        <ele>1569.242925</ele>
        <time>2026-08-30T10:07:57.000Z</time>
      </trkpt>
      <trkpt lat="46.798760" lon="8.691991">
        <ele>1569.242925</ele>
        <time>2026-08-30T10:07:58.000Z</time>
      </trkpt>
      <trkpt lat="46.798760" lon="8.691991">
        <ele>1569.242925</ele>
        <time>2026-08-30T10:07:59.000Z</time>
      </trkpt>
      <trkpt lat="46.798761" lon="8.691991">
        <ele>1569.270231</ele>
        <time>2026-08-30T10:08:00.000Z</time>
      </trkpt>
      <trkpt lat="46.798761" lon="8.691991">
        <ele>1569.270231</ele>
        <time>2026-08-30T10:08:01.000Z</time>
      </trkpt>
      <trkpt lat="46.798761" lon="8.691991">
        <ele>1569.270231</ele>
        <time>2026-08-30T10:08:02.000Z</time>
      </trkpt>
      <trkpt lat="46.798761" lon="8.691991">
        <ele>1569.270231</ele>
        <time>2026-08-30T10:08:03.000Z</time>
      </trkpt>
      <trkpt lat="46.798761" lon="8.691991">
        <ele>1569.270231</ele>
        <time>2026-08-30T10:08:04.000Z</time>
      </trkpt>
      <trkpt lat="46.798761" lon="8.691991">
        <ele>1569.270231</ele>
        <time>2026-08-30T10:08:05.000Z</time>
      </trkpt>
      <trkpt lat="46.798761" lon="8.691991">
        <ele>1569.270231</ele>
        <time>2026-08-30T10:08:06.000Z</time>
      </trkpt>
      <trkpt lat="46.798761" lon="8.691991">
        <ele>1569.270231</ele>
        <time>2026-08-30T10:08:07.000Z</time>
      </trkpt>
      <trkpt lat="46.798761" lon="8.691991">
        <ele>1569.270231</ele>
        <time>2026-08-30T10:08:08.000Z</time>
      </trkpt>
      <trkpt lat="46.798761" lon="8.691991">
        <ele>1569.270231</ele>
        <time>2026-08-30T10:08:09.000Z</time>
      </trkpt>
      <trkpt lat="46.798761" lon="8.691991">
        <ele>1569.270231</ele>
        <time>2026-08-30T10:08:10.000Z</time>
      </trkpt>
      <trkpt lat="46.798761" lon="8.691991">
        <ele>1569.270231</ele>
        <time>2026-08-30T10:08:11.000Z</time>
      </trkpt>
      <trkpt lat="46.798761" lon="8.691991">
        <ele>1569.270231</ele>
        <time>2026-08-30T10:08:12.000Z</time>
      </trkpt>
      <trkpt lat="46.798760" lon="8.691991">
        <ele>1569.297537</ele>
        <time>2026-08-30T10:08:13.000Z</time>
      </trkpt>
      <trkpt lat="46.798760" lon="8.691991">
        <ele>1569.297537</ele>
        <time>2026-08-30T10:08:14.000Z</time>
      </trkpt>
      <trkpt lat="46.798760" lon="8.691991">
        <ele>1569.297537</ele>
        <time>2026-08-30T10:08:15.000Z</time>
      </trkpt>
      <trkpt lat="46.798759" lon="8.691992">
        <ele>1569.330628</ele>
        <time>2026-08-30T10:08:16.000Z</time>
      </trkpt>
      <trkpt lat="46.798759" lon="8.691992">
        <ele>1569.330628</ele>
        <time>2026-08-30T10:08:17.000Z</time>
      </trkpt>
      <trkpt lat="46.798759" lon="8.691992">
        <ele>1569.330628</ele>
        <time>2026-08-30T10:08:18.000Z</time>
      </trkpt>
      <trkpt lat="46.798758" lon="8.691993">
        <ele>1569.363719</ele>
        <time>2026-08-30T10:08:19.000Z</time>
      </trkpt>
      <trkpt lat="46.798759" lon="8.691993">
        <ele>1569.391025</ele>
        <time>2026-08-30T10:08:20.000Z</time>
      </trkpt>
      <trkpt lat="46.798759" lon="8.691993">
        <ele>1569.391025</ele>
        <time>2026-08-30T10:08:21.000Z</time>
      </trkpt>
      <trkpt lat="46.798759" lon="8.691993">
        <ele>1569.391025</ele>
        <time>2026-08-30T10:08:22.000Z</time>
      </trkpt>
      <trkpt lat="46.798759" lon="8.691993">
        <ele>1569.391025</ele>
        <time>2026-08-30T10:08:23.000Z</time>
      </trkpt>
      <trkpt lat="46.798759" lon="8.691993">
        <ele>1569.391025</ele>
        <time>2026-08-30T10:08:24.000Z</time>
      </trkpt>
      <trkpt lat="46.798759" lon="8.691993">
        <ele>1569.391025</ele>
        <time>2026-08-30T10:08:25.000Z</time>
      </trkpt>
      <trkpt lat="46.798760" lon="8.691993">
        <ele>1569.418331</ele>
        <time>2026-08-30T10:08:26.000Z</time>
      </trkpt>
      <trkpt lat="46.798760" lon="8.691992">
        <ele>1569.437023</ele>
        <time>2026-08-30T10:08:27.000Z</time>
      </trkpt>
      <trkpt lat="46.798760" lon="8.691991">
        <ele>1569.455716</ele>
        <time>2026-08-30T10:08:28.000Z</time>
      </trkpt>
      <trkpt lat="46.798761" lon="8.691990">
        <ele>1569.488807</ele>
        <time>2026-08-30T10:08:29.000Z</time>
      </trkpt>
      <trkpt lat="46.798761" lon="8.691989">
        <ele>1569.507499</ele>
        <time>2026-08-30T10:08:30.000Z</time>
      </trkpt>
      <trkpt lat="46.798762" lon="8.691988">
        <ele>1569.540590</ele>
        <time>2026-08-30T10:08:31.000Z</time>
      </trkpt>
      <trkpt lat="46.798762" lon="8.691987">
        <ele>1569.559283</ele>
        <time>2026-08-30T10:08:32.000Z</time>
      </trkpt>
      <trkpt lat="46.798763" lon="8.691986">
        <ele>1569.592374</ele>
        <time>2026-08-30T10:08:33.000Z</time>
      </trkpt>
      <trkpt lat="46.798765" lon="8.691984">
        <ele>1569.658556</ele>
        <time>2026-08-30T10:08:34.000Z</time>
      </trkpt>
      <trkpt lat="46.798766" lon="8.691983">
        <ele>1569.691647</ele>
        <time>2026-08-30T10:08:35.000Z</time>
      </trkpt>
      <trkpt lat="46.798768" lon="8.691983">
        <ele>1569.746259</ele>
        <time>2026-08-30T10:08:36.000Z</time>
      </trkpt>
      <trkpt lat="46.798770" lon="8.691984">
        <ele>1569.803981</ele>
        <time>2026-08-30T10:08:37.000Z</time>
      </trkpt>
      <trkpt lat="46.798772" lon="8.691988">
        <ele>1569.896572</ele>
        <time>2026-08-30T10:08:38.000Z</time>
      </trkpt>
      <trkpt lat="46.798775" lon="8.691994">
        <ele>1570.035457</ele>
        <time>2026-08-30T10:08:39.000Z</time>
      </trkpt>
      <trkpt lat="46.798777" lon="8.691998">
        <ele>1570.128048</ele>
        <time>2026-08-30T10:08:40.000Z</time>
      </trkpt>
      <trkpt lat="46.798778" lon="8.691998">
        <ele>1570.155354</ele>
        <time>2026-08-30T10:08:41.000Z</time>
      </trkpt>
      <trkpt lat="46.798779" lon="8.691998">
        <ele>1570.182659</ele>
        <time>2026-08-30T10:08:42.000Z</time>
      </trkpt>
      <trkpt lat="46.798780" lon="8.691996">
        <ele>1570.228955</ele>
        <time>2026-08-30T10:08:43.000Z</time>
      </trkpt>
      <trkpt lat="46.798781" lon="8.691995">
        <ele>1570.262046</ele>
        <time>2026-08-30T10:08:44.000Z</time>
      </trkpt>
      <trkpt lat="46.798782" lon="8.691994">
        <ele>1570.295137</ele>
        <time>2026-08-30T10:08:45.000Z</time>
      </trkpt>
      <trkpt lat="46.798782" lon="8.691992">
        <ele>1570.332522</ele>
        <time>2026-08-30T10:08:46.000Z</time>
      </trkpt>
      <trkpt lat="46.798782" lon="8.691991">
        <ele>1570.351215</ele>
        <time>2026-08-30T10:08:47.000Z</time>
      </trkpt>
      <trkpt lat="46.798781" lon="8.691989">
        <ele>1570.397510</ele>
        <time>2026-08-30T10:08:48.000Z</time>
      </trkpt>
      <trkpt lat="46.798780" lon="8.691988">
        <ele>1570.430601</ele>
        <time>2026-08-30T10:08:49.000Z</time>
      </trkpt>
      <trkpt lat="46.798779" lon="8.691987">
        <ele>1570.463692</ele>
        <time>2026-08-30T10:08:50.000Z</time>
      </trkpt>
      <trkpt lat="46.798778" lon="8.691986">
        <ele>1570.496783</ele>
        <time>2026-08-30T10:08:51.000Z</time>
      </trkpt>
      <trkpt lat="46.798777" lon="8.691985">
        <ele>1570.529874</ele>
        <time>2026-08-30T10:08:52.000Z</time>
      </trkpt>
      <trkpt lat="46.798775" lon="8.691985">
        <ele>1570.584486</ele>
        <time>2026-08-30T10:08:53.000Z</time>
      </trkpt>
      <trkpt lat="46.798773" lon="8.691984">
        <ele>1570.642208</ele>
        <time>2026-08-30T10:08:54.000Z</time>
      </trkpt>
      <trkpt lat="46.798770" lon="8.691984">
        <ele>1570.724125</ele>
        <time>2026-08-30T10:08:55.000Z</time>
      </trkpt>
      <trkpt lat="46.798767" lon="8.691984">
        <ele>1570.806043</ele>
        <time>2026-08-30T10:08:56.000Z</time>
      </trkpt>
      <trkpt lat="46.798764" lon="8.691984">
        <ele>1570.887960</ele>
        <time>2026-08-30T10:08:57.000Z</time>
      </trkpt>
      <trkpt lat="46.798760" lon="8.691985">
        <ele>1570.998771</ele>
        <time>2026-08-30T10:08:58.000Z</time>
      </trkpt>
      <trkpt lat="46.798756" lon="8.691986">
        <ele>1571.109583</ele>
        <time>2026-08-30T10:08:59.000Z</time>
      </trkpt>
      <trkpt lat="46.798754" lon="8.691988">
        <ele>1571.175765</ele>
        <time>2026-08-30T10:09:00.000Z</time>
      </trkpt>
      <trkpt lat="46.798752" lon="8.691990">
        <ele>1571.241947</ele>
        <time>2026-08-30T10:09:01.000Z</time>
      </trkpt>
      <trkpt lat="46.798750" lon="8.691991">
        <ele>1571.299669</ele>
        <time>2026-08-30T10:09:02.000Z</time>
      </trkpt>
      <trkpt lat="46.798749" lon="8.691993">
        <ele>1571.345964</ele>
        <time>2026-08-30T10:09:03.000Z</time>
      </trkpt>
      <trkpt lat="46.798748" lon="8.691995">
        <ele>1571.392260</ele>
        <time>2026-08-30T10:09:04.000Z</time>
      </trkpt>
      <trkpt lat="46.798748" lon="8.691996">
        <ele>1571.410952</ele>
        <time>2026-08-30T10:09:05.000Z</time>
      </trkpt>
      <trkpt lat="46.798748" lon="8.691997">
        <ele>1571.429645</ele>
        <time>2026-08-30T10:09:06.000Z</time>
      </trkpt>
      <trkpt lat="46.798748" lon="8.691997">
        <ele>1571.429645</ele>
        <time>2026-08-30T10:09:07.000Z</time>
      </trkpt>
      <trkpt lat="46.798748" lon="8.691999">
        <ele>1571.467030</ele>
        <time>2026-08-30T10:09:08.000Z</time>
      </trkpt>
      <trkpt lat="46.798749" lon="8.692001">
        <ele>1571.513325</ele>
        <time>2026-08-30T10:09:09.000Z</time>
      </trkpt>
      <trkpt lat="46.798750" lon="8.692002">
        <ele>1571.546416</ele>
        <time>2026-08-30T10:09:10.000Z</time>
      </trkpt>
      <trkpt lat="46.798751" lon="8.692003">
        <ele>1571.579507</ele>
        <time>2026-08-30T10:09:11.000Z</time>
      </trkpt>
      <trkpt lat="46.798752" lon="8.692004">
        <ele>1571.612598</ele>
        <time>2026-08-30T10:09:12.000Z</time>
      </trkpt>
      <trkpt lat="46.798753" lon="8.692004">
        <ele>1571.639904</ele>
        <time>2026-08-30T10:09:13.000Z</time>
      </trkpt>
      <trkpt lat="46.798754" lon="8.692005">
        <ele>1571.672995</ele>
        <time>2026-08-30T10:09:14.000Z</time>
      </trkpt>
      <trkpt lat="46.798755" lon="8.692004">
        <ele>1571.706086</ele>
        <time>2026-08-30T10:09:15.000Z</time>
      </trkpt>
      <trkpt lat="46.798754" lon="8.692002">
        <ele>1571.752381</ele>
        <time>2026-08-30T10:09:16.000Z</time>
      </trkpt>
      <trkpt lat="46.798753" lon="8.692000">
        <ele>1571.798677</ele>
        <time>2026-08-30T10:09:17.000Z</time>
      </trkpt>
      <trkpt lat="46.798752" lon="8.691997">
        <ele>1571.861049</ele>
        <time>2026-08-30T10:09:18.000Z</time>
      </trkpt>
      <trkpt lat="46.798752" lon="8.691994">
        <ele>1571.917127</ele>
        <time>2026-08-30T10:09:19.000Z</time>
      </trkpt>
      <trkpt lat="46.798752" lon="8.691991">
        <ele>1571.973204</ele>
        <time>2026-08-30T10:09:20.000Z</time>
      </trkpt>
      <trkpt lat="46.798754" lon="8.691989">
        <ele>1572.039387</ele>
        <time>2026-08-30T10:09:21.000Z</time>
      </trkpt>
      <trkpt lat="46.798755" lon="8.691988">
        <ele>1572.072478</ele>
        <time>2026-08-30T10:09:22.000Z</time>
      </trkpt>
      <trkpt lat="46.798757" lon="8.691987">
        <ele>1572.130200</ele>
        <time>2026-08-30T10:09:23.000Z</time>
      </trkpt>
      <trkpt lat="46.798757" lon="8.691986">
        <ele>1572.148892</ele>
        <time>2026-08-30T10:09:24.000Z</time>
      </trkpt>
      <trkpt lat="46.798757" lon="8.691985">
        <ele>1572.167585</ele>
        <time>2026-08-30T10:09:25.000Z</time>
      </trkpt>
      <trkpt lat="46.798757" lon="8.691985">
        <ele>1572.167585</ele>
        <time>2026-08-30T10:09:26.000Z</time>
      </trkpt>
      <trkpt lat="46.798757" lon="8.691984">
        <ele>1572.186277</ele>
        <time>2026-08-30T10:09:27.000Z</time>
      </trkpt>
      <trkpt lat="46.798757" lon="8.691984">
        <ele>1572.186277</ele>
        <time>2026-08-30T10:09:28.000Z</time>
      </trkpt>
      <trkpt lat="46.798757" lon="8.691984">
        <ele>1572.186277</ele>
        <time>2026-08-30T10:09:29.000Z</time>
      </trkpt>
      <trkpt lat="46.798757" lon="8.691985">
        <ele>1572.204970</ele>
        <time>2026-08-30T10:09:30.000Z</time>
      </trkpt>
      <trkpt lat="46.798757" lon="8.691985">
        <ele>1572.204970</ele>
        <time>2026-08-30T10:09:31.000Z</time>
      </trkpt>
      <trkpt lat="46.798757" lon="8.691986">
        <ele>1572.223662</ele>
        <time>2026-08-30T10:09:32.000Z</time>
      </trkpt>
      <trkpt lat="46.798757" lon="8.691987">
        <ele>1572.242355</ele>
        <time>2026-08-30T10:09:33.000Z</time>
      </trkpt>
      <trkpt lat="46.798757" lon="8.691987">
        <ele>1572.242355</ele>
        <time>2026-08-30T10:09:34.000Z</time>
      </trkpt>
      <trkpt lat="46.798757" lon="8.691987">
        <ele>1572.242355</ele>
        <time>2026-08-30T10:09:35.000Z</time>
      </trkpt>
      <trkpt lat="46.798757" lon="8.691987">
        <ele>1572.242355</ele>
        <time>2026-08-30T10:09:36.000Z</time>
      </trkpt>
      <trkpt lat="46.798758" lon="8.691987">
        <ele>1572.269661</ele>
        <time>2026-08-30T10:09:37.000Z</time>
      </trkpt>
      <trkpt lat="46.798759" lon="8.691986">
        <ele>1572.302752</ele>
        <time>2026-08-30T10:09:38.000Z</time>
      </trkpt>
      <trkpt lat="46.798760" lon="8.691986">
        <ele>1572.330058</ele>
        <time>2026-08-30T10:09:39.000Z</time>
      </trkpt>
      <trkpt lat="46.798761" lon="8.691985">
        <ele>1572.363149</ele>
        <time>2026-08-30T10:09:40.000Z</time>
      </trkpt>
      <trkpt lat="46.798761" lon="8.691984">
        <ele>1572.381841</ele>
        <time>2026-08-30T10:09:41.000Z</time>
      </trkpt>
      <trkpt lat="46.798761" lon="8.691983">
        <ele>1572.400534</ele>
        <time>2026-08-30T10:09:42.000Z</time>
      </trkpt>
      <trkpt lat="46.798760" lon="8.691982">
        <ele>1572.433625</ele>
        <time>2026-08-30T10:09:43.000Z</time>
      </trkpt>
      <trkpt lat="46.798759" lon="8.691981">
        <ele>1572.466716</ele>
        <time>2026-08-30T10:09:44.000Z</time>
      </trkpt>
      <trkpt lat="46.798758" lon="8.691981">
        <ele>1572.494022</ele>
        <time>2026-08-30T10:09:45.000Z</time>
      </trkpt>
      <trkpt lat="46.798757" lon="8.691980">
        <ele>1572.527113</ele>
        <time>2026-08-30T10:09:46.000Z</time>
      </trkpt>
      <trkpt lat="46.798756" lon="8.691981">
        <ele>1572.560204</ele>
        <time>2026-08-30T10:09:47.000Z</time>
      </trkpt>
      <trkpt lat="46.798755" lon="8.691981">
        <ele>1572.587510</ele>
        <time>2026-08-30T10:09:48.000Z</time>
      </trkpt>
      <trkpt lat="46.798754" lon="8.691981">
        <ele>1572.614816</ele>
        <time>2026-08-30T10:09:49.000Z</time>
      </trkpt>
      <trkpt lat="46.798753" lon="8.691982">
        <ele>1572.647907</ele>
        <time>2026-08-30T10:09:50.000Z</time>
      </trkpt>
      <trkpt lat="46.798753" lon="8.691982">
        <ele>1572.647907</ele>
        <time>2026-08-30T10:09:51.000Z</time>
      </trkpt>
      <trkpt lat="46.798752" lon="8.691983">
        <ele>1572.680998</ele>
        <time>2026-08-30T10:09:52.000Z</time>
      </trkpt>
      <trkpt lat="46.798752" lon="8.691983">
        <ele>1572.680998</ele>
        <time>2026-08-30T10:09:53.000Z</time>
      </trkpt>
      <trkpt lat="46.798752" lon="8.691983">
        <ele>1572.680998</ele>
        <time>2026-08-30T10:09:54.000Z</time>
      </trkpt>
      <trkpt lat="46.798751" lon="8.691984">
        <ele>1572.714089</ele>
        <time>2026-08-30T10:09:55.000Z</time>
      </trkpt>
      <trkpt lat="46.798751" lon="8.691984">
        <ele>1572.714089</ele>
        <time>2026-08-30T10:09:56.000Z</time>
      </trkpt>
      <trkpt lat="46.798751" lon="8.691985">
        <ele>1572.732781</ele>
        <time>2026-08-30T10:09:57.000Z</time>
      </trkpt>
      <trkpt lat="46.798751" lon="8.691987">
        <ele>1572.770166</ele>
        <time>2026-08-30T10:09:58.000Z</time>
      </trkpt>
      <trkpt lat="46.798751" lon="8.691988">
        <ele>1572.788859</ele>
        <time>2026-08-30T10:09:59.000Z</time>
      </trkpt>
      <trkpt lat="46.798751" lon="8.691990">
        <ele>1572.826244</ele>
        <time>2026-08-30T10:10:00.000Z</time>
      </trkpt>
      <trkpt lat="46.798751" lon="8.691991">
        <ele>1572.844937</ele>
        <time>2026-08-30T10:10:00.999Z</time>
      </trkpt>
      <trkpt lat="46.798751" lon="8.691993">
        <ele>1572.882322</ele>
        <time>2026-08-30T10:10:01.999Z</time>
      </trkpt>
      <trkpt lat="46.798751" lon="8.691995">
        <ele>1572.919707</ele>
        <time>2026-08-30T10:10:02.999Z</time>
      </trkpt>
      <trkpt lat="46.798751" lon="8.691996">
        <ele>1572.938399</ele>
        <time>2026-08-30T10:10:03.999Z</time>
      </trkpt>
      <trkpt lat="46.798751" lon="8.691998">
        <ele>1572.975785</ele>
        <time>2026-08-30T10:10:04.999Z</time>
      </trkpt>
      <trkpt lat="46.798751" lon="8.692000">
        <ele>1573.013170</ele>
        <time>2026-08-30T10:10:05.999Z</time>
      </trkpt>
      <trkpt lat="46.798751" lon="8.692001">
        <ele>1573.031862</ele>
        <time>2026-08-30T10:10:06.999Z</time>
      </trkpt>
      <trkpt lat="46.798751" lon="8.692002">
        <ele>1573.050555</ele>
        <time>2026-08-30T10:10:07.999Z</time>
      </trkpt>
      <trkpt lat="46.798750" lon="8.692003">
        <ele>1573.083646</ele>
        <time>2026-08-30T10:10:08.999Z</time>
      </trkpt>
      <trkpt lat="46.798750" lon="8.692004">
        <ele>1573.102338</ele>
        <time>2026-08-30T10:10:09.999Z</time>
      </trkpt>
      <trkpt lat="46.798749" lon="8.692004">
        <ele>1573.129644</ele>
        <time>2026-08-30T10:10:10.999Z</time>
      </trkpt>
      <trkpt lat="46.798748" lon="8.692005">
        <ele>1573.162735</ele>
        <time>2026-08-30T10:10:11.999Z</time>
      </trkpt>
      <trkpt lat="46.798748" lon="8.692005">
        <ele>1573.162735</ele>
        <time>2026-08-30T10:10:12.999Z</time>
      </trkpt>
      <trkpt lat="46.798747" lon="8.692006">
        <ele>1573.195826</ele>
        <time>2026-08-30T10:10:13.999Z</time>
      </trkpt>
      <trkpt lat="46.798747" lon="8.692007">
        <ele>1573.214519</ele>
        <time>2026-08-30T10:10:14.999Z</time>
      </trkpt>
      <trkpt lat="46.798747" lon="8.692007">
        <ele>1573.214519</ele>
        <time>2026-08-30T10:10:15.999Z</time>
      </trkpt>
      <trkpt lat="46.798748" lon="8.692008">
        <ele>1573.247610</ele>
        <time>2026-08-30T10:10:16.999Z</time>
      </trkpt>
      <trkpt lat="46.798749" lon="8.692008">
        <ele>1573.274916</ele>
        <time>2026-08-30T10:10:17.999Z</time>
      </trkpt>
      <trkpt lat="46.798750" lon="8.692008">
        <ele>1573.302222</ele>
        <time>2026-08-30T10:10:18.999Z</time>
      </trkpt>
      <trkpt lat="46.798750" lon="8.692008">
        <ele>1573.302222</ele>
        <time>2026-08-30T10:10:19.999Z</time>
      </trkpt>
      <trkpt lat="46.798751" lon="8.692008">
        <ele>1573.329527</ele>
        <time>2026-08-30T10:10:20.999Z</time>
      </trkpt>
      <trkpt lat="46.798751" lon="8.692008">
        <ele>1573.329527</ele>
        <time>2026-08-30T10:10:22.000Z</time>
      </trkpt>
      <trkpt lat="46.798751" lon="8.692008">
        <ele>1573.329527</ele>
        <time>2026-08-30T10:10:23.000Z</time>
      </trkpt>
      <trkpt lat="46.798752" lon="8.692008">
        <ele>1573.356833</ele>
        <time>2026-08-30T10:10:24.000Z</time>
      </trkpt>
      <trkpt lat="46.798752" lon="8.692009">
        <ele>1573.375526</ele>
        <time>2026-08-30T10:10:25.000Z</time>
      </trkpt>
      <trkpt lat="46.798754" lon="8.692009">
        <ele>1573.430137</ele>
        <time>2026-08-30T10:10:26.000Z</time>
      </trkpt>
      <trkpt lat="46.798756" lon="8.692010">
        <ele>1573.487859</ele>
        <time>2026-08-30T10:10:27.000Z</time>
      </trkpt>
      <trkpt lat="46.798759" lon="8.692010">
        <ele>1573.569777</ele>
        <time>2026-08-30T10:10:28.000Z</time>
      </trkpt>
      <trkpt lat="46.798761" lon="8.692010">
        <ele>1573.624389</ele>
        <time>2026-08-30T10:10:29.000Z</time>
      </trkpt>
      <trkpt lat="46.798764" lon="8.692009">
        <ele>1573.708412</ele>
        <time>2026-08-30T10:10:30.000Z</time>
      </trkpt>
      <trkpt lat="46.798767" lon="8.692006">
        <ele>1573.807685</ele>
        <time>2026-08-30T10:10:31.000Z</time>
      </trkpt>
      <trkpt lat="46.798770" lon="8.692003">
        <ele>1573.906958</ele>
        <time>2026-08-30T10:10:32.000Z</time>
      </trkpt>
      <trkpt lat="46.798773" lon="8.691999">
        <ele>1574.017868</ele>
        <time>2026-08-30T10:10:33.000Z</time>
      </trkpt>
      <trkpt lat="46.798776" lon="8.691994">
        <ele>1574.142149</ele>
        <time>2026-08-30T10:10:34.000Z</time>
      </trkpt>
      <trkpt lat="46.798779" lon="8.691990">
        <ele>1574.253059</ele>
        <time>2026-08-30T10:10:35.000Z</time>
      </trkpt>
      <trkpt lat="46.798781" lon="8.691986">
        <ele>1574.345650</ele>
        <time>2026-08-30T10:10:36.000Z</time>
      </trkpt>
      <trkpt lat="46.798784" lon="8.691982">
        <ele>1574.456560</ele>
        <time>2026-08-30T10:10:37.000Z</time>
      </trkpt>
      <trkpt lat="46.798786" lon="8.691979">
        <ele>1574.534836</ele>
        <time>2026-08-30T10:10:38.000Z</time>
      </trkpt>
      <trkpt lat="46.798787" lon="8.691976">
        <ele>1574.597208</ele>
        <time>2026-08-30T10:10:39.000Z</time>
      </trkpt>
      <trkpt lat="46.798787" lon="8.691974">
        <ele>1574.634593</ele>
        <time>2026-08-30T10:10:40.000Z</time>
      </trkpt>
      <trkpt lat="46.798787" lon="8.691972">
        <ele>1574.671978</ele>
        <time>2026-08-30T10:10:41.000Z</time>
      </trkpt>
      <trkpt lat="46.798786" lon="8.691971">
        <ele>1574.705069</ele>
        <time>2026-08-30T10:10:42.000Z</time>
      </trkpt>
      <trkpt lat="46.798785" lon="8.691970">
        <ele>1574.738160</ele>
        <time>2026-08-30T10:10:43.000Z</time>
      </trkpt>
      <trkpt lat="46.798785" lon="8.691970">
        <ele>1574.738160</ele>
        <time>2026-08-30T10:10:44.000Z</time>
      </trkpt>
      <trkpt lat="46.798784" lon="8.691970">
        <ele>1574.765466</ele>
        <time>2026-08-30T10:10:45.000Z</time>
      </trkpt>
      <trkpt lat="46.798784" lon="8.691971">
        <ele>1574.784159</ele>
        <time>2026-08-30T10:10:46.000Z</time>
      </trkpt>
      <trkpt lat="46.798784" lon="8.691971">
        <ele>1574.784159</ele>
        <time>2026-08-30T10:10:47.000Z</time>
      </trkpt>
      <trkpt lat="46.798785" lon="8.691972">
        <ele>1574.817250</ele>
        <time>2026-08-30T10:10:48.000Z</time>
      </trkpt>
      <trkpt lat="46.798786" lon="8.691973">
        <ele>1574.850341</ele>
        <time>2026-08-30T10:10:49.000Z</time>
      </trkpt>
      <trkpt lat="46.798788" lon="8.691975">
        <ele>1574.916523</ele>
        <time>2026-08-30T10:10:50.000Z</time>
      </trkpt>
      <trkpt lat="46.798790" lon="8.691975">
        <ele>1574.971135</ele>
        <time>2026-08-30T10:10:51.000Z</time>
      </trkpt>
      <trkpt lat="46.798791" lon="8.691976">
        <ele>1575.004226</ele>
        <time>2026-08-30T10:10:52.000Z</time>
      </trkpt>
      <trkpt lat="46.798792" lon="8.691976">
        <ele>1575.031531</ele>
        <time>2026-08-30T10:10:53.000Z</time>
      </trkpt>
      <trkpt lat="46.798793" lon="8.691976">
        <ele>1575.058837</ele>
        <time>2026-08-30T10:10:54.000Z</time>
      </trkpt>
      <trkpt lat="46.798794" lon="8.691978">
        <ele>1575.105132</ele>
        <time>2026-08-30T10:10:55.000Z</time>
      </trkpt>
      <trkpt lat="46.798795" lon="8.691980">
        <ele>1575.151428</ele>
        <time>2026-08-30T10:10:56.000Z</time>
      </trkpt>
      <trkpt lat="46.798794" lon="8.691982">
        <ele>1575.197723</ele>
        <time>2026-08-30T10:10:57.000Z</time>
      </trkpt>
      <trkpt lat="46.798793" lon="8.691982">
        <ele>1575.225029</ele>
        <time>2026-08-30T10:10:58.000Z</time>
      </trkpt>
      <trkpt lat="46.798792" lon="8.691981">
        <ele>1575.258120</ele>
        <time>2026-08-30T10:10:59.000Z</time>
      </trkpt>
      <trkpt lat="46.798792" lon="8.691979">
        <ele>1575.295505</ele>
        <time>2026-08-30T10:11:00.000Z</time>
      </trkpt>
      <trkpt lat="46.798793" lon="8.691977">
        <ele>1575.341800</ele>
        <time>2026-08-30T10:11:01.000Z</time>
      </trkpt>
      <trkpt lat="46.798793" lon="8.691976">
        <ele>1575.360493</ele>
        <time>2026-08-30T10:11:02.000Z</time>
      </trkpt>
      <trkpt lat="46.798793" lon="8.691975">
        <ele>1575.379185</ele>
        <time>2026-08-30T10:11:03.000Z</time>
      </trkpt>
      <trkpt lat="46.798793" lon="8.691974">
        <ele>1575.397878</ele>
        <time>2026-08-30T10:11:04.000Z</time>
      </trkpt>
      <trkpt lat="46.798793" lon="8.691974">
        <ele>1575.397878</ele>
        <time>2026-08-30T10:11:05.000Z</time>
      </trkpt>
      <trkpt lat="46.798793" lon="8.691974">
        <ele>1575.397878</ele>
        <time>2026-08-30T10:11:06.000Z</time>
      </trkpt>
      <trkpt lat="46.798793" lon="8.691975">
        <ele>1575.416570</ele>
        <time>2026-08-30T10:11:07.000Z</time>
      </trkpt>
      <trkpt lat="46.798793" lon="8.691976">
        <ele>1575.435263</ele>
        <time>2026-08-30T10:11:08.000Z</time>
      </trkpt>
      <trkpt lat="46.798793" lon="8.691977">
        <ele>1575.453955</ele>
        <time>2026-08-30T10:11:09.000Z</time>
      </trkpt>
      <trkpt lat="46.798793" lon="8.691978">
        <ele>1575.472648</ele>
        <time>2026-08-30T10:11:10.000Z</time>
      </trkpt>
      <trkpt lat="46.798794" lon="8.691978">
        <ele>1575.499954</ele>
        <time>2026-08-30T10:11:11.000Z</time>
      </trkpt>
      <trkpt lat="46.798795" lon="8.691978">
        <ele>1575.527260</ele>
        <time>2026-08-30T10:11:12.000Z</time>
      </trkpt>
      <trkpt lat="46.798796" lon="8.691978">
        <ele>1575.554565</ele>
        <time>2026-08-30T10:11:13.000Z</time>
      </trkpt>
      <trkpt lat="46.798796" lon="8.691978">
        <ele>1575.554565</ele>
        <time>2026-08-30T10:11:14.000Z</time>
      </trkpt>
      <trkpt lat="46.798796" lon="8.691977">
        <ele>1575.573258</ele>
        <time>2026-08-30T10:11:15.000Z</time>
      </trkpt>
      <trkpt lat="46.798795" lon="8.691977">
        <ele>1575.600564</ele>
        <time>2026-08-30T10:11:16.000Z</time>
      </trkpt>
      <trkpt lat="46.798794" lon="8.691976">
        <ele>1575.633655</ele>
        <time>2026-08-30T10:11:17.000Z</time>
      </trkpt>
      <trkpt lat="46.798792" lon="8.691974">
        <ele>1575.699837</ele>
        <time>2026-08-30T10:11:18.000Z</time>
      </trkpt>
      <trkpt lat="46.798791" lon="8.691973">
        <ele>1575.732928</ele>
        <time>2026-08-30T10:11:19.000Z</time>
      </trkpt>
      <trkpt lat="46.798791" lon="8.691972">
        <ele>1575.751621</ele>
        <time>2026-08-30T10:11:20.000Z</time>
      </trkpt>
      <trkpt lat="46.798790" lon="8.691970">
        <ele>1575.797916</ele>
        <time>2026-08-30T10:11:21.000Z</time>
      </trkpt>
      <trkpt lat="46.798789" lon="8.691969">
        <ele>1575.831007</ele>
        <time>2026-08-30T10:11:22.000Z</time>
      </trkpt>
      <trkpt lat="46.798788" lon="8.691967">
        <ele>1575.877302</ele>
        <time>2026-08-30T10:11:23.000Z</time>
      </trkpt>
      <trkpt lat="46.798787" lon="8.691966">
        <ele>1575.910393</ele>
        <time>2026-08-30T10:11:24.000Z</time>
      </trkpt>
      <trkpt lat="46.798786" lon="8.691964">
        <ele>1575.956688</ele>
        <time>2026-08-30T10:11:25.000Z</time>
      </trkpt>
      <trkpt lat="46.798784" lon="8.691963">
        <ele>1576.014411</ele>
        <time>2026-08-30T10:11:26.000Z</time>
      </trkpt>
      <trkpt lat="46.798782" lon="8.691962">
        <ele>1576.072133</ele>
        <time>2026-08-30T10:11:27.000Z</time>
      </trkpt>
      <trkpt lat="46.798781" lon="8.691961">
        <ele>1576.105224</ele>
        <time>2026-08-30T10:11:28.000Z</time>
      </trkpt>
      <trkpt lat="46.798780" lon="8.691960">
        <ele>1576.138315</ele>
        <time>2026-08-30T10:11:29.000Z</time>
      </trkpt>
      <trkpt lat="46.798780" lon="8.691959">
        <ele>1576.157007</ele>
        <time>2026-08-30T10:11:30.000Z</time>
      </trkpt>
      <trkpt lat="46.798779" lon="8.691957">
        <ele>1576.203303</ele>
        <time>2026-08-30T10:11:31.000Z</time>
      </trkpt>
      <trkpt lat="46.798779" lon="8.691956">
        <ele>1576.221995</ele>
        <time>2026-08-30T10:11:32.000Z</time>
      </trkpt>
      <trkpt lat="46.798778" lon="8.691954">
        <ele>1576.268290</ele>
        <time>2026-08-30T10:11:33.000Z</time>
      </trkpt>
      <trkpt lat="46.798778" lon="8.691951">
        <ele>1576.324368</ele>
        <time>2026-08-30T10:11:34.000Z</time>
      </trkpt>
      <trkpt lat="46.798777" lon="8.691949">
        <ele>1576.370663</ele>
        <time>2026-08-30T10:11:35.000Z</time>
      </trkpt>
      <trkpt lat="46.798776" lon="8.691948">
        <ele>1576.403754</ele>
        <time>2026-08-30T10:11:36.000Z</time>
      </trkpt>
      <trkpt lat="46.798776" lon="8.691947">
        <ele>1576.422447</ele>
        <time>2026-08-30T10:11:37.000Z</time>
      </trkpt>
      <trkpt lat="46.798777" lon="8.691947">
        <ele>1576.449753</ele>
        <time>2026-08-30T10:11:38.000Z</time>
      </trkpt>
      <trkpt lat="46.798777" lon="8.691948">
        <ele>1576.468445</ele>
        <time>2026-08-30T10:11:39.000Z</time>
      </trkpt>
      <trkpt lat="46.798778" lon="8.691948">
        <ele>1576.495751</ele>
        <time>2026-08-30T10:11:40.000Z</time>
      </trkpt>
      <trkpt lat="46.798779" lon="8.691948">
        <ele>1576.523057</ele>
        <time>2026-08-30T10:11:41.000Z</time>
      </trkpt>
      <trkpt lat="46.798780" lon="8.691949">
        <ele>1576.556148</ele>
        <time>2026-08-30T10:11:42.000Z</time>
      </trkpt>
      <trkpt lat="46.798781" lon="8.691950">
        <ele>1576.589239</ele>
        <time>2026-08-30T10:11:43.000Z</time>
      </trkpt>
      <trkpt lat="46.798781" lon="8.691951">
        <ele>1576.607932</ele>
        <time>2026-08-30T10:11:44.000Z</time>
      </trkpt>
      <trkpt lat="46.798782" lon="8.691951">
        <ele>1576.635237</ele>
        <time>2026-08-30T10:11:45.000Z</time>
      </trkpt>
      <trkpt lat="46.798781" lon="8.691952">
        <ele>1576.668328</ele>
        <time>2026-08-30T10:11:46.000Z</time>
      </trkpt>
      <trkpt lat="46.798781" lon="8.691954">
        <ele>1576.705713</ele>
        <time>2026-08-30T10:11:47.000Z</time>
      </trkpt>
      <trkpt lat="46.798782" lon="8.691955">
        <ele>1576.738805</ele>
        <time>2026-08-30T10:11:48.000Z</time>
      </trkpt>
      <trkpt lat="46.798783" lon="8.691956">
        <ele>1576.771896</ele>
        <time>2026-08-30T10:11:49.000Z</time>
      </trkpt>
      <trkpt lat="46.798784" lon="8.691956">
        <ele>1576.799201</ele>
        <time>2026-08-30T10:11:50.000Z</time>
      </trkpt>
      <trkpt lat="46.798785" lon="8.691956">
        <ele>1576.826507</ele>
        <time>2026-08-30T10:11:51.000Z</time>
      </trkpt>
      <trkpt lat="46.798786" lon="8.691956">
        <ele>1576.853813</ele>
        <time>2026-08-30T10:11:52.000Z</time>
      </trkpt>
      <trkpt lat="46.798786" lon="8.691956">
        <ele>1576.853813</ele>
        <time>2026-08-30T10:11:53.000Z</time>
      </trkpt>
      <trkpt lat="46.798787" lon="8.691955">
        <ele>1576.886904</ele>
        <time>2026-08-30T10:11:54.000Z</time>
      </trkpt>
      <trkpt lat="46.798787" lon="8.691955">
        <ele>1576.886904</ele>
        <time>2026-08-30T10:11:55.000Z</time>
      </trkpt>
      <trkpt lat="46.798788" lon="8.691954">
        <ele>1576.919995</ele>
        <time>2026-08-30T10:11:56.000Z</time>
      </trkpt>
      <trkpt lat="46.798788" lon="8.691954">
        <ele>1576.919995</ele>
        <time>2026-08-30T10:11:57.000Z</time>
      </trkpt>
      <trkpt lat="46.798788" lon="8.691953">
        <ele>1576.938688</ele>
        <time>2026-08-30T10:11:58.000Z</time>
      </trkpt>
      <trkpt lat="46.798787" lon="8.691953">
        <ele>1576.965994</ele>
        <time>2026-08-30T10:11:59.000Z</time>
      </trkpt>
      <trkpt lat="46.798787" lon="8.691952">
        <ele>1576.984686</ele>
        <time>2026-08-30T10:12:00.000Z</time>
      </trkpt>
      <trkpt lat="46.798786" lon="8.691951">
        <ele>1577.017777</ele>
        <time>2026-08-30T10:12:01.000Z</time>
      </trkpt>
      <trkpt lat="46.798785" lon="8.691951">
        <ele>1577.045083</ele>
        <time>2026-08-30T10:12:02.000Z</time>
      </trkpt>
      <trkpt lat="46.798785" lon="8.691952">
        <ele>1577.063775</ele>
        <time>2026-08-30T10:12:03.000Z</time>
      </trkpt>
      <trkpt lat="46.798786" lon="8.691954">
        <ele>1577.110071</ele>
        <time>2026-08-30T10:12:04.000Z</time>
      </trkpt>
      <trkpt lat="46.798787" lon="8.691956">
        <ele>1577.156366</ele>
        <time>2026-08-30T10:12:04.999Z</time>
      </trkpt>
      <trkpt lat="46.798788" lon="8.691960">
        <ele>1577.235966</ele>
        <time>2026-08-30T10:12:05.999Z</time>
      </trkpt>
      <trkpt lat="46.798790" lon="8.691966">
        <ele>1577.360711</ele>
        <time>2026-08-30T10:12:06.999Z</time>
      </trkpt>
      <trkpt lat="46.798791" lon="8.691974">
        <ele>1577.512724</ele>
        <time>2026-08-30T10:12:07.999Z</time>
      </trkpt>
      <trkpt lat="46.798792" lon="8.691984">
        <ele>1577.701633</ele>
        <time>2026-08-30T10:12:08.999Z</time>
      </trkpt>
      <trkpt lat="46.798793" lon="8.691995">
        <ele>1577.909056</ele>
        <time>2026-08-30T10:12:09.999Z</time>
      </trkpt>
      <trkpt lat="46.798795" lon="8.692007">
        <ele>1578.139919</ele>
        <time>2026-08-30T10:12:10.999Z</time>
      </trkpt>
      <trkpt lat="46.798798" lon="8.692020">
        <ele>1578.396358</ele>
        <time>2026-08-30T10:12:11.999Z</time>
      </trkpt>
      <trkpt lat="46.798800" lon="8.692031">
        <ele>1578.609104</ele>
        <time>2026-08-30T10:12:12.999Z</time>
      </trkpt>
      <trkpt lat="46.798803" lon="8.692041">
        <ele>1578.813191</ele>
        <time>2026-08-30T10:12:13.999Z</time>
      </trkpt>
      <trkpt lat="46.798806" lon="8.692051">
        <ele>1579.017278</ele>
        <time>2026-08-30T10:12:14.999Z</time>
      </trkpt>
      <trkpt lat="46.798810" lon="8.692061">
        <ele>1579.233775</ele>
        <time>2026-08-30T10:12:15.999Z</time>
      </trkpt>
      <trkpt lat="46.798814" lon="8.692072">
        <ele>1579.466602</ele>
        <time>2026-08-30T10:12:16.999Z</time>
      </trkpt>
      <trkpt lat="46.798817" lon="8.692084">
        <ele>1579.705402</ele>
        <time>2026-08-30T10:12:17.999Z</time>
      </trkpt>
      <trkpt lat="46.798821" lon="8.692096">
        <ele>1579.954891</ele>
        <time>2026-08-30T10:12:18.999Z</time>
      </trkpt>
      <trkpt lat="46.798825" lon="8.692107">
        <ele>1580.187718</ele>
        <time>2026-08-30T10:12:19.999Z</time>
      </trkpt>
      <trkpt lat="46.798828" lon="8.692116">
        <ele>1580.374835</ele>
        <time>2026-08-30T10:12:20.999Z</time>
      </trkpt>
      <trkpt lat="46.798831" lon="8.692125">
        <ele>1580.561952</ele>
        <time>2026-08-30T10:12:21.999Z</time>
      </trkpt>
      <trkpt lat="46.798833" lon="8.692136">
        <ele>1580.774699</ele>
        <time>2026-08-30T10:12:22.999Z</time>
      </trkpt>
      <trkpt lat="46.798836" lon="8.692149">
        <ele>1581.031137</ele>
        <time>2026-08-30T10:12:23.999Z</time>
      </trkpt>
      <trkpt lat="46.798838" lon="8.692159">
        <ele>1581.225877</ele>
        <time>2026-08-30T10:12:24.999Z</time>
      </trkpt>
      <trkpt lat="46.798840" lon="8.692164">
        <ele>1581.334125</ele>
        <time>2026-08-30T10:12:25.999Z</time>
      </trkpt>
      <trkpt lat="46.798841" lon="8.692168">
        <ele>1581.413725</ele>
        <time>2026-08-30T10:12:26.999Z</time>
      </trkpt>
      <trkpt lat="46.798843" lon="8.692174">
        <ele>1581.538470</ele>
        <time>2026-08-30T10:12:27.999Z</time>
      </trkpt>
      <trkpt lat="46.798846" lon="8.692182">
        <ele>1581.708977</ele>
        <time>2026-08-30T10:12:28.999Z</time>
      </trkpt>
      <trkpt lat="46.798849" lon="8.692189">
        <ele>1581.863352</ele>
        <time>2026-08-30T10:12:29.999Z</time>
      </trkpt>
      <trkpt lat="46.798851" lon="8.692194">
        <ele>1581.971600</ele>
        <time>2026-08-30T10:12:30.999Z</time>
      </trkpt>
      <trkpt lat="46.798854" lon="8.692196">
        <ele>1582.061645</ele>
        <time>2026-08-30T10:12:31.999Z</time>
      </trkpt>
      <trkpt lat="46.798857" lon="8.692198">
        <ele>1582.151690</ele>
        <time>2026-08-30T10:12:32.999Z</time>
      </trkpt>
      <trkpt lat="46.798862" lon="8.692202">
        <ele>1582.307352</ele>
        <time>2026-08-30T10:12:33.999Z</time>
      </trkpt>
      <trkpt lat="46.798867" lon="8.692206">
        <ele>1582.463015</ele>
        <time>2026-08-30T10:12:34.999Z</time>
      </trkpt>
      <trkpt lat="46.798870" lon="8.692210">
        <ele>1582.573925</ele>
        <time>2026-08-30T10:12:35.999Z</time>
      </trkpt>
      <trkpt lat="46.798872" lon="8.692214">
        <ele>1582.666515</ele>
        <time>2026-08-30T10:12:36.999Z</time>
      </trkpt>
      <trkpt lat="46.798874" lon="8.692219">
        <ele>1582.774763</ele>
        <time>2026-08-30T10:12:37.999Z</time>
      </trkpt>
      <trkpt lat="46.798875" lon="8.692226">
        <ele>1582.908430</ele>
        <time>2026-08-30T10:12:38.999Z</time>
      </trkpt>
      <trkpt lat="46.798875" lon="8.692232">
        <ele>1583.020585</ele>
        <time>2026-08-30T10:12:39.999Z</time>
      </trkpt>
      <trkpt lat="46.798875" lon="8.692239">
        <ele>1583.151432</ele>
        <time>2026-08-30T10:12:40.999Z</time>
      </trkpt>
      <trkpt lat="46.798876" lon="8.692248">
        <ele>1583.321866</ele>
        <time>2026-08-30T10:12:41.999Z</time>
      </trkpt>
      <trkpt lat="46.798878" lon="8.692257">
        <ele>1583.498741</ele>
        <time>2026-08-30T10:12:42.999Z</time>
      </trkpt>
      <trkpt lat="46.798880" lon="8.692264">
        <ele>1583.640528</ele>
        <time>2026-08-30T10:12:43.999Z</time>
      </trkpt>
      <trkpt lat="46.798883" lon="8.692270">
        <ele>1583.779413</ele>
        <time>2026-08-30T10:12:44.999Z</time>
      </trkpt>
      <trkpt lat="46.798885" lon="8.692275">
        <ele>1583.887662</ele>
        <time>2026-08-30T10:12:45.999Z</time>
      </trkpt>
      <trkpt lat="46.798887" lon="8.692283">
        <ele>1584.046862</ele>
        <time>2026-08-30T10:12:46.999Z</time>
      </trkpt>
      <trkpt lat="46.798889" lon="8.692292">
        <ele>1584.223736</ele>
        <time>2026-08-30T10:12:47.999Z</time>
      </trkpt>
      <trkpt lat="46.798892" lon="8.692302">
        <ele>1584.427823</ele>
        <time>2026-08-30T10:12:48.999Z</time>
      </trkpt>
      <trkpt lat="46.798895" lon="8.692313">
        <ele>1584.649158</ele>
        <time>2026-08-30T10:12:49.999Z</time>
      </trkpt>
      <trkpt lat="46.798899" lon="8.692325">
        <ele>1584.898647</ele>
        <time>2026-08-30T10:12:50.999Z</time>
      </trkpt>
      <trkpt lat="46.798905" lon="8.692336">
        <ele>1585.161554</ele>
        <time>2026-08-30T10:12:51.999Z</time>
      </trkpt>
      <trkpt lat="46.798910" lon="8.692348">
        <ele>1585.424147</ele>
        <time>2026-08-30T10:12:52.999Z</time>
      </trkpt>
      <trkpt lat="46.798916" lon="8.692358">
        <ele>1585.672709</ele>
        <time>2026-08-30T10:12:53.999Z</time>
      </trkpt>
      <trkpt lat="46.798922" lon="8.692367">
        <ele>1585.907536</ele>
        <time>2026-08-30T10:12:54.999Z</time>
      </trkpt>
      <trkpt lat="46.798927" lon="8.692376">
        <ele>1586.124198</ele>
        <time>2026-08-30T10:12:55.999Z</time>
      </trkpt>
      <trkpt lat="46.798931" lon="8.692385">
        <ele>1586.324777</ele>
        <time>2026-08-30T10:12:56.999Z</time>
      </trkpt>
      <trkpt lat="46.798933" lon="8.692393">
        <ele>1586.483977</ele>
        <time>2026-08-30T10:12:57.999Z</time>
      </trkpt>
      <trkpt lat="46.798934" lon="8.692402">
        <ele>1586.654411</ele>
        <time>2026-08-30T10:12:58.999Z</time>
      </trkpt>
      <trkpt lat="46.798934" lon="8.692409">
        <ele>1586.785258</ele>
        <time>2026-08-30T10:12:59.999Z</time>
      </trkpt>
      <trkpt lat="46.798935" lon="8.692417">
        <ele>1586.937271</ele>
        <time>2026-08-30T10:13:00.999Z</time>
      </trkpt>
      <trkpt lat="46.798936" lon="8.692423">
        <ele>1587.052702</ele>
        <time>2026-08-30T10:13:01.999Z</time>
      </trkpt>
      <trkpt lat="46.798936" lon="8.692427">
        <ele>1587.127472</ele>
        <time>2026-08-30T10:13:02.999Z</time>
      </trkpt>
      <trkpt lat="46.798937" lon="8.692429">
        <ele>1587.173767</ele>
        <time>2026-08-30T10:13:03.999Z</time>
      </trkpt>
      <trkpt lat="46.798938" lon="8.692430">
        <ele>1587.206858</ele>
        <time>2026-08-30T10:13:04.999Z</time>
      </trkpt>
      <trkpt lat="46.798939" lon="8.692432">
        <ele>1587.253153</ele>
        <time>2026-08-30T10:13:05.999Z</time>
      </trkpt>
      <trkpt lat="46.798941" lon="8.692436">
        <ele>1587.345744</ele>
        <time>2026-08-30T10:13:06.999Z</time>
      </trkpt>
      <trkpt lat="46.798943" lon="8.692441">
        <ele>1587.453992</ele>
        <time>2026-08-30T10:13:07.999Z</time>
      </trkpt>
      <trkpt lat="46.798945" lon="8.692445">
        <ele>1587.546582</ele>
        <time>2026-08-30T10:13:08.999Z</time>
      </trkpt>
      <trkpt lat="46.798948" lon="8.692449">
        <ele>1587.657492</ele>
        <time>2026-08-30T10:13:09.999Z</time>
      </trkpt>
      <trkpt lat="46.798950" lon="8.692450">
        <ele>1587.715214</ele>
        <time>2026-08-30T10:13:10.999Z</time>
      </trkpt>
      <trkpt lat="46.798953" lon="8.692452">
        <ele>1587.805259</ele>
        <time>2026-08-30T10:13:11.999Z</time>
      </trkpt>
      <trkpt lat="46.798957" lon="8.692455">
        <ele>1587.928037</ele>
        <time>2026-08-30T10:13:12.999Z</time>
      </trkpt>
      <trkpt lat="46.798961" lon="8.692457">
        <ele>1588.043481</ele>
        <time>2026-08-30T10:13:13.999Z</time>
      </trkpt>
      <trkpt lat="46.798965" lon="8.692459">
        <ele>1588.158925</ele>
        <time>2026-08-30T10:13:14.999Z</time>
      </trkpt>
      <trkpt lat="46.798969" lon="8.692460">
        <ele>1588.269736</ele>
        <time>2026-08-30T10:13:15.999Z</time>
      </trkpt>
      <trkpt lat="46.798974" lon="8.692463">
        <ele>1588.417333</ele>
        <time>2026-08-30T10:13:16.999Z</time>
      </trkpt>
      <trkpt lat="46.798978" lon="8.692468">
        <ele>1588.561086</ele>
        <time>2026-08-30T10:13:17.999Z</time>
      </trkpt>
      <trkpt lat="46.798982" lon="8.692475">
        <ele>1588.731529</ele>
        <time>2026-08-30T10:13:18.999Z</time>
      </trkpt>
      <trkpt lat="46.798986" lon="8.692483">
        <ele>1588.916710</ele>
        <time>2026-08-30T10:13:19.999Z</time>
      </trkpt>
      <trkpt lat="46.798989" lon="8.692492">
        <ele>1589.103826</ele>
        <time>2026-08-30T10:13:20.999Z</time>
      </trkpt>
      <trkpt lat="46.798992" lon="8.692499">
        <ele>1589.258201</ele>
        <time>2026-08-30T10:13:21.999Z</time>
      </trkpt>
      <trkpt lat="46.798993" lon="8.692508">
        <ele>1589.428634</ele>
        <time>2026-08-30T10:13:22.999Z</time>
      </trkpt>
      <trkpt lat="46.798995" lon="8.692517">
        <ele>1589.605509</ele>
        <time>2026-08-30T10:13:23.999Z</time>
      </trkpt>
      <trkpt lat="46.798998" lon="8.692524">
        <ele>1589.759883</ele>
        <time>2026-08-30T10:13:24.999Z</time>
      </trkpt>
      <trkpt lat="46.799000" lon="8.692529">
        <ele>1589.868131</ele>
        <time>2026-08-30T10:13:25.999Z</time>
      </trkpt>
      <trkpt lat="46.799001" lon="8.692532">
        <ele>1589.930503</ele>
        <time>2026-08-30T10:13:26.999Z</time>
      </trkpt>
      <trkpt lat="46.799001" lon="8.692533">
        <ele>1589.949196</ele>
        <time>2026-08-30T10:13:27.999Z</time>
      </trkpt>
      <trkpt lat="46.799001" lon="8.692535">
        <ele>1589.986581</ele>
        <time>2026-08-30T10:13:28.999Z</time>
      </trkpt>
      <trkpt lat="46.799001" lon="8.692537">
        <ele>1590.023966</ele>
        <time>2026-08-30T10:13:29.999Z</time>
      </trkpt>
      <trkpt lat="46.799001" lon="8.692540">
        <ele>1590.080043</ele>
        <time>2026-08-30T10:13:30.999Z</time>
      </trkpt>
      <trkpt lat="46.799001" lon="8.692546">
        <ele>1590.192198</ele>
        <time>2026-08-30T10:13:31.999Z</time>
      </trkpt>
      <trkpt lat="46.799002" lon="8.692553">
        <ele>1590.325864</ele>
        <time>2026-08-30T10:13:32.999Z</time>
      </trkpt>
      <trkpt lat="46.799003" lon="8.692561">
        <ele>1590.477876</ele>
        <time>2026-08-30T10:13:33.999Z</time>
      </trkpt>
      <trkpt lat="46.799004" lon="8.692569">
        <ele>1590.629888</ele>
        <time>2026-08-30T10:13:34.999Z</time>
      </trkpt>
      <trkpt lat="46.799005" lon="8.692577">
        <ele>1590.781901</ele>
        <time>2026-08-30T10:13:35.999Z</time>
      </trkpt>
      <trkpt lat="46.799007" lon="8.692584">
        <ele>1590.923687</ele>
        <time>2026-08-30T10:13:36.999Z</time>
      </trkpt>
      <trkpt lat="46.799009" lon="8.692588">
        <ele>1591.016277</ele>
        <time>2026-08-30T10:13:37.999Z</time>
      </trkpt>
      <trkpt lat="46.799010" lon="8.692590">
        <ele>1591.062573</ele>
        <time>2026-08-30T10:13:38.999Z</time>
      </trkpt>
      <trkpt lat="46.799011" lon="8.692593">
        <ele>1591.124945</ele>
        <time>2026-08-30T10:13:39.999Z</time>
      </trkpt>
      <trkpt lat="46.799012" lon="8.692596">
        <ele>1591.187317</ele>
        <time>2026-08-30T10:13:40.999Z</time>
      </trkpt>
      <trkpt lat="46.799014" lon="8.692602">
        <ele>1591.312061</ele>
        <time>2026-08-30T10:13:41.999Z</time>
      </trkpt>
      <trkpt lat="46.799017" lon="8.692610">
        <ele>1591.482568</ele>
        <time>2026-08-30T10:13:42.999Z</time>
      </trkpt>
      <trkpt lat="46.799021" lon="8.692620">
        <ele>1591.699064</ele>
        <time>2026-08-30T10:13:43.999Z</time>
      </trkpt>
      <trkpt lat="46.799024" lon="8.692628">
        <ele>1591.869571</ele>
        <time>2026-08-30T10:13:44.999Z</time>
      </trkpt>
      <trkpt lat="46.799027" lon="8.692635">
        <ele>1592.023945</ele>
        <time>2026-08-30T10:13:45.999Z</time>
      </trkpt>
      <trkpt lat="46.799029" lon="8.692643">
        <ele>1592.183145</ele>
        <time>2026-08-30T10:13:46.999Z</time>
      </trkpt>
      <trkpt lat="46.799030" lon="8.692648">
        <ele>1592.280514</ele>
        <time>2026-08-30T10:13:47.999Z</time>
      </trkpt>
      <trkpt lat="46.799030" lon="8.692651">
        <ele>1592.336591</ele>
        <time>2026-08-30T10:13:48.999Z</time>
      </trkpt>
      <trkpt lat="46.799028" lon="8.692651">
        <ele>1592.391203</ele>
        <time>2026-08-30T10:13:49.999Z</time>
      </trkpt>
      <trkpt lat="46.799027" lon="8.692651">
        <ele>1592.418509</ele>
        <time>2026-08-30T10:13:50.999Z</time>
      </trkpt>
      <trkpt lat="46.799026" lon="8.692652">
        <ele>1592.451600</ele>
        <time>2026-08-30T10:13:51.999Z</time>
      </trkpt>
      <trkpt lat="46.799025" lon="8.692652">
        <ele>1592.478906</ele>
        <time>2026-08-30T10:13:52.999Z</time>
      </trkpt>
      <trkpt lat="46.799024" lon="8.692652">
        <ele>1592.506212</ele>
        <time>2026-08-30T10:13:53.999Z</time>
      </trkpt>
      <trkpt lat="46.799024" lon="8.692653">
        <ele>1592.524904</ele>
        <time>2026-08-30T10:13:54.999Z</time>
      </trkpt>
      <trkpt lat="46.799024" lon="8.692653">
        <ele>1592.524904</ele>
        <time>2026-08-30T10:13:55.999Z</time>
      </trkpt>
      <trkpt lat="46.799023" lon="8.692654">
        <ele>1592.557995</ele>
        <time>2026-08-30T10:13:56.999Z</time>
      </trkpt>
      <trkpt lat="46.799023" lon="8.692656">
        <ele>1592.595380</ele>
        <time>2026-08-30T10:13:57.999Z</time>
      </trkpt>
      <trkpt lat="46.799022" lon="8.692658">
        <ele>1592.641675</ele>
        <time>2026-08-30T10:13:58.999Z</time>
      </trkpt>
      <trkpt lat="46.799022" lon="8.692662">
        <ele>1592.716445</ele>
        <time>2026-08-30T10:13:59.999Z</time>
      </trkpt>
      <trkpt lat="46.799023" lon="8.692666">
        <ele>1592.796045</ele>
        <time>2026-08-30T10:14:00.999Z</time>
      </trkpt>
      <trkpt lat="46.799026" lon="8.692670">
        <ele>1592.906955</ele>
        <time>2026-08-30T10:14:01.999Z</time>
      </trkpt>
      <trkpt lat="46.799031" lon="8.692673">
        <ele>1593.054552</ele>
        <time>2026-08-30T10:14:02.999Z</time>
      </trkpt>
      <trkpt lat="46.799036" lon="8.692673">
        <ele>1593.191081</ele>
        <time>2026-08-30T10:14:03.999Z</time>
      </trkpt>
      <trkpt lat="46.799040" lon="8.692676">
        <ele>1593.313858</ele>
        <time>2026-08-30T10:14:04.999Z</time>
      </trkpt>
      <trkpt lat="46.799043" lon="8.692683">
        <ele>1593.468233</ele>
        <time>2026-08-30T10:14:05.999Z</time>
      </trkpt>
      <trkpt lat="46.799045" lon="8.692694">
        <ele>1593.680979</ele>
        <time>2026-08-30T10:14:06.999Z</time>
      </trkpt>
      <trkpt lat="46.799046" lon="8.692706">
        <ele>1593.906944</ele>
        <time>2026-08-30T10:14:07.999Z</time>
      </trkpt>
      <trkpt lat="46.799047" lon="8.692717">
        <ele>1594.114366</ele>
        <time>2026-08-30T10:14:08.999Z</time>
      </trkpt>
      <trkpt lat="46.799048" lon="8.692728">
        <ele>1594.321788</ele>
        <time>2026-08-30T10:14:09.999Z</time>
      </trkpt>
      <trkpt lat="46.799049" lon="8.692739">
        <ele>1594.529210</ele>
        <time>2026-08-30T10:14:10.999Z</time>
      </trkpt>
      <trkpt lat="46.799050" lon="8.692749">
        <ele>1594.718118</ele>
        <time>2026-08-30T10:14:11.999Z</time>
      </trkpt>
      <trkpt lat="46.799052" lon="8.692757">
        <ele>1594.877318</ele>
        <time>2026-08-30T10:14:12.999Z</time>
      </trkpt>
      <trkpt lat="46.799053" lon="8.692763">
        <ele>1594.992749</ele>
        <time>2026-08-30T10:14:13.999Z</time>
      </trkpt>
      <trkpt lat="46.799053" lon="8.692770">
        <ele>1595.123596</ele>
        <time>2026-08-30T10:14:14.999Z</time>
      </trkpt>
      <trkpt lat="46.799053" lon="8.692778">
        <ele>1595.273136</ele>
        <time>2026-08-30T10:14:15.999Z</time>
      </trkpt>
      <trkpt lat="46.799053" lon="8.692788">
        <ele>1595.460060</ele>
        <time>2026-08-30T10:14:16.999Z</time>
      </trkpt>
      <trkpt lat="46.799053" lon="8.692800">
        <ele>1595.684369</ele>
        <time>2026-08-30T10:14:17.999Z</time>
      </trkpt>
      <trkpt lat="46.799053" lon="8.692811">
        <ele>1595.889986</ele>
        <time>2026-08-30T10:14:18.999Z</time>
      </trkpt>
      <trkpt lat="46.799053" lon="8.692821">
        <ele>1596.076911</ele>
        <time>2026-08-30T10:14:19.999Z</time>
      </trkpt>
      <trkpt lat="46.799053" lon="8.692830">
        <ele>1596.245143</ele>
        <time>2026-08-30T10:14:20.999Z</time>
      </trkpt>
      <trkpt lat="46.799055" lon="8.692837">
        <ele>1596.410594</ele>
        <time>2026-08-30T10:14:21.999Z</time>
      </trkpt>
      <trkpt lat="46.799056" lon="8.692842">
        <ele>1596.528187</ele>
        <time>2026-08-30T10:14:22.999Z</time>
      </trkpt>
      <trkpt lat="46.799058" lon="8.692848">
        <ele>1596.678841</ele>
        <time>2026-08-30T10:14:23.999Z</time>
      </trkpt>
      <trkpt lat="46.799060" lon="8.692856">
        <ele>1596.871107</ele>
        <time>2026-08-30T10:14:24.999Z</time>
      </trkpt>
      <trkpt lat="46.799063" lon="8.692866">
        <ele>1597.117582</ele>
        <time>2026-08-30T10:14:25.999Z</time>
      </trkpt>
      <trkpt lat="46.799066" lon="8.692876">
        <ele>1597.364057</ele>
        <time>2026-08-30T10:14:26.999Z</time>
      </trkpt>
      <trkpt lat="46.799068" lon="8.692885">
        <ele>1597.577668</ele>
        <time>2026-08-30T10:14:27.999Z</time>
      </trkpt>
      <trkpt lat="46.799070" lon="8.692894">
        <ele>1597.791279</ele>
        <time>2026-08-30T10:14:28.999Z</time>
      </trkpt>
      <trkpt lat="46.799073" lon="8.692901">
        <ele>1597.977717</ele>
        <time>2026-08-30T10:14:29.999Z</time>
      </trkpt>
      <trkpt lat="46.799076" lon="8.692909">
        <ele>1598.183638</ele>
        <time>2026-08-30T10:14:30.999Z</time>
      </trkpt>
      <trkpt lat="46.799077" lon="8.692919">
        <ele>1598.411783</ele>
        <time>2026-08-30T10:14:31.999Z</time>
      </trkpt>
      <trkpt lat="46.799078" lon="8.692928">
        <ele>1598.617615</ele>
        <time>2026-08-30T10:14:32.999Z</time>
      </trkpt>
      <trkpt lat="46.799079" lon="8.692934">
        <ele>1598.757021</ele>
        <time>2026-08-30T10:14:33.999Z</time>
      </trkpt>
      <trkpt lat="46.799081" lon="8.692939">
        <ele>1598.887752</ele>
        <time>2026-08-30T10:14:34.999Z</time>
      </trkpt>
      <trkpt lat="46.799084" lon="8.692942">
        <ele>1599.007644</ele>
        <time>2026-08-30T10:14:35.999Z</time>
      </trkpt>
      <trkpt lat="46.799087" lon="8.692946">
        <ele>1599.141590</ele>
        <time>2026-08-30T10:14:36.999Z</time>
      </trkpt>
      <trkpt lat="46.799090" lon="8.692950">
        <ele>1599.275536</ele>
        <time>2026-08-30T10:14:37.999Z</time>
      </trkpt>
      <trkpt lat="46.799093" lon="8.692955">
        <ele>1599.425630</ele>
        <time>2026-08-30T10:14:38.999Z</time>
      </trkpt>
      <trkpt lat="46.799095" lon="8.692964">
        <ele>1599.639241</ele>
        <time>2026-08-30T10:14:39.999Z</time>
      </trkpt>
      <trkpt lat="46.799097" lon="8.692976">
        <ele>1599.918052</ele>
        <time>2026-08-30T10:14:40.999Z</time>
      </trkpt>
      <trkpt lat="46.799099" lon="8.692987">
        <ele>1600.174985</ele>
        <time>2026-08-30T10:14:41.999Z</time>
      </trkpt>
      <trkpt lat="46.799099" lon="8.692996">
        <ele>1600.378159</ele>
        <time>2026-08-30T10:14:42.999Z</time>
      </trkpt>
      <trkpt lat="46.799098" lon="8.693004">
        <ele>1600.561744</ele>
        <time>2026-08-30T10:14:43.999Z</time>
      </trkpt>
      <trkpt lat="46.799095" lon="8.693012">
        <ele>1600.767665</ele>
        <time>2026-08-30T10:14:44.999Z</time>
      </trkpt>
      <trkpt lat="46.799093" lon="8.693022">
        <ele>1601.002851</ele>
        <time>2026-08-30T10:14:45.999Z</time>
      </trkpt>
      <trkpt lat="46.799090" lon="8.693032">
        <ele>1601.249326</ele>
        <time>2026-08-30T10:14:46.999Z</time>
      </trkpt>
      <trkpt lat="46.799087" lon="8.693041">
        <ele>1601.475307</ele>
        <time>2026-08-30T10:14:47.999Z</time>
      </trkpt>
      <trkpt lat="46.799083" lon="8.693050">
        <ele>1601.717546</ele>
        <time>2026-08-30T10:14:48.999Z</time>
      </trkpt>
      <trkpt lat="46.799080" lon="8.693058">
        <ele>1601.923467</ele>
        <time>2026-08-30T10:14:49.999Z</time>
      </trkpt>
      <trkpt lat="46.799077" lon="8.693067">
        <ele>1602.149447</ele>
        <time>2026-08-30T10:14:50.999Z</time>
      </trkpt>
      <trkpt lat="46.799073" lon="8.693077">
        <ele>1602.410909</ele>
        <time>2026-08-30T10:14:51.999Z</time>
      </trkpt>
      <trkpt lat="46.799070" lon="8.693088">
        <ele>1602.678214</ele>
        <time>2026-08-30T10:14:52.999Z</time>
      </trkpt>
      <trkpt lat="46.799066" lon="8.693098">
        <ele>1602.939677</ele>
        <time>2026-08-30T10:14:53.999Z</time>
      </trkpt>
      <trkpt lat="46.799064" lon="8.693107">
        <ele>1603.153288</ele>
        <time>2026-08-30T10:14:54.999Z</time>
      </trkpt>
      <trkpt lat="46.799062" lon="8.693115">
        <ele>1603.345553</ele>
        <time>2026-08-30T10:14:55.999Z</time>
      </trkpt>
      <trkpt lat="46.799060" lon="8.693123">
        <ele>1603.537819</ele>
        <time>2026-08-30T10:14:56.999Z</time>
      </trkpt>
      <trkpt lat="46.799059" lon="8.693131">
        <ele>1603.721404</ele>
        <time>2026-08-30T10:14:57.999Z</time>
      </trkpt>
      <trkpt lat="46.799059" lon="8.693141">
        <ele>1603.947153</ele>
        <time>2026-08-30T10:14:58.999Z</time>
      </trkpt>
      <trkpt lat="46.799059" lon="8.693151">
        <ele>1604.172902</ele>
        <time>2026-08-30T10:14:59.999Z</time>
      </trkpt>
      <trkpt lat="46.799058" lon="8.693161">
        <ele>1604.401046</ele>
        <time>2026-08-30T10:15:00.999Z</time>
      </trkpt>
      <trkpt lat="46.799057" lon="8.693167">
        <ele>1604.540452</ele>
        <time>2026-08-30T10:15:01.999Z</time>
      </trkpt>
      <trkpt lat="46.799056" lon="8.693171">
        <ele>1604.636585</ele>
        <time>2026-08-30T10:15:02.999Z</time>
      </trkpt>
      <trkpt lat="46.799056" lon="8.693176">
        <ele>1604.749459</ele>
        <time>2026-08-30T10:15:03.999Z</time>
      </trkpt>
      <trkpt lat="46.799055" lon="8.693180">
        <ele>1604.845592</ele>
        <time>2026-08-30T10:15:04.999Z</time>
      </trkpt>
      <trkpt lat="46.799055" lon="8.693183">
        <ele>1604.913317</ele>
        <time>2026-08-30T10:15:05.999Z</time>
      </trkpt>
      <trkpt lat="46.799055" lon="8.693186">
        <ele>1604.981041</ele>
        <time>2026-08-30T10:15:06.999Z</time>
      </trkpt>
      <trkpt lat="46.799055" lon="8.693189">
        <ele>1605.048766</ele>
        <time>2026-08-30T10:15:07.999Z</time>
      </trkpt>
      <trkpt lat="46.799056" lon="8.693193">
        <ele>1605.144899</ele>
        <time>2026-08-30T10:15:08.999Z</time>
      </trkpt>
      <trkpt lat="46.799057" lon="8.693199">
        <ele>1605.284305</ele>
        <time>2026-08-30T10:15:09.999Z</time>
      </trkpt>
      <trkpt lat="46.799058" lon="8.693206">
        <ele>1605.445733</ele>
        <time>2026-08-30T10:15:10.999Z</time>
      </trkpt>
      <trkpt lat="46.799060" lon="8.693213">
        <ele>1605.616969</ele>
        <time>2026-08-30T10:15:11.999Z</time>
      </trkpt>
      <trkpt lat="46.799061" lon="8.693219">
        <ele>1605.756375</ele>
        <time>2026-08-30T10:15:12.999Z</time>
      </trkpt>
      <trkpt lat="46.799062" lon="8.693226">
        <ele>1605.917803</ele>
        <time>2026-08-30T10:15:13.999Z</time>
      </trkpt>
      <trkpt lat="46.799063" lon="8.693233">
        <ele>1606.079232</ele>
        <time>2026-08-30T10:15:14.999Z</time>
      </trkpt>
      <trkpt lat="46.799063" lon="8.693239">
        <ele>1606.214681</ele>
        <time>2026-08-30T10:15:15.999Z</time>
      </trkpt>
      <trkpt lat="46.799063" lon="8.693246">
        <ele>1606.372705</ele>
        <time>2026-08-30T10:15:16.999Z</time>
      </trkpt>
      <trkpt lat="46.799063" lon="8.693254">
        <ele>1606.553304</ele>
        <time>2026-08-30T10:15:17.999Z</time>
      </trkpt>
      <trkpt lat="46.799064" lon="8.693261">
        <ele>1606.714733</ele>
        <time>2026-08-30T10:15:18.999Z</time>
      </trkpt>
      <trkpt lat="46.799065" lon="8.693268">
        <ele>1606.876161</ele>
        <time>2026-08-30T10:15:19.999Z</time>
      </trkpt>
      <trkpt lat="46.799066" lon="8.693277">
        <ele>1607.081994</ele>
        <time>2026-08-30T10:15:20.999Z</time>
      </trkpt>
      <trkpt lat="46.799068" lon="8.693285">
        <ele>1607.274259</ele>
        <time>2026-08-30T10:15:21.999Z</time>
      </trkpt>
      <trkpt lat="46.799070" lon="8.693291">
        <ele>1607.424913</ele>
        <time>2026-08-30T10:15:22.999Z</time>
      </trkpt>
      <trkpt lat="46.799071" lon="8.693296">
        <ele>1607.542506</ele>
        <time>2026-08-30T10:15:23.999Z</time>
      </trkpt>
      <trkpt lat="46.799072" lon="8.693301">
        <ele>1607.660099</ele>
        <time>2026-08-30T10:15:24.999Z</time>
      </trkpt>
      <trkpt lat="46.799072" lon="8.693305">
        <ele>1607.750398</ele>
        <time>2026-08-30T10:15:25.999Z</time>
      </trkpt>
      <trkpt lat="46.799073" lon="8.693311">
        <ele>1607.889804</ele>
        <time>2026-08-30T10:15:26.999Z</time>
      </trkpt>
      <trkpt lat="46.799073" lon="8.693317">
        <ele>1608.025254</ele>
        <time>2026-08-30T10:15:27.999Z</time>
      </trkpt>
      <trkpt lat="46.799073" lon="8.693324">
        <ele>1608.183278</ele>
        <time>2026-08-30T10:15:28.999Z</time>
      </trkpt>
      <trkpt lat="46.799073" lon="8.693331">
        <ele>1608.341302</ele>
        <time>2026-08-30T10:15:29.999Z</time>
      </trkpt>
      <trkpt lat="46.799073" lon="8.693339">
        <ele>1608.521901</ele>
        <time>2026-08-30T10:15:30.999Z</time>
      </trkpt>
      <trkpt lat="46.799074" lon="8.693345">
        <ele>1608.661307</ele>
        <time>2026-08-30T10:15:31.999Z</time>
      </trkpt>
      <trkpt lat="46.799074" lon="8.693351">
        <ele>1608.796756</ele>
        <time>2026-08-30T10:15:32.999Z</time>
      </trkpt>
      <trkpt lat="46.799073" lon="8.693357">
        <ele>1608.936162</ele>
        <time>2026-08-30T10:15:33.999Z</time>
      </trkpt>
      <trkpt lat="46.799073" lon="8.693363">
        <ele>1609.071611</ele>
        <time>2026-08-30T10:15:34.999Z</time>
      </trkpt>
      <trkpt lat="46.799072" lon="8.693369">
        <ele>1609.211017</ele>
        <time>2026-08-30T10:15:35.999Z</time>
      </trkpt>
      <trkpt lat="46.799070" lon="8.693377">
        <ele>1609.403283</ele>
        <time>2026-08-30T10:15:36.999Z</time>
      </trkpt>
      <trkpt lat="46.799068" lon="8.693386">
        <ele>1609.616894</ele>
        <time>2026-08-30T10:15:37.999Z</time>
      </trkpt>
      <trkpt lat="46.799067" lon="8.693394">
        <ele>1609.800479</ele>
        <time>2026-08-30T10:15:38.999Z</time>
      </trkpt>
      <trkpt lat="46.799066" lon="8.693401">
        <ele>1609.961907</ele>
        <time>2026-08-30T10:15:39.999Z</time>
      </trkpt>
      <trkpt lat="46.799066" lon="8.693405">
        <ele>1610.052207</ele>
        <time>2026-08-30T10:15:40.999Z</time>
      </trkpt>
      <trkpt lat="46.799066" lon="8.693409">
        <ele>1610.142506</ele>
        <time>2026-08-30T10:15:41.999Z</time>
      </trkpt>
      <trkpt lat="46.799068" lon="8.693412">
        <ele>1610.237040</ele>
        <time>2026-08-30T10:15:42.999Z</time>
      </trkpt>
      <trkpt lat="46.799069" lon="8.693415">
        <ele>1610.312367</ele>
        <time>2026-08-30T10:15:43.999Z</time>
      </trkpt>
      <trkpt lat="46.799071" lon="8.693419">
        <ele>1610.424188</ele>
        <time>2026-08-30T10:15:44.999Z</time>
      </trkpt>
      <trkpt lat="46.799073" lon="8.693423">
        <ele>1610.536009</ele>
        <time>2026-08-30T10:15:45.999Z</time>
      </trkpt>
      <trkpt lat="46.799075" lon="8.693426">
        <ele>1610.630543</ele>
        <time>2026-08-30T10:15:46.999Z</time>
      </trkpt>
      <trkpt lat="46.799078" lon="8.693429">
        <ele>1610.750435</ele>
        <time>2026-08-30T10:15:47.999Z</time>
      </trkpt>
      <trkpt lat="46.799080" lon="8.693432">
        <ele>1610.844969</ele>
        <time>2026-08-30T10:15:48.999Z</time>
      </trkpt>
      <trkpt lat="46.799082" lon="8.693433">
        <ele>1610.914680</ele>
        <time>2026-08-30T10:15:49.999Z</time>
      </trkpt>
      <trkpt lat="46.799084" lon="8.693434">
        <ele>1610.984391</ele>
        <time>2026-08-30T10:15:50.999Z</time>
      </trkpt>
      <trkpt lat="46.799086" lon="8.693434">
        <ele>1611.050345</ele>
        <time>2026-08-30T10:15:51.999Z</time>
      </trkpt>
      <trkpt lat="46.799087" lon="8.693434">
        <ele>1611.083323</ele>
        <time>2026-08-30T10:15:52.999Z</time>
      </trkpt>
      <trkpt lat="46.799087" lon="8.693434">
        <ele>1611.083323</ele>
        <time>2026-08-30T10:15:53.999Z</time>
      </trkpt>
      <trkpt lat="46.799087" lon="8.693433">
        <ele>1611.105897</ele>
        <time>2026-08-30T10:15:54.999Z</time>
      </trkpt>
      <trkpt lat="46.799087" lon="8.693433">
        <ele>1611.105897</ele>
        <time>2026-08-30T10:15:55.999Z</time>
      </trkpt>
      <trkpt lat="46.799086" lon="8.693434">
        <ele>1611.145861</ele>
        <time>2026-08-30T10:15:56.999Z</time>
      </trkpt>
      <trkpt lat="46.799086" lon="8.693434">
        <ele>1611.145861</ele>
        <time>2026-08-30T10:15:57.999Z</time>
      </trkpt>
      <trkpt lat="46.799086" lon="8.693436">
        <ele>1611.191011</ele>
        <time>2026-08-30T10:15:58.999Z</time>
      </trkpt>
      <trkpt lat="46.799085" lon="8.693438">
        <ele>1611.246922</ele>
        <time>2026-08-30T10:15:59.999Z</time>
      </trkpt>
      <trkpt lat="46.799085" lon="8.693440">
        <ele>1611.292072</ele>
        <time>2026-08-30T10:16:00.999Z</time>
      </trkpt>
      <trkpt lat="46.799085" lon="8.693443">
        <ele>1611.359796</ele>
        <time>2026-08-30T10:16:01.999Z</time>
      </trkpt>
      <trkpt lat="46.799086" lon="8.693447">
        <ele>1611.455929</ele>
        <time>2026-08-30T10:16:02.999Z</time>
      </trkpt>
      <trkpt lat="46.799087" lon="8.693452">
        <ele>1611.573522</ele>
        <time>2026-08-30T10:16:03.999Z</time>
      </trkpt>
      <trkpt lat="46.799088" lon="8.693458">
        <ele>1611.712928</ele>
        <time>2026-08-30T10:16:04.999Z</time>
      </trkpt>
      <trkpt lat="46.799087" lon="8.693464">
        <ele>1611.852334</ele>
        <time>2026-08-30T10:16:05.999Z</time>
      </trkpt>
      <trkpt lat="46.799086" lon="8.693471">
        <ele>1612.013762</ele>
        <time>2026-08-30T10:16:06.999Z</time>
      </trkpt>
      <trkpt lat="46.799085" lon="8.693477">
        <ele>1612.153168</ele>
        <time>2026-08-30T10:16:07.999Z</time>
      </trkpt>
      <trkpt lat="46.799083" lon="8.693484">
        <ele>1612.324403</ele>
        <time>2026-08-30T10:16:08.999Z</time>
      </trkpt>
      <trkpt lat="46.799082" lon="8.693493">
        <ele>1612.530236</ele>
        <time>2026-08-30T10:16:09.999Z</time>
      </trkpt>
      <trkpt lat="46.799081" lon="8.693502">
        <ele>1612.736069</ele>
        <time>2026-08-30T10:16:10.999Z</time>
      </trkpt>
      <trkpt lat="46.799079" lon="8.693508">
        <ele>1612.886722</ele>
        <time>2026-08-30T10:16:11.999Z</time>
      </trkpt>
      <trkpt lat="46.799078" lon="8.693511">
        <ele>1612.962049</ele>
        <time>2026-08-30T10:16:12.999Z</time>
      </trkpt>
      <trkpt lat="46.799077" lon="8.693512">
        <ele>1613.002013</ele>
        <time>2026-08-30T10:16:13.999Z</time>
      </trkpt>
      <trkpt lat="46.799077" lon="8.693510">
        <ele>1613.047163</ele>
        <time>2026-08-30T10:16:14.999Z</time>
      </trkpt>
      <trkpt lat="46.799077" lon="8.693509">
        <ele>1613.069738</ele>
        <time>2026-08-30T10:16:15.999Z</time>
      </trkpt>
      <trkpt lat="46.799077" lon="8.693507">
        <ele>1613.114888</ele>
        <time>2026-08-30T10:16:16.999Z</time>
      </trkpt>
      <trkpt lat="46.799077" lon="8.693506">
        <ele>1613.137463</ele>
        <time>2026-08-30T10:16:17.999Z</time>
      </trkpt>
      <trkpt lat="46.799078" lon="8.693507">
        <ele>1613.177427</ele>
        <time>2026-08-30T10:16:18.999Z</time>
      </trkpt>
      <trkpt lat="46.799079" lon="8.693509">
        <ele>1613.233337</ele>
        <time>2026-08-30T10:16:19.999Z</time>
      </trkpt>
      <trkpt lat="46.799080" lon="8.693514">
        <ele>1613.350930</ele>
        <time>2026-08-30T10:16:20.999Z</time>
      </trkpt>
      <trkpt lat="46.799081" lon="8.693520">
        <ele>1613.490336</ele>
        <time>2026-08-30T10:16:21.999Z</time>
      </trkpt>
      <trkpt lat="46.799083" lon="8.693526">
        <ele>1613.640990</ele>
        <time>2026-08-30T10:16:22.999Z</time>
      </trkpt>
      <trkpt lat="46.799085" lon="8.693533">
        <ele>1613.812225</ele>
        <time>2026-08-30T10:16:23.999Z</time>
      </trkpt>
      <trkpt lat="46.799086" lon="8.693537">
        <ele>1613.908358</ele>
        <time>2026-08-30T10:16:24.999Z</time>
      </trkpt>
      <trkpt lat="46.799086" lon="8.693539">
        <ele>1613.953508</ele>
        <time>2026-08-30T10:16:25.999Z</time>
      </trkpt>
      <trkpt lat="46.799085" lon="8.693541">
        <ele>1614.009418</ele>
        <time>2026-08-30T10:16:26.999Z</time>
      </trkpt>
      <trkpt lat="46.799084" lon="8.693543">
        <ele>1614.065329</ele>
        <time>2026-08-30T10:16:27.999Z</time>
      </trkpt>
      <trkpt lat="46.799084" lon="8.693547">
        <ele>1614.155628</ele>
        <time>2026-08-30T10:16:28.999Z</time>
      </trkpt>
      <trkpt lat="46.799085" lon="8.693550">
        <ele>1614.230955</ele>
        <time>2026-08-30T10:16:29.999Z</time>
      </trkpt>
      <trkpt lat="46.799086" lon="8.693552">
        <ele>1614.286866</ele>
        <time>2026-08-30T10:16:30.999Z</time>
      </trkpt>
      <trkpt lat="46.799088" lon="8.693552">
        <ele>1614.352820</ele>
        <time>2026-08-30T10:16:31.999Z</time>
      </trkpt>
      <trkpt lat="46.799090" lon="8.693554">
        <ele>1614.432748</ele>
        <time>2026-08-30T10:16:32.999Z</time>
      </trkpt>
      <trkpt lat="46.799093" lon="8.693556">
        <ele>1614.541496</ele>
        <time>2026-08-30T10:16:33.999Z</time>
      </trkpt>
      <trkpt lat="46.799095" lon="8.693560">
        <ele>1614.653317</ele>
        <time>2026-08-30T10:16:34.999Z</time>
      </trkpt>
      <trkpt lat="46.799097" lon="8.693564">
        <ele>1614.765138</ele>
        <time>2026-08-30T10:16:35.999Z</time>
      </trkpt>
      <trkpt lat="46.799099" lon="8.693569">
        <ele>1614.895869</ele>
        <time>2026-08-30T10:16:36.999Z</time>
      </trkpt>
      <trkpt lat="46.799099" lon="8.693573">
        <ele>1614.986169</ele>
        <time>2026-08-30T10:16:37.999Z</time>
      </trkpt>
      <trkpt lat="46.799099" lon="8.693578">
        <ele>1615.099043</ele>
        <time>2026-08-30T10:16:38.999Z</time>
      </trkpt>
      <trkpt lat="46.799097" lon="8.693584">
        <ele>1615.249697</ele>
        <time>2026-08-30T10:16:39.999Z</time>
      </trkpt>
      <trkpt lat="46.799094" lon="8.693589">
        <ele>1615.399790</ele>
        <time>2026-08-30T10:16:40.999Z</time>
      </trkpt>
      <trkpt lat="46.799091" lon="8.693594">
        <ele>1615.549884</ele>
        <time>2026-08-30T10:16:41.999Z</time>
      </trkpt>
      <trkpt lat="46.799088" lon="8.693599">
        <ele>1615.699978</ele>
        <time>2026-08-30T10:16:42.999Z</time>
      </trkpt>
      <trkpt lat="46.799086" lon="8.693604">
        <ele>1615.830709</ele>
        <time>2026-08-30T10:16:43.999Z</time>
      </trkpt>
      <trkpt lat="46.799084" lon="8.693608">
        <ele>1615.942530</ele>
        <time>2026-08-30T10:16:44.999Z</time>
      </trkpt>
      <trkpt lat="46.799084" lon="8.693611">
        <ele>1616.010255</ele>
        <time>2026-08-30T10:16:45.999Z</time>
      </trkpt>
      <trkpt lat="46.799084" lon="8.693614">
        <ele>1616.077979</ele>
        <time>2026-08-30T10:16:46.999Z</time>
      </trkpt>
      <trkpt lat="46.799085" lon="8.693618">
        <ele>1616.174112</ele>
        <time>2026-08-30T10:16:47.999Z</time>
      </trkpt>
      <trkpt lat="46.799087" lon="8.693623">
        <ele>1616.304843</ele>
        <time>2026-08-30T10:16:48.999Z</time>
      </trkpt>
      <trkpt lat="46.799089" lon="8.693628">
        <ele>1616.435574</ele>
        <time>2026-08-30T10:16:49.999Z</time>
      </trkpt>
      <trkpt lat="46.799091" lon="8.693633">
        <ele>1616.566305</ele>
        <time>2026-08-30T10:16:50.999Z</time>
      </trkpt>
      <trkpt lat="46.799093" lon="8.693635">
        <ele>1616.646234</ele>
        <time>2026-08-30T10:16:51.999Z</time>
      </trkpt>
      <trkpt lat="46.799095" lon="8.693636">
        <ele>1616.715945</ele>
        <time>2026-08-30T10:16:52.999Z</time>
      </trkpt>
      <trkpt lat="46.799098" lon="8.693636">
        <ele>1616.814876</ele>
        <time>2026-08-30T10:16:53.999Z</time>
      </trkpt>
      <trkpt lat="46.799102" lon="8.693636">
        <ele>1616.946785</ele>
        <time>2026-08-30T10:16:54.999Z</time>
      </trkpt>
      <trkpt lat="46.799106" lon="8.693636">
        <ele>1617.078694</ele>
        <time>2026-08-30T10:16:55.999Z</time>
      </trkpt>
      <trkpt lat="46.799109" lon="8.693636">
        <ele>1617.177626</ele>
        <time>2026-08-30T10:16:56.999Z</time>
      </trkpt>
      <trkpt lat="46.799111" lon="8.693635">
        <ele>1617.247337</ele>
        <time>2026-08-30T10:16:57.999Z</time>
      </trkpt>
      <trkpt lat="46.799112" lon="8.693634">
        <ele>1617.287301</ele>
        <time>2026-08-30T10:16:58.999Z</time>
      </trkpt>
      <trkpt lat="46.799111" lon="8.693634">
        <ele>1617.320278</ele>
        <time>2026-08-30T10:16:59.999Z</time>
      </trkpt>
      <trkpt lat="46.799110" lon="8.693635">
        <ele>1617.360242</ele>
        <time>2026-08-30T10:17:00.999Z</time>
      </trkpt>
      <trkpt lat="46.799108" lon="8.693637">
        <ele>1617.440171</ele>
        <time>2026-08-30T10:17:01.999Z</time>
      </trkpt>
      <trkpt lat="46.799106" lon="8.693641">
        <ele>1617.551992</ele>
        <time>2026-08-30T10:17:02.999Z</time>
      </trkpt>
      <trkpt lat="46.799104" lon="8.693645">
        <ele>1617.663813</ele>
        <time>2026-08-30T10:17:03.999Z</time>
      </trkpt>
      <trkpt lat="46.799103" lon="8.693648">
        <ele>1617.739140</ele>
        <time>2026-08-30T10:17:04.999Z</time>
      </trkpt>
      <trkpt lat="46.799102" lon="8.693650">
        <ele>1617.795050</ele>
        <time>2026-08-30T10:17:05.999Z</time>
      </trkpt>
      <trkpt lat="46.799102" lon="8.693651">
        <ele>1617.817625</ele>
        <time>2026-08-30T10:17:06.999Z</time>
      </trkpt>
      <trkpt lat="46.799102" lon="8.693652">
        <ele>1617.840200</ele>
        <time>2026-08-30T10:17:07.999Z</time>
      </trkpt>
      <trkpt lat="46.799102" lon="8.693652">
        <ele>1617.840200</ele>
        <time>2026-08-30T10:17:08.999Z</time>
      </trkpt>
      <trkpt lat="46.799102" lon="8.693652">
        <ele>1617.840200</ele>
        <time>2026-08-30T10:17:09.999Z</time>
      </trkpt>
      <trkpt lat="46.799102" lon="8.693653">
        <ele>1617.862775</ele>
        <time>2026-08-30T10:17:10.999Z</time>
      </trkpt>
      <trkpt lat="46.799102" lon="8.693654">
        <ele>1617.885350</ele>
        <time>2026-08-30T10:17:11.999Z</time>
      </trkpt>
      <trkpt lat="46.799102" lon="8.693655">
        <ele>1617.907925</ele>
        <time>2026-08-30T10:17:12.999Z</time>
      </trkpt>
      <trkpt lat="46.799102" lon="8.693657">
        <ele>1617.953074</ele>
        <time>2026-08-30T10:17:13.999Z</time>
      </trkpt>
      <trkpt lat="46.799103" lon="8.693660">
        <ele>1618.028401</ele>
        <time>2026-08-30T10:17:14.999Z</time>
      </trkpt>
      <trkpt lat="46.799103" lon="8.693664">
        <ele>1618.118701</ele>
        <time>2026-08-30T10:17:15.999Z</time>
      </trkpt>
      <trkpt lat="46.799104" lon="8.693668">
        <ele>1618.214833</ele>
        <time>2026-08-30T10:17:16.999Z</time>
      </trkpt>
      <trkpt lat="46.799105" lon="8.693675">
        <ele>1618.376262</ele>
        <time>2026-08-30T10:17:17.999Z</time>
      </trkpt>
      <trkpt lat="46.799106" lon="8.693683">
        <ele>1618.559847</ele>
        <time>2026-08-30T10:17:18.999Z</time>
      </trkpt>
      <trkpt lat="46.799107" lon="8.693691">
        <ele>1618.743432</ele>
        <time>2026-08-30T10:17:19.999Z</time>
      </trkpt>
      <trkpt lat="46.799109" lon="8.693698">
        <ele>1618.914667</ele>
        <time>2026-08-30T10:17:20.999Z</time>
      </trkpt>
      <trkpt lat="46.799110" lon="8.693702">
        <ele>1619.010800</ele>
        <time>2026-08-30T10:17:21.999Z</time>
      </trkpt>
      <trkpt lat="46.799110" lon="8.693706">
        <ele>1619.101099</ele>
        <time>2026-08-30T10:17:22.999Z</time>
      </trkpt>
      <trkpt lat="46.799110" lon="8.693711">
        <ele>1619.213974</ele>
        <time>2026-08-30T10:17:23.999Z</time>
      </trkpt>
      <trkpt lat="46.799109" lon="8.693718">
        <ele>1619.375402</ele>
        <time>2026-08-30T10:17:24.999Z</time>
      </trkpt>
      <trkpt lat="46.799108" lon="8.693725">
        <ele>1619.536830</ele>
        <time>2026-08-30T10:17:25.999Z</time>
      </trkpt>
      <trkpt lat="46.799106" lon="8.693734">
        <ele>1619.750441</ele>
        <time>2026-08-30T10:17:26.999Z</time>
      </trkpt>
      <trkpt lat="46.799106" lon="8.693742">
        <ele>1619.931040</ele>
        <time>2026-08-30T10:17:27.999Z</time>
      </trkpt>
      <trkpt lat="46.799106" lon="8.693750">
        <ele>1620.111639</ele>
        <time>2026-08-30T10:17:28.999Z</time>
      </trkpt>
      <trkpt lat="46.799108" lon="8.693757">
        <ele>1620.282874</ele>
        <time>2026-08-30T10:17:29.999Z</time>
      </trkpt>
      <trkpt lat="46.799110" lon="8.693761">
        <ele>1620.394696</ele>
        <time>2026-08-30T10:17:30.999Z</time>
      </trkpt>
      <trkpt lat="46.799111" lon="8.693764">
        <ele>1620.470022</ele>
        <time>2026-08-30T10:17:31.999Z</time>
      </trkpt>
      <trkpt lat="46.799112" lon="8.693768">
        <ele>1620.566155</ele>
        <time>2026-08-30T10:17:32.999Z</time>
      </trkpt>
      <trkpt lat="46.799112" lon="8.693772">
        <ele>1620.656454</ele>
        <time>2026-08-30T10:17:33.999Z</time>
      </trkpt>
      <trkpt lat="46.799112" lon="8.693778">
        <ele>1620.791904</ele>
        <time>2026-08-30T10:17:34.999Z</time>
      </trkpt>
      <trkpt lat="46.799111" lon="8.693785">
        <ele>1620.953332</ele>
        <time>2026-08-30T10:17:35.999Z</time>
      </trkpt>
      <trkpt lat="46.799110" lon="8.693789">
        <ele>1621.049465</ele>
        <time>2026-08-30T10:17:36.999Z</time>
      </trkpt>
      <trkpt lat="46.799111" lon="8.693791">
        <ele>1621.105375</ele>
        <time>2026-08-30T10:17:37.999Z</time>
      </trkpt>
      <trkpt lat="46.799111" lon="8.693794">
        <ele>1621.173100</ele>
        <time>2026-08-30T10:17:38.999Z</time>
      </trkpt>
      <trkpt lat="46.799112" lon="8.693797">
        <ele>1621.248427</ele>
        <time>2026-08-30T10:17:39.999Z</time>
      </trkpt>
      <trkpt lat="46.799113" lon="8.693801">
        <ele>1621.344559</ele>
        <time>2026-08-30T10:17:40.999Z</time>
      </trkpt>
      <trkpt lat="46.799114" lon="8.693806">
        <ele>1621.462152</ele>
        <time>2026-08-30T10:17:41.999Z</time>
      </trkpt>
      <trkpt lat="46.799115" lon="8.693812">
        <ele>1621.601558</ele>
        <time>2026-08-30T10:17:42.999Z</time>
      </trkpt>
      <trkpt lat="46.799115" lon="8.693815">
        <ele>1621.669283</ele>
        <time>2026-08-30T10:17:43.999Z</time>
      </trkpt>
      <trkpt lat="46.799115" lon="8.693816">
        <ele>1621.691857</ele>
        <time>2026-08-30T10:17:44.999Z</time>
      </trkpt>
      <trkpt lat="46.799114" lon="8.693814">
        <ele>1621.747768</ele>
        <time>2026-08-30T10:17:45.999Z</time>
      </trkpt>
      <trkpt lat="46.799113" lon="8.693809">
        <ele>1621.865361</ele>
        <time>2026-08-30T10:17:46.999Z</time>
      </trkpt>
      <trkpt lat="46.799112" lon="8.693802">
        <ele>1622.026789</ele>
        <time>2026-08-30T10:17:47.999Z</time>
      </trkpt>
      <trkpt lat="46.799111" lon="8.693794">
        <ele>1622.210374</ele>
        <time>2026-08-30T10:17:48.999Z</time>
      </trkpt>
      <trkpt lat="46.799111" lon="8.693784">
        <ele>1622.436123</ele>
        <time>2026-08-30T10:17:49.999Z</time>
      </trkpt>
      <trkpt lat="46.799111" lon="8.693775">
        <ele>1622.639297</ele>
        <time>2026-08-30T10:17:50.999Z</time>
      </trkpt>
      <trkpt lat="46.799111" lon="8.693765">
        <ele>1622.865045</ele>
        <time>2026-08-30T10:17:51.999Z</time>
      </trkpt>
      <trkpt lat="46.799112" lon="8.693757">
        <ele>1623.048630</ele>
        <time>2026-08-30T10:17:52.999Z</time>
      </trkpt>
      <trkpt lat="46.799114" lon="8.693748">
        <ele>1623.262241</ele>
        <time>2026-08-30T10:17:53.999Z</time>
      </trkpt>
      <trkpt lat="46.799119" lon="8.693740">
        <ele>1623.506788</ele>
        <time>2026-08-30T10:17:54.999Z</time>
      </trkpt>
      <trkpt lat="46.799124" lon="8.693731">
        <ele>1623.768451</ele>
        <time>2026-08-30T10:17:55.999Z</time>
      </trkpt>
      <trkpt lat="46.799127" lon="8.693726">
        <ele>1623.918544</ele>
        <time>2026-08-30T10:17:56.999Z</time>
      </trkpt>
      <trkpt lat="46.799127" lon="8.693724">
        <ele>1623.963694</ele>
        <time>2026-08-30T10:17:57.999Z</time>
      </trkpt>
      <trkpt lat="46.799126" lon="8.693725">
        <ele>1624.003658</ele>
        <time>2026-08-30T10:17:58.999Z</time>
      </trkpt>
      <trkpt lat="46.799125" lon="8.693726">
        <ele>1624.043622</ele>
        <time>2026-08-30T10:17:59.999Z</time>
      </trkpt>
      <trkpt lat="46.799125" lon="8.693725">
        <ele>1624.066197</ele>
        <time>2026-08-30T10:18:00.999Z</time>
      </trkpt>
      <trkpt lat="46.799125" lon="8.693723">
        <ele>1624.111347</ele>
        <time>2026-08-30T10:18:01.999Z</time>
      </trkpt>
      <trkpt lat="46.799126" lon="8.693720">
        <ele>1624.186673</ele>
        <time>2026-08-30T10:18:02.999Z</time>
      </trkpt>
      <trkpt lat="46.799130" lon="8.693717">
        <ele>1624.334952</ele>
        <time>2026-08-30T10:18:03.999Z</time>
      </trkpt>
      <trkpt lat="46.799134" lon="8.693712">
        <ele>1624.508563</ele>
        <time>2026-08-30T10:18:04.999Z</time>
      </trkpt>
      <trkpt lat="46.799140" lon="8.693708">
        <ele>1624.726057</ele>
        <time>2026-08-30T10:18:05.999Z</time>
      </trkpt>
      <trkpt lat="46.799146" lon="8.693702">
        <ele>1624.965841</ele>
        <time>2026-08-30T10:18:06.999Z</time>
      </trkpt>
      <trkpt lat="46.799150" lon="8.693697">
        <ele>1625.139452</ele>
        <time>2026-08-30T10:18:07.999Z</time>
      </trkpt>
      <trkpt lat="46.799151" lon="8.693693">
        <ele>1625.235584</ele>
        <time>2026-08-30T10:18:08.999Z</time>
      </trkpt>
      <trkpt lat="46.799151" lon="8.693690">
        <ele>1625.303309</ele>
        <time>2026-08-30T10:18:09.999Z</time>
      </trkpt>
      <trkpt lat="46.799150" lon="8.693688">
        <ele>1625.359220</ele>
        <time>2026-08-30T10:18:10.999Z</time>
      </trkpt>
      <trkpt lat="46.799149" lon="8.693686">
        <ele>1625.415130</ele>
        <time>2026-08-30T10:18:11.999Z</time>
      </trkpt>
      <trkpt lat="46.799148" lon="8.693684">
        <ele>1625.471041</ele>
        <time>2026-08-30T10:18:12.999Z</time>
      </trkpt>
      <trkpt lat="46.799147" lon="8.693681">
        <ele>1625.546368</ele>
        <time>2026-08-30T10:18:13.999Z</time>
      </trkpt>
      <trkpt lat="46.799146" lon="8.693676">
        <ele>1625.663960</ele>
        <time>2026-08-30T10:18:14.999Z</time>
      </trkpt>
      <trkpt lat="46.799145" lon="8.693671">
        <ele>1625.781553</ele>
        <time>2026-08-30T10:18:15.999Z</time>
      </trkpt>
      <trkpt lat="46.799144" lon="8.693668">
        <ele>1625.856880</ele>
        <time>2026-08-30T10:18:16.999Z</time>
      </trkpt>
      <trkpt lat="46.799143" lon="8.693667">
        <ele>1625.896844</ele>
        <time>2026-08-30T10:18:17.999Z</time>
      </trkpt>
      <trkpt lat="46.799143" lon="8.693669">
        <ele>1625.941994</ele>
        <time>2026-08-30T10:18:18.999Z</time>
      </trkpt>
      <trkpt lat="46.799144" lon="8.693671">
        <ele>1625.997904</ele>
        <time>2026-08-30T10:18:19.999Z</time>
      </trkpt>
      <trkpt lat="46.799146" lon="8.693673">
        <ele>1626.077832</ele>
        <time>2026-08-30T10:18:20.999Z</time>
      </trkpt>
      <trkpt lat="46.799149" lon="8.693673">
        <ele>1626.176764</ele>
        <time>2026-08-30T10:18:21.999Z</time>
      </trkpt>
      <trkpt lat="46.799153" lon="8.693669">
        <ele>1626.336620</ele>
        <time>2026-08-30T10:18:22.999Z</time>
      </trkpt>
      <trkpt lat="46.799156" lon="8.693664">
        <ele>1626.486714</ele>
        <time>2026-08-30T10:18:23.999Z</time>
      </trkpt>
      <trkpt lat="46.799159" lon="8.693657">
        <ele>1626.673152</ele>
        <time>2026-08-30T10:18:24.999Z</time>
      </trkpt>
      <trkpt lat="46.799162" lon="8.693650">
        <ele>1626.859589</ele>
        <time>2026-08-30T10:18:25.999Z</time>
      </trkpt>
      <trkpt lat="46.799166" lon="8.693642">
        <ele>1627.083232</ele>
        <time>2026-08-30T10:18:26.999Z</time>
      </trkpt>
      <trkpt lat="46.799171" lon="8.693634">
        <ele>1627.327779</ele>
        <time>2026-08-30T10:18:27.999Z</time>
      </trkpt>
      <trkpt lat="46.799176" lon="8.693626">
        <ele>1627.572326</ele>
        <time>2026-08-30T10:18:28.999Z</time>
      </trkpt>
      <trkpt lat="46.799179" lon="8.693619">
        <ele>1627.758764</ele>
        <time>2026-08-30T10:18:29.999Z</time>
      </trkpt>
      <trkpt lat="46.799181" lon="8.693612">
        <ele>1627.929999</ele>
        <time>2026-08-30T10:18:30.999Z</time>
      </trkpt>
      <trkpt lat="46.799182" lon="8.693605">
        <ele>1628.091427</ele>
        <time>2026-08-30T10:18:31.999Z</time>
      </trkpt>
      <trkpt lat="46.799184" lon="8.693597">
        <ele>1628.283693</ele>
        <time>2026-08-30T10:18:32.999Z</time>
      </trkpt>
      <trkpt lat="46.799188" lon="8.693586">
        <ele>1628.564876</ele>
        <time>2026-08-30T10:18:33.999Z</time>
      </trkpt>
      <trkpt lat="46.799193" lon="8.693576">
        <ele>1628.844429</ele>
        <time>2026-08-30T10:18:34.999Z</time>
      </trkpt>
      <trkpt lat="46.799200" lon="8.693568">
        <ele>1629.137522</ele>
        <time>2026-08-30T10:18:35.999Z</time>
      </trkpt>
      <trkpt lat="46.799206" lon="8.693564">
        <ele>1629.355017</ele>
        <time>2026-08-30T10:18:36.999Z</time>
      </trkpt>
      <trkpt lat="46.799211" lon="8.693562">
        <ele>1629.525973</ele>
        <time>2026-08-30T10:18:37.999Z</time>
      </trkpt>
      <trkpt lat="46.799215" lon="8.693562">
        <ele>1629.657882</ele>
        <time>2026-08-30T10:18:38.999Z</time>
      </trkpt>
      <trkpt lat="46.799219" lon="8.693564">
        <ele>1629.797304</ele>
        <time>2026-08-30T10:18:39.999Z</time>
      </trkpt>
      <trkpt lat="46.799223" lon="8.693567">
        <ele>1629.945583</ele>
        <time>2026-08-30T10:18:40.999Z</time>
      </trkpt>
      <trkpt lat="46.799226" lon="8.693570">
        <ele>1630.065475</ele>
        <time>2026-08-30T10:18:41.999Z</time>
      </trkpt>
      <trkpt lat="46.799228" lon="8.693574">
        <ele>1630.177296</ele>
        <time>2026-08-30T10:18:42.999Z</time>
      </trkpt>
      <trkpt lat="46.799231" lon="8.693577">
        <ele>1630.297188</ele>
        <time>2026-08-30T10:18:43.999Z</time>
      </trkpt>
      <trkpt lat="46.799233" lon="8.693580">
        <ele>1630.391721</ele>
        <time>2026-08-30T10:18:44.999Z</time>
      </trkpt>
      <trkpt lat="46.799235" lon="8.693582">
        <ele>1630.471649</ele>
        <time>2026-08-30T10:18:45.999Z</time>
      </trkpt>
      <trkpt lat="46.799238" lon="8.693584">
        <ele>1630.580397</ele>
        <time>2026-08-30T10:18:46.999Z</time>
      </trkpt>
      <trkpt lat="46.799240" lon="8.693586">
        <ele>1630.660325</ele>
        <time>2026-08-30T10:18:47.999Z</time>
      </trkpt>
      <trkpt lat="46.799242" lon="8.693587">
        <ele>1630.730036</ele>
        <time>2026-08-30T10:18:48.999Z</time>
      </trkpt>
      <trkpt lat="46.799244" lon="8.693588">
        <ele>1630.799747</ele>
        <time>2026-08-30T10:18:49.999Z</time>
      </trkpt>
      <trkpt lat="46.799247" lon="8.693587">
        <ele>1630.901221</ele>
        <time>2026-08-30T10:18:50.999Z</time>
      </trkpt>
      <trkpt lat="46.799250" lon="8.693587">
        <ele>1631.000153</ele>
        <time>2026-08-30T10:18:51.999Z</time>
      </trkpt>
      <trkpt lat="46.799251" lon="8.693587">
        <ele>1631.033130</ele>
        <time>2026-08-30T10:18:52.999Z</time>
      </trkpt>
      <trkpt lat="46.799252" lon="8.693586">
        <ele>1631.073094</ele>
        <time>2026-08-30T10:18:53.999Z</time>
      </trkpt>
      <trkpt lat="46.799251" lon="8.693585">
        <ele>1631.113058</ele>
        <time>2026-08-30T10:18:54.999Z</time>
      </trkpt>
      <trkpt lat="46.799251" lon="8.693584">
        <ele>1631.135633</ele>
        <time>2026-08-30T10:18:55.999Z</time>
      </trkpt>
      <trkpt lat="46.799250" lon="8.693582">
        <ele>1631.191544</ele>
        <time>2026-08-30T10:18:56.999Z</time>
      </trkpt>
      <trkpt lat="46.799250" lon="8.693581">
        <ele>1631.214118</ele>
        <time>2026-08-30T10:18:57.999Z</time>
      </trkpt>
      <trkpt lat="46.799250" lon="8.693580">
        <ele>1631.236693</ele>
        <time>2026-08-30T10:18:58.999Z</time>
      </trkpt>
      <trkpt lat="46.799249" lon="8.693579">
        <ele>1631.276657</ele>
        <time>2026-08-30T10:18:59.999Z</time>
      </trkpt>
      <trkpt lat="46.799248" lon="8.693578">
        <ele>1631.316621</ele>
        <time>2026-08-30T10:19:00.999Z</time>
      </trkpt>
      <trkpt lat="46.799248" lon="8.693578">
        <ele>1631.316621</ele>
        <time>2026-08-30T10:19:01.999Z</time>
      </trkpt>
      <trkpt lat="46.799248" lon="8.693578">
        <ele>1631.316621</ele>
        <time>2026-08-30T10:19:02.999Z</time>
      </trkpt>
      <trkpt lat="46.799247" lon="8.693578">
        <ele>1631.349599</ele>
        <time>2026-08-30T10:19:03.999Z</time>
      </trkpt>
      <trkpt lat="46.799247" lon="8.693578">
        <ele>1631.349599</ele>
        <time>2026-08-30T10:19:04.999Z</time>
      </trkpt>
      <trkpt lat="46.799246" lon="8.693578">
        <ele>1631.382576</ele>
        <time>2026-08-30T10:19:05.999Z</time>
      </trkpt>
      <trkpt lat="46.799244" lon="8.693578">
        <ele>1631.448530</ele>
        <time>2026-08-30T10:19:06.999Z</time>
      </trkpt>
      <trkpt lat="46.799243" lon="8.693578">
        <ele>1631.481508</ele>
        <time>2026-08-30T10:19:07.999Z</time>
      </trkpt>
      <trkpt lat="46.799241" lon="8.693579">
        <ele>1631.551219</ele>
        <time>2026-08-30T10:19:08.999Z</time>
      </trkpt>
      <trkpt lat="46.799240" lon="8.693581">
        <ele>1631.607129</ele>
        <time>2026-08-30T10:19:09.999Z</time>
      </trkpt>
      <trkpt lat="46.799239" lon="8.693585">
        <ele>1631.703262</ele>
        <time>2026-08-30T10:19:10.999Z</time>
      </trkpt>
      <trkpt lat="46.799240" lon="8.693590">
        <ele>1631.820854</ele>
        <time>2026-08-30T10:19:11.999Z</time>
      </trkpt>
      <trkpt lat="46.799241" lon="8.693596">
        <ele>1631.960260</ele>
        <time>2026-08-30T10:19:12.999Z</time>
      </trkpt>
      <trkpt lat="46.799242" lon="8.693603">
        <ele>1632.121688</ele>
        <time>2026-08-30T10:19:13.999Z</time>
      </trkpt>
      <trkpt lat="46.799243" lon="8.693611">
        <ele>1632.305272</ele>
        <time>2026-08-30T10:19:14.999Z</time>
      </trkpt>
      <trkpt lat="46.799243" lon="8.693619">
        <ele>1632.485871</ele>
        <time>2026-08-30T10:19:15.999Z</time>
      </trkpt>
      <trkpt lat="46.799244" lon="8.693630">
        <ele>1632.736374</ele>
        <time>2026-08-30T10:19:16.999Z</time>
      </trkpt>
      <trkpt lat="46.799244" lon="8.693640">
        <ele>1632.962122</ele>
        <time>2026-08-30T10:19:17.999Z</time>
      </trkpt>
      <trkpt lat="46.799245" lon="8.693650">
        <ele>1633.190266</ele>
        <time>2026-08-30T10:19:18.999Z</time>
      </trkpt>
      <trkpt lat="46.799247" lon="8.693658">
        <ele>1633.382531</ele>
        <time>2026-08-30T10:19:19.999Z</time>
      </trkpt>
      <trkpt lat="46.799250" lon="8.693666">
        <ele>1633.588451</ele>
        <time>2026-08-30T10:19:20.999Z</time>
      </trkpt>
      <trkpt lat="46.799252" lon="8.693675">
        <ele>1633.802061</ele>
        <time>2026-08-30T10:19:21.999Z</time>
      </trkpt>
      <trkpt lat="46.799255" lon="8.693683">
        <ele>1634.007982</ele>
        <time>2026-08-30T10:19:22.999Z</time>
      </trkpt>
      <trkpt lat="46.799257" lon="8.693691">
        <ele>1634.200247</ele>
        <time>2026-08-30T10:19:23.999Z</time>
      </trkpt>
      <trkpt lat="46.799259" lon="8.693699">
        <ele>1634.392512</ele>
        <time>2026-08-30T10:19:24.999Z</time>
      </trkpt>
      <trkpt lat="46.799261" lon="8.693708">
        <ele>1634.606122</ele>
        <time>2026-08-30T10:19:25.999Z</time>
      </trkpt>
      <trkpt lat="46.799263" lon="8.693718">
        <ele>1634.841307</ele>
        <time>2026-08-30T10:19:26.999Z</time>
      </trkpt>
      <trkpt lat="46.799265" lon="8.693729">
        <ele>1635.098240</ele>
        <time>2026-08-30T10:19:27.999Z</time>
      </trkpt>
      <trkpt lat="46.799267" lon="8.693740">
        <ele>1635.355172</ele>
        <time>2026-08-30T10:19:28.999Z</time>
      </trkpt>
      <trkpt lat="46.799269" lon="8.693752">
        <ele>1635.633983</ele>
        <time>2026-08-30T10:19:29.999Z</time>
      </trkpt>
      <trkpt lat="46.799271" lon="8.693764">
        <ele>1635.912794</ele>
        <time>2026-08-30T10:19:30.999Z</time>
      </trkpt>
      <trkpt lat="46.799272" lon="8.693776">
        <ele>1636.185691</ele>
        <time>2026-08-30T10:19:31.999Z</time>
      </trkpt>
      <trkpt lat="46.799272" lon="8.693788">
        <ele>1636.456588</ele>
        <time>2026-08-30T10:19:32.999Z</time>
      </trkpt>
      <trkpt lat="46.799271" lon="8.693798">
        <ele>1636.684732</ele>
        <time>2026-08-30T10:19:33.999Z</time>
      </trkpt>
      <trkpt lat="46.799271" lon="8.693806">
        <ele>1636.865331</ele>
        <time>2026-08-30T10:19:34.999Z</time>
      </trkpt>
      <trkpt lat="46.799270" lon="8.693812">
        <ele>1637.004736</ele>
        <time>2026-08-30T10:19:35.999Z</time>
      </trkpt>
      <trkpt lat="46.799270" lon="8.693816">
        <ele>1637.095035</ele>
        <time>2026-08-30T10:19:36.999Z</time>
      </trkpt>
      <trkpt lat="46.799271" lon="8.693818">
        <ele>1637.150946</ele>
        <time>2026-08-30T10:19:37.999Z</time>
      </trkpt>
      <trkpt lat="46.799271" lon="8.693819">
        <ele>1637.173521</ele>
        <time>2026-08-30T10:19:38.999Z</time>
      </trkpt>
      <trkpt lat="46.799272" lon="8.693820">
        <ele>1637.213485</ele>
        <time>2026-08-30T10:19:39.999Z</time>
      </trkpt>
      <trkpt lat="46.799273" lon="8.693823">
        <ele>1637.288811</ele>
        <time>2026-08-30T10:19:40.999Z</time>
      </trkpt>
      <trkpt lat="46.799274" lon="8.693829">
        <ele>1637.428217</ele>
        <time>2026-08-30T10:19:41.999Z</time>
      </trkpt>
      <trkpt lat="46.799275" lon="8.693836">
        <ele>1637.589644</ele>
        <time>2026-08-30T10:19:42.999Z</time>
      </trkpt>
      <trkpt lat="46.799276" lon="8.693844">
        <ele>1637.773229</ele>
        <time>2026-08-30T10:19:43.999Z</time>
      </trkpt>
      <trkpt lat="46.799277" lon="8.693853">
        <ele>1637.979061</ele>
        <time>2026-08-30T10:19:44.999Z</time>
      </trkpt>
      <trkpt lat="46.799278" lon="8.693860">
        <ele>1638.140489</ele>
        <time>2026-08-30T10:19:45.999Z</time>
      </trkpt>
      <trkpt lat="46.799279" lon="8.693866">
        <ele>1638.279894</ele>
        <time>2026-08-30T10:19:46.999Z</time>
      </trkpt>
      <trkpt lat="46.799280" lon="8.693871">
        <ele>1638.397487</ele>
        <time>2026-08-30T10:19:47.999Z</time>
      </trkpt>
      <trkpt lat="46.799280" lon="8.693875">
        <ele>1638.487786</ele>
        <time>2026-08-30T10:19:48.999Z</time>
      </trkpt>
      <trkpt lat="46.799279" lon="8.693878">
        <ele>1638.563112</ele>
        <time>2026-08-30T10:19:49.999Z</time>
      </trkpt>
      <trkpt lat="46.799277" lon="8.693882">
        <ele>1638.674933</ele>
        <time>2026-08-30T10:19:50.999Z</time>
      </trkpt>
      <trkpt lat="46.799276" lon="8.693887">
        <ele>1638.792526</ele>
        <time>2026-08-30T10:19:51.999Z</time>
      </trkpt>
      <trkpt lat="46.799276" lon="8.693892">
        <ele>1638.905400</ele>
        <time>2026-08-30T10:19:52.999Z</time>
      </trkpt>
      <trkpt lat="46.799277" lon="8.693896">
        <ele>1639.001532</ele>
        <time>2026-08-30T10:19:53.999Z</time>
      </trkpt>
      <trkpt lat="46.799278" lon="8.693900">
        <ele>1639.097665</ele>
        <time>2026-08-30T10:19:54.999Z</time>
      </trkpt>
      <trkpt lat="46.799279" lon="8.693902">
        <ele>1639.153575</ele>
        <time>2026-08-30T10:19:55.999Z</time>
      </trkpt>
      <trkpt lat="46.799279" lon="8.693902">
        <ele>1639.153575</ele>
        <time>2026-08-30T10:19:56.999Z</time>
      </trkpt>
      <trkpt lat="46.799280" lon="8.693901">
        <ele>1639.193539</ele>
        <time>2026-08-30T10:19:57.999Z</time>
      </trkpt>
      <trkpt lat="46.799280" lon="8.693899">
        <ele>1639.238689</ele>
        <time>2026-08-30T10:19:58.999Z</time>
      </trkpt>
      <trkpt lat="46.799281" lon="8.693896">
        <ele>1639.314015</ele>
        <time>2026-08-30T10:19:59.999Z</time>
      </trkpt>
      <trkpt lat="46.799282" lon="8.693892">
        <ele>1639.410148</ele>
        <time>2026-08-30T10:20:00.999Z</time>
      </trkpt>
      <trkpt lat="46.799282" lon="8.693890">
        <ele>1639.455297</ele>
        <time>2026-08-30T10:20:01.999Z</time>
      </trkpt>
      <trkpt lat="46.799283" lon="8.693888">
        <ele>1639.511208</ele>
        <time>2026-08-30T10:20:02.999Z</time>
      </trkpt>
      <trkpt lat="46.799283" lon="8.693886">
        <ele>1639.556358</ele>
        <time>2026-08-30T10:20:03.999Z</time>
      </trkpt>
      <trkpt lat="46.799282" lon="8.693885">
        <ele>1639.596321</ele>
        <time>2026-08-30T10:20:04.999Z</time>
      </trkpt>
      <trkpt lat="46.799281" lon="8.693884">
        <ele>1639.636285</ele>
        <time>2026-08-30T10:20:05.999Z</time>
      </trkpt>
      <trkpt lat="46.799280" lon="8.693884">
        <ele>1639.669263</ele>
        <time>2026-08-30T10:20:06.999Z</time>
      </trkpt>
      <trkpt lat="46.799278" lon="8.693884">
        <ele>1639.735217</ele>
        <time>2026-08-30T10:20:07.999Z</time>
      </trkpt>
      <trkpt lat="46.799276" lon="8.693885">
        <ele>1639.804928</ele>
        <time>2026-08-30T10:20:08.999Z</time>
      </trkpt>
      <trkpt lat="46.799274" lon="8.693887">
        <ele>1639.884856</ele>
        <time>2026-08-30T10:20:09.999Z</time>
      </trkpt>
      <trkpt lat="46.799272" lon="8.693887">
        <ele>1639.950811</ele>
        <time>2026-08-30T10:20:10.999Z</time>
      </trkpt>
      <trkpt lat="46.799271" lon="8.693887">
        <ele>1639.983788</ele>
        <time>2026-08-30T10:20:11.999Z</time>
      </trkpt>
      <trkpt lat="46.799271" lon="8.693887">
        <ele>1639.983788</ele>
        <time>2026-08-30T10:20:12.999Z</time>
      </trkpt>
      <trkpt lat="46.799270" lon="8.693886">
        <ele>1640.023752</ele>
        <time>2026-08-30T10:20:13.999Z</time>
      </trkpt>
      <trkpt lat="46.799270" lon="8.693886">
        <ele>1640.023752</ele>
        <time>2026-08-30T10:20:14.999Z</time>
      </trkpt>
      <trkpt lat="46.799269" lon="8.693886">
        <ele>1640.056729</ele>
        <time>2026-08-30T10:20:15.999Z</time>
      </trkpt>
      <trkpt lat="46.799269" lon="8.693886">
        <ele>1640.056729</ele>
        <time>2026-08-30T10:20:16.999Z</time>
      </trkpt>
      <trkpt lat="46.799269" lon="8.693886">
        <ele>1640.056729</ele>
        <time>2026-08-30T10:20:17.999Z</time>
      </trkpt>
      <trkpt lat="46.799269" lon="8.693886">
        <ele>1640.056729</ele>
        <time>2026-08-30T10:20:18.999Z</time>
      </trkpt>
      <trkpt lat="46.799268" lon="8.693889">
        <ele>1640.132056</ele>
        <time>2026-08-30T10:20:19.999Z</time>
      </trkpt>
      <trkpt lat="46.799268" lon="8.693891">
        <ele>1640.177205</ele>
        <time>2026-08-30T10:20:20.999Z</time>
      </trkpt>
      <trkpt lat="46.799269" lon="8.693890">
        <ele>1640.217169</ele>
        <time>2026-08-30T10:20:21.999Z</time>
      </trkpt>
      <trkpt lat="46.799269" lon="8.693888">
        <ele>1640.262319</ele>
        <time>2026-08-30T10:20:22.999Z</time>
      </trkpt>
      <trkpt lat="46.799270" lon="8.693887">
        <ele>1640.302283</ele>
        <time>2026-08-30T10:20:23.999Z</time>
      </trkpt>
      <trkpt lat="46.799270" lon="8.693886">
        <ele>1640.324858</ele>
        <time>2026-08-30T10:20:24.999Z</time>
      </trkpt>
      <trkpt lat="46.799271" lon="8.693886">
        <ele>1640.357835</ele>
        <time>2026-08-30T10:20:25.999Z</time>
      </trkpt>
      <trkpt lat="46.799270" lon="8.693887">
        <ele>1640.397799</ele>
        <time>2026-08-30T10:20:26.999Z</time>
      </trkpt>
      <trkpt lat="46.799270" lon="8.693887">
        <ele>1640.397799</ele>
        <time>2026-08-30T10:20:27.999Z</time>
      </trkpt>
      <trkpt lat="46.799270" lon="8.693889">
        <ele>1640.442949</ele>
        <time>2026-08-30T10:20:28.999Z</time>
      </trkpt>
      <trkpt lat="46.799270" lon="8.693891">
        <ele>1640.488098</ele>
        <time>2026-08-30T10:20:29.999Z</time>
      </trkpt>
      <trkpt lat="46.799269" lon="8.693894">
        <ele>1640.563425</ele>
        <time>2026-08-30T10:20:30.999Z</time>
      </trkpt>
      <trkpt lat="46.799268" lon="8.693895">
        <ele>1640.603389</ele>
        <time>2026-08-30T10:20:31.999Z</time>
      </trkpt>
      <trkpt lat="46.799268" lon="8.693894">
        <ele>1640.625964</ele>
        <time>2026-08-30T10:20:32.999Z</time>
      </trkpt>
      <trkpt lat="46.799267" lon="8.693893">
        <ele>1640.665928</ele>
        <time>2026-08-30T10:20:33.999Z</time>
      </trkpt>
      <trkpt lat="46.799267" lon="8.693892">
        <ele>1640.688502</ele>
        <time>2026-08-30T10:20:34.999Z</time>
      </trkpt>
      <trkpt lat="46.799266" lon="8.693890">
        <ele>1640.744413</ele>
        <time>2026-08-30T10:20:35.999Z</time>
      </trkpt>
      <trkpt lat="46.799266" lon="8.693889">
        <ele>1640.766988</ele>
        <time>2026-08-30T10:20:36.999Z</time>
      </trkpt>
      <trkpt lat="46.799266" lon="8.693888">
        <ele>1640.789563</ele>
        <time>2026-08-30T10:20:37.999Z</time>
      </trkpt>
      <trkpt lat="46.799266" lon="8.693887">
        <ele>1640.812137</ele>
        <time>2026-08-30T10:20:38.999Z</time>
      </trkpt>
      <trkpt lat="46.799266" lon="8.693886">
        <ele>1640.834712</ele>
        <time>2026-08-30T10:20:39.999Z</time>
      </trkpt>
      <trkpt lat="46.799265" lon="8.693885">
        <ele>1640.874676</ele>
        <time>2026-08-30T10:20:40.999Z</time>
      </trkpt>
      <trkpt lat="46.799265" lon="8.693885">
        <ele>1640.874676</ele>
        <time>2026-08-30T10:20:41.999Z</time>
      </trkpt>
      <trkpt lat="46.799265" lon="8.693883">
        <ele>1640.919826</ele>
        <time>2026-08-30T10:20:42.999Z</time>
      </trkpt>
      <trkpt lat="46.799265" lon="8.693882">
        <ele>1640.942400</ele>
        <time>2026-08-30T10:20:43.999Z</time>
      </trkpt>
      <trkpt lat="46.799266" lon="8.693879">
        <ele>1641.017727</ele>
        <time>2026-08-30T10:20:44.999Z</time>
      </trkpt>
      <trkpt lat="46.799268" lon="8.693876">
        <ele>1641.112261</ele>
        <time>2026-08-30T10:20:45.999Z</time>
      </trkpt>
      <trkpt lat="46.799272" lon="8.693873">
        <ele>1641.260539</ele>
        <time>2026-08-30T10:20:46.999Z</time>
      </trkpt>
      <trkpt lat="46.799276" lon="8.693871">
        <ele>1641.399961</ele>
        <time>2026-08-30T10:20:47.999Z</time>
      </trkpt>
      <trkpt lat="46.799281" lon="8.693870">
        <ele>1641.566386</ele>
        <time>2026-08-30T10:20:48.999Z</time>
      </trkpt>
      <trkpt lat="46.799285" lon="8.693869">
        <ele>1641.700213</ele>
        <time>2026-08-30T10:20:49.999Z</time>
      </trkpt>
      <trkpt lat="46.799289" lon="8.693866">
        <ele>1641.848491</ele>
        <time>2026-08-30T10:20:50.999Z</time>
      </trkpt>
      <trkpt lat="46.799293" lon="8.693862">
        <ele>1642.008347</ele>
        <time>2026-08-30T10:20:51.999Z</time>
      </trkpt>
      <trkpt lat="46.799296" lon="8.693859">
        <ele>1642.128239</ele>
        <time>2026-08-30T10:20:52.999Z</time>
      </trkpt>
      <trkpt lat="46.799299" lon="8.693856">
        <ele>1642.248131</ele>
        <time>2026-08-30T10:20:53.999Z</time>
      </trkpt>
      <trkpt lat="46.799300" lon="8.693855">
        <ele>1642.288095</ele>
        <time>2026-08-30T10:20:54.999Z</time>
      </trkpt>
      <trkpt lat="46.799299" lon="8.693855">
        <ele>1642.321073</ele>
        <time>2026-08-30T10:20:56.000Z</time>
      </trkpt>
      <trkpt lat="46.799298" lon="8.693856">
        <ele>1642.361036</ele>
        <time>2026-08-30T10:20:56.999Z</time>
      </trkpt>
      <trkpt lat="46.799297" lon="8.693857">
        <ele>1642.401000</ele>
        <time>2026-08-30T10:20:57.999Z</time>
      </trkpt>
      <trkpt lat="46.799296" lon="8.693858">
        <ele>1642.440964</ele>
        <time>2026-08-30T10:20:58.999Z</time>
      </trkpt>
      <trkpt lat="46.799296" lon="8.693857">
        <ele>1642.463539</ele>
        <time>2026-08-30T10:20:59.999Z</time>
      </trkpt>
      <trkpt lat="46.799296" lon="8.693856">
        <ele>1642.486114</ele>
        <time>2026-08-30T10:21:00.999Z</time>
      </trkpt>
      <trkpt lat="46.799297" lon="8.693852">
        <ele>1642.582246</ele>
        <time>2026-08-30T10:21:01.999Z</time>
      </trkpt>
      <trkpt lat="46.799299" lon="8.693848">
        <ele>1642.694067</ele>
        <time>2026-08-30T10:21:02.999Z</time>
      </trkpt>
      <trkpt lat="46.799301" lon="8.693845">
        <ele>1642.788601</ele>
        <time>2026-08-30T10:21:03.999Z</time>
      </trkpt>
      <trkpt lat="46.799303" lon="8.693842">
        <ele>1642.883134</ele>
        <time>2026-08-30T10:21:04.999Z</time>
      </trkpt>
      <trkpt lat="46.799306" lon="8.693839">
        <ele>1643.003026</ele>
        <time>2026-08-30T10:21:05.999Z</time>
      </trkpt>
      <trkpt lat="46.799308" lon="8.693836">
        <ele>1643.097560</ele>
        <time>2026-08-30T10:21:06.999Z</time>
      </trkpt>
      <trkpt lat="46.799312" lon="8.693831">
        <ele>1643.271170</ele>
        <time>2026-08-30T10:21:07.999Z</time>
      </trkpt>
      <trkpt lat="46.799317" lon="8.693825">
        <ele>1643.484557</ele>
        <time>2026-08-30T10:21:08.999Z</time>
      </trkpt>
      <trkpt lat="46.799324" lon="8.693815">
        <ele>1643.807434</ele>
        <time>2026-08-30T10:21:09.999Z</time>
      </trkpt>
      <trkpt lat="46.799332" lon="8.693805">
        <ele>1644.154654</ele>
        <time>2026-08-30T10:21:10.999Z</time>
      </trkpt>
      <trkpt lat="46.799337" lon="8.693796">
        <ele>1644.416316</ele>
        <time>2026-08-30T10:21:11.999Z</time>
      </trkpt>
      <trkpt lat="46.799340" lon="8.693791">
        <ele>1644.566409</ele>
        <time>2026-08-30T10:21:12.999Z</time>
      </trkpt>
      <trkpt lat="46.799341" lon="8.693789">
        <ele>1644.622319</ele>
        <time>2026-08-30T10:21:13.999Z</time>
      </trkpt>
      <trkpt lat="46.799343" lon="8.693790">
        <ele>1644.692030</ele>
        <time>2026-08-30T10:21:14.999Z</time>
      </trkpt>
      <trkpt lat="46.799344" lon="8.693793">
        <ele>1644.767357</ele>
        <time>2026-08-30T10:21:15.999Z</time>
      </trkpt>
      <trkpt lat="46.799345" lon="8.693798">
        <ele>1644.884949</ele>
        <time>2026-08-30T10:21:16.999Z</time>
      </trkpt>
      <trkpt lat="46.799348" lon="8.693803">
        <ele>1645.035043</ele>
        <time>2026-08-30T10:21:17.999Z</time>
      </trkpt>
      <trkpt lat="46.799352" lon="8.693809">
        <ele>1645.224109</ele>
        <time>2026-08-30T10:21:18.999Z</time>
      </trkpt>
      <trkpt lat="46.799356" lon="8.693815">
        <ele>1645.413176</ele>
        <time>2026-08-30T10:21:19.999Z</time>
      </trkpt>
      <trkpt lat="46.799359" lon="8.693821">
        <ele>1645.580908</ele>
        <time>2026-08-30T10:21:20.999Z</time>
      </trkpt>
      <trkpt lat="46.799363" lon="8.693827">
        <ele>1645.769975</ele>
        <time>2026-08-30T10:21:22.000Z</time>
      </trkpt>
      <trkpt lat="46.799366" lon="8.693832">
        <ele>1645.920068</ele>
        <time>2026-08-30T10:21:23.000Z</time>
      </trkpt>
      <trkpt lat="46.799368" lon="8.693838">
        <ele>1646.070721</ele>
        <time>2026-08-30T10:21:24.000Z</time>
      </trkpt>
      <trkpt lat="46.799369" lon="8.693844">
        <ele>1646.210126</ele>
        <time>2026-08-30T10:21:25.000Z</time>
      </trkpt>
      <trkpt lat="46.799369" lon="8.693848">
        <ele>1646.300425</ele>
        <time>2026-08-30T10:21:26.000Z</time>
      </trkpt>
      <trkpt lat="46.799369" lon="8.693853">
        <ele>1646.413299</ele>
        <time>2026-08-30T10:21:27.000Z</time>
      </trkpt>
      <trkpt lat="46.799370" lon="8.693858">
        <ele>1646.530891</ele>
        <time>2026-08-30T10:21:28.000Z</time>
      </trkpt>
      <trkpt lat="46.799372" lon="8.693863">
        <ele>1646.661622</ele>
        <time>2026-08-30T10:21:29.000Z</time>
      </trkpt>
      <trkpt lat="46.799375" lon="8.693866">
        <ele>1646.781514</ele>
        <time>2026-08-30T10:21:30.000Z</time>
      </trkpt>
      <trkpt lat="46.799377" lon="8.693869">
        <ele>1646.876047</ele>
        <time>2026-08-30T10:21:31.000Z</time>
      </trkpt>
      <trkpt lat="46.799379" lon="8.693871">
        <ele>1646.955975</ele>
        <time>2026-08-30T10:21:32.000Z</time>
      </trkpt>
      <trkpt lat="46.799380" lon="8.693873">
        <ele>1647.011886</ele>
        <time>2026-08-30T10:21:33.000Z</time>
      </trkpt>
      <trkpt lat="46.799381" lon="8.693876">
        <ele>1647.087212</ele>
        <time>2026-08-30T10:21:34.000Z</time>
      </trkpt>
      <trkpt lat="46.799382" lon="8.693880">
        <ele>1647.183344</ele>
        <time>2026-08-30T10:21:35.000Z</time>
      </trkpt>
      <trkpt lat="46.799383" lon="8.693884">
        <ele>1647.279476</ele>
        <time>2026-08-30T10:21:36.000Z</time>
      </trkpt>
      <trkpt lat="46.799384" lon="8.693889">
        <ele>1647.397069</ele>
        <time>2026-08-30T10:21:37.000Z</time>
      </trkpt>
      <trkpt lat="46.799385" lon="8.693895">
        <ele>1647.536474</ele>
        <time>2026-08-30T10:21:38.000Z</time>
      </trkpt>
      <trkpt lat="46.799384" lon="8.693901">
        <ele>1647.675879</ele>
        <time>2026-08-30T10:21:39.000Z</time>
      </trkpt>
      <trkpt lat="46.799384" lon="8.693909">
        <ele>1647.856477</ele>
        <time>2026-08-30T10:21:40.000Z</time>
      </trkpt>
      <trkpt lat="46.799382" lon="8.693919">
        <ele>1648.091662</ele>
        <time>2026-08-30T10:21:41.000Z</time>
      </trkpt>
      <trkpt lat="46.799379" lon="8.693928">
        <ele>1648.317641</ele>
        <time>2026-08-30T10:21:42.000Z</time>
      </trkpt>
      <trkpt lat="46.799377" lon="8.693937">
        <ele>1648.531251</ele>
        <time>2026-08-30T10:21:43.000Z</time>
      </trkpt>
      <trkpt lat="46.799377" lon="8.693944">
        <ele>1648.689274</ele>
        <time>2026-08-30T10:21:44.000Z</time>
      </trkpt>
      <trkpt lat="46.799378" lon="8.693949">
        <ele>1648.806867</ele>
        <time>2026-08-30T10:21:45.000Z</time>
      </trkpt>
      <trkpt lat="46.799379" lon="8.693953">
        <ele>1648.902999</ele>
        <time>2026-08-30T10:21:46.000Z</time>
      </trkpt>
      <trkpt lat="46.799379" lon="8.693957">
        <ele>1648.993298</ele>
        <time>2026-08-30T10:21:47.000Z</time>
      </trkpt>
      <trkpt lat="46.799380" lon="8.693963">
        <ele>1649.132703</ele>
        <time>2026-08-30T10:21:48.000Z</time>
      </trkpt>
      <trkpt lat="46.799380" lon="8.693970">
        <ele>1649.290726</ele>
        <time>2026-08-30T10:21:49.000Z</time>
      </trkpt>
      <trkpt lat="46.799379" lon="8.693979">
        <ele>1649.496558</ele>
        <time>2026-08-30T10:21:50.000Z</time>
      </trkpt>
      <trkpt lat="46.799378" lon="8.693987">
        <ele>1649.680142</ele>
        <time>2026-08-30T10:21:51.000Z</time>
      </trkpt>
      <trkpt lat="46.799378" lon="8.693991">
        <ele>1649.770441</ele>
        <time>2026-08-30T10:21:52.000Z</time>
      </trkpt>
      <trkpt lat="46.799378" lon="8.693992">
        <ele>1649.793016</ele>
        <time>2026-08-30T10:21:53.000Z</time>
      </trkpt>
      <trkpt lat="46.799379" lon="8.693989">
        <ele>1649.868342</ele>
        <time>2026-08-30T10:21:54.000Z</time>
      </trkpt>
      <trkpt lat="46.799380" lon="8.693987">
        <ele>1649.924253</ele>
        <time>2026-08-30T10:21:55.000Z</time>
      </trkpt>
      <trkpt lat="46.799382" lon="8.693986">
        <ele>1649.993964</ele>
        <time>2026-08-30T10:21:56.000Z</time>
      </trkpt>
      <trkpt lat="46.799383" lon="8.693985">
        <ele>1650.033928</ele>
        <time>2026-08-30T10:21:57.000Z</time>
      </trkpt>
      <trkpt lat="46.799385" lon="8.693985">
        <ele>1650.099882</ele>
        <time>2026-08-30T10:21:58.000Z</time>
      </trkpt>
      <trkpt lat="46.799387" lon="8.693987">
        <ele>1650.179810</ele>
        <time>2026-08-30T10:21:59.000Z</time>
      </trkpt>
      <trkpt lat="46.799389" lon="8.693991">
        <ele>1650.291631</ele>
        <time>2026-08-30T10:22:00.000Z</time>
      </trkpt>
      <trkpt lat="46.799389" lon="8.693996">
        <ele>1650.404505</ele>
        <time>2026-08-30T10:22:01.000Z</time>
      </trkpt>
      <trkpt lat="46.799388" lon="8.694000">
        <ele>1650.500637</ele>
        <time>2026-08-30T10:22:02.000Z</time>
      </trkpt>
      <trkpt lat="46.799387" lon="8.694004">
        <ele>1650.596769</ele>
        <time>2026-08-30T10:22:03.000Z</time>
      </trkpt>
      <trkpt lat="46.799387" lon="8.694011">
        <ele>1650.754792</ele>
        <time>2026-08-30T10:22:04.000Z</time>
      </trkpt>
      <trkpt lat="46.799386" lon="8.694021">
        <ele>1650.982936</ele>
        <time>2026-08-30T10:22:05.000Z</time>
      </trkpt>
      <trkpt lat="46.799385" lon="8.694034">
        <ele>1651.278255</ele>
        <time>2026-08-30T10:22:06.000Z</time>
      </trkpt>
      <trkpt lat="46.799385" lon="8.694046">
        <ele>1651.549152</ele>
        <time>2026-08-30T10:22:07.000Z</time>
      </trkpt>
      <trkpt lat="46.799384" lon="8.694059">
        <ele>1651.844470</ele>
        <time>2026-08-30T10:22:08.000Z</time>
      </trkpt>
      <trkpt lat="46.799384" lon="8.694071">
        <ele>1652.115367</ele>
        <time>2026-08-30T10:22:09.000Z</time>
      </trkpt>
      <trkpt lat="46.799385" lon="8.694078">
        <ele>1652.276795</ele>
        <time>2026-08-30T10:22:10.000Z</time>
      </trkpt>
      <trkpt lat="46.799384" lon="8.694082">
        <ele>1652.372927</ele>
        <time>2026-08-30T10:22:11.000Z</time>
      </trkpt>
      <trkpt lat="46.799381" lon="8.694087">
        <ele>1652.523020</ele>
        <time>2026-08-30T10:22:12.000Z</time>
      </trkpt>
      <trkpt lat="46.799378" lon="8.694094">
        <ele>1652.709457</ele>
        <time>2026-08-30T10:22:13.000Z</time>
      </trkpt>
      <trkpt lat="46.799374" lon="8.694103">
        <ele>1652.951695</ele>
        <time>2026-08-30T10:22:14.000Z</time>
      </trkpt>
      <trkpt lat="46.799371" lon="8.694113">
        <ele>1653.198169</ele>
        <time>2026-08-30T10:22:15.000Z</time>
      </trkpt>
      <trkpt lat="46.799368" lon="8.694122">
        <ele>1653.424149</ele>
        <time>2026-08-30T10:22:16.000Z</time>
      </trkpt>
      <trkpt lat="46.799367" lon="8.694129">
        <ele>1653.585576</ele>
        <time>2026-08-30T10:22:17.000Z</time>
      </trkpt>
      <trkpt lat="46.799368" lon="8.694130">
        <ele>1653.625540</ele>
        <time>2026-08-30T10:22:18.000Z</time>
      </trkpt>
      <trkpt lat="46.799368" lon="8.694130">
        <ele>1653.625540</ele>
        <time>2026-08-30T10:22:19.000Z</time>
      </trkpt>
      <trkpt lat="46.799369" lon="8.694130">
        <ele>1653.658517</ele>
        <time>2026-08-30T10:22:20.000Z</time>
      </trkpt>
      <trkpt lat="46.799369" lon="8.694132">
        <ele>1653.703667</ele>
        <time>2026-08-30T10:22:21.000Z</time>
      </trkpt>
      <trkpt lat="46.799368" lon="8.694137">
        <ele>1653.821259</ele>
        <time>2026-08-30T10:22:22.000Z</time>
      </trkpt>
      <trkpt lat="46.799367" lon="8.694145">
        <ele>1654.004844</ele>
        <time>2026-08-30T10:22:23.000Z</time>
      </trkpt>
      <trkpt lat="46.799366" lon="8.694154">
        <ele>1654.210675</ele>
        <time>2026-08-30T10:22:24.000Z</time>
      </trkpt>
      <trkpt lat="46.799366" lon="8.694163">
        <ele>1654.413848</ele>
        <time>2026-08-30T10:22:25.000Z</time>
      </trkpt>
      <trkpt lat="46.799365" lon="8.694171">
        <ele>1654.597432</ele>
        <time>2026-08-30T10:22:26.000Z</time>
      </trkpt>
      <trkpt lat="46.799365" lon="8.694177">
        <ele>1654.732881</ele>
        <time>2026-08-30T10:22:27.000Z</time>
      </trkpt>
      <trkpt lat="46.799364" lon="8.694180">
        <ele>1654.808207</ele>
        <time>2026-08-30T10:22:28.000Z</time>
      </trkpt>
      <trkpt lat="46.799364" lon="8.694180">
        <ele>1654.808207</ele>
        <time>2026-08-30T10:22:29.000Z</time>
      </trkpt>
      <trkpt lat="46.799363" lon="8.694177">
        <ele>1654.883534</ele>
        <time>2026-08-30T10:22:30.000Z</time>
      </trkpt>
      <trkpt lat="46.799363" lon="8.694173">
        <ele>1654.973833</ele>
        <time>2026-08-30T10:22:31.000Z</time>
      </trkpt>
      <trkpt lat="46.799363" lon="8.694169">
        <ele>1655.064132</ele>
        <time>2026-08-30T10:22:32.000Z</time>
      </trkpt>
      <trkpt lat="46.799364" lon="8.694166">
        <ele>1655.139458</ele>
        <time>2026-08-30T10:22:33.000Z</time>
      </trkpt>
      <trkpt lat="46.799364" lon="8.694164">
        <ele>1655.184608</ele>
        <time>2026-08-30T10:22:34.000Z</time>
      </trkpt>
      <trkpt lat="46.799363" lon="8.694165">
        <ele>1655.224572</ele>
        <time>2026-08-30T10:22:35.000Z</time>
      </trkpt>
      <trkpt lat="46.799362" lon="8.694167">
        <ele>1655.280482</ele>
        <time>2026-08-30T10:22:36.000Z</time>
      </trkpt>
      <trkpt lat="46.799362" lon="8.694172">
        <ele>1655.393356</ele>
        <time>2026-08-30T10:22:37.000Z</time>
      </trkpt>
      <trkpt lat="46.799362" lon="8.694177">
        <ele>1655.506230</ele>
        <time>2026-08-30T10:22:38.000Z</time>
      </trkpt>
      <trkpt lat="46.799361" lon="8.694182">
        <ele>1655.587316</ele>
        <time>2026-08-30T10:22:39.000Z</time>
      </trkpt>
      <trkpt lat="46.799361" lon="8.694185">
        <ele>1655.587316</ele>
        <time>2026-08-30T10:22:40.000Z</time>
      </trkpt>
      <trkpt lat="46.799360" lon="8.694186">
        <ele>1655.587316</ele>
        <time>2026-08-30T10:22:41.000Z</time>
      </trkpt>
      <trkpt lat="46.799359" lon="8.694186">
        <ele>1655.587316</ele>
        <time>2026-08-30T10:22:42.000Z</time>
      </trkpt>
      <trkpt lat="46.799358" lon="8.694186">
        <ele>1655.587316</ele>
        <time>2026-08-30T10:22:43.000Z</time>
      </trkpt>
      <trkpt lat="46.799357" lon="8.694186">
        <ele>1655.587316</ele>
        <time>2026-08-30T10:22:44.000Z</time>
      </trkpt>
      <trkpt lat="46.799355" lon="8.694185">
        <ele>1655.587316</ele>
        <time>2026-08-30T10:22:45.000Z</time>
      </trkpt>
      <trkpt lat="46.799353" lon="8.694182">
        <ele>1655.587316</ele>
        <time>2026-08-30T10:22:46.000Z</time>
      </trkpt>
      <trkpt lat="46.799352" lon="8.694179">
        <ele>1655.587316</ele>
        <time>2026-08-30T10:22:47.000Z</time>
      </trkpt>
      <trkpt lat="46.799351" lon="8.694176">
        <ele>1655.587316</ele>
        <time>2026-08-30T10:22:48.000Z</time>
      </trkpt>
      <trkpt lat="46.799351" lon="8.694175">
        <ele>1655.587316</ele>
        <time>2026-08-30T10:22:49.000Z</time>
      </trkpt>
      <trkpt lat="46.799352" lon="8.694175">
        <ele>1655.587316</ele>
        <time>2026-08-30T10:22:50.000Z</time>
      </trkpt>
      <trkpt lat="46.799354" lon="8.694175">
        <ele>1655.587316</ele>
        <time>2026-08-30T10:22:51.000Z</time>
      </trkpt>
      <trkpt lat="46.799359" lon="8.694174">
        <ele>1655.587316</ele>
        <time>2026-08-30T10:22:52.000Z</time>
      </trkpt>
      <trkpt lat="46.799364" lon="8.694173">
        <ele>1655.587316</ele>
        <time>2026-08-30T10:22:53.000Z</time>
      </trkpt>
      <trkpt lat="46.799366" lon="8.694173">
        <ele>1655.587316</ele>
        <time>2026-08-30T10:22:54.000Z</time>
      </trkpt>
      <trkpt lat="46.799367" lon="8.694173">
        <ele>1655.587316</ele>
        <time>2026-08-30T10:22:55.000Z</time>
      </trkpt>
      <trkpt lat="46.799368" lon="8.694179">
        <ele>1655.587316</ele>
        <time>2026-08-30T10:22:56.000Z</time>
      </trkpt>
      <trkpt lat="46.799368" lon="8.694191">
        <ele>1655.587316</ele>
        <time>2026-08-30T10:22:57.000Z</time>
      </trkpt>
      <trkpt lat="46.799367" lon="8.694208">
        <ele>1655.587316</ele>
        <time>2026-08-30T10:22:58.000Z</time>
      </trkpt>
      <trkpt lat="46.799365" lon="8.694224">
        <ele>1655.587316</ele>
        <time>2026-08-30T10:22:59.000Z</time>
      </trkpt>
      <trkpt lat="46.799363" lon="8.694238">
        <ele>1655.587316</ele>
        <time>2026-08-30T10:23:00.000Z</time>
      </trkpt>
      <trkpt lat="46.799362" lon="8.694252">
        <ele>1655.587316</ele>
        <time>2026-08-30T10:23:01.000Z</time>
      </trkpt>
      <trkpt lat="46.799361" lon="8.694263">
        <ele>1655.587316</ele>
        <time>2026-08-30T10:23:02.000Z</time>
      </trkpt>
      <trkpt lat="46.799360" lon="8.694273">
        <ele>1655.587316</ele>
        <time>2026-08-30T10:23:03.000Z</time>
      </trkpt>
      <trkpt lat="46.799361" lon="8.694282">
        <ele>1655.587316</ele>
        <time>2026-08-30T10:23:04.000Z</time>
      </trkpt>
      <trkpt lat="46.799362" lon="8.694293">
        <ele>1655.587316</ele>
        <time>2026-08-30T10:23:05.000Z</time>
      </trkpt>
      <trkpt lat="46.799363" lon="8.694303">
        <ele>1655.587316</ele>
        <time>2026-08-30T10:23:06.000Z</time>
      </trkpt>
      <trkpt lat="46.799363" lon="8.694310">
        <ele>1655.587316</ele>
        <time>2026-08-30T10:23:07.000Z</time>
      </trkpt>
      <trkpt lat="46.799363" lon="8.694317">
        <ele>1655.587316</ele>
        <time>2026-08-30T10:23:08.000Z</time>
      </trkpt>
      <trkpt lat="46.799363" lon="8.694324">
        <ele>1655.587316</ele>
        <time>2026-08-30T10:23:09.000Z</time>
      </trkpt>
      <trkpt lat="46.799364" lon="8.694331">
        <ele>1655.587316</ele>
        <time>2026-08-30T10:23:10.000Z</time>
      </trkpt>
      <trkpt lat="46.799365" lon="8.694339">
        <ele>1655.587316</ele>
        <time>2026-08-30T10:23:11.000Z</time>
      </trkpt>
      <trkpt lat="46.799367" lon="8.694347">
        <ele>1655.587316</ele>
        <time>2026-08-30T10:23:12.000Z</time>
      </trkpt>
      <trkpt lat="46.799368" lon="8.694354">
        <ele>1655.587316</ele>
        <time>2026-08-30T10:23:13.000Z</time>
      </trkpt>
      <trkpt lat="46.799370" lon="8.694358">
        <ele>1655.587316</ele>
        <time>2026-08-30T10:23:14.000Z</time>
      </trkpt>
      <trkpt lat="46.799370" lon="8.694363">
        <ele>1655.587316</ele>
        <time>2026-08-30T10:23:15.000Z</time>
      </trkpt>
      <trkpt lat="46.799371" lon="8.694369">
        <ele>1655.587316</ele>
        <time>2026-08-30T10:23:16.000Z</time>
      </trkpt>
      <trkpt lat="46.799370" lon="8.694376">
        <ele>1655.587316</ele>
        <time>2026-08-30T10:23:17.000Z</time>
      </trkpt>
      <trkpt lat="46.799369" lon="8.694380">
        <ele>1655.587316</ele>
        <time>2026-08-30T10:23:18.000Z</time>
      </trkpt>
      <trkpt lat="46.799367" lon="8.694381">
        <ele>1655.587316</ele>
        <time>2026-08-30T10:23:19.000Z</time>
      </trkpt>
      <trkpt lat="46.799366" lon="8.694381">
        <ele>1655.587316</ele>
        <time>2026-08-30T10:23:20.000Z</time>
      </trkpt>
      <trkpt lat="46.799366" lon="8.694381">
        <ele>1655.587316</ele>
        <time>2026-08-30T10:23:21.000Z</time>
      </trkpt>
      <trkpt lat="46.799365" lon="8.694380">
        <ele>1655.587316</ele>
        <time>2026-08-30T10:23:22.000Z</time>
      </trkpt>
      <trkpt lat="46.799365" lon="8.694380">
        <ele>1655.587316</ele>
        <time>2026-08-30T10:23:23.000Z</time>
      </trkpt>
      <trkpt lat="46.799365" lon="8.694380">
        <ele>1655.587316</ele>
        <time>2026-08-30T10:23:24.000Z</time>
      </trkpt>
      <trkpt lat="46.799366" lon="8.694380">
        <ele>1655.587316</ele>
        <time>2026-08-30T10:23:25.000Z</time>
      </trkpt>
      <trkpt lat="46.799367" lon="8.694380">
        <ele>1655.587316</ele>
        <time>2026-08-30T10:23:26.000Z</time>
      </trkpt>
      <trkpt lat="46.799368" lon="8.694381">
        <ele>1655.587316</ele>
        <time>2026-08-30T10:23:27.000Z</time>
      </trkpt>
      <trkpt lat="46.799369" lon="8.694383">
        <ele>1655.587316</ele>
        <time>2026-08-30T10:23:28.000Z</time>
      </trkpt>
      <trkpt lat="46.799370" lon="8.694385">
        <ele>1655.587316</ele>
        <time>2026-08-30T10:23:29.000Z</time>
      </trkpt>
      <trkpt lat="46.799370" lon="8.694386">
        <ele>1655.587316</ele>
        <time>2026-08-30T10:23:30.000Z</time>
      </trkpt>
      <trkpt lat="46.799371" lon="8.694385">
        <ele>1655.587316</ele>
        <time>2026-08-30T10:23:31.000Z</time>
      </trkpt>
      <trkpt lat="46.799371" lon="8.694384">
        <ele>1655.587316</ele>
        <time>2026-08-30T10:23:32.000Z</time>
      </trkpt>
      <trkpt lat="46.799371" lon="8.694382">
        <ele>1655.587316</ele>
        <time>2026-08-30T10:23:33.000Z</time>
      </trkpt>
      <trkpt lat="46.799371" lon="8.694380">
        <ele>1655.587316</ele>
        <time>2026-08-30T10:23:34.000Z</time>
      </trkpt>
      <trkpt lat="46.799371" lon="8.694379">
        <ele>1655.587316</ele>
        <time>2026-08-30T10:23:35.000Z</time>
      </trkpt>
      <trkpt lat="46.799371" lon="8.694378">
        <ele>1655.587316</ele>
        <time>2026-08-30T10:23:36.000Z</time>
      </trkpt>
      <trkpt lat="46.799371" lon="8.694377">
        <ele>1655.587316</ele>
        <time>2026-08-30T10:23:37.000Z</time>
      </trkpt>
      <trkpt lat="46.799371" lon="8.694376">
        <ele>1655.587316</ele>
        <time>2026-08-30T10:23:38.000Z</time>
      </trkpt>
      <trkpt lat="46.799371" lon="8.694376">
        <ele>1655.587316</ele>
        <time>2026-08-30T10:23:39.000Z</time>
      </trkpt>
      <trkpt lat="46.799370" lon="8.694376">
        <ele>1655.587316</ele>
        <time>2026-08-30T10:23:40.000Z</time>
      </trkpt>
      <trkpt lat="46.799370" lon="8.694377">
        <ele>1655.587316</ele>
        <time>2026-08-30T10:23:41.000Z</time>
      </trkpt>
      <trkpt lat="46.799369" lon="8.694378">
        <ele>1655.587316</ele>
        <time>2026-08-30T10:23:42.000Z</time>
      </trkpt>
      <trkpt lat="46.799369" lon="8.694378">
        <ele>1655.587316</ele>
        <time>2026-08-30T10:23:43.000Z</time>
      </trkpt>
      <trkpt lat="46.799368" lon="8.694379">
        <ele>1655.587316</ele>
        <time>2026-08-30T10:23:44.000Z</time>
      </trkpt>
      <trkpt lat="46.799367" lon="8.694380">
        <ele>1655.587316</ele>
        <time>2026-08-30T10:23:45.000Z</time>
      </trkpt>
      <trkpt lat="46.799367" lon="8.694381">
        <ele>1655.587316</ele>
        <time>2026-08-30T10:23:46.000Z</time>
      </trkpt>
      <trkpt lat="46.799366" lon="8.694382">
        <ele>1655.587316</ele>
        <time>2026-08-30T10:23:47.000Z</time>
      </trkpt>
      <trkpt lat="46.799365" lon="8.694383">
        <ele>1655.587316</ele>
        <time>2026-08-30T10:23:48.000Z</time>
      </trkpt>
      <trkpt lat="46.799365" lon="8.694383">
        <ele>1655.587316</ele>
        <time>2026-08-30T10:23:49.000Z</time>
      </trkpt>
      <trkpt lat="46.799365" lon="8.694382">
        <ele>1655.587316</ele>
        <time>2026-08-30T10:23:50.000Z</time>
      </trkpt>
      <trkpt lat="46.799366" lon="8.694381">
        <ele>1655.587316</ele>
        <time>2026-08-30T10:23:51.000Z</time>
      </trkpt>
      <trkpt lat="46.799366" lon="8.694381">
        <ele>1655.587316</ele>
        <time>2026-08-30T10:23:52.000Z</time>
      </trkpt>
      <trkpt lat="46.799367" lon="8.694381">
        <ele>1655.587316</ele>
        <time>2026-08-30T10:23:53.000Z</time>
      </trkpt>
      <trkpt lat="46.799367" lon="8.694380">
        <ele>1655.587316</ele>
        <time>2026-08-30T10:23:54.000Z</time>
      </trkpt>
      <trkpt lat="46.799367" lon="8.694380">
        <ele>1655.587316</ele>
        <time>2026-08-30T10:23:55.000Z</time>
      </trkpt>
      <trkpt lat="46.799366" lon="8.694380">
        <ele>1655.587316</ele>
        <time>2026-08-30T10:23:56.000Z</time>
      </trkpt>
      <trkpt lat="46.799366" lon="8.694379">
        <ele>1655.587316</ele>
        <time>2026-08-30T10:23:57.000Z</time>
      </trkpt>
      <trkpt lat="46.799366" lon="8.694379">
        <ele>1655.587316</ele>
        <time>2026-08-30T10:23:58.000Z</time>
      </trkpt>
      <trkpt lat="46.799366" lon="8.694379">
        <ele>1655.587316</ele>
        <time>2026-08-30T10:23:59.000Z</time>
      </trkpt>
      <trkpt lat="46.799367" lon="8.694379">
        <ele>1655.587316</ele>
        <time>2026-08-30T10:24:00.000Z</time>
      </trkpt>
      <trkpt lat="46.799367" lon="8.694381">
        <ele>1655.587316</ele>
        <time>2026-08-30T10:24:01.000Z</time>
      </trkpt>
      <trkpt lat="46.799368" lon="8.694382">
        <ele>1655.587316</ele>
        <time>2026-08-30T10:24:02.000Z</time>
      </trkpt>
      <trkpt lat="46.799368" lon="8.694383">
        <ele>1655.587316</ele>
        <time>2026-08-30T10:24:03.000Z</time>
      </trkpt>
      <trkpt lat="46.799369" lon="8.694383">
        <ele>1655.587316</ele>
        <time>2026-08-30T10:24:04.000Z</time>
      </trkpt>
      <trkpt lat="46.799369" lon="8.694381">
        <ele>1655.587316</ele>
        <time>2026-08-30T10:24:05.000Z</time>
      </trkpt>
      <trkpt lat="46.799371" lon="8.694377">
        <ele>1655.587316</ele>
        <time>2026-08-30T10:24:06.000Z</time>
      </trkpt>
      <trkpt lat="46.799372" lon="8.694371">
        <ele>1655.587316</ele>
        <time>2026-08-30T10:24:07.000Z</time>
      </trkpt>
      <trkpt lat="46.799375" lon="8.694364">
        <ele>1655.587316</ele>
        <time>2026-08-30T10:24:08.000Z</time>
      </trkpt>
      <trkpt lat="46.799378" lon="8.694356">
        <ele>1655.587316</ele>
        <time>2026-08-30T10:24:09.000Z</time>
      </trkpt>
      <trkpt lat="46.799381" lon="8.694349">
        <ele>1655.587316</ele>
        <time>2026-08-30T10:24:10.000Z</time>
      </trkpt>
      <trkpt lat="46.799385" lon="8.694342">
        <ele>1655.587316</ele>
        <time>2026-08-30T10:24:11.000Z</time>
      </trkpt>
      <trkpt lat="46.799389" lon="8.694335">
        <ele>1655.587316</ele>
        <time>2026-08-30T10:24:12.000Z</time>
      </trkpt>
      <trkpt lat="46.799393" lon="8.694329">
        <ele>1655.587316</ele>
        <time>2026-08-30T10:24:13.000Z</time>
      </trkpt>
      <trkpt lat="46.799396" lon="8.694327">
        <ele>1655.587316</ele>
        <time>2026-08-30T10:24:14.000Z</time>
      </trkpt>
      <trkpt lat="46.799397" lon="8.694327">
        <ele>1655.587316</ele>
        <time>2026-08-30T10:24:15.000Z</time>
      </trkpt>
      <trkpt lat="46.799397" lon="8.694329">
        <ele>1655.587316</ele>
        <time>2026-08-30T10:24:16.000Z</time>
      </trkpt>
      <trkpt lat="46.799396" lon="8.694331">
        <ele>1655.587316</ele>
        <time>2026-08-30T10:24:17.000Z</time>
      </trkpt>
      <trkpt lat="46.799396" lon="8.694332">
        <ele>1655.587316</ele>
        <time>2026-08-30T10:24:18.000Z</time>
      </trkpt>
      <trkpt lat="46.799395" lon="8.694332">
        <ele>1655.587316</ele>
        <time>2026-08-30T10:24:19.000Z</time>
      </trkpt>
      <trkpt lat="46.799395" lon="8.694331">
        <ele>1655.587316</ele>
        <time>2026-08-30T10:24:20.000Z</time>
      </trkpt>
      <trkpt lat="46.799396" lon="8.694329">
        <ele>1655.587316</ele>
        <time>2026-08-30T10:24:21.000Z</time>
      </trkpt>
      <trkpt lat="46.799398" lon="8.694325">
        <ele>1655.587316</ele>
        <time>2026-08-30T10:24:22.000Z</time>
      </trkpt>
      <trkpt lat="46.799401" lon="8.694320">
        <ele>1655.587316</ele>
        <time>2026-08-30T10:24:23.000Z</time>
      </trkpt>
      <trkpt lat="46.799405" lon="8.694315">
        <ele>1655.587316</ele>
        <time>2026-08-30T10:24:24.000Z</time>
      </trkpt>
      <trkpt lat="46.799409" lon="8.694312">
        <ele>1655.587316</ele>
        <time>2026-08-30T10:24:25.000Z</time>
      </trkpt>
      <trkpt lat="46.799411" lon="8.694310">
        <ele>1655.587316</ele>
        <time>2026-08-30T10:24:26.000Z</time>
      </trkpt>
      <trkpt lat="46.799412" lon="8.694309">
        <ele>1655.587316</ele>
        <time>2026-08-30T10:24:27.000Z</time>
      </trkpt>
      <trkpt lat="46.799413" lon="8.694307">
        <ele>1655.587316</ele>
        <time>2026-08-30T10:24:28.000Z</time>
      </trkpt>
      <trkpt lat="46.799414" lon="8.694306">
        <ele>1655.587316</ele>
        <time>2026-08-30T10:24:29.000Z</time>
      </trkpt>
      <trkpt lat="46.799416" lon="8.694303">
        <ele>1655.587316</ele>
        <time>2026-08-30T10:24:30.000Z</time>
      </trkpt>
      <trkpt lat="46.799419" lon="8.694301">
        <ele>1655.587316</ele>
        <time>2026-08-30T10:24:31.000Z</time>
      </trkpt>
      <trkpt lat="46.799422" lon="8.694298">
        <ele>1655.587316</ele>
        <time>2026-08-30T10:24:32.000Z</time>
      </trkpt>
      <trkpt lat="46.799424" lon="8.694294">
        <ele>1655.587316</ele>
        <time>2026-08-30T10:24:33.000Z</time>
      </trkpt>
      <trkpt lat="46.799426" lon="8.694289">
        <ele>1655.587316</ele>
        <time>2026-08-30T10:24:34.000Z</time>
      </trkpt>
      <trkpt lat="46.799428" lon="8.694284">
        <ele>1655.587316</ele>
        <time>2026-08-30T10:24:35.000Z</time>
      </trkpt>
      <trkpt lat="46.799430" lon="8.694279">
        <ele>1655.587316</ele>
        <time>2026-08-30T10:24:36.000Z</time>
      </trkpt>
      <trkpt lat="46.799432" lon="8.694275">
        <ele>1655.587316</ele>
        <time>2026-08-30T10:24:37.000Z</time>
      </trkpt>
      <trkpt lat="46.799435" lon="8.694271">
        <ele>1655.587316</ele>
        <time>2026-08-30T10:24:38.000Z</time>
      </trkpt>
      <trkpt lat="46.799438" lon="8.694267">
        <ele>1655.587316</ele>
        <time>2026-08-30T10:24:39.000Z</time>
      </trkpt>
      <trkpt lat="46.799441" lon="8.694263">
        <ele>1655.587316</ele>
        <time>2026-08-30T10:24:40.000Z</time>
      </trkpt>
      <trkpt lat="46.799444" lon="8.694259">
        <ele>1655.587316</ele>
        <time>2026-08-30T10:24:41.000Z</time>
      </trkpt>
      <trkpt lat="46.799447" lon="8.694255">
        <ele>1655.587316</ele>
        <time>2026-08-30T10:24:42.000Z</time>
      </trkpt>
      <trkpt lat="46.799449" lon="8.694250">
        <ele>1655.587316</ele>
        <time>2026-08-30T10:24:43.000Z</time>
      </trkpt>
      <trkpt lat="46.799452" lon="8.694244">
        <ele>1655.587316</ele>
        <time>2026-08-30T10:24:44.000Z</time>
      </trkpt>
      <trkpt lat="46.799454" lon="8.694239">
        <ele>1655.587316</ele>
        <time>2026-08-30T10:24:45.000Z</time>
      </trkpt>
      <trkpt lat="46.799456" lon="8.694237">
        <ele>1655.587316</ele>
        <time>2026-08-30T10:24:46.000Z</time>
      </trkpt>
      <trkpt lat="46.799457" lon="8.694238">
        <ele>1655.587316</ele>
        <time>2026-08-30T10:24:47.000Z</time>
      </trkpt>
      <trkpt lat="46.799458" lon="8.694240">
        <ele>1655.587316</ele>
        <time>2026-08-30T10:24:48.000Z</time>
      </trkpt>
      <trkpt lat="46.799458" lon="8.694241">
        <ele>1655.587316</ele>
        <time>2026-08-30T10:24:49.000Z</time>
      </trkpt>
      <trkpt lat="46.799460" lon="8.694245">
        <ele>1655.587316</ele>
        <time>2026-08-30T10:24:50.000Z</time>
      </trkpt>
      <trkpt lat="46.799463" lon="8.694251">
        <ele>1655.587316</ele>
        <time>2026-08-30T10:24:51.000Z</time>
      </trkpt>
      <trkpt lat="46.799467" lon="8.694260">
        <ele>1655.587316</ele>
        <time>2026-08-30T10:24:52.000Z</time>
      </trkpt>
      <trkpt lat="46.799471" lon="8.694269">
        <ele>1655.587316</ele>
        <time>2026-08-30T10:24:53.000Z</time>
      </trkpt>
      <trkpt lat="46.799473" lon="8.694274">
        <ele>1655.587316</ele>
        <time>2026-08-30T10:24:54.000Z</time>
      </trkpt>
      <trkpt lat="46.799474" lon="8.694277">
        <ele>1655.587316</ele>
        <time>2026-08-30T10:24:55.000Z</time>
      </trkpt>
      <trkpt lat="46.799474" lon="8.694281">
        <ele>1655.587316</ele>
        <time>2026-08-30T10:24:56.000Z</time>
      </trkpt>
      <trkpt lat="46.799473" lon="8.694286">
        <ele>1655.587316</ele>
        <time>2026-08-30T10:24:57.000Z</time>
      </trkpt>
      <trkpt lat="46.799474" lon="8.694296">
        <ele>1655.587316</ele>
        <time>2026-08-30T10:24:58.000Z</time>
      </trkpt>
      <trkpt lat="46.799474" lon="8.694310">
        <ele>1655.587316</ele>
        <time>2026-08-30T10:24:59.000Z</time>
      </trkpt>
      <trkpt lat="46.799475" lon="8.694323">
        <ele>1655.587316</ele>
        <time>2026-08-30T10:25:00.000Z</time>
      </trkpt>
      <trkpt lat="46.799475" lon="8.694335">
        <ele>1655.587316</ele>
        <time>2026-08-30T10:25:01.000Z</time>
      </trkpt>
      <trkpt lat="46.799476" lon="8.694344">
        <ele>1655.587316</ele>
        <time>2026-08-30T10:25:02.000Z</time>
      </trkpt>
      <trkpt lat="46.799476" lon="8.694352">
        <ele>1655.587316</ele>
        <time>2026-08-30T10:25:03.000Z</time>
      </trkpt>
      <trkpt lat="46.799477" lon="8.694361">
        <ele>1655.587316</ele>
        <time>2026-08-30T10:25:04.000Z</time>
      </trkpt>
      <trkpt lat="46.799477" lon="8.694371">
        <ele>1655.587316</ele>
        <time>2026-08-30T10:25:05.000Z</time>
      </trkpt>
      <trkpt lat="46.799478" lon="8.694381">
        <ele>1655.587316</ele>
        <time>2026-08-30T10:25:06.000Z</time>
      </trkpt>
      <trkpt lat="46.799478" lon="8.694389">
        <ele>1655.587316</ele>
        <time>2026-08-30T10:25:07.000Z</time>
      </trkpt>
      <trkpt lat="46.799478" lon="8.694391">
        <ele>1655.587316</ele>
        <time>2026-08-30T10:25:08.000Z</time>
      </trkpt>
      <trkpt lat="46.799479" lon="8.694391">
        <ele>1655.587316</ele>
        <time>2026-08-30T10:25:09.000Z</time>
      </trkpt>
      <trkpt lat="46.799480" lon="8.694389">
        <ele>1655.587316</ele>
        <time>2026-08-30T10:25:10.000Z</time>
      </trkpt>
      <trkpt lat="46.799481" lon="8.694389">
        <ele>1655.587316</ele>
        <time>2026-08-30T10:25:11.000Z</time>
      </trkpt>
      <trkpt lat="46.799482" lon="8.694390">
        <ele>1655.587316</ele>
        <time>2026-08-30T10:25:12.000Z</time>
      </trkpt>
      <trkpt lat="46.799484" lon="8.694395">
        <ele>1655.587316</ele>
        <time>2026-08-30T10:25:13.000Z</time>
      </trkpt>
      <trkpt lat="46.799485" lon="8.694402">
        <ele>1655.587316</ele>
        <time>2026-08-30T10:25:14.000Z</time>
      </trkpt>
      <trkpt lat="46.799485" lon="8.694410">
        <ele>1655.587316</ele>
        <time>2026-08-30T10:25:15.000Z</time>
      </trkpt>
      <trkpt lat="46.799485" lon="8.694416">
        <ele>1655.587316</ele>
        <time>2026-08-30T10:25:16.000Z</time>
      </trkpt>
      <trkpt lat="46.799484" lon="8.694423">
        <ele>1655.587316</ele>
        <time>2026-08-30T10:25:17.000Z</time>
      </trkpt>
      <trkpt lat="46.799484" lon="8.694431">
        <ele>1655.587316</ele>
        <time>2026-08-30T10:25:18.000Z</time>
      </trkpt>
      <trkpt lat="46.799484" lon="8.694437">
        <ele>1655.587316</ele>
        <time>2026-08-30T10:25:19.000Z</time>
      </trkpt>
      <trkpt lat="46.799484" lon="8.694445">
        <ele>1655.587316</ele>
        <time>2026-08-30T10:25:20.000Z</time>
      </trkpt>
      <trkpt lat="46.799483" lon="8.694451">
        <ele>1655.587316</ele>
        <time>2026-08-30T10:25:21.000Z</time>
      </trkpt>
      <trkpt lat="46.799482" lon="8.694457">
        <ele>1655.587316</ele>
        <time>2026-08-30T10:25:22.000Z</time>
      </trkpt>
      <trkpt lat="46.799482" lon="8.694460">
        <ele>1655.587316</ele>
        <time>2026-08-30T10:25:23.000Z</time>
      </trkpt>
      <trkpt lat="46.799482" lon="8.694464">
        <ele>1655.587316</ele>
        <time>2026-08-30T10:25:24.000Z</time>
      </trkpt>
      <trkpt lat="46.799481" lon="8.694472">
        <ele>1655.587316</ele>
        <time>2026-08-30T10:25:25.000Z</time>
      </trkpt>
      <trkpt lat="46.799479" lon="8.694481">
        <ele>1655.587316</ele>
        <time>2026-08-30T10:25:26.000Z</time>
      </trkpt>
      <trkpt lat="46.799478" lon="8.694489">
        <ele>1655.587316</ele>
        <time>2026-08-30T10:25:27.000Z</time>
      </trkpt>
      <trkpt lat="46.799478" lon="8.694494">
        <ele>1655.587316</ele>
        <time>2026-08-30T10:25:28.000Z</time>
      </trkpt>
      <trkpt lat="46.799479" lon="8.694495">
        <ele>1655.587316</ele>
        <time>2026-08-30T10:25:29.000Z</time>
      </trkpt>
      <trkpt lat="46.799480" lon="8.694496">
        <ele>1655.587316</ele>
        <time>2026-08-30T10:25:30.000Z</time>
      </trkpt>
      <trkpt lat="46.799482" lon="8.694495">
        <ele>1655.587316</ele>
        <time>2026-08-30T10:25:31.000Z</time>
      </trkpt>
      <trkpt lat="46.799483" lon="8.694495">
        <ele>1655.587316</ele>
        <time>2026-08-30T10:25:32.000Z</time>
      </trkpt>
      <trkpt lat="46.799484" lon="8.694494">
        <ele>1655.587316</ele>
        <time>2026-08-30T10:25:33.000Z</time>
      </trkpt>
      <trkpt lat="46.799485" lon="8.694494">
        <ele>1655.587316</ele>
        <time>2026-08-30T10:25:34.000Z</time>
      </trkpt>
      <trkpt lat="46.799485" lon="8.694495">
        <ele>1655.587316</ele>
        <time>2026-08-30T10:25:35.000Z</time>
      </trkpt>
      <trkpt lat="46.799486" lon="8.694498">
        <ele>1655.587316</ele>
        <time>2026-08-30T10:25:36.000Z</time>
      </trkpt>
      <trkpt lat="46.799487" lon="8.694501">
        <ele>1655.587316</ele>
        <time>2026-08-30T10:25:37.000Z</time>
      </trkpt>
      <trkpt lat="46.799489" lon="8.694504">
        <ele>1655.587316</ele>
        <time>2026-08-30T10:25:38.000Z</time>
      </trkpt>
      <trkpt lat="46.799490" lon="8.694506">
        <ele>1655.587316</ele>
        <time>2026-08-30T10:25:39.000Z</time>
      </trkpt>
      <trkpt lat="46.799491" lon="8.694508">
        <ele>1655.587316</ele>
        <time>2026-08-30T10:25:40.000Z</time>
      </trkpt>
      <trkpt lat="46.799492" lon="8.694510">
        <ele>1655.587316</ele>
        <time>2026-08-30T10:25:41.000Z</time>
      </trkpt>
      <trkpt lat="46.799492" lon="8.694513">
        <ele>1655.587316</ele>
        <time>2026-08-30T10:25:42.000Z</time>
      </trkpt>
      <trkpt lat="46.799491" lon="8.694515">
        <ele>1655.587316</ele>
        <time>2026-08-30T10:25:43.000Z</time>
      </trkpt>
      <trkpt lat="46.799489" lon="8.694515">
        <ele>1655.587316</ele>
        <time>2026-08-30T10:25:44.000Z</time>
      </trkpt>
      <trkpt lat="46.799486" lon="8.694515">
        <ele>1655.587316</ele>
        <time>2026-08-30T10:25:45.000Z</time>
      </trkpt>
      <trkpt lat="46.799484" lon="8.694512">
        <ele>1655.587316</ele>
        <time>2026-08-30T10:25:46.000Z</time>
      </trkpt>
      <trkpt lat="46.799483" lon="8.694507">
        <ele>1655.587316</ele>
        <time>2026-08-30T10:25:47.000Z</time>
      </trkpt>
      <trkpt lat="46.799483" lon="8.694501">
        <ele>1655.587316</ele>
        <time>2026-08-30T10:25:48.000Z</time>
      </trkpt>
      <trkpt lat="46.799484" lon="8.694492">
        <ele>1655.587316</ele>
        <time>2026-08-30T10:25:49.000Z</time>
      </trkpt>
      <trkpt lat="46.799486" lon="8.694483">
        <ele>1655.587316</ele>
        <time>2026-08-30T10:25:50.000Z</time>
      </trkpt>
      <trkpt lat="46.799489" lon="8.694474">
        <ele>1655.587316</ele>
        <time>2026-08-30T10:25:51.000Z</time>
      </trkpt>
      <trkpt lat="46.799493" lon="8.694467">
        <ele>1655.587316</ele>
        <time>2026-08-30T10:25:52.000Z</time>
      </trkpt>
      <trkpt lat="46.799495" lon="8.694462">
        <ele>1655.587316</ele>
        <time>2026-08-30T10:25:53.000Z</time>
      </trkpt>
      <trkpt lat="46.799496" lon="8.694458">
        <ele>1655.587316</ele>
        <time>2026-08-30T10:25:54.000Z</time>
      </trkpt>
      <trkpt lat="46.799498" lon="8.694456">
        <ele>1655.587316</ele>
        <time>2026-08-30T10:25:55.000Z</time>
      </trkpt>
      <trkpt lat="46.799499" lon="8.694454">
        <ele>1655.587316</ele>
        <time>2026-08-30T10:25:56.000Z</time>
      </trkpt>
      <trkpt lat="46.799503" lon="8.694449">
        <ele>1655.587316</ele>
        <time>2026-08-30T10:25:57.000Z</time>
      </trkpt>
      <trkpt lat="46.799508" lon="8.694443">
        <ele>1655.587316</ele>
        <time>2026-08-30T10:25:58.000Z</time>
      </trkpt>
      <trkpt lat="46.799514" lon="8.694435">
        <ele>1655.587316</ele>
        <time>2026-08-30T10:25:59.000Z</time>
      </trkpt>
      <trkpt lat="46.799520" lon="8.694427">
        <ele>1655.587316</ele>
        <time>2026-08-30T10:26:00.000Z</time>
      </trkpt>
      <trkpt lat="46.799526" lon="8.694418">
        <ele>1655.587316</ele>
        <time>2026-08-30T10:26:01.000Z</time>
      </trkpt>
      <trkpt lat="46.799532" lon="8.694409">
        <ele>1655.587316</ele>
        <time>2026-08-30T10:26:02.000Z</time>
      </trkpt>
      <trkpt lat="46.799536" lon="8.694399">
        <ele>1655.587316</ele>
        <time>2026-08-30T10:26:03.000Z</time>
      </trkpt>
      <trkpt lat="46.799540" lon="8.694389">
        <ele>1655.587316</ele>
        <time>2026-08-30T10:26:04.000Z</time>
      </trkpt>
      <trkpt lat="46.799543" lon="8.694380">
        <ele>1655.587316</ele>
        <time>2026-08-30T10:26:05.000Z</time>
      </trkpt>
      <trkpt lat="46.799546" lon="8.694371">
        <ele>1655.587316</ele>
        <time>2026-08-30T10:26:06.000Z</time>
      </trkpt>
      <trkpt lat="46.799551" lon="8.694364">
        <ele>1655.587316</ele>
        <time>2026-08-30T10:26:07.000Z</time>
      </trkpt>
      <trkpt lat="46.799556" lon="8.694357">
        <ele>1655.587316</ele>
        <time>2026-08-30T10:26:08.000Z</time>
      </trkpt>
      <trkpt lat="46.799560" lon="8.694351">
        <ele>1655.587316</ele>
        <time>2026-08-30T10:26:09.000Z</time>
      </trkpt>
      <trkpt lat="46.799564" lon="8.694345">
        <ele>1655.587316</ele>
        <time>2026-08-30T10:26:10.000Z</time>
      </trkpt>
      <trkpt lat="46.799566" lon="8.694338">
        <ele>1655.587316</ele>
        <time>2026-08-30T10:26:11.000Z</time>
      </trkpt>
      <trkpt lat="46.799567" lon="8.694331">
        <ele>1655.587316</ele>
        <time>2026-08-30T10:26:12.000Z</time>
      </trkpt>
      <trkpt lat="46.799569" lon="8.694323">
        <ele>1655.587316</ele>
        <time>2026-08-30T10:26:13.000Z</time>
      </trkpt>
      <trkpt lat="46.799572" lon="8.694314">
        <ele>1655.587316</ele>
        <time>2026-08-30T10:26:14.000Z</time>
      </trkpt>
      <trkpt lat="46.799576" lon="8.694304">
        <ele>1655.587316</ele>
        <time>2026-08-30T10:26:15.000Z</time>
      </trkpt>
      <trkpt lat="46.799579" lon="8.694295">
        <ele>1655.587316</ele>
        <time>2026-08-30T10:26:16.000Z</time>
      </trkpt>
      <trkpt lat="46.799583" lon="8.694286">
        <ele>1655.587316</ele>
        <time>2026-08-30T10:26:17.000Z</time>
      </trkpt>
      <trkpt lat="46.799586" lon="8.694278">
        <ele>1655.587316</ele>
        <time>2026-08-30T10:26:18.000Z</time>
      </trkpt>
      <trkpt lat="46.799588" lon="8.694272">
        <ele>1655.587316</ele>
        <time>2026-08-30T10:26:19.000Z</time>
      </trkpt>
      <trkpt lat="46.799590" lon="8.694265">
        <ele>1655.587316</ele>
        <time>2026-08-30T10:26:20.000Z</time>
      </trkpt>
      <trkpt lat="46.799593" lon="8.694258">
        <ele>1655.587316</ele>
        <time>2026-08-30T10:26:21.000Z</time>
      </trkpt>
      <trkpt lat="46.799595" lon="8.694250">
        <ele>1655.587316</ele>
        <time>2026-08-30T10:26:22.000Z</time>
      </trkpt>
      <trkpt lat="46.799596" lon="8.694241">
        <ele>1655.587316</ele>
        <time>2026-08-30T10:26:23.000Z</time>
      </trkpt>
      <trkpt lat="46.799598" lon="8.694231">
        <ele>1655.587316</ele>
        <time>2026-08-30T10:26:24.000Z</time>
      </trkpt>
      <trkpt lat="46.799600" lon="8.694220">
        <ele>1655.587316</ele>
        <time>2026-08-30T10:26:25.000Z</time>
      </trkpt>
      <trkpt lat="46.799603" lon="8.694211">
        <ele>1655.587316</ele>
        <time>2026-08-30T10:26:26.000Z</time>
      </trkpt>
      <trkpt lat="46.799607" lon="8.694203">
        <ele>1655.587316</ele>
        <time>2026-08-30T10:26:27.000Z</time>
      </trkpt>
      <trkpt lat="46.799613" lon="8.694198">
        <ele>1655.587316</ele>
        <time>2026-08-30T10:26:28.000Z</time>
      </trkpt>
      <trkpt lat="46.799618" lon="8.694193">
        <ele>1655.587316</ele>
        <time>2026-08-30T10:26:29.000Z</time>
      </trkpt>
      <trkpt lat="46.799624" lon="8.694187">
        <ele>1655.587316</ele>
        <time>2026-08-30T10:26:30.000Z</time>
      </trkpt>
      <trkpt lat="46.799630" lon="8.694180">
        <ele>1655.587316</ele>
        <time>2026-08-30T10:26:31.000Z</time>
      </trkpt>
      <trkpt lat="46.799636" lon="8.694172">
        <ele>1655.587316</ele>
        <time>2026-08-30T10:26:32.000Z</time>
      </trkpt>
      <trkpt lat="46.799641" lon="8.694161">
        <ele>1655.587316</ele>
        <time>2026-08-30T10:26:33.000Z</time>
      </trkpt>
      <trkpt lat="46.799646" lon="8.694149">
        <ele>1655.587316</ele>
        <time>2026-08-30T10:26:34.000Z</time>
      </trkpt>
      <trkpt lat="46.799649" lon="8.694138">
        <ele>1655.587316</ele>
        <time>2026-08-30T10:26:35.000Z</time>
      </trkpt>
      <trkpt lat="46.799651" lon="8.694129">
        <ele>1655.587316</ele>
        <time>2026-08-30T10:26:36.000Z</time>
      </trkpt>
      <trkpt lat="46.799651" lon="8.694122">
        <ele>1655.587316</ele>
        <time>2026-08-30T10:26:37.000Z</time>
      </trkpt>
      <trkpt lat="46.799652" lon="8.694115">
        <ele>1655.587316</ele>
        <time>2026-08-30T10:26:38.000Z</time>
      </trkpt>
      <trkpt lat="46.799655" lon="8.694108">
        <ele>1655.587316</ele>
        <time>2026-08-30T10:26:39.000Z</time>
      </trkpt>
      <trkpt lat="46.799659" lon="8.694100">
        <ele>1655.587316</ele>
        <time>2026-08-30T10:26:40.000Z</time>
      </trkpt>
      <trkpt lat="46.799662" lon="8.694094">
        <ele>1655.587316</ele>
        <time>2026-08-30T10:26:41.000Z</time>
      </trkpt>
      <trkpt lat="46.799663" lon="8.694092">
        <ele>1655.587316</ele>
        <time>2026-08-30T10:26:42.000Z</time>
      </trkpt>
      <trkpt lat="46.799663" lon="8.694092">
        <ele>1655.587316</ele>
        <time>2026-08-30T10:26:43.000Z</time>
      </trkpt>
      <trkpt lat="46.799664" lon="8.694093">
        <ele>1655.587316</ele>
        <time>2026-08-30T10:26:44.000Z</time>
      </trkpt>
      <trkpt lat="46.799666" lon="8.694094">
        <ele>1655.587316</ele>
        <time>2026-08-30T10:26:45.000Z</time>
      </trkpt>
      <trkpt lat="46.799669" lon="8.694093">
        <ele>1655.587316</ele>
        <time>2026-08-30T10:26:46.000Z</time>
      </trkpt>
      <trkpt lat="46.799672" lon="8.694090">
        <ele>1655.587316</ele>
        <time>2026-08-30T10:26:47.000Z</time>
      </trkpt>
      <trkpt lat="46.799672" lon="8.694088">
        <ele>1655.587316</ele>
        <time>2026-08-30T10:26:48.000Z</time>
      </trkpt>
      <trkpt lat="46.799672" lon="8.694088">
        <ele>1655.587316</ele>
        <time>2026-08-30T10:26:49.000Z</time>
      </trkpt>
      <trkpt lat="46.799672" lon="8.694084">
        <ele>1655.587316</ele>
        <time>2026-08-30T10:26:50.000Z</time>
      </trkpt>
      <trkpt lat="46.799673" lon="8.694077">
        <ele>1655.587316</ele>
        <time>2026-08-30T10:26:51.000Z</time>
      </trkpt>
      <trkpt lat="46.799675" lon="8.694067">
        <ele>1655.587316</ele>
        <time>2026-08-30T10:26:52.000Z</time>
      </trkpt>
      <trkpt lat="46.799678" lon="8.694056">
        <ele>1655.587316</ele>
        <time>2026-08-30T10:26:53.000Z</time>
      </trkpt>
      <trkpt lat="46.799680" lon="8.694043">
        <ele>1655.587316</ele>
        <time>2026-08-30T10:26:54.000Z</time>
      </trkpt>
      <trkpt lat="46.799682" lon="8.694029">
        <ele>1655.587316</ele>
        <time>2026-08-30T10:26:55.000Z</time>
      </trkpt>
      <trkpt lat="46.799684" lon="8.694015">
        <ele>1655.587316</ele>
        <time>2026-08-30T10:26:56.000Z</time>
      </trkpt>
      <trkpt lat="46.799686" lon="8.694003">
        <ele>1655.587316</ele>
        <time>2026-08-30T10:26:57.000Z</time>
      </trkpt>
      <trkpt lat="46.799688" lon="8.693993">
        <ele>1655.587316</ele>
        <time>2026-08-30T10:26:58.000Z</time>
      </trkpt>
      <trkpt lat="46.799689" lon="8.693986">
        <ele>1655.587316</ele>
        <time>2026-08-30T10:26:59.000Z</time>
      </trkpt>
      <trkpt lat="46.799691" lon="8.693980">
        <ele>1655.587316</ele>
        <time>2026-08-30T10:27:00.000Z</time>
      </trkpt>
      <trkpt lat="46.799694" lon="8.693975">
        <ele>1655.587316</ele>
        <time>2026-08-30T10:27:01.000Z</time>
      </trkpt>
      <trkpt lat="46.799697" lon="8.693969">
        <ele>1655.587316</ele>
        <time>2026-08-30T10:27:02.000Z</time>
      </trkpt>
      <trkpt lat="46.799700" lon="8.693965">
        <ele>1655.587316</ele>
        <time>2026-08-30T10:27:03.000Z</time>
      </trkpt>
      <trkpt lat="46.799704" lon="8.693962">
        <ele>1655.587316</ele>
        <time>2026-08-30T10:27:04.000Z</time>
      </trkpt>
      <trkpt lat="46.799707" lon="8.693960">
        <ele>1655.587316</ele>
        <time>2026-08-30T10:27:05.000Z</time>
      </trkpt>
      <trkpt lat="46.799709" lon="8.693958">
        <ele>1655.587316</ele>
        <time>2026-08-30T10:27:06.000Z</time>
      </trkpt>
      <trkpt lat="46.799710" lon="8.693955">
        <ele>1655.587316</ele>
        <time>2026-08-30T10:27:07.000Z</time>
      </trkpt>
      <trkpt lat="46.799710" lon="8.693951">
        <ele>1655.587316</ele>
        <time>2026-08-30T10:27:08.000Z</time>
      </trkpt>
      <trkpt lat="46.799709" lon="8.693944">
        <ele>1655.587316</ele>
        <time>2026-08-30T10:27:09.000Z</time>
      </trkpt>
      <trkpt lat="46.799709" lon="8.693935">
        <ele>1655.587316</ele>
        <time>2026-08-30T10:27:10.000Z</time>
      </trkpt>
      <trkpt lat="46.799711" lon="8.693922">
        <ele>1655.587316</ele>
        <time>2026-08-30T10:27:11.000Z</time>
      </trkpt>
      <trkpt lat="46.799714" lon="8.693908">
        <ele>1655.587316</ele>
        <time>2026-08-30T10:27:12.000Z</time>
      </trkpt>
      <trkpt lat="46.799717" lon="8.693896">
        <ele>1655.587316</ele>
        <time>2026-08-30T10:27:13.000Z</time>
      </trkpt>
      <trkpt lat="46.799719" lon="8.693884">
        <ele>1655.587316</ele>
        <time>2026-08-30T10:27:14.000Z</time>
      </trkpt>
      <trkpt lat="46.799721" lon="8.693869">
        <ele>1655.587316</ele>
        <time>2026-08-30T10:27:15.000Z</time>
      </trkpt>
      <trkpt lat="46.799723" lon="8.693855">
        <ele>1655.587316</ele>
        <time>2026-08-30T10:27:16.000Z</time>
      </trkpt>
      <trkpt lat="46.799726" lon="8.693841">
        <ele>1655.587316</ele>
        <time>2026-08-30T10:27:17.000Z</time>
      </trkpt>
      <trkpt lat="46.799729" lon="8.693828">
        <ele>1655.587316</ele>
        <time>2026-08-30T10:27:18.000Z</time>
      </trkpt>
      <trkpt lat="46.799732" lon="8.693815">
        <ele>1655.587316</ele>
        <time>2026-08-30T10:27:19.000Z</time>
      </trkpt>
      <trkpt lat="46.799735" lon="8.693802">
        <ele>1655.587316</ele>
        <time>2026-08-30T10:27:20.000Z</time>
      </trkpt>
      <trkpt lat="46.799738" lon="8.693789">
        <ele>1655.587316</ele>
        <time>2026-08-30T10:27:21.000Z</time>
      </trkpt>
      <trkpt lat="46.799741" lon="8.693775">
        <ele>1655.587316</ele>
        <time>2026-08-30T10:27:22.000Z</time>
      </trkpt>
      <trkpt lat="46.799743" lon="8.693762">
        <ele>1655.587316</ele>
        <time>2026-08-30T10:27:23.000Z</time>
      </trkpt>
      <trkpt lat="46.799745" lon="8.693750">
        <ele>1655.587316</ele>
        <time>2026-08-30T10:27:24.000Z</time>
      </trkpt>
      <trkpt lat="46.799748" lon="8.693739">
        <ele>1655.587316</ele>
        <time>2026-08-30T10:27:25.000Z</time>
      </trkpt>
      <trkpt lat="46.799751" lon="8.693729">
        <ele>1655.587316</ele>
        <time>2026-08-30T10:27:26.000Z</time>
      </trkpt>
      <trkpt lat="46.799753" lon="8.693721">
        <ele>1655.587316</ele>
        <time>2026-08-30T10:27:27.000Z</time>
      </trkpt>
      <trkpt lat="46.799756" lon="8.693714">
        <ele>1655.587316</ele>
        <time>2026-08-30T10:27:28.000Z</time>
      </trkpt>
      <trkpt lat="46.799758" lon="8.693706">
        <ele>1655.587316</ele>
        <time>2026-08-30T10:27:29.000Z</time>
      </trkpt>
      <trkpt lat="46.799760" lon="8.693696">
        <ele>1655.587316</ele>
        <time>2026-08-30T10:27:30.000Z</time>
      </trkpt>
      <trkpt lat="46.799762" lon="8.693683">
        <ele>1655.587316</ele>
        <time>2026-08-30T10:27:31.000Z</time>
      </trkpt>
      <trkpt lat="46.799763" lon="8.693669">
        <ele>1655.587316</ele>
        <time>2026-08-30T10:27:32.000Z</time>
      </trkpt>
      <trkpt lat="46.799764" lon="8.693658">
        <ele>1655.587316</ele>
        <time>2026-08-30T10:27:33.000Z</time>
      </trkpt>
      <trkpt lat="46.799764" lon="8.693652">
        <ele>1655.587316</ele>
        <time>2026-08-30T10:27:34.000Z</time>
      </trkpt>
      <trkpt lat="46.799763" lon="8.693650">
        <ele>1655.587316</ele>
        <time>2026-08-30T10:27:35.000Z</time>
      </trkpt>
      <trkpt lat="46.799762" lon="8.693651">
        <ele>1655.587316</ele>
        <time>2026-08-30T10:27:36.000Z</time>
      </trkpt>
      <trkpt lat="46.799762" lon="8.693652">
        <ele>1655.587316</ele>
        <time>2026-08-30T10:27:37.000Z</time>
      </trkpt>
      <trkpt lat="46.799762" lon="8.693654">
        <ele>1655.587316</ele>
        <time>2026-08-30T10:27:38.000Z</time>
      </trkpt>
      <trkpt lat="46.799761" lon="8.693656">
        <ele>1655.587316</ele>
        <time>2026-08-30T10:27:39.000Z</time>
      </trkpt>
      <trkpt lat="46.799758" lon="8.693658">
        <ele>1655.587316</ele>
        <time>2026-08-30T10:27:40.000Z</time>
      </trkpt>
      <trkpt lat="46.799756" lon="8.693660">
        <ele>1655.587316</ele>
        <time>2026-08-30T10:27:41.000Z</time>
      </trkpt>
      <trkpt lat="46.799754" lon="8.693662">
        <ele>1655.587316</ele>
        <time>2026-08-30T10:27:42.000Z</time>
      </trkpt>
      <trkpt lat="46.799754" lon="8.693664">
        <ele>1655.587316</ele>
        <time>2026-08-30T10:27:43.000Z</time>
      </trkpt>
      <trkpt lat="46.799756" lon="8.693664">
        <ele>1655.587316</ele>
        <time>2026-08-30T10:27:44.000Z</time>
      </trkpt>
      <trkpt lat="46.799761" lon="8.693663">
        <ele>1655.587316</ele>
        <time>2026-08-30T10:27:45.000Z</time>
      </trkpt>
      <trkpt lat="46.799767" lon="8.693662">
        <ele>1655.587316</ele>
        <time>2026-08-30T10:27:46.000Z</time>
      </trkpt>
      <trkpt lat="46.799772" lon="8.693662">
        <ele>1655.587316</ele>
        <time>2026-08-30T10:27:47.000Z</time>
      </trkpt>
      <trkpt lat="46.799775" lon="8.693661">
        <ele>1655.587316</ele>
        <time>2026-08-30T10:27:48.000Z</time>
      </trkpt>
      <trkpt lat="46.799776" lon="8.693658">
        <ele>1655.587316</ele>
        <time>2026-08-30T10:27:49.000Z</time>
      </trkpt>
      <trkpt lat="46.799776" lon="8.693652">
        <ele>1655.587316</ele>
        <time>2026-08-30T10:27:50.000Z</time>
      </trkpt>
      <trkpt lat="46.799777" lon="8.693647">
        <ele>1655.587316</ele>
        <time>2026-08-30T10:27:51.000Z</time>
      </trkpt>
      <trkpt lat="46.799780" lon="8.693644">
        <ele>1655.587316</ele>
        <time>2026-08-30T10:27:52.000Z</time>
      </trkpt>
      <trkpt lat="46.799782" lon="8.693642">
        <ele>1655.587316</ele>
        <time>2026-08-30T10:27:53.000Z</time>
      </trkpt>
      <trkpt lat="46.799784" lon="8.693640">
        <ele>1655.587316</ele>
        <time>2026-08-30T10:27:54.000Z</time>
      </trkpt>
      <trkpt lat="46.799787" lon="8.693637">
        <ele>1655.587316</ele>
        <time>2026-08-30T10:27:55.000Z</time>
      </trkpt>
      <trkpt lat="46.799790" lon="8.693635">
        <ele>1655.587316</ele>
        <time>2026-08-30T10:27:56.000Z</time>
      </trkpt>
      <trkpt lat="46.799791" lon="8.693633">
        <ele>1655.587316</ele>
        <time>2026-08-30T10:27:57.000Z</time>
      </trkpt>
      <trkpt lat="46.799791" lon="8.693632">
        <ele>1655.587316</ele>
        <time>2026-08-30T10:27:58.000Z</time>
      </trkpt>
      <trkpt lat="46.799790" lon="8.693632">
        <ele>1655.587316</ele>
        <time>2026-08-30T10:27:59.000Z</time>
      </trkpt>
      <trkpt lat="46.799790" lon="8.693633">
        <ele>1655.587316</ele>
        <time>2026-08-30T10:28:00.000Z</time>
      </trkpt>
      <trkpt lat="46.799788" lon="8.693634">
        <ele>1655.587316</ele>
        <time>2026-08-30T10:28:01.000Z</time>
      </trkpt>
      <trkpt lat="46.799787" lon="8.693635">
        <ele>1655.587316</ele>
        <time>2026-08-30T10:28:02.000Z</time>
      </trkpt>
      <trkpt lat="46.799786" lon="8.693636">
        <ele>1655.587316</ele>
        <time>2026-08-30T10:28:03.000Z</time>
      </trkpt>
      <trkpt lat="46.799785" lon="8.693636">
        <ele>1655.587316</ele>
        <time>2026-08-30T10:28:04.000Z</time>
      </trkpt>
      <trkpt lat="46.799786" lon="8.693635">
        <ele>1655.587316</ele>
        <time>2026-08-30T10:28:05.000Z</time>
      </trkpt>
      <trkpt lat="46.799786" lon="8.693634">
        <ele>1655.587316</ele>
        <time>2026-08-30T10:28:06.000Z</time>
      </trkpt>
      <trkpt lat="46.799786" lon="8.693631">
        <ele>1655.587316</ele>
        <time>2026-08-30T10:28:07.000Z</time>
      </trkpt>
      <trkpt lat="46.799786" lon="8.693628">
        <ele>1655.587316</ele>
        <time>2026-08-30T10:28:08.000Z</time>
      </trkpt>
      <trkpt lat="46.799784" lon="8.693626">
        <ele>1655.587316</ele>
        <time>2026-08-30T10:28:09.000Z</time>
      </trkpt>
      <trkpt lat="46.799782" lon="8.693625">
        <ele>1655.587316</ele>
        <time>2026-08-30T10:28:10.000Z</time>
      </trkpt>
      <trkpt lat="46.799780" lon="8.693628">
        <ele>1655.587316</ele>
        <time>2026-08-30T10:28:11.000Z</time>
      </trkpt>
      <trkpt lat="46.799779" lon="8.693631">
        <ele>1655.587316</ele>
        <time>2026-08-30T10:28:12.000Z</time>
      </trkpt>
      <trkpt lat="46.799780" lon="8.693635">
        <ele>1655.587316</ele>
        <time>2026-08-30T10:28:13.000Z</time>
      </trkpt>
      <trkpt lat="46.799781" lon="8.693637">
        <ele>1655.587316</ele>
        <time>2026-08-30T10:28:14.000Z</time>
      </trkpt>
      <trkpt lat="46.799782" lon="8.693638">
        <ele>1655.587316</ele>
        <time>2026-08-30T10:28:15.000Z</time>
      </trkpt>
      <trkpt lat="46.799783" lon="8.693639">
        <ele>1655.587316</ele>
        <time>2026-08-30T10:28:16.000Z</time>
      </trkpt>
      <trkpt lat="46.799784" lon="8.693639">
        <ele>1655.587316</ele>
        <time>2026-08-30T10:28:17.000Z</time>
      </trkpt>
      <trkpt lat="46.799786" lon="8.693639">
        <ele>1655.587316</ele>
        <time>2026-08-30T10:28:18.000Z</time>
      </trkpt>
      <trkpt lat="46.799787" lon="8.693640">
        <ele>1655.587316</ele>
        <time>2026-08-30T10:28:19.000Z</time>
      </trkpt>
      <trkpt lat="46.799788" lon="8.693641">
        <ele>1655.587316</ele>
        <time>2026-08-30T10:28:20.000Z</time>
      </trkpt>
      <trkpt lat="46.799789" lon="8.693643">
        <ele>1655.587316</ele>
        <time>2026-08-30T10:28:21.000Z</time>
      </trkpt>
      <trkpt lat="46.799789" lon="8.693645">
        <ele>1655.587316</ele>
        <time>2026-08-30T10:28:22.000Z</time>
      </trkpt>
      <trkpt lat="46.799787" lon="8.693647">
        <ele>1655.587316</ele>
        <time>2026-08-30T10:28:23.000Z</time>
      </trkpt>
      <trkpt lat="46.799786" lon="8.693649">
        <ele>1655.587316</ele>
        <time>2026-08-30T10:28:24.000Z</time>
      </trkpt>
      <trkpt lat="46.799785" lon="8.693650">
        <ele>1655.587316</ele>
        <time>2026-08-30T10:28:25.000Z</time>
      </trkpt>
      <trkpt lat="46.799785" lon="8.693651">
        <ele>1655.587316</ele>
        <time>2026-08-30T10:28:26.000Z</time>
      </trkpt>
      <trkpt lat="46.799785" lon="8.693651">
        <ele>1655.587316</ele>
        <time>2026-08-30T10:28:27.000Z</time>
      </trkpt>
      <trkpt lat="46.799784" lon="8.693652">
        <ele>1655.587316</ele>
        <time>2026-08-30T10:28:28.000Z</time>
      </trkpt>
      <trkpt lat="46.799783" lon="8.693652">
        <ele>1655.587316</ele>
        <time>2026-08-30T10:28:29.000Z</time>
      </trkpt>
      <trkpt lat="46.799781" lon="8.693652">
        <ele>1655.587316</ele>
        <time>2026-08-30T10:28:30.000Z</time>
      </trkpt>
      <trkpt lat="46.799779" lon="8.693654">
        <ele>1655.587316</ele>
        <time>2026-08-30T10:28:31.000Z</time>
      </trkpt>
      <trkpt lat="46.799777" lon="8.693656">
        <ele>1655.587316</ele>
        <time>2026-08-30T10:28:32.000Z</time>
      </trkpt>
      <trkpt lat="46.799777" lon="8.693660">
        <ele>1655.587316</ele>
        <time>2026-08-30T10:28:33.000Z</time>
      </trkpt>
      <trkpt lat="46.799778" lon="8.693662">
        <ele>1655.587316</ele>
        <time>2026-08-30T10:28:34.000Z</time>
      </trkpt>
      <trkpt lat="46.799780" lon="8.693664">
        <ele>1655.587316</ele>
        <time>2026-08-30T10:28:35.000Z</time>
      </trkpt>
      <trkpt lat="46.799784" lon="8.693666">
        <ele>1655.587316</ele>
        <time>2026-08-30T10:28:36.000Z</time>
      </trkpt>
      <trkpt lat="46.799787" lon="8.693666">
        <ele>1655.587316</ele>
        <time>2026-08-30T10:28:37.000Z</time>
      </trkpt>
      <trkpt lat="46.799789" lon="8.693666">
        <ele>1655.587316</ele>
        <time>2026-08-30T10:28:38.000Z</time>
      </trkpt>
      <trkpt lat="46.799791" lon="8.693665">
        <ele>1655.587316</ele>
        <time>2026-08-30T10:28:39.000Z</time>
      </trkpt>
      <trkpt lat="46.799792" lon="8.693665">
        <ele>1655.587316</ele>
        <time>2026-08-30T10:28:40.000Z</time>
      </trkpt>
      <trkpt lat="46.799792" lon="8.693666">
        <ele>1655.587316</ele>
        <time>2026-08-30T10:28:41.000Z</time>
      </trkpt>
      <trkpt lat="46.799794" lon="8.693667">
        <ele>1655.587316</ele>
        <time>2026-08-30T10:28:42.000Z</time>
      </trkpt>
      <trkpt lat="46.799795" lon="8.693667">
        <ele>1655.587316</ele>
        <time>2026-08-30T10:28:43.000Z</time>
      </trkpt>
      <trkpt lat="46.799795" lon="8.693665">
        <ele>1655.587316</ele>
        <time>2026-08-30T10:28:44.000Z</time>
      </trkpt>
      <trkpt lat="46.799795" lon="8.693660">
        <ele>1655.587316</ele>
        <time>2026-08-30T10:28:45.000Z</time>
      </trkpt>
      <trkpt lat="46.799793" lon="8.693656">
        <ele>1655.587316</ele>
        <time>2026-08-30T10:28:46.000Z</time>
      </trkpt>
      <trkpt lat="46.799790" lon="8.693654">
        <ele>1655.587316</ele>
        <time>2026-08-30T10:28:47.000Z</time>
      </trkpt>
      <trkpt lat="46.799788" lon="8.693653">
        <ele>1655.587316</ele>
        <time>2026-08-30T10:28:48.000Z</time>
      </trkpt>
      <trkpt lat="46.799787" lon="8.693653">
        <ele>1655.587316</ele>
        <time>2026-08-30T10:28:49.000Z</time>
      </trkpt>
      <trkpt lat="46.799787" lon="8.693653">
        <ele>1655.587316</ele>
        <time>2026-08-30T10:28:50.000Z</time>
      </trkpt>
      <trkpt lat="46.799786" lon="8.693654">
        <ele>1655.587316</ele>
        <time>2026-08-30T10:28:51.000Z</time>
      </trkpt>
      <trkpt lat="46.799786" lon="8.693654">
        <ele>1655.587316</ele>
        <time>2026-08-30T10:28:52.000Z</time>
      </trkpt>
      <trkpt lat="46.799786" lon="8.693656">
        <ele>1655.587316</ele>
        <time>2026-08-30T10:28:53.000Z</time>
      </trkpt>
      <trkpt lat="46.799786" lon="8.693657">
        <ele>1655.587316</ele>
        <time>2026-08-30T10:28:54.000Z</time>
      </trkpt>
      <trkpt lat="46.799787" lon="8.693659">
        <ele>1655.587316</ele>
        <time>2026-08-30T10:28:55.000Z</time>
      </trkpt>
      <trkpt lat="46.799788" lon="8.693661">
        <ele>1655.587316</ele>
        <time>2026-08-30T10:28:56.000Z</time>
      </trkpt>
      <trkpt lat="46.799788" lon="8.693662">
        <ele>1655.587316</ele>
        <time>2026-08-30T10:28:57.000Z</time>
      </trkpt>
      <trkpt lat="46.799789" lon="8.693663">
        <ele>1655.587316</ele>
        <time>2026-08-30T10:28:58.000Z</time>
      </trkpt>
      <trkpt lat="46.799789" lon="8.693664">
        <ele>1655.587316</ele>
        <time>2026-08-30T10:28:59.000Z</time>
      </trkpt>
      <trkpt lat="46.799791" lon="8.693665">
        <ele>1655.587316</ele>
        <time>2026-08-30T10:29:00.000Z</time>
      </trkpt>
      <trkpt lat="46.799793" lon="8.693665">
        <ele>1655.587316</ele>
        <time>2026-08-30T10:29:01.000Z</time>
      </trkpt>
      <trkpt lat="46.799794" lon="8.693665">
        <ele>1655.587316</ele>
        <time>2026-08-30T10:29:02.000Z</time>
      </trkpt>
      <trkpt lat="46.799794" lon="8.693664">
        <ele>1655.587316</ele>
        <time>2026-08-30T10:29:03.000Z</time>
      </trkpt>
      <trkpt lat="46.799794" lon="8.693663">
        <ele>1655.587316</ele>
        <time>2026-08-30T10:29:04.000Z</time>
      </trkpt>
      <trkpt lat="46.799794" lon="8.693661">
        <ele>1655.587316</ele>
        <time>2026-08-30T10:29:05.000Z</time>
      </trkpt>
      <trkpt lat="46.799795" lon="8.693660">
        <ele>1655.587316</ele>
        <time>2026-08-30T10:29:06.000Z</time>
      </trkpt>
      <trkpt lat="46.799796" lon="8.693660">
        <ele>1655.587316</ele>
        <time>2026-08-30T10:29:07.000Z</time>
      </trkpt>
      <trkpt lat="46.799797" lon="8.693661">
        <ele>1655.587316</ele>
        <time>2026-08-30T10:29:08.000Z</time>
      </trkpt>
      <trkpt lat="46.799798" lon="8.693662">
        <ele>1655.587316</ele>
        <time>2026-08-30T10:29:09.000Z</time>
      </trkpt>
      <trkpt lat="46.799800" lon="8.693664">
        <ele>1655.587316</ele>
        <time>2026-08-30T10:29:10.000Z</time>
      </trkpt>
      <trkpt lat="46.799802" lon="8.693664">
        <ele>1655.587316</ele>
        <time>2026-08-30T10:29:11.000Z</time>
      </trkpt>
      <trkpt lat="46.799803" lon="8.693664">
        <ele>1655.587316</ele>
        <time>2026-08-30T10:29:12.000Z</time>
      </trkpt>
      <trkpt lat="46.799802" lon="8.693663">
        <ele>1655.587316</ele>
        <time>2026-08-30T10:29:13.000Z</time>
      </trkpt>
      <trkpt lat="46.799802" lon="8.693662">
        <ele>1655.587316</ele>
        <time>2026-08-30T10:29:14.000Z</time>
      </trkpt>
      <trkpt lat="46.799802" lon="8.693662">
        <ele>1655.587316</ele>
        <time>2026-08-30T10:29:15.000Z</time>
      </trkpt>
      <trkpt lat="46.799804" lon="8.693662">
        <ele>1655.587316</ele>
        <time>2026-08-30T10:29:16.000Z</time>
      </trkpt>
      <trkpt lat="46.799806" lon="8.693663">
        <ele>1655.587316</ele>
        <time>2026-08-30T10:29:17.000Z</time>
      </trkpt>
      <trkpt lat="46.799808" lon="8.693664">
        <ele>1655.587316</ele>
        <time>2026-08-30T10:29:18.000Z</time>
      </trkpt>
      <trkpt lat="46.799810" lon="8.693665">
        <ele>1655.587316</ele>
        <time>2026-08-30T10:29:19.000Z</time>
      </trkpt>
      <trkpt lat="46.799812" lon="8.693666">
        <ele>1655.587316</ele>
        <time>2026-08-30T10:29:20.000Z</time>
      </trkpt>
      <trkpt lat="46.799813" lon="8.693666">
        <ele>1655.587316</ele>
        <time>2026-08-30T10:29:21.000Z</time>
      </trkpt>
      <trkpt lat="46.799814" lon="8.693666">
        <ele>1655.587316</ele>
        <time>2026-08-30T10:29:22.000Z</time>
      </trkpt>
      <trkpt lat="46.799815" lon="8.693666">
        <ele>1655.587316</ele>
        <time>2026-08-30T10:29:23.000Z</time>
      </trkpt>
      <trkpt lat="46.799816" lon="8.693665">
        <ele>1655.587316</ele>
        <time>2026-08-30T10:29:24.000Z</time>
      </trkpt>
      <trkpt lat="46.799816" lon="8.693665">
        <ele>1655.587316</ele>
        <time>2026-08-30T10:29:25.000Z</time>
      </trkpt>
      <trkpt lat="46.799815" lon="8.693666">
        <ele>1655.587316</ele>
        <time>2026-08-30T10:29:26.000Z</time>
      </trkpt>
      <trkpt lat="46.799813" lon="8.693666">
        <ele>1655.587316</ele>
        <time>2026-08-30T10:29:27.000Z</time>
      </trkpt>
      <trkpt lat="46.799811" lon="8.693665">
        <ele>1655.587316</ele>
        <time>2026-08-30T10:29:28.000Z</time>
      </trkpt>
      <trkpt lat="46.799809" lon="8.693665">
        <ele>1655.587316</ele>
        <time>2026-08-30T10:29:29.000Z</time>
      </trkpt>
      <trkpt lat="46.799806" lon="8.693664">
        <ele>1655.587316</ele>
        <time>2026-08-30T10:29:30.000Z</time>
      </trkpt>
      <trkpt lat="46.799804" lon="8.693664">
        <ele>1655.587316</ele>
        <time>2026-08-30T10:29:31.000Z</time>
      </trkpt>
      <trkpt lat="46.799803" lon="8.693664">
        <ele>1655.587316</ele>
        <time>2026-08-30T10:29:32.000Z</time>
      </trkpt>
      <trkpt lat="46.799802" lon="8.693664">
        <ele>1655.587316</ele>
        <time>2026-08-30T10:29:33.000Z</time>
      </trkpt>
      <trkpt lat="46.799802" lon="8.693665">
        <ele>1655.587316</ele>
        <time>2026-08-30T10:29:34.000Z</time>
      </trkpt>
      <trkpt lat="46.799802" lon="8.693666">
        <ele>1655.587316</ele>
        <time>2026-08-30T10:29:35.000Z</time>
      </trkpt>
      <trkpt lat="46.799804" lon="8.693667">
        <ele>1655.587316</ele>
        <time>2026-08-30T10:29:36.000Z</time>
      </trkpt>
      <trkpt lat="46.799808" lon="8.693669">
        <ele>1655.587316</ele>
        <time>2026-08-30T10:29:37.000Z</time>
      </trkpt>
      <trkpt lat="46.799813" lon="8.693669">
        <ele>1655.587316</ele>
        <time>2026-08-30T10:29:38.000Z</time>
      </trkpt>
      <trkpt lat="46.799817" lon="8.693668">
        <ele>1655.587316</ele>
        <time>2026-08-30T10:29:39.000Z</time>
      </trkpt>
      <trkpt lat="46.799819" lon="8.693667">
        <ele>1655.587316</ele>
        <time>2026-08-30T10:29:40.000Z</time>
      </trkpt>
      <trkpt lat="46.799820" lon="8.693665">
        <ele>1655.587316</ele>
        <time>2026-08-30T10:29:41.000Z</time>
      </trkpt>
      <trkpt lat="46.799820" lon="8.693663">
        <ele>1655.587316</ele>
        <time>2026-08-30T10:29:42.000Z</time>
      </trkpt>
      <trkpt lat="46.799821" lon="8.693662">
        <ele>1655.587316</ele>
        <time>2026-08-30T10:29:43.000Z</time>
      </trkpt>
      <trkpt lat="46.799822" lon="8.693662">
        <ele>1655.587316</ele>
        <time>2026-08-30T10:29:44.000Z</time>
      </trkpt>
      <trkpt lat="46.799824" lon="8.693662">
        <ele>1655.587316</ele>
        <time>2026-08-30T10:29:45.000Z</time>
      </trkpt>
      <trkpt lat="46.799825" lon="8.693663">
        <ele>1655.587316</ele>
        <time>2026-08-30T10:29:46.000Z</time>
      </trkpt>
      <trkpt lat="46.799826" lon="8.693665">
        <ele>1655.587316</ele>
        <time>2026-08-30T10:29:47.000Z</time>
      </trkpt>
      <trkpt lat="46.799827" lon="8.693667">
        <ele>1655.587316</ele>
        <time>2026-08-30T10:29:48.000Z</time>
      </trkpt>
      <trkpt lat="46.799827" lon="8.693669">
        <ele>1655.587316</ele>
        <time>2026-08-30T10:29:49.000Z</time>
      </trkpt>
      <trkpt lat="46.799828" lon="8.693671">
        <ele>1655.587316</ele>
        <time>2026-08-30T10:29:50.000Z</time>
      </trkpt>
      <trkpt lat="46.799829" lon="8.693672">
        <ele>1655.587316</ele>
        <time>2026-08-30T10:29:51.000Z</time>
      </trkpt>
      <trkpt lat="46.799829" lon="8.693673">
        <ele>1655.587316</ele>
        <time>2026-08-30T10:29:52.000Z</time>
      </trkpt>
      <trkpt lat="46.799829" lon="8.693674">
        <ele>1655.587316</ele>
        <time>2026-08-30T10:29:53.000Z</time>
      </trkpt>
      <trkpt lat="46.799828" lon="8.693673">
        <ele>1655.587316</ele>
        <time>2026-08-30T10:29:54.000Z</time>
      </trkpt>
      <trkpt lat="46.799825" lon="8.693671">
        <ele>1655.587316</ele>
        <time>2026-08-30T10:29:55.000Z</time>
      </trkpt>
      <trkpt lat="46.799821" lon="8.693668">
        <ele>1655.587316</ele>
        <time>2026-08-30T10:29:56.000Z</time>
      </trkpt>
      <trkpt lat="46.799817" lon="8.693664">
        <ele>1655.587316</ele>
        <time>2026-08-30T10:29:57.000Z</time>
      </trkpt>
      <trkpt lat="46.799813" lon="8.693660">
        <ele>1655.587316</ele>
        <time>2026-08-30T10:29:58.000Z</time>
      </trkpt>
      <trkpt lat="46.799810" lon="8.693657">
        <ele>1655.587316</ele>
        <time>2026-08-30T10:29:59.000Z</time>
      </trkpt>
      <trkpt lat="46.799808" lon="8.693655">
        <ele>1655.587316</ele>
        <time>2026-08-30T10:30:00.000Z</time>
      </trkpt>
      <trkpt lat="46.799807" lon="8.693653">
        <ele>1655.587316</ele>
        <time>2026-08-30T10:30:01.000Z</time>
      </trkpt>
      <trkpt lat="46.799807" lon="8.693651">
        <ele>1655.587316</ele>
        <time>2026-08-30T10:30:02.000Z</time>
      </trkpt>
      <trkpt lat="46.799806" lon="8.693649">
        <ele>1655.587316</ele>
        <time>2026-08-30T10:30:03.000Z</time>
      </trkpt>
      <trkpt lat="46.799805" lon="8.693646">
        <ele>1655.587316</ele>
        <time>2026-08-30T10:30:04.000Z</time>
      </trkpt>
      <trkpt lat="46.799804" lon="8.693644">
        <ele>1655.587316</ele>
        <time>2026-08-30T10:30:05.000Z</time>
      </trkpt>
      <trkpt lat="46.799803" lon="8.693643">
        <ele>1655.587316</ele>
        <time>2026-08-30T10:30:06.000Z</time>
      </trkpt>
      <trkpt lat="46.799802" lon="8.693643">
        <ele>1655.587316</ele>
        <time>2026-08-30T10:30:07.000Z</time>
      </trkpt>
      <trkpt lat="46.799803" lon="8.693645">
        <ele>1655.587316</ele>
        <time>2026-08-30T10:30:08.000Z</time>
      </trkpt>
      <trkpt lat="46.799804" lon="8.693647">
        <ele>1655.587316</ele>
        <time>2026-08-30T10:30:09.000Z</time>
      </trkpt>
      <trkpt lat="46.799805" lon="8.693649">
        <ele>1655.587316</ele>
        <time>2026-08-30T10:30:10.000Z</time>
      </trkpt>
      <trkpt lat="46.799806" lon="8.693650">
        <ele>1655.587316</ele>
        <time>2026-08-30T10:30:11.000Z</time>
      </trkpt>
      <trkpt lat="46.799808" lon="8.693651">
        <ele>1655.587316</ele>
        <time>2026-08-30T10:30:12.000Z</time>
      </trkpt>
      <trkpt lat="46.799810" lon="8.693652">
        <ele>1655.587316</ele>
        <time>2026-08-30T10:30:13.000Z</time>
      </trkpt>
      <trkpt lat="46.799812" lon="8.693652">
        <ele>1655.587316</ele>
        <time>2026-08-30T10:30:14.000Z</time>
      </trkpt>
      <trkpt lat="46.799814" lon="8.693652">
        <ele>1655.587316</ele>
        <time>2026-08-30T10:30:15.000Z</time>
      </trkpt>
      <trkpt lat="46.799816" lon="8.693652">
        <ele>1655.587316</ele>
        <time>2026-08-30T10:30:16.000Z</time>
      </trkpt>
      <trkpt lat="46.799817" lon="8.693651">
        <ele>1655.587316</ele>
        <time>2026-08-30T10:30:17.000Z</time>
      </trkpt>
      <trkpt lat="46.799818" lon="8.693650">
        <ele>1655.587316</ele>
        <time>2026-08-30T10:30:18.000Z</time>
      </trkpt>
      <trkpt lat="46.799819" lon="8.693651">
        <ele>1655.587316</ele>
        <time>2026-08-30T10:30:19.000Z</time>
      </trkpt>
      <trkpt lat="46.799819" lon="8.693651">
        <ele>1655.587316</ele>
        <time>2026-08-30T10:30:20.000Z</time>
      </trkpt>
      <trkpt lat="46.799818" lon="8.693651">
        <ele>1655.587316</ele>
        <time>2026-08-30T10:30:21.000Z</time>
      </trkpt>
      <trkpt lat="46.799815" lon="8.693651">
        <ele>1655.587316</ele>
        <time>2026-08-30T10:30:22.000Z</time>
      </trkpt>
      <trkpt lat="46.799812" lon="8.693651">
        <ele>1655.587316</ele>
        <time>2026-08-30T10:30:23.000Z</time>
      </trkpt>
      <trkpt lat="46.799809" lon="8.693650">
        <ele>1655.587316</ele>
        <time>2026-08-30T10:30:24.000Z</time>
      </trkpt>
      <trkpt lat="46.799806" lon="8.693649">
        <ele>1655.587316</ele>
        <time>2026-08-30T10:30:25.000Z</time>
      </trkpt>
      <trkpt lat="46.799805" lon="8.693648">
        <ele>1655.587316</ele>
        <time>2026-08-30T10:30:26.000Z</time>
      </trkpt>
      <trkpt lat="46.799803" lon="8.693648">
        <ele>1655.587316</ele>
        <time>2026-08-30T10:30:27.000Z</time>
      </trkpt>
      <trkpt lat="46.799802" lon="8.693648">
        <ele>1655.587316</ele>
        <time>2026-08-30T10:30:28.000Z</time>
      </trkpt>
      <trkpt lat="46.799801" lon="8.693647">
        <ele>1655.587316</ele>
        <time>2026-08-30T10:30:29.000Z</time>
      </trkpt>
      <trkpt lat="46.799799" lon="8.693647">
        <ele>1655.587316</ele>
        <time>2026-08-30T10:30:30.000Z</time>
      </trkpt>
      <trkpt lat="46.799796" lon="8.693646">
        <ele>1655.587316</ele>
        <time>2026-08-30T10:30:31.000Z</time>
      </trkpt>
      <trkpt lat="46.799793" lon="8.693645">
        <ele>1655.587316</ele>
        <time>2026-08-30T10:30:32.000Z</time>
      </trkpt>
      <trkpt lat="46.799789" lon="8.693644">
        <ele>1655.587316</ele>
        <time>2026-08-30T10:30:33.000Z</time>
      </trkpt>
      <trkpt lat="46.799786" lon="8.693644">
        <ele>1655.587316</ele>
        <time>2026-08-30T10:30:34.000Z</time>
      </trkpt>
      <trkpt lat="46.799784" lon="8.693645">
        <ele>1655.587316</ele>
        <time>2026-08-30T10:30:35.000Z</time>
      </trkpt>
      <trkpt lat="46.799783" lon="8.693646">
        <ele>1655.587316</ele>
        <time>2026-08-30T10:30:36.000Z</time>
      </trkpt>
      <trkpt lat="46.799782" lon="8.693647">
        <ele>1655.587316</ele>
        <time>2026-08-30T10:30:37.000Z</time>
      </trkpt>
      <trkpt lat="46.799783" lon="8.693649">
        <ele>1655.587316</ele>
        <time>2026-08-30T10:30:38.000Z</time>
      </trkpt>
      <trkpt lat="46.799783" lon="8.693648">
        <ele>1655.587316</ele>
        <time>2026-08-30T10:30:39.000Z</time>
      </trkpt>
      <trkpt lat="46.799782" lon="8.693647">
        <ele>1655.587316</ele>
        <time>2026-08-30T10:30:40.000Z</time>
      </trkpt>
      <trkpt lat="46.799783" lon="8.693646">
        <ele>1655.587316</ele>
        <time>2026-08-30T10:30:41.000Z</time>
      </trkpt>
      <trkpt lat="46.799785" lon="8.693645">
        <ele>1655.587316</ele>
        <time>2026-08-30T10:30:42.000Z</time>
      </trkpt>
      <trkpt lat="46.799787" lon="8.693645">
        <ele>1655.587316</ele>
        <time>2026-08-30T10:30:43.000Z</time>
      </trkpt>
      <trkpt lat="46.799791" lon="8.693644">
        <ele>1655.587316</ele>
        <time>2026-08-30T10:30:44.000Z</time>
      </trkpt>
      <trkpt lat="46.799796" lon="8.693642">
        <ele>1655.587316</ele>
        <time>2026-08-30T10:30:45.000Z</time>
      </trkpt>
      <trkpt lat="46.799803" lon="8.693639">
        <ele>1655.587316</ele>
        <time>2026-08-30T10:30:46.000Z</time>
      </trkpt>
      <trkpt lat="46.799808" lon="8.693637">
        <ele>1655.587316</ele>
        <time>2026-08-30T10:30:47.000Z</time>
      </trkpt>
      <trkpt lat="46.799810" lon="8.693635">
        <ele>1655.587316</ele>
        <time>2026-08-30T10:30:48.000Z</time>
      </trkpt>
      <trkpt lat="46.799810" lon="8.693636">
        <ele>1655.587316</ele>
        <time>2026-08-30T10:30:49.000Z</time>
      </trkpt>
      <trkpt lat="46.799810" lon="8.693637">
        <ele>1655.587316</ele>
        <time>2026-08-30T10:30:50.000Z</time>
      </trkpt>
      <trkpt lat="46.799810" lon="8.693637">
        <ele>1655.587316</ele>
        <time>2026-08-30T10:30:51.000Z</time>
      </trkpt>
      <trkpt lat="46.799811" lon="8.693637">
        <ele>1655.587316</ele>
        <time>2026-08-30T10:30:52.000Z</time>
      </trkpt>
      <trkpt lat="46.799812" lon="8.693633">
        <ele>1655.587316</ele>
        <time>2026-08-30T10:30:53.000Z</time>
      </trkpt>
      <trkpt lat="46.799811" lon="8.693627">
        <ele>1655.587316</ele>
        <time>2026-08-30T10:30:54.000Z</time>
      </trkpt>
      <trkpt lat="46.799808" lon="8.693622">
        <ele>1655.587316</ele>
        <time>2026-08-30T10:30:55.000Z</time>
      </trkpt>
      <trkpt lat="46.799803" lon="8.693618">
        <ele>1655.587316</ele>
        <time>2026-08-30T10:30:56.000Z</time>
      </trkpt>
      <trkpt lat="46.799797" lon="8.693616">
        <ele>1655.587316</ele>
        <time>2026-08-30T10:30:57.000Z</time>
      </trkpt>
      <trkpt lat="46.799793" lon="8.693614">
        <ele>1655.587316</ele>
        <time>2026-08-30T10:30:58.000Z</time>
      </trkpt>
      <trkpt lat="46.799789" lon="8.693613">
        <ele>1655.587316</ele>
        <time>2026-08-30T10:30:59.000Z</time>
      </trkpt>
      <trkpt lat="46.799786" lon="8.693611">
        <ele>1655.587316</ele>
        <time>2026-08-30T10:31:00.000Z</time>
      </trkpt>
      <trkpt lat="46.799785" lon="8.693610">
        <ele>1655.587316</ele>
        <time>2026-08-30T10:31:01.000Z</time>
      </trkpt>
      <trkpt lat="46.799786" lon="8.693609">
        <ele>1655.587316</ele>
        <time>2026-08-30T10:31:02.000Z</time>
      </trkpt>
      <trkpt lat="46.799787" lon="8.693609">
        <ele>1655.587316</ele>
        <time>2026-08-30T10:31:03.000Z</time>
      </trkpt>
      <trkpt lat="46.799789" lon="8.693608">
        <ele>1655.587316</ele>
        <time>2026-08-30T10:31:04.000Z</time>
      </trkpt>
      <trkpt lat="46.799791" lon="8.693607">
        <ele>1655.587316</ele>
        <time>2026-08-30T10:31:05.000Z</time>
      </trkpt>
      <trkpt lat="46.799794" lon="8.693605">
        <ele>1655.587316</ele>
        <time>2026-08-30T10:31:06.000Z</time>
      </trkpt>
      <trkpt lat="46.799797" lon="8.693604">
        <ele>1655.587316</ele>
        <time>2026-08-30T10:31:07.000Z</time>
      </trkpt>
      <trkpt lat="46.799797" lon="8.693605">
        <ele>1655.587316</ele>
        <time>2026-08-30T10:31:08.000Z</time>
      </trkpt>
      <trkpt lat="46.799795" lon="8.693605">
        <ele>1655.587316</ele>
        <time>2026-08-30T10:31:09.000Z</time>
      </trkpt>
      <trkpt lat="46.799792" lon="8.693605">
        <ele>1655.587316</ele>
        <time>2026-08-30T10:31:10.000Z</time>
      </trkpt>
      <trkpt lat="46.799789" lon="8.693604">
        <ele>1655.587316</ele>
        <time>2026-08-30T10:31:11.000Z</time>
      </trkpt>
      <trkpt lat="46.799787" lon="8.693603">
        <ele>1655.587316</ele>
        <time>2026-08-30T10:31:12.000Z</time>
      </trkpt>
      <trkpt lat="46.799785" lon="8.693599">
        <ele>1655.587316</ele>
        <time>2026-08-30T10:31:13.000Z</time>
      </trkpt>
      <trkpt lat="46.799782" lon="8.693596">
        <ele>1655.587316</ele>
        <time>2026-08-30T10:31:14.000Z</time>
      </trkpt>
      <trkpt lat="46.799781" lon="8.693591">
        <ele>1655.587316</ele>
        <time>2026-08-30T10:31:15.000Z</time>
      </trkpt>
      <trkpt lat="46.799781" lon="8.693589">
        <ele>1655.587316</ele>
        <time>2026-08-30T10:31:16.000Z</time>
      </trkpt>
      <trkpt lat="46.799782" lon="8.693588">
        <ele>1655.587316</ele>
        <time>2026-08-30T10:31:17.000Z</time>
      </trkpt>
      <trkpt lat="46.799783" lon="8.693587">
        <ele>1655.587316</ele>
        <time>2026-08-30T10:31:18.000Z</time>
      </trkpt>
      <trkpt lat="46.799784" lon="8.693586">
        <ele>1655.587316</ele>
        <time>2026-08-30T10:31:19.000Z</time>
      </trkpt>
      <trkpt lat="46.799785" lon="8.693583">
        <ele>1655.587316</ele>
        <time>2026-08-30T10:31:20.000Z</time>
      </trkpt>
      <trkpt lat="46.799784" lon="8.693581">
        <ele>1655.587316</ele>
        <time>2026-08-30T10:31:21.000Z</time>
      </trkpt>
      <trkpt lat="46.799783" lon="8.693581">
        <ele>1655.587316</ele>
        <time>2026-08-30T10:31:22.000Z</time>
      </trkpt>
      <trkpt lat="46.799782" lon="8.693580">
        <ele>1655.587316</ele>
        <time>2026-08-30T10:31:23.000Z</time>
      </trkpt>
      <trkpt lat="46.799780" lon="8.693580">
        <ele>1655.587316</ele>
        <time>2026-08-30T10:31:24.000Z</time>
      </trkpt>
      <trkpt lat="46.799777" lon="8.693579">
        <ele>1655.587316</ele>
        <time>2026-08-30T10:31:25.000Z</time>
      </trkpt>
      <trkpt lat="46.799776" lon="8.693581">
        <ele>1655.587316</ele>
        <time>2026-08-30T10:31:26.000Z</time>
      </trkpt>
      <trkpt lat="46.799776" lon="8.693585">
        <ele>1655.587316</ele>
        <time>2026-08-30T10:31:27.000Z</time>
      </trkpt>
      <trkpt lat="46.799777" lon="8.693590">
        <ele>1655.587316</ele>
        <time>2026-08-30T10:31:28.000Z</time>
      </trkpt>
      <trkpt lat="46.799780" lon="8.693595">
        <ele>1655.587316</ele>
        <time>2026-08-30T10:31:29.000Z</time>
      </trkpt>
      <trkpt lat="46.799783" lon="8.693597">
        <ele>1655.587316</ele>
        <time>2026-08-30T10:31:30.000Z</time>
      </trkpt>
      <trkpt lat="46.799784" lon="8.693596">
        <ele>1655.587316</ele>
        <time>2026-08-30T10:31:31.000Z</time>
      </trkpt>
      <trkpt lat="46.799784" lon="8.693594">
        <ele>1655.587316</ele>
        <time>2026-08-30T10:31:32.000Z</time>
      </trkpt>
      <trkpt lat="46.799785" lon="8.693595">
        <ele>1655.587316</ele>
        <time>2026-08-30T10:31:33.000Z</time>
      </trkpt>
      <trkpt lat="46.799787" lon="8.693598">
        <ele>1655.587316</ele>
        <time>2026-08-30T10:31:34.000Z</time>
      </trkpt>
      <trkpt lat="46.799788" lon="8.693601">
        <ele>1655.587316</ele>
        <time>2026-08-30T10:31:35.000Z</time>
      </trkpt>
      <trkpt lat="46.799788" lon="8.693602">
        <ele>1655.587316</ele>
        <time>2026-08-30T10:31:36.000Z</time>
      </trkpt>
      <trkpt lat="46.799788" lon="8.693604">
        <ele>1655.587316</ele>
        <time>2026-08-30T10:31:37.000Z</time>
      </trkpt>
      <trkpt lat="46.799788" lon="8.693606">
        <ele>1655.587316</ele>
        <time>2026-08-30T10:31:38.000Z</time>
      </trkpt>
      <trkpt lat="46.799788" lon="8.693606">
        <ele>1655.587316</ele>
        <time>2026-08-30T10:31:39.000Z</time>
      </trkpt>
      <trkpt lat="46.799787" lon="8.693605">
        <ele>1655.587316</ele>
        <time>2026-08-30T10:31:40.000Z</time>
      </trkpt>
      <trkpt lat="46.799785" lon="8.693603">
        <ele>1655.587316</ele>
        <time>2026-08-30T10:31:41.000Z</time>
      </trkpt>
      <trkpt lat="46.799782" lon="8.693602">
        <ele>1655.587316</ele>
        <time>2026-08-30T10:31:42.000Z</time>
      </trkpt>
      <trkpt lat="46.799780" lon="8.693601">
        <ele>1655.587316</ele>
        <time>2026-08-30T10:31:43.000Z</time>
      </trkpt>
      <trkpt lat="46.799780" lon="8.693602">
        <ele>1655.587316</ele>
        <time>2026-08-30T10:31:44.000Z</time>
      </trkpt>
      <trkpt lat="46.799780" lon="8.693604">
        <ele>1655.587316</ele>
        <time>2026-08-30T10:31:45.000Z</time>
      </trkpt>
      <trkpt lat="46.799781" lon="8.693606">
        <ele>1655.587316</ele>
        <time>2026-08-30T10:31:46.000Z</time>
      </trkpt>
      <trkpt lat="46.799782" lon="8.693609">
        <ele>1655.587316</ele>
        <time>2026-08-30T10:31:47.000Z</time>
      </trkpt>
      <trkpt lat="46.799781" lon="8.693611">
        <ele>1655.587316</ele>
        <time>2026-08-30T10:31:48.000Z</time>
      </trkpt>
      <trkpt lat="46.799779" lon="8.693613">
        <ele>1655.587316</ele>
        <time>2026-08-30T10:31:49.000Z</time>
      </trkpt>
      <trkpt lat="46.799775" lon="8.693614">
        <ele>1655.587316</ele>
        <time>2026-08-30T10:31:50.000Z</time>
      </trkpt>
      <trkpt lat="46.799770" lon="8.693613">
        <ele>1655.587316</ele>
        <time>2026-08-30T10:31:51.000Z</time>
      </trkpt>
      <trkpt lat="46.799765" lon="8.693610">
        <ele>1655.587316</ele>
        <time>2026-08-30T10:31:52.000Z</time>
      </trkpt>
      <trkpt lat="46.799760" lon="8.693606">
        <ele>1655.587316</ele>
        <time>2026-08-30T10:31:53.000Z</time>
      </trkpt>
      <trkpt lat="46.799758" lon="8.693603">
        <ele>1655.587316</ele>
        <time>2026-08-30T10:31:54.000Z</time>
      </trkpt>
      <trkpt lat="46.799759" lon="8.693600">
        <ele>1655.587316</ele>
        <time>2026-08-30T10:31:55.000Z</time>
      </trkpt>
      <trkpt lat="46.799762" lon="8.693598">
        <ele>1655.587316</ele>
        <time>2026-08-30T10:31:56.000Z</time>
      </trkpt>
      <trkpt lat="46.799765" lon="8.693596">
        <ele>1655.587316</ele>
        <time>2026-08-30T10:31:57.000Z</time>
      </trkpt>
      <trkpt lat="46.799769" lon="8.693595">
        <ele>1655.587316</ele>
        <time>2026-08-30T10:31:58.000Z</time>
      </trkpt>
      <trkpt lat="46.799771" lon="8.693595">
        <ele>1655.587316</ele>
        <time>2026-08-30T10:31:59.000Z</time>
      </trkpt>
      <trkpt lat="46.799773" lon="8.693596">
        <ele>1655.587316</ele>
        <time>2026-08-30T10:32:00.000Z</time>
      </trkpt>
      <trkpt lat="46.799774" lon="8.693596">
        <ele>1655.587316</ele>
        <time>2026-08-30T10:32:01.000Z</time>
      </trkpt>
      <trkpt lat="46.799774" lon="8.693595">
        <ele>1655.587316</ele>
        <time>2026-08-30T10:32:02.000Z</time>
      </trkpt>
      <trkpt lat="46.799773" lon="8.693594">
        <ele>1655.587316</ele>
        <time>2026-08-30T10:32:03.000Z</time>
      </trkpt>
      <trkpt lat="46.799773" lon="8.693593">
        <ele>1655.587316</ele>
        <time>2026-08-30T10:32:04.000Z</time>
      </trkpt>
      <trkpt lat="46.799773" lon="8.693591">
        <ele>1655.587316</ele>
        <time>2026-08-30T10:32:05.000Z</time>
      </trkpt>
      <trkpt lat="46.799773" lon="8.693590">
        <ele>1655.587316</ele>
        <time>2026-08-30T10:32:06.000Z</time>
      </trkpt>
      <trkpt lat="46.799774" lon="8.693589">
        <ele>1655.587316</ele>
        <time>2026-08-30T10:32:07.000Z</time>
      </trkpt>
      <trkpt lat="46.799775" lon="8.693589">
        <ele>1655.587316</ele>
        <time>2026-08-30T10:32:08.000Z</time>
      </trkpt>
      <trkpt lat="46.799776" lon="8.693589">
        <ele>1655.587316</ele>
        <time>2026-08-30T10:32:09.000Z</time>
      </trkpt>
      <trkpt lat="46.799777" lon="8.693590">
        <ele>1655.587316</ele>
        <time>2026-08-30T10:32:10.000Z</time>
      </trkpt>
      <trkpt lat="46.799778" lon="8.693591">
        <ele>1655.587316</ele>
        <time>2026-08-30T10:32:11.000Z</time>
      </trkpt>
      <trkpt lat="46.799779" lon="8.693593">
        <ele>1655.587316</ele>
        <time>2026-08-30T10:32:12.000Z</time>
      </trkpt>
      <trkpt lat="46.799780" lon="8.693595">
        <ele>1655.587316</ele>
        <time>2026-08-30T10:32:13.000Z</time>
      </trkpt>
      <trkpt lat="46.799781" lon="8.693596">
        <ele>1655.587316</ele>
        <time>2026-08-30T10:32:14.000Z</time>
      </trkpt>
      <trkpt lat="46.799781" lon="8.693596">
        <ele>1655.587316</ele>
        <time>2026-08-30T10:32:15.000Z</time>
      </trkpt>
      <trkpt lat="46.799779" lon="8.693597">
        <ele>1655.587316</ele>
        <time>2026-08-30T10:32:16.000Z</time>
      </trkpt>
      <trkpt lat="46.799778" lon="8.693598">
        <ele>1655.587316</ele>
        <time>2026-08-30T10:32:17.000Z</time>
      </trkpt>
      <trkpt lat="46.799777" lon="8.693598">
        <ele>1655.587316</ele>
        <time>2026-08-30T10:32:18.000Z</time>
      </trkpt>
      <trkpt lat="46.799777" lon="8.693599">
        <ele>1655.587316</ele>
        <time>2026-08-30T10:32:19.000Z</time>
      </trkpt>
      <trkpt lat="46.799777" lon="8.693600">
        <ele>1655.587316</ele>
        <time>2026-08-30T10:32:20.000Z</time>
      </trkpt>
      <trkpt lat="46.799778" lon="8.693601">
        <ele>1655.587316</ele>
        <time>2026-08-30T10:32:21.000Z</time>
      </trkpt>
      <trkpt lat="46.799780" lon="8.693603">
        <ele>1655.587316</ele>
        <time>2026-08-30T10:32:22.000Z</time>
      </trkpt>
      <trkpt lat="46.799783" lon="8.693605">
        <ele>1655.587316</ele>
        <time>2026-08-30T10:32:23.000Z</time>
      </trkpt>
      <trkpt lat="46.799786" lon="8.693605">
        <ele>1655.587316</ele>
        <time>2026-08-30T10:32:24.000Z</time>
      </trkpt>
      <trkpt lat="46.799790" lon="8.693605">
        <ele>1655.587316</ele>
        <time>2026-08-30T10:32:25.000Z</time>
      </trkpt>
      <trkpt lat="46.799794" lon="8.693602">
        <ele>1655.587316</ele>
        <time>2026-08-30T10:32:26.000Z</time>
      </trkpt>
      <trkpt lat="46.799797" lon="8.693597">
        <ele>1655.587316</ele>
        <time>2026-08-30T10:32:27.000Z</time>
      </trkpt>
      <trkpt lat="46.799801" lon="8.693589">
        <ele>1655.587316</ele>
        <time>2026-08-30T10:32:28.000Z</time>
      </trkpt>
      <trkpt lat="46.799806" lon="8.693577">
        <ele>1655.587316</ele>
        <time>2026-08-30T10:32:29.000Z</time>
      </trkpt>
      <trkpt lat="46.799811" lon="8.693563">
        <ele>1655.587316</ele>
        <time>2026-08-30T10:32:30.000Z</time>
      </trkpt>
      <trkpt lat="46.799816" lon="8.693545">
        <ele>1655.587316</ele>
        <time>2026-08-30T10:32:31.000Z</time>
      </trkpt>
      <trkpt lat="46.799822" lon="8.693523">
        <ele>1655.587316</ele>
        <time>2026-08-30T10:32:32.000Z</time>
      </trkpt>
      <trkpt lat="46.799828" lon="8.693496">
        <ele>1655.587316</ele>
        <time>2026-08-30T10:32:33.000Z</time>
      </trkpt>
      <trkpt lat="46.799836" lon="8.693463">
        <ele>1655.587316</ele>
        <time>2026-08-30T10:32:34.072Z</time>
      </trkpt>
      <trkpt lat="46.799844" lon="8.693429">
        <ele>1655.587316</ele>
        <time>2026-08-30T10:32:35.035Z</time>
      </trkpt>
      <trkpt lat="46.799852" lon="8.693392">
        <ele>1655.587316</ele>
        <time>2026-08-30T10:32:36.033Z</time>
      </trkpt>
      <trkpt lat="46.799861" lon="8.693353">
        <ele>1655.587316</ele>
        <time>2026-08-30T10:32:37.031Z</time>
      </trkpt>
      <trkpt lat="46.799870" lon="8.693313">
        <ele>1655.587316</ele>
        <time>2026-08-30T10:32:38.031Z</time>
      </trkpt>
    </trkseg>
  </trk>
</gpx>