<?xml version='1.0' encoding='UTF-8'?>
<gpx version="1.1" creator="https://www.komoot.de" xmlns="http://www.topografix.com/GPX/1/1" xmlns:xsi="http://www.w3.org/2001/XMLSchema-instance" xsi:schemaLocation="http://www.topografix.com/GPX/1/1 http://www.topografix.com/GPX/1/1/gpx.xsd">
  <metadata>
    <name>Hike</name>
    <author>
      <link href="https://www.komoot.de">
        <text>komoot</text>
        <type>text/html</type>
      </link>
    </author>
  </metadata>
  <trk>
    <name>Hike</name>
    <type>hike</type>
    <trkseg>
      <trkpt lat="46.998266" lon="9.858185">
        <ele>1792.139061</ele>
        <time>2026-09-12T07:37:52.000Z</time>
      </trkpt>
      <trkpt lat="46.998266" lon="9.858185">
        <ele>1792.139061</ele>
        <time>2026-09-12T07:38:03.000Z</time>
      </trkpt>
      <trkpt lat="46.998325" lon="9.858205">
        <ele>1792.139061</ele>
        <time>2026-09-12T07:38:06.000Z</time>
      </trkpt>
      <trkpt lat="46.998348" lon="9.858226">
        <ele>1792.139061</ele>
        <time>2026-09-12T07:38:08.000Z</time>
      </trkpt>
      <trkpt lat="46.998402" lon="9.858245">
        <ele>1792.139061</ele>
        <time>2026-09-12T07:38:14.000Z</time>
      </trkpt>
      <trkpt lat="46.998415" lon="9.858246">
        <ele>1792.139061</ele>
        <time>2026-09-12T07:38:15.000Z</time>
      </trkpt>
      <trkpt lat="46.998470" lon="9.858233">
        <ele>1792.139061</ele>
        <time>2026-09-12T07:38:20.000Z</time>
      </trkpt>
      <trkpt lat="46.998483" lon="9.858235">
        <ele>1792.139061</ele>
        <time>2026-09-12T07:38:22.000Z</time>
      </trkpt>
      <trkpt lat="46.998499" lon="9.858230">
        <ele>1792.139061</ele>
        <time>2026-09-12T07:38:24.000Z</time>
      </trkpt>
      <trkpt lat="46.998508" lon="9.858227">
        <ele>1792.139061</ele>
        <time>2026-09-12T07:38:25.000Z</time>
      </trkpt>
      <trkpt lat="46.998517" lon="9.858223">
        <ele>1792.139061</ele>
        <time>2026-09-12T07:38:26.000Z</time>
      </trkpt>
      <trkpt lat="46.998528" lon="9.858219">
        <ele>1792.139061</ele>
        <time>2026-09-12T07:38:28.000Z</time>
      </trkpt>
      <trkpt lat="46.998550" lon="9.858205">
        <ele>1792.139061</ele>
        <time>2026-09-12T07:38:30.000Z</time>
      </trkpt>
      <trkpt lat="46.998564" lon="9.858186">
        <ele>1792.139061</ele>
        <time>2026-09-12T07:38:32.000Z</time>
      </trkpt>
      <trkpt lat="46.998578" lon="9.858164">
        <ele>1792.139061</ele>
        <time>2026-09-12T07:38:34.000Z</time>
      </trkpt>
      <trkpt lat="46.998599" lon="9.858149">
        <ele>1792.139061</ele>
        <time>2026-09-12T07:38:36.000Z</time>
      </trkpt>
      <trkpt lat="46.998633" lon="9.858129">
        <ele>1792.139061</ele>
        <time>2026-09-12T07:38:40.000Z</time>
      </trkpt>
      <trkpt lat="46.998662" lon="9.858128">
        <ele>1792.139061</ele>
        <time>2026-09-12T07:38:43.000Z</time>
      </trkpt>
      <trkpt lat="46.998699" lon="9.858125">
        <ele>1792.139061</ele>
        <time>2026-09-12T07:38:47.000Z</time>
      </trkpt>
      <trkpt lat="46.998724" lon="9.858116">
        <ele>1792.139061</ele>
        <time>2026-09-12T07:38:50.000Z</time>
      </trkpt>
      <trkpt lat="46.998736" lon="9.858104">
        <ele>1792.139061</ele>
        <time>2026-09-12T07:38:52.000Z</time>
      </trkpt>
      <trkpt lat="46.998739" lon="9.858098">
        <ele>1792.139061</ele>
        <time>2026-09-12T07:38:53.000Z</time>
      </trkpt>
      <trkpt lat="46.998778" lon="9.858025">
        <ele>1792.139061</ele>
        <time>2026-09-12T07:38:59.000Z</time>
      </trkpt>
      <trkpt lat="46.998786" lon="9.858014">
        <ele>1792.139061</ele>
        <time>2026-09-12T07:39:00.000Z</time>
      </trkpt>
      <trkpt lat="46.998840" lon="9.857980">
        <ele>1792.139061</ele>
        <time>2026-09-12T07:39:07.000Z</time>
      </trkpt>
      <trkpt lat="46.998848" lon="9.857971">
        <ele>1792.139061</ele>
        <time>2026-09-12T07:39:08.000Z</time>
      </trkpt>
      <trkpt lat="46.998885" lon="9.857940">
        <ele>1792.139061</ele>
        <time>2026-09-12T07:39:13.000Z</time>
      </trkpt>
      <trkpt lat="46.998936" lon="9.857890">
        <ele>1792.139061</ele>
        <time>2026-09-12T07:39:17.000Z</time>
      </trkpt>
      <trkpt lat="46.998947" lon="9.857874">
        <ele>1792.139061</ele>
        <time>2026-09-12T07:39:18.000Z</time>
      </trkpt>
      <trkpt lat="46.998971" lon="9.857861">
        <ele>1792.139061</ele>
        <time>2026-09-12T07:39:23.000Z</time>
      </trkpt>
      <trkpt lat="46.998984" lon="9.857878">
        <ele>1792.139061</ele>
        <time>2026-09-12T07:39:27.000Z</time>
      </trkpt>
      <trkpt lat="46.998990" lon="9.857879">
        <ele>1792.139061</ele>
        <time>2026-09-12T07:39:28.000Z</time>
      </trkpt>
      <trkpt lat="46.999013" lon="9.857885">
        <ele>1792.139061</ele>
        <time>2026-09-12T07:39:32.000Z</time>
      </trkpt>
      <trkpt lat="46.999069" lon="9.857851">
        <ele>1792.178919</ele>
        <time>2026-09-12T07:39:38.000Z</time>
      </trkpt>
      <trkpt lat="46.999078" lon="9.857841">
        <ele>1792.358521</ele>
        <time>2026-09-12T07:39:39.000Z</time>
      </trkpt>
      <trkpt lat="46.999119" lon="9.857806">
        <ele>1793.113093</ele>
        <time>2026-09-12T07:39:47.000Z</time>
      </trkpt>
      <trkpt lat="46.999127" lon="9.857800">
        <ele>1793.256012</ele>
        <time>2026-09-12T07:39:54.000Z</time>
      </trkpt>
      <trkpt lat="46.999156" lon="9.857779">
        <ele>1793.770441</ele>
        <time>2026-09-12T07:39:57.000Z</time>
      </trkpt>
      <trkpt lat="46.999195" lon="9.857753">
        <ele>1794.451841</ele>
        <time>2026-09-12T07:40:01.000Z</time>
      </trkpt>
      <trkpt lat="46.999239" lon="9.857736">
        <ele>1795.175548</ele>
        <time>2026-09-12T07:40:06.000Z</time>
      </trkpt>
      <trkpt lat="46.999247" lon="9.857733">
        <ele>1795.306883</ele>
        <time>2026-09-12T07:40:07.000Z</time>
      </trkpt>
      <trkpt lat="46.999287" lon="9.857725">
        <ele>1795.948973</ele>
        <time>2026-09-12T07:40:11.000Z</time>
      </trkpt>
      <trkpt lat="46.999316" lon="9.857720">
        <ele>1796.413396</ele>
        <time>2026-09-12T07:40:14.000Z</time>
      </trkpt>
      <trkpt lat="46.999345" lon="9.857710">
        <ele>1796.887223</ele>
        <time>2026-09-12T07:40:17.000Z</time>
      </trkpt>
      <trkpt lat="46.999355" lon="9.857708">
        <ele>1797.047746</ele>
        <time>2026-09-12T07:40:18.000Z</time>
      </trkpt>
      <trkpt lat="46.999445" lon="9.857696">
        <ele>1798.485100</ele>
        <time>2026-09-12T07:40:28.000Z</time>
      </trkpt>
      <trkpt lat="46.999497" lon="9.857687">
        <ele>1799.317901</ele>
        <time>2026-09-12T07:40:32.000Z</time>
      </trkpt>
      <trkpt lat="46.999589" lon="9.857691">
        <ele>1800.781802</ele>
        <time>2026-09-12T07:40:39.000Z</time>
      </trkpt>
      <trkpt lat="46.999600" lon="9.857688">
        <ele>1800.959757</ele>
        <time>2026-09-12T07:40:42.000Z</time>
      </trkpt>
      <trkpt lat="46.999613" lon="9.857664">
        <ele>1801.292211</ele>
        <time>2026-09-12T07:40:45.000Z</time>
      </trkpt>
      <trkpt lat="46.999606" lon="9.857665">
        <ele>1801.404073</ele>
        <time>2026-09-12T07:40:48.000Z</time>
      </trkpt>
      <trkpt lat="46.999600" lon="9.857655">
        <ele>1801.548548</ele>
        <time>2026-09-12T07:40:51.000Z</time>
      </trkpt>
      <trkpt lat="46.999599" lon="9.857654">
        <ele>1801.567800</ele>
        <time>2026-09-12T07:40:52.000Z</time>
      </trkpt>
      <trkpt lat="46.999597" lon="9.857653">
        <ele>1801.601409</ele>
        <time>2026-09-12T07:40:54.000Z</time>
      </trkpt>
      <trkpt lat="46.999605" lon="9.857655">
        <ele>1801.730485</ele>
        <time>2026-09-12T07:40:58.000Z</time>
      </trkpt>
      <trkpt lat="46.999632" lon="9.857649">
        <ele>1802.164823</ele>
        <time>2026-09-12T07:41:01.000Z</time>
      </trkpt>
      <trkpt lat="46.999644" lon="9.857645">
        <ele>1802.360553</ele>
        <time>2026-09-12T07:41:02.000Z</time>
      </trkpt>
      <trkpt lat="46.999765" lon="9.857626">
        <ele>1804.296059</ele>
        <time>2026-09-12T07:41:12.000Z</time>
      </trkpt>
      <trkpt lat="46.999818" lon="9.857583">
        <ele>1805.259462</ele>
        <time>2026-09-12T07:41:17.000Z</time>
      </trkpt>
      <trkpt lat="46.999827" lon="9.857518">
        <ele>1805.978914</ele>
        <time>2026-09-12T07:41:21.000Z</time>
      </trkpt>
      <trkpt lat="46.999831" lon="9.857504">
        <ele>1806.143563</ele>
        <time>2026-09-12T07:41:22.000Z</time>
      </trkpt>
      <trkpt lat="46.999865" lon="9.857366">
        <ele>1807.735160</ele>
        <time>2026-09-12T07:41:30.000Z</time>
      </trkpt>
      <trkpt lat="46.999879" lon="9.857300">
        <ele>1808.484904</ele>
        <time>2026-09-12T07:41:34.000Z</time>
      </trkpt>
      <trkpt lat="46.999881" lon="9.857282">
        <ele>1808.682728</ele>
        <time>2026-09-12T07:41:35.000Z</time>
      </trkpt>
      <trkpt lat="46.999895" lon="9.857175">
        <ele>1809.864544</ele>
        <time>2026-09-12T07:41:41.000Z</time>
      </trkpt>
      <trkpt lat="46.999903" lon="9.857123">
        <ele>1810.442771</ele>
        <time>2026-09-12T07:41:44.000Z</time>
      </trkpt>
      <trkpt lat="46.999935" lon="9.857052">
        <ele>1811.365902</ele>
        <time>2026-09-12T07:41:50.000Z</time>
      </trkpt>
      <trkpt lat="46.999956" lon="9.857019">
        <ele>1811.855486</ele>
        <time>2026-09-12T07:41:53.000Z</time>
      </trkpt>
      <trkpt lat="47.000027" lon="9.856960">
        <ele>1813.153481</ele>
        <time>2026-09-12T07:42:00.000Z</time>
      </trkpt>
      <trkpt lat="47.000059" lon="9.856913">
        <ele>1813.873865</ele>
        <time>2026-09-12T07:42:05.000Z</time>
      </trkpt>
      <trkpt lat="47.000081" lon="9.856868">
        <ele>1814.474448</ele>
        <time>2026-09-12T07:42:09.000Z</time>
      </trkpt>
      <trkpt lat="47.000081" lon="9.856861">
        <ele>1814.550378</ele>
        <time>2026-09-12T07:42:10.000Z</time>
      </trkpt>
      <trkpt lat="47.000105" lon="9.856803">
        <ele>1815.286258</ele>
        <time>2026-09-12T07:42:16.000Z</time>
      </trkpt>
      <trkpt lat="47.000108" lon="9.856796">
        <ele>1815.375936</ele>
        <time>2026-09-12T07:42:17.000Z</time>
      </trkpt>
      <trkpt lat="47.000126" lon="9.856766">
        <ele>1815.809360</ele>
        <time>2026-09-12T07:42:21.000Z</time>
      </trkpt>
      <trkpt lat="47.000132" lon="9.856760">
        <ele>1815.924870</ele>
        <time>2026-09-12T07:42:22.000Z</time>
      </trkpt>
      <trkpt lat="47.000151" lon="9.856732">
        <ele>1816.353318</ele>
        <time>2026-09-12T07:42:26.000Z</time>
      </trkpt>
      <trkpt lat="47.000163" lon="9.856705">
        <ele>1816.702892</ele>
        <time>2026-09-12T07:42:29.000Z</time>
      </trkpt>
      <trkpt lat="47.000175" lon="9.856695">
        <ele>1816.922422</ele>
        <time>2026-09-12T07:42:31.000Z</time>
      </trkpt>
      <trkpt lat="47.000219" lon="9.856671">
        <ele>1817.669094</ele>
        <time>2026-09-12T07:42:37.000Z</time>
      </trkpt>
      <trkpt lat="47.000226" lon="9.856668">
        <ele>1817.785087</ele>
        <time>2026-09-12T07:42:38.000Z</time>
      </trkpt>
      <trkpt lat="47.000235" lon="9.856665">
        <ele>1817.931884</ele>
        <time>2026-09-12T07:42:39.000Z</time>
      </trkpt>
      <trkpt lat="47.000269" lon="9.856653">
        <ele>1818.488098</ele>
        <time>2026-09-12T07:42:44.000Z</time>
      </trkpt>
      <trkpt lat="47.000309" lon="9.856656">
        <ele>1819.125129</ele>
        <time>2026-09-12T07:42:50.000Z</time>
      </trkpt>
      <trkpt lat="47.000336" lon="9.856664">
        <ele>1819.563243</ele>
        <time>2026-09-12T07:42:54.000Z</time>
      </trkpt>
      <trkpt lat="47.000363" lon="9.856654">
        <ele>1820.006165</ele>
        <time>2026-09-12T07:42:58.000Z</time>
      </trkpt>
      <trkpt lat="47.000369" lon="9.856647">
        <ele>1820.128117</ele>
        <time>2026-09-12T07:42:59.000Z</time>
      </trkpt>
      <trkpt lat="47.000379" lon="9.856635">
        <ele>1820.333640</ele>
        <time>2026-09-12T07:43:01.000Z</time>
      </trkpt>
      <trkpt lat="47.000405" lon="9.856634">
        <ele>1820.747832</ele>
        <time>2026-09-12T07:43:08.000Z</time>
      </trkpt>
      <trkpt lat="47.000420" lon="9.856641">
        <ele>1821.148022</ele>
        <time>2026-09-12T07:43:11.000Z</time>
      </trkpt>
      <trkpt lat="47.000428" lon="9.856641">
        <ele>1821.351405</ele>
        <time>2026-09-12T07:43:12.000Z</time>
      </trkpt>
      <trkpt lat="47.000427" lon="9.856595">
        <ele>1822.149367</ele>
        <time>2026-09-12T07:43:16.000Z</time>
      </trkpt>
      <trkpt lat="47.000428" lon="9.856577">
        <ele>1822.462488</ele>
        <time>2026-09-12T07:43:18.000Z</time>
      </trkpt>
      <trkpt lat="47.000440" lon="9.856531">
        <ele>1823.316400</ele>
        <time>2026-09-12T07:43:22.000Z</time>
      </trkpt>
      <trkpt lat="47.000455" lon="9.856515">
        <ele>1823.787971</ele>
        <time>2026-09-12T07:43:24.000Z</time>
      </trkpt>
      <trkpt lat="47.000488" lon="9.856511">
        <ele>1824.629786</ele>
        <time>2026-09-12T07:43:28.000Z</time>
      </trkpt>
      <trkpt lat="47.000520" lon="9.856489">
        <ele>1825.528300</ele>
        <time>2026-09-12T07:43:33.000Z</time>
      </trkpt>
      <trkpt lat="47.000534" lon="9.856441">
        <ele>1826.433445</ele>
        <time>2026-09-12T07:43:38.000Z</time>
      </trkpt>
      <trkpt lat="47.000529" lon="9.856407">
        <ele>1827.036492</ele>
        <time>2026-09-12T07:43:41.000Z</time>
      </trkpt>
      <trkpt lat="47.000529" lon="9.856378">
        <ele>1827.539298</ele>
        <time>2026-09-12T07:43:44.000Z</time>
      </trkpt>
      <trkpt lat="47.000543" lon="9.856352">
        <ele>1828.113661</ele>
        <time>2026-09-12T07:43:48.000Z</time>
      </trkpt>
      <trkpt lat="47.000549" lon="9.856343">
        <ele>1828.331874</ele>
        <time>2026-09-12T07:43:49.000Z</time>
      </trkpt>
      <trkpt lat="47.000584" lon="9.856314">
        <ele>1829.353909</ele>
        <time>2026-09-12T07:43:53.000Z</time>
      </trkpt>
      <trkpt lat="47.000634" lon="9.856295">
        <ele>1830.667043</ele>
        <time>2026-09-12T07:43:58.000Z</time>
      </trkpt>
      <trkpt lat="47.000659" lon="9.856289">
        <ele>1831.311071</ele>
        <time>2026-09-12T07:44:01.000Z</time>
      </trkpt>
      <trkpt lat="47.000685" lon="9.856268">
        <ele>1832.065711</ele>
        <time>2026-09-12T07:44:05.000Z</time>
      </trkpt>
      <trkpt lat="47.000698" lon="9.856251">
        <ele>1832.508548</ele>
        <time>2026-09-12T07:44:07.000Z</time>
      </trkpt>
      <trkpt lat="47.000709" lon="9.856221">
        <ele>1833.099101</ele>
        <time>2026-09-12T07:44:10.000Z</time>
      </trkpt>
      <trkpt lat="47.000727" lon="9.856138">
        <ele>1834.609170</ele>
        <time>2026-09-12T07:44:17.000Z</time>
      </trkpt>
      <trkpt lat="47.000744" lon="9.856082">
        <ele>1835.671948</ele>
        <time>2026-09-12T07:44:22.000Z</time>
      </trkpt>
      <trkpt lat="47.000755" lon="9.856051">
        <ele>1836.277827</ele>
        <time>2026-09-12T07:44:26.000Z</time>
      </trkpt>
      <trkpt lat="47.000763" lon="9.856052">
        <ele>1836.481948</ele>
        <time>2026-09-12T07:44:30.000Z</time>
      </trkpt>
      <trkpt lat="47.000763" lon="9.856056">
        <ele>1836.551300</ele>
        <time>2026-09-12T07:44:31.000Z</time>
      </trkpt>
      <trkpt lat="47.000783" lon="9.856027">
        <ele>1837.266381</ele>
        <time>2026-09-12T07:44:37.000Z</time>
      </trkpt>
      <trkpt lat="47.000795" lon="9.855998">
        <ele>1837.854498</ele>
        <time>2026-09-12T07:44:40.000Z</time>
      </trkpt>
      <trkpt lat="47.000817" lon="9.855952">
        <ele>1838.828616</ele>
        <time>2026-09-12T07:44:47.000Z</time>
      </trkpt>
      <trkpt lat="47.000840" lon="9.855938">
        <ele>1839.461722</ele>
        <time>2026-09-12T07:44:50.000Z</time>
      </trkpt>
      <trkpt lat="47.000864" lon="9.855922">
        <ele>1840.131972</ele>
        <time>2026-09-12T07:44:53.000Z</time>
      </trkpt>
      <trkpt lat="47.000880" lon="9.855899">
        <ele>1840.701603</ele>
        <time>2026-09-12T07:44:56.000Z</time>
      </trkpt>
      <trkpt lat="47.000886" lon="9.855883">
        <ele>1841.018184</ele>
        <time>2026-09-12T07:44:58.000Z</time>
      </trkpt>
      <trkpt lat="47.000921" lon="9.855857">
        <ele>1842.015657</ele>
        <time>2026-09-12T07:45:03.000Z</time>
      </trkpt>
      <trkpt lat="47.000927" lon="9.855845">
        <ele>1842.273639</ele>
        <time>2026-09-12T07:45:04.000Z</time>
      </trkpt>
      <trkpt lat="47.000942" lon="9.855771">
        <ele>1843.612126</ele>
        <time>2026-09-12T07:45:10.000Z</time>
      </trkpt>
      <trkpt lat="47.000964" lon="9.855742">
        <ele>1844.364209</ele>
        <time>2026-09-12T07:45:13.000Z</time>
      </trkpt>
      <trkpt lat="47.000990" lon="9.855688">
        <ele>1845.510281</ele>
        <time>2026-09-12T07:45:18.000Z</time>
      </trkpt>
      <trkpt lat="47.001005" lon="9.855644">
        <ele>1846.363156</ele>
        <time>2026-09-12T07:45:23.000Z</time>
      </trkpt>
      <trkpt lat="47.001030" lon="9.855590">
        <ele>1847.494756</ele>
        <time>2026-09-12T07:45:31.000Z</time>
      </trkpt>
      <trkpt lat="47.001033" lon="9.855589">
        <ele>1847.572970</ele>
        <time>2026-09-12T07:45:32.000Z</time>
      </trkpt>
      <trkpt lat="47.001060" lon="9.855656">
        <ele>1848.922261</ele>
        <time>2026-09-12T07:45:37.000Z</time>
      </trkpt>
      <trkpt lat="47.001065" lon="9.855670">
        <ele>1849.196263</ele>
        <time>2026-09-12T07:45:38.000Z</time>
      </trkpt>
      <trkpt lat="47.001086" lon="9.855705">
        <ele>1850.004513</ele>
        <time>2026-09-12T07:45:41.000Z</time>
      </trkpt>
      <trkpt lat="47.001121" lon="9.855763">
        <ele>1851.347263</ele>
        <time>2026-09-12T07:45:46.000Z</time>
      </trkpt>
      <trkpt lat="47.001127" lon="9.855808">
        <ele>1852.142243</ele>
        <time>2026-09-12T07:45:49.000Z</time>
      </trkpt>
      <trkpt lat="47.001135" lon="9.855835">
        <ele>1852.652640</ele>
        <time>2026-09-12T07:45:52.000Z</time>
      </trkpt>
      <trkpt lat="47.001149" lon="9.855869">
        <ele>1853.341246</ele>
        <time>2026-09-12T07:45:55.000Z</time>
      </trkpt>
      <trkpt lat="47.001159" lon="9.855875">
        <ele>1853.615934</ele>
        <time>2026-09-12T07:45:56.000Z</time>
      </trkpt>
      <trkpt lat="47.001164" lon="9.855859">
        <ele>1853.921078</ele>
        <time>2026-09-12T07:45:58.000Z</time>
      </trkpt>
      <trkpt lat="47.001166" lon="9.855849">
        <ele>1854.101759</ele>
        <time>2026-09-12T07:45:59.000Z</time>
      </trkpt>
      <trkpt lat="47.001165" lon="9.855833">
        <ele>1854.380329</ele>
        <time>2026-09-12T07:46:00.000Z</time>
      </trkpt>
      <trkpt lat="47.001167" lon="9.855826">
        <ele>1854.511915</ele>
        <time>2026-09-12T07:46:01.000Z</time>
      </trkpt>
      <trkpt lat="47.001174" lon="9.855798">
        <ele>1855.028968</ele>
        <time>2026-09-12T07:46:03.000Z</time>
      </trkpt>
      <trkpt lat="47.001179" lon="9.855790">
        <ele>1855.217108</ele>
        <time>2026-09-12T07:46:04.000Z</time>
      </trkpt>
      <trkpt lat="47.001208" lon="9.855767">
        <ele>1856.055305</ele>
        <time>2026-09-12T07:46:09.000Z</time>
      </trkpt>
      <trkpt lat="47.001206" lon="9.855767">
        <ele>1856.106151</ele>
        <time>2026-09-12T07:46:11.000Z</time>
      </trkpt>
      <trkpt lat="47.001206" lon="9.855767">
        <ele>1856.106151</ele>
        <time>2026-09-12T07:46:26.000Z</time>
      </trkpt>
      <trkpt lat="47.001230" lon="9.855764">
        <ele>1856.718512</ele>
        <time>2026-09-12T07:46:39.000Z</time>
      </trkpt>
      <trkpt lat="47.001242" lon="9.855747">
        <ele>1857.142711</ele>
        <time>2026-09-12T07:46:42.000Z</time>
      </trkpt>
      <trkpt lat="47.001249" lon="9.855729">
        <ele>1857.501967</ele>
        <time>2026-09-12T07:46:44.000Z</time>
      </trkpt>
      <trkpt lat="47.001255" lon="9.855719">
        <ele>1857.732895</ele>
        <time>2026-09-12T07:46:46.000Z</time>
      </trkpt>
      <trkpt lat="47.001255" lon="9.855716">
        <ele>1857.784909</ele>
        <time>2026-09-12T07:46:47.000Z</time>
      </trkpt>
      <trkpt lat="47.001237" lon="9.855725">
        <ele>1858.268393</ele>
        <time>2026-09-12T07:46:52.000Z</time>
      </trkpt>
      <trkpt lat="47.001229" lon="9.855728">
        <ele>1858.478321</ele>
        <time>2026-09-12T07:46:54.000Z</time>
      </trkpt>
      <trkpt lat="47.001227" lon="9.855726">
        <ele>1858.539866</ele>
        <time>2026-09-12T07:46:56.000Z</time>
      </trkpt>
      <trkpt lat="47.001225" lon="9.855723">
        <ele>1858.612603</ele>
        <time>2026-09-12T07:47:03.000Z</time>
      </trkpt>
      <trkpt lat="47.001233" lon="9.855723">
        <ele>1858.815985</ele>
        <time>2026-09-12T07:47:11.000Z</time>
      </trkpt>
      <trkpt lat="47.001232" lon="9.855725">
        <ele>1858.858982</ele>
        <time>2026-09-12T07:47:13.000Z</time>
      </trkpt>
      <trkpt lat="47.001235" lon="9.855726">
        <ele>1858.937197</ele>
        <time>2026-09-12T07:47:22.000Z</time>
      </trkpt>
      <trkpt lat="47.001235" lon="9.855726">
        <ele>1858.937197</ele>
        <time>2026-09-12T07:47:23.000Z</time>
      </trkpt>
      <trkpt lat="47.001235" lon="9.855726">
        <ele>1858.937197</ele>
        <time>2026-09-12T07:47:31.000Z</time>
      </trkpt>
      <trkpt lat="47.001235" lon="9.855726">
        <ele>1858.937197</ele>
        <time>2026-09-12T07:47:36.000Z</time>
      </trkpt>
      <trkpt lat="47.001235" lon="9.855726">
        <ele>1858.937197</ele>
        <time>2026-09-12T07:47:40.000Z</time>
      </trkpt>
      <trkpt lat="47.001235" lon="9.855726">
        <ele>1858.937197</ele>
        <time>2026-09-12T07:47:43.000Z</time>
      </trkpt>
      <trkpt lat="47.001237" lon="9.855723">
        <ele>1859.009934</ele>
        <time>2026-09-12T07:47:57.000Z</time>
      </trkpt>
      <trkpt lat="47.001235" lon="9.855726">
        <ele>1859.082671</ele>
        <time>2026-09-12T07:47:59.000Z</time>
      </trkpt>
      <trkpt lat="47.001235" lon="9.855726">
        <ele>1859.082671</ele>
        <time>2026-09-12T07:48:13.000Z</time>
      </trkpt>
      <trkpt lat="47.001235" lon="9.855726">
        <ele>1859.082671</ele>
        <time>2026-09-12T07:48:22.000Z</time>
      </trkpt>
      <trkpt lat="47.001235" lon="9.855726">
        <ele>1859.082671</ele>
        <time>2026-09-12T07:48:36.000Z</time>
      </trkpt>
      <trkpt lat="47.001239" lon="9.855723">
        <ele>1859.196893</ele>
        <time>2026-09-12T07:48:45.000Z</time>
      </trkpt>
      <trkpt lat="47.001239" lon="9.855722">
        <ele>1859.214231</ele>
        <time>2026-09-12T07:48:46.000Z</time>
      </trkpt>
      <trkpt lat="47.001258" lon="9.855695">
        <ele>1859.886883</ele>
        <time>2026-09-12T07:48:52.000Z</time>
      </trkpt>
      <trkpt lat="47.001271" lon="9.855673">
        <ele>1860.391581</ele>
        <time>2026-09-12T07:48:55.000Z</time>
      </trkpt>
      <trkpt lat="47.001279" lon="9.855653">
        <ele>1860.793584</ele>
        <time>2026-09-12T07:48:57.000Z</time>
      </trkpt>
      <trkpt lat="47.001285" lon="9.855587">
        <ele>1861.948008</ele>
        <time>2026-09-12T07:49:02.000Z</time>
      </trkpt>
      <trkpt lat="47.001288" lon="9.855569">
        <ele>1862.269274</ele>
        <time>2026-09-12T07:49:03.000Z</time>
      </trkpt>
      <trkpt lat="47.001281" lon="9.855536">
        <ele>1862.868462</ele>
        <time>2026-09-12T07:49:06.000Z</time>
      </trkpt>
      <trkpt lat="47.001274" lon="9.855505">
        <ele>1863.434633</ele>
        <time>2026-09-12T07:49:09.000Z</time>
      </trkpt>
      <trkpt lat="47.001272" lon="9.855494">
        <ele>1863.632012</ele>
        <time>2026-09-12T07:49:10.000Z</time>
      </trkpt>
      <trkpt lat="47.001269" lon="9.855468">
        <ele>1864.089204</ele>
        <time>2026-09-12T07:49:13.000Z</time>
      </trkpt>
      <trkpt lat="47.001273" lon="9.855444">
        <ele>1864.517560</ele>
        <time>2026-09-12T07:49:16.000Z</time>
      </trkpt>
      <trkpt lat="47.001284" lon="9.855417">
        <ele>1865.062853</ele>
        <time>2026-09-12T07:49:20.000Z</time>
      </trkpt>
      <trkpt lat="47.001294" lon="9.855400">
        <ele>1865.452091</ele>
        <time>2026-09-12T07:49:23.000Z</time>
      </trkpt>
      <trkpt lat="47.001303" lon="9.855398">
        <ele>1865.683509</ele>
        <time>2026-09-12T07:49:24.000Z</time>
      </trkpt>
      <trkpt lat="47.001336" lon="9.855393">
        <ele>1866.528826</ele>
        <time>2026-09-12T07:49:28.000Z</time>
      </trkpt>
      <trkpt lat="47.001353" lon="9.855382">
        <ele>1867.017848</ele>
        <time>2026-09-12T07:49:30.000Z</time>
      </trkpt>
      <trkpt lat="47.001356" lon="9.855358">
        <ele>1867.455778</ele>
        <time>2026-09-12T07:49:33.000Z</time>
      </trkpt>
      <trkpt lat="47.001359" lon="9.855316">
        <ele>1868.213720</ele>
        <time>2026-09-12T07:49:37.000Z</time>
      </trkpt>
      <trkpt lat="47.001370" lon="9.855261">
        <ele>1869.242436</ele>
        <time>2026-09-12T07:49:42.000Z</time>
      </trkpt>
      <trkpt lat="47.001360" lon="9.855220">
        <ele>1870.023952</ele>
        <time>2026-09-12T07:49:46.000Z</time>
      </trkpt>
      <trkpt lat="47.001352" lon="9.855187">
        <ele>1870.652545</ele>
        <time>2026-09-12T07:49:50.000Z</time>
      </trkpt>
      <trkpt lat="47.001339" lon="9.855160">
        <ele>1871.245746</ele>
        <time>2026-09-12T07:49:53.000Z</time>
      </trkpt>
      <trkpt lat="47.001332" lon="9.855157">
        <ele>1871.437676</ele>
        <time>2026-09-12T07:49:54.000Z</time>
      </trkpt>
      <trkpt lat="47.001294" lon="9.855087">
        <ele>1873.043474</ele>
        <time>2026-09-12T07:50:01.000Z</time>
      </trkpt>
      <trkpt lat="47.001281" lon="9.855084">
        <ele>1873.389813</ele>
        <time>2026-09-12T07:50:06.000Z</time>
      </trkpt>
      <trkpt lat="47.001280" lon="9.855087">
        <ele>1873.449745</ele>
        <time>2026-09-12T07:50:11.000Z</time>
      </trkpt>
      <trkpt lat="47.001269" lon="9.855087">
        <ele>1873.739237</ele>
        <time>2026-09-12T07:50:15.000Z</time>
      </trkpt>
      <trkpt lat="47.001273" lon="9.855082">
        <ele>1873.877567</ele>
        <time>2026-09-12T07:50:22.000Z</time>
      </trkpt>
      <trkpt lat="47.001275" lon="9.855080">
        <ele>1873.941278</ele>
        <time>2026-09-12T07:50:23.000Z</time>
      </trkpt>
      <trkpt lat="47.001272" lon="9.855095">
        <ele>1874.221837</ele>
        <time>2026-09-12T07:50:30.000Z</time>
      </trkpt>
      <trkpt lat="47.001269" lon="9.855089">
        <ele>1874.355367</ele>
        <time>2026-09-12T07:50:39.000Z</time>
      </trkpt>
      <trkpt lat="47.001267" lon="9.855090">
        <ele>1874.410978</ele>
        <time>2026-09-12T07:50:41.000Z</time>
      </trkpt>
      <trkpt lat="47.001292" lon="9.855080">
        <ele>1875.092958</ele>
        <time>2026-09-12T07:50:50.000Z</time>
      </trkpt>
      <trkpt lat="47.001306" lon="9.855057">
        <ele>1875.646276</ele>
        <time>2026-09-12T07:50:52.000Z</time>
      </trkpt>
      <trkpt lat="47.001315" lon="9.855048">
        <ele>1875.932972</ele>
        <time>2026-09-12T07:50:53.000Z</time>
      </trkpt>
      <trkpt lat="47.001327" lon="9.855028">
        <ele>1876.411082</ele>
        <time>2026-09-12T07:50:55.000Z</time>
      </trkpt>
      <trkpt lat="47.001339" lon="9.854989">
        <ele>1877.179002</ele>
        <time>2026-09-12T07:50:58.000Z</time>
      </trkpt>
      <trkpt lat="47.001349" lon="9.854969">
        <ele>1877.624103</ele>
        <time>2026-09-12T07:51:00.000Z</time>
      </trkpt>
      <trkpt lat="47.001363" lon="9.854942">
        <ele>1878.232861</ele>
        <time>2026-09-12T07:51:04.000Z</time>
      </trkpt>
      <trkpt lat="47.001371" lon="9.854932">
        <ele>1878.509521</ele>
        <time>2026-09-12T07:51:07.000Z</time>
      </trkpt>
      <trkpt lat="47.001375" lon="9.854928">
        <ele>1878.636941</ele>
        <time>2026-09-12T07:51:08.000Z</time>
      </trkpt>
      <trkpt lat="47.001399" lon="9.854909">
        <ele>1879.354739</ele>
        <time>2026-09-12T07:51:12.000Z</time>
      </trkpt>
      <trkpt lat="47.001431" lon="9.854892">
        <ele>1880.250469</ele>
        <time>2026-09-12T07:51:16.000Z</time>
      </trkpt>
      <trkpt lat="47.001445" lon="9.854897">
        <ele>1880.629686</ele>
        <time>2026-09-12T07:51:18.000Z</time>
      </trkpt>
      <trkpt lat="47.001476" lon="9.854904">
        <ele>1881.455147</ele>
        <time>2026-09-12T07:51:21.000Z</time>
      </trkpt>
      <trkpt lat="47.001486" lon="9.854904">
        <ele>1881.718322</ele>
        <time>2026-09-12T07:51:22.000Z</time>
      </trkpt>
      <trkpt lat="47.001492" lon="9.854898">
        <ele>1881.909452</ele>
        <time>2026-09-12T07:51:23.000Z</time>
      </trkpt>
      <trkpt lat="47.001512" lon="9.854889">
        <ele>1882.460032</ele>
        <time>2026-09-12T07:51:26.000Z</time>
      </trkpt>
      <trkpt lat="47.001540" lon="9.854885">
        <ele>1883.200412</ele>
        <time>2026-09-12T07:51:29.000Z</time>
      </trkpt>
      <trkpt lat="47.001553" lon="9.854883">
        <ele>1883.544418</ele>
        <time>2026-09-12T07:51:30.000Z</time>
      </trkpt>
      <trkpt lat="47.001572" lon="9.854876">
        <ele>1884.059993</ele>
        <time>2026-09-12T07:51:32.000Z</time>
      </trkpt>
      <trkpt lat="47.001590" lon="9.854869">
        <ele>1884.550085</ele>
        <time>2026-09-12T07:51:34.000Z</time>
      </trkpt>
      <trkpt lat="47.001604" lon="9.854859">
        <ele>1884.959921</ele>
        <time>2026-09-12T07:51:36.000Z</time>
      </trkpt>
      <trkpt lat="47.001615" lon="9.854856">
        <ele>1885.254379</ele>
        <time>2026-09-12T07:51:38.000Z</time>
      </trkpt>
      <trkpt lat="47.001621" lon="9.854861">
        <ele>1885.436003</ele>
        <time>2026-09-12T07:51:39.000Z</time>
      </trkpt>
      <trkpt lat="47.001650" lon="9.854873">
        <ele>1886.229018</ele>
        <time>2026-09-12T07:51:42.000Z</time>
      </trkpt>
      <trkpt lat="47.001705" lon="9.854865">
        <ele>1887.683587</ele>
        <time>2026-09-12T07:51:47.000Z</time>
      </trkpt>
      <trkpt lat="47.001756" lon="9.854848">
        <ele>1889.060025</ele>
        <time>2026-09-12T07:51:52.000Z</time>
      </trkpt>
      <trkpt lat="47.001765" lon="9.854855">
        <ele>1889.328140</ele>
        <time>2026-09-12T07:51:53.000Z</time>
      </trkpt>
      <trkpt lat="47.001833" lon="9.854875">
        <ele>1891.153378</ele>
        <time>2026-09-12T07:52:00.000Z</time>
      </trkpt>
      <trkpt lat="47.001855" lon="9.854893">
        <ele>1891.816396</ele>
        <time>2026-09-12T07:52:04.000Z</time>
      </trkpt>
      <trkpt lat="47.001855" lon="9.854888">
        <ele>1891.906136</ele>
        <time>2026-09-12T07:52:08.000Z</time>
      </trkpt>
      <trkpt lat="47.001891" lon="9.854899">
        <ele>1892.873919</ele>
        <time>2026-09-12T07:52:14.000Z</time>
      </trkpt>
      <trkpt lat="47.001901" lon="9.854902">
        <ele>1893.142546</ele>
        <time>2026-09-12T07:52:15.000Z</time>
      </trkpt>
      <trkpt lat="47.001929" lon="9.854910">
        <ele>1893.893295</ele>
        <time>2026-09-12T07:52:19.000Z</time>
      </trkpt>
      <trkpt lat="47.001954" lon="9.854918">
        <ele>1894.566718</ele>
        <time>2026-09-12T07:52:22.000Z</time>
      </trkpt>
      <trkpt lat="47.001966" lon="9.854923">
        <ele>1894.895031</ele>
        <time>2026-09-12T07:52:23.000Z</time>
      </trkpt>
      <trkpt lat="47.001999" lon="9.854918">
        <ele>1895.768134</ele>
        <time>2026-09-12T07:52:27.000Z</time>
      </trkpt>
      <trkpt lat="47.002002" lon="9.854913">
        <ele>1895.887661</ele>
        <time>2026-09-12T07:52:28.000Z</time>
      </trkpt>
      <trkpt lat="47.002014" lon="9.854907">
        <ele>1896.221326</ele>
        <time>2026-09-12T07:52:30.000Z</time>
      </trkpt>
      <trkpt lat="47.002034" lon="9.854888">
        <ele>1896.848488</ele>
        <time>2026-09-12T07:52:33.000Z</time>
      </trkpt>
      <trkpt lat="47.002048" lon="9.854874">
        <ele>1897.294457</ele>
        <time>2026-09-12T07:52:36.000Z</time>
      </trkpt>
      <trkpt lat="47.002043" lon="9.854879">
        <ele>1897.453732</ele>
        <time>2026-09-12T07:52:40.000Z</time>
      </trkpt>
      <trkpt lat="47.002043" lon="9.854879">
        <ele>1897.453732</ele>
        <time>2026-09-12T07:52:45.000Z</time>
      </trkpt>
      <trkpt lat="47.002040" lon="9.854879">
        <ele>1897.532685</ele>
        <time>2026-09-12T07:52:58.000Z</time>
      </trkpt>
      <trkpt lat="47.002093" lon="9.854879">
        <ele>1898.927514</ele>
        <time>2026-09-12T07:53:04.000Z</time>
      </trkpt>
      <trkpt lat="47.002120" lon="9.854882">
        <ele>1899.640125</ele>
        <time>2026-09-12T07:53:07.000Z</time>
      </trkpt>
      <trkpt lat="47.002140" lon="9.854888">
        <ele>1900.177378</ele>
        <time>2026-09-12T07:53:09.000Z</time>
      </trkpt>
      <trkpt lat="47.002160" lon="9.854895">
        <ele>1900.718515</ele>
        <time>2026-09-12T07:53:11.000Z</time>
      </trkpt>
      <trkpt lat="47.002167" lon="9.854897">
        <ele>1900.906203</ele>
        <time>2026-09-12T07:53:12.000Z</time>
      </trkpt>
      <trkpt lat="47.002206" lon="9.854911">
        <ele>1901.962896</ele>
        <time>2026-09-12T07:53:16.000Z</time>
      </trkpt>
      <trkpt lat="47.002216" lon="9.854908">
        <ele>1902.231522</ele>
        <time>2026-09-12T07:53:17.000Z</time>
      </trkpt>
      <trkpt lat="47.002239" lon="9.854895">
        <ele>1902.880237</ele>
        <time>2026-09-12T07:53:20.000Z</time>
      </trkpt>
      <trkpt lat="47.002248" lon="9.854854">
        <ele>1903.653276</ele>
        <time>2026-09-12T07:53:23.000Z</time>
      </trkpt>
      <trkpt lat="47.002239" lon="9.854808">
        <ele>1904.512178</ele>
        <time>2026-09-12T07:53:26.000Z</time>
      </trkpt>
      <trkpt lat="47.002222" lon="9.854773">
        <ele>1905.283388</ele>
        <time>2026-09-12T07:53:29.000Z</time>
      </trkpt>
      <trkpt lat="47.002199" lon="9.854738">
        <ele>1906.155737</ele>
        <time>2026-09-12T07:53:33.000Z</time>
      </trkpt>
      <trkpt lat="47.002190" lon="9.854714">
        <ele>1906.647310</ele>
        <time>2026-09-12T07:53:35.000Z</time>
      </trkpt>
      <trkpt lat="47.002196" lon="9.854664">
        <ele>1907.558486</ele>
        <time>2026-09-12T07:53:40.000Z</time>
      </trkpt>
      <trkpt lat="47.002197" lon="9.854664">
        <ele>1907.584803</ele>
        <time>2026-09-12T07:53:41.000Z</time>
      </trkpt>
      <trkpt lat="47.002197" lon="9.854664">
        <ele>1907.584803</ele>
        <time>2026-09-12T07:53:42.000Z</time>
      </trkpt>
      <trkpt lat="47.002225" lon="9.854667">
        <ele>1908.323659</ele>
        <time>2026-09-12T07:53:46.000Z</time>
      </trkpt>
      <trkpt lat="47.002239" lon="9.854659">
        <ele>1908.719093</ele>
        <time>2026-09-12T07:53:48.000Z</time>
      </trkpt>
      <trkpt lat="47.002267" lon="9.854634">
        <ele>1909.581841</ele>
        <time>2026-09-12T07:53:52.000Z</time>
      </trkpt>
      <trkpt lat="47.002283" lon="9.854617">
        <ele>1910.101843</ele>
        <time>2026-09-12T07:53:54.000Z</time>
      </trkpt>
      <trkpt lat="47.002293" lon="9.854606">
        <ele>1910.430838</ele>
        <time>2026-09-12T07:53:56.000Z</time>
      </trkpt>
      <trkpt lat="47.002331" lon="9.854549">
        <ele>1911.861469</ele>
        <time>2026-09-12T07:54:02.000Z</time>
      </trkpt>
      <trkpt lat="47.002337" lon="9.854531">
        <ele>1912.221054</ele>
        <time>2026-09-12T07:54:04.000Z</time>
      </trkpt>
      <trkpt lat="47.002360" lon="9.854485">
        <ele>1913.244773</ele>
        <time>2026-09-12T07:54:09.000Z</time>
      </trkpt>
      <trkpt lat="47.002365" lon="9.854473">
        <ele>1913.497163</ele>
        <time>2026-09-12T07:54:10.000Z</time>
      </trkpt>
      <trkpt lat="47.002380" lon="9.854434">
        <ele>1914.326476</ele>
        <time>2026-09-12T07:54:14.000Z</time>
      </trkpt>
      <trkpt lat="47.002407" lon="9.854385">
        <ele>1915.516198</ele>
        <time>2026-09-12T07:54:19.000Z</time>
      </trkpt>
      <trkpt lat="47.002414" lon="9.854379">
        <ele>1915.740738</ele>
        <time>2026-09-12T07:54:20.000Z</time>
      </trkpt>
      <trkpt lat="47.002459" lon="9.854344">
        <ele>1917.151374</ele>
        <time>2026-09-12T07:54:26.000Z</time>
      </trkpt>
      <trkpt lat="47.002472" lon="9.854336">
        <ele>1917.541801</ele>
        <time>2026-09-12T07:54:28.000Z</time>
      </trkpt>
      <trkpt lat="47.002496" lon="9.854324">
        <ele>1918.244008</ele>
        <time>2026-09-12T07:54:31.000Z</time>
      </trkpt>
      <trkpt lat="47.002541" lon="9.854303">
        <ele>1919.551779</ele>
        <time>2026-09-12T07:54:36.000Z</time>
      </trkpt>
      <trkpt lat="47.002556" lon="9.854293">
        <ele>1920.008090</ele>
        <time>2026-09-12T07:54:38.000Z</time>
      </trkpt>
      <trkpt lat="47.002609" lon="9.854283">
        <ele>1921.487918</ele>
        <time>2026-09-12T07:54:44.000Z</time>
      </trkpt>
      <trkpt lat="47.002647" lon="9.854296">
        <ele>1922.568511</ele>
        <time>2026-09-12T07:54:49.000Z</time>
      </trkpt>
      <trkpt lat="47.002663" lon="9.854296">
        <ele>1923.011599</ele>
        <time>2026-09-12T07:54:52.000Z</time>
      </trkpt>
      <trkpt lat="47.002678" lon="9.854292">
        <ele>1923.433807</ele>
        <time>2026-09-12T07:54:54.000Z</time>
      </trkpt>
      <trkpt lat="47.002718" lon="9.854311">
        <ele>1924.598194</ele>
        <time>2026-09-12T07:55:01.000Z</time>
      </trkpt>
      <trkpt lat="47.002753" lon="9.854321">
        <ele>1925.585676</ele>
        <time>2026-09-12T07:55:05.000Z</time>
      </trkpt>
      <trkpt lat="47.002773" lon="9.854296">
        <ele>1926.313464</ele>
        <time>2026-09-12T07:55:08.000Z</time>
      </trkpt>
      <trkpt lat="47.002784" lon="9.854297">
        <ele>1926.618672</ele>
        <time>2026-09-12T07:55:10.000Z</time>
      </trkpt>
      <trkpt lat="47.002834" lon="9.854293">
        <ele>1928.005380</ele>
        <time>2026-09-12T07:55:15.000Z</time>
      </trkpt>
      <trkpt lat="47.002845" lon="9.854270">
        <ele>1928.535918</ele>
        <time>2026-09-12T07:55:17.000Z</time>
      </trkpt>
      <trkpt lat="47.002860" lon="9.854251">
        <ele>1929.084834</ele>
        <time>2026-09-12T07:55:21.000Z</time>
      </trkpt>
      <trkpt lat="47.002864" lon="9.854253">
        <ele>1929.201868</ele>
        <time>2026-09-12T07:55:22.000Z</time>
      </trkpt>
      <trkpt lat="47.002888" lon="9.854262">
        <ele>1929.887889</ele>
        <time>2026-09-12T07:55:27.000Z</time>
      </trkpt>
      <trkpt lat="47.002900" lon="9.854275">
        <ele>1930.301060</ele>
        <time>2026-09-12T07:55:29.000Z</time>
      </trkpt>
      <trkpt lat="47.002909" lon="9.854283">
        <ele>1930.592514</ele>
        <time>2026-09-12T07:55:31.000Z</time>
      </trkpt>
      <trkpt lat="47.002933" lon="9.854302">
        <ele>1931.347822</ele>
        <time>2026-09-12T07:55:35.000Z</time>
      </trkpt>
      <trkpt lat="47.002945" lon="9.854303">
        <ele>1931.680674</ele>
        <time>2026-09-12T07:55:36.000Z</time>
      </trkpt>
      <trkpt lat="47.002963" lon="9.854279">
        <ele>1932.354405</ele>
        <time>2026-09-12T07:55:39.000Z</time>
      </trkpt>
      <trkpt lat="47.002974" lon="9.854244">
        <ele>1933.082214</ele>
        <time>2026-09-12T07:55:42.000Z</time>
      </trkpt>
      <trkpt lat="47.002968" lon="9.854209">
        <ele>1933.763771</ele>
        <time>2026-09-12T07:55:45.000Z</time>
      </trkpt>
      <trkpt lat="47.002958" lon="9.854162">
        <ele>1934.693588</ele>
        <time>2026-09-12T07:55:49.000Z</time>
      </trkpt>
      <trkpt lat="47.002960" lon="9.854137">
        <ele>1935.168963</ele>
        <time>2026-09-12T07:55:51.000Z</time>
      </trkpt>
      <trkpt lat="47.002990" lon="9.854117">
        <ele>1936.081583</ele>
        <time>2026-09-12T07:55:56.000Z</time>
      </trkpt>
      <trkpt lat="47.002998" lon="9.854116">
        <ele>1936.303931</ele>
        <time>2026-09-12T07:55:57.000Z</time>
      </trkpt>
      <trkpt lat="47.003022" lon="9.854113">
        <ele>1936.970973</ele>
        <time>2026-09-12T07:56:00.000Z</time>
      </trkpt>
      <trkpt lat="47.003039" lon="9.854101">
        <ele>1937.493461</ele>
        <time>2026-09-12T07:56:02.000Z</time>
      </trkpt>
      <trkpt lat="47.003063" lon="9.854071">
        <ele>1938.366805</ele>
        <time>2026-09-12T07:56:07.000Z</time>
      </trkpt>
      <trkpt lat="47.003071" lon="9.854069">
        <ele>1938.591545</ele>
        <time>2026-09-12T07:56:09.000Z</time>
      </trkpt>
      <trkpt lat="47.003073" lon="9.854071">
        <ele>1938.658585</ele>
        <time>2026-09-12T07:56:16.000Z</time>
      </trkpt>
      <trkpt lat="47.003072" lon="9.854076">
        <ele>1938.756989</ele>
        <time>2026-09-12T07:56:27.000Z</time>
      </trkpt>
      <trkpt lat="47.003073" lon="9.854079">
        <ele>1938.820051</ele>
        <time>2026-09-12T07:56:29.000Z</time>
      </trkpt>
      <trkpt lat="47.003072" lon="9.854076">
        <ele>1938.883114</ele>
        <time>2026-09-12T07:56:30.000Z</time>
      </trkpt>
      <trkpt lat="47.003077" lon="9.854080">
        <ele>1939.040845</ele>
        <time>2026-09-12T07:56:35.000Z</time>
      </trkpt>
      <trkpt lat="47.003073" lon="9.854072">
        <ele>1939.228186</ele>
        <time>2026-09-12T07:56:41.000Z</time>
      </trkpt>
      <trkpt lat="47.003073" lon="9.854072">
        <ele>1939.228186</ele>
        <time>2026-09-12T07:56:45.000Z</time>
      </trkpt>
      <trkpt lat="47.003073" lon="9.854072">
        <ele>1939.228186</ele>
        <time>2026-09-12T07:56:50.000Z</time>
      </trkpt>
      <trkpt lat="47.003078" lon="9.854080">
        <ele>1939.433122</ele>
        <time>2026-09-12T07:56:52.000Z</time>
      </trkpt>
      <trkpt lat="47.003099" lon="9.854082">
        <ele>1940.015900</ele>
        <time>2026-09-12T07:56:55.000Z</time>
      </trkpt>
      <trkpt lat="47.003110" lon="9.854087">
        <ele>1940.334822</ele>
        <time>2026-09-12T07:56:56.000Z</time>
      </trkpt>
      <trkpt lat="47.003129" lon="9.854095">
        <ele>1940.882250</ele>
        <time>2026-09-12T07:56:58.000Z</time>
      </trkpt>
      <trkpt lat="47.003149" lon="9.854110">
        <ele>1941.504351</ele>
        <time>2026-09-12T07:57:02.000Z</time>
      </trkpt>
      <trkpt lat="47.003161" lon="9.854122">
        <ele>1941.906586</ele>
        <time>2026-09-12T07:57:04.000Z</time>
      </trkpt>
      <trkpt lat="47.003176" lon="9.854134">
        <ele>1942.379779</ele>
        <time>2026-09-12T07:57:06.000Z</time>
      </trkpt>
      <trkpt lat="47.003202" lon="9.854154">
        <ele>1943.192852</ele>
        <time>2026-09-12T07:57:10.000Z</time>
      </trkpt>
      <trkpt lat="47.003218" lon="9.854161">
        <ele>1943.655241</ele>
        <time>2026-09-12T07:57:12.000Z</time>
      </trkpt>
      <trkpt lat="47.003244" lon="9.854168">
        <ele>1944.387294</ele>
        <time>2026-09-12T07:57:15.000Z</time>
      </trkpt>
      <trkpt lat="47.003267" lon="9.854162">
        <ele>1945.034233</ele>
        <time>2026-09-12T07:57:19.000Z</time>
      </trkpt>
      <trkpt lat="47.003271" lon="9.854161">
        <ele>1945.146603</ele>
        <time>2026-09-12T07:57:20.000Z</time>
      </trkpt>
      <trkpt lat="47.003293" lon="9.854161">
        <ele>1945.755848</ele>
        <time>2026-09-12T07:57:23.000Z</time>
      </trkpt>
      <trkpt lat="47.003318" lon="9.854167">
        <ele>1946.457384</ele>
        <time>2026-09-12T07:57:27.000Z</time>
      </trkpt>
      <trkpt lat="47.003362" lon="9.854145">
        <ele>1947.744763</ele>
        <time>2026-09-12T07:57:33.000Z</time>
      </trkpt>
      <trkpt lat="47.003367" lon="9.854148">
        <ele>1947.894370</ele>
        <time>2026-09-12T07:57:34.000Z</time>
      </trkpt>
      <trkpt lat="47.003378" lon="9.854146">
        <ele>1948.201326</ele>
        <time>2026-09-12T07:57:37.000Z</time>
      </trkpt>
      <trkpt lat="47.003401" lon="9.854174">
        <ele>1949.029160</ele>
        <time>2026-09-12T07:57:42.000Z</time>
      </trkpt>
      <trkpt lat="47.003407" lon="9.854175">
        <ele>1949.196388</ele>
        <time>2026-09-12T07:57:43.000Z</time>
      </trkpt>
      <trkpt lat="47.003437" lon="9.854201">
        <ele>1950.161432</ele>
        <time>2026-09-12T07:57:48.000Z</time>
      </trkpt>
      <trkpt lat="47.003453" lon="9.854208">
        <ele>1950.623820</ele>
        <time>2026-09-12T07:57:50.000Z</time>
      </trkpt>
      <trkpt lat="47.003466" lon="9.854196">
        <ele>1951.049220</ele>
        <time>2026-09-12T07:57:52.000Z</time>
      </trkpt>
      <trkpt lat="47.003482" lon="9.854180">
        <ele>1951.585532</ele>
        <time>2026-09-12T07:57:55.000Z</time>
      </trkpt>
      <trkpt lat="47.003485" lon="9.854174">
        <ele>1951.726037</ele>
        <time>2026-09-12T07:57:56.000Z</time>
      </trkpt>
      <trkpt lat="47.003489" lon="9.854169">
        <ele>1951.871594</ele>
        <time>2026-09-12T07:57:57.000Z</time>
      </trkpt>
      <trkpt lat="47.003519" lon="9.854178">
        <ele>1952.719591</ele>
        <time>2026-09-12T07:58:02.000Z</time>
      </trkpt>
      <trkpt lat="47.003528" lon="9.854183">
        <ele>1952.986116</ele>
        <time>2026-09-12T07:58:03.000Z</time>
      </trkpt>
      <trkpt lat="47.003576" lon="9.854174">
        <ele>1954.326201</ele>
        <time>2026-09-12T07:58:08.000Z</time>
      </trkpt>
      <trkpt lat="47.003582" lon="9.854173">
        <ele>1954.493429</ele>
        <time>2026-09-12T07:58:09.000Z</time>
      </trkpt>
      <trkpt lat="47.003614" lon="9.854176">
        <ele>1955.381413</ele>
        <time>2026-09-12T07:58:13.000Z</time>
      </trkpt>
      <trkpt lat="47.003643" lon="9.854191">
        <ele>1956.233006</ele>
        <time>2026-09-12T07:58:17.000Z</time>
      </trkpt>
      <trkpt lat="47.003644" lon="9.854195">
        <ele>1956.313464</ele>
        <time>2026-09-12T07:58:18.000Z</time>
      </trkpt>
      <trkpt lat="47.003661" lon="9.854220">
        <ele>1956.980204</ele>
        <time>2026-09-12T07:58:22.000Z</time>
      </trkpt>
      <trkpt lat="47.003683" lon="9.854219">
        <ele>1957.589742</ele>
        <time>2026-09-12T07:58:25.000Z</time>
      </trkpt>
      <trkpt lat="47.003687" lon="9.854212">
        <ele>1957.762214</ele>
        <time>2026-09-12T07:58:26.000Z</time>
      </trkpt>
      <trkpt lat="47.003708" lon="9.854157">
        <ele>1958.952625</ele>
        <time>2026-09-12T07:58:31.000Z</time>
      </trkpt>
      <trkpt lat="47.003718" lon="9.854142">
        <ele>1959.348777</ele>
        <time>2026-09-12T07:58:33.000Z</time>
      </trkpt>
      <trkpt lat="47.003754" lon="9.854105">
        <ele>1960.566218</ele>
        <time>2026-09-12T07:58:39.000Z</time>
      </trkpt>
      <trkpt lat="47.003762" lon="9.854092">
        <ele>1960.896908</ele>
        <time>2026-09-12T07:58:41.000Z</time>
      </trkpt>
      <trkpt lat="47.003785" lon="9.854054">
        <ele>1961.856437</ele>
        <time>2026-09-12T07:58:45.000Z</time>
      </trkpt>
      <trkpt lat="47.003813" lon="9.854021">
        <ele>1962.851245</ele>
        <time>2026-09-12T07:58:51.000Z</time>
      </trkpt>
      <trkpt lat="47.003820" lon="9.854016">
        <ele>1963.066871</ele>
        <time>2026-09-12T07:58:52.000Z</time>
      </trkpt>
      <trkpt lat="47.003845" lon="9.854005">
        <ele>1963.742986</ele>
        <time>2026-09-12T07:58:56.000Z</time>
      </trkpt>
      <trkpt lat="47.003871" lon="9.854009">
        <ele>1964.269235</ele>
        <time>2026-09-12T07:58:59.000Z</time>
      </trkpt>
      <trkpt lat="47.003879" lon="9.854009">
        <ele>1964.430274</ele>
        <time>2026-09-12T07:59:00.000Z</time>
      </trkpt>
      <trkpt lat="47.003919" lon="9.854005">
        <ele>1965.237339</ele>
        <time>2026-09-12T07:59:05.000Z</time>
      </trkpt>
      <trkpt lat="47.003929" lon="9.854016">
        <ele>1965.488980</ele>
        <time>2026-09-12T07:59:07.000Z</time>
      </trkpt>
      <trkpt lat="47.003951" lon="9.854036">
        <ele>1966.010037</ele>
        <time>2026-09-12T07:59:10.000Z</time>
      </trkpt>
      <trkpt lat="47.003973" lon="9.854042">
        <ele>1966.460488</ele>
        <time>2026-09-12T07:59:13.000Z</time>
      </trkpt>
      <trkpt lat="47.003979" lon="9.854050">
        <ele>1966.623731</ele>
        <time>2026-09-12T07:59:14.000Z</time>
      </trkpt>
      <trkpt lat="47.004009" lon="9.854073">
        <ele>1967.305183</ele>
        <time>2026-09-12T07:59:18.000Z</time>
      </trkpt>
      <trkpt lat="47.004025" lon="9.854079">
        <ele>1967.637626</ele>
        <time>2026-09-12T07:59:20.000Z</time>
      </trkpt>
      <trkpt lat="47.004055" lon="9.854062">
        <ele>1968.285045</ele>
        <time>2026-09-12T07:59:23.000Z</time>
      </trkpt>
      <trkpt lat="47.004082" lon="9.854064">
        <ele>1968.829245</ele>
        <time>2026-09-12T07:59:27.000Z</time>
      </trkpt>
      <trkpt lat="47.004086" lon="9.854075">
        <ele>1969.000373</ele>
        <time>2026-09-12T07:59:28.000Z</time>
      </trkpt>
      <trkpt lat="47.004106" lon="9.854109">
        <ele>1969.616755</ele>
        <time>2026-09-12T07:59:33.000Z</time>
      </trkpt>
      <trkpt lat="47.004111" lon="9.854108">
        <ele>1969.718336</ele>
        <time>2026-09-12T07:59:34.000Z</time>
      </trkpt>
      <trkpt lat="47.004140" lon="9.854119">
        <ele>1970.321316</ele>
        <time>2026-09-12T07:59:37.000Z</time>
      </trkpt>
      <trkpt lat="47.004151" lon="9.854106">
        <ele>1970.605706</ele>
        <time>2026-09-12T07:59:39.000Z</time>
      </trkpt>
      <trkpt lat="47.004159" lon="9.854079">
        <ele>1971.009821</ele>
        <time>2026-09-12T07:59:41.000Z</time>
      </trkpt>
      <trkpt lat="47.004169" lon="9.854026">
        <ele>1971.764711</ele>
        <time>2026-09-12T07:59:46.000Z</time>
      </trkpt>
      <trkpt lat="47.004169" lon="9.854016">
        <ele>1971.901985</ele>
        <time>2026-09-12T07:59:48.000Z</time>
      </trkpt>
      <trkpt lat="47.004171" lon="9.853991">
        <ele>1972.247525</ele>
        <time>2026-09-12T07:59:51.000Z</time>
      </trkpt>
      <trkpt lat="47.004172" lon="9.853984">
        <ele>1972.345703</ele>
        <time>2026-09-12T07:59:52.000Z</time>
      </trkpt>
      <trkpt lat="47.004167" lon="9.853964">
        <ele>1972.638120</ele>
        <time>2026-09-12T07:59:55.000Z</time>
      </trkpt>
      <trkpt lat="47.004148" lon="9.853929">
        <ele>1973.252225</ele>
        <time>2026-09-12T07:59:59.000Z</time>
      </trkpt>
      <trkpt lat="47.004146" lon="9.853859">
        <ele>1974.213991</ele>
        <time>2026-09-12T08:00:05.000Z</time>
      </trkpt>
      <trkpt lat="47.004143" lon="9.853868">
        <ele>1974.351508</ele>
        <time>2026-09-12T08:00:12.000Z</time>
      </trkpt>
      <trkpt lat="47.004145" lon="9.853868">
        <ele>1974.391768</ele>
        <time>2026-09-12T08:00:20.000Z</time>
      </trkpt>
      <trkpt lat="47.004146" lon="9.853865">
        <ele>1974.437607</ele>
        <time>2026-09-12T08:00:21.000Z</time>
      </trkpt>
      <trkpt lat="47.004146" lon="9.853858">
        <ele>1974.533699</ele>
        <time>2026-09-12T08:00:30.000Z</time>
      </trkpt>
      <trkpt lat="47.004147" lon="9.853863">
        <ele>1974.605227</ele>
        <time>2026-09-12T08:00:32.000Z</time>
      </trkpt>
      <trkpt lat="47.004147" lon="9.853862">
        <ele>1974.618955</ele>
        <time>2026-09-12T08:00:42.000Z</time>
      </trkpt>
      <trkpt lat="47.004145" lon="9.853857">
        <ele>1974.698528</ele>
        <time>2026-09-12T08:00:50.000Z</time>
      </trkpt>
      <trkpt lat="47.004150" lon="9.853860">
        <ele>1974.807277</ele>
        <time>2026-09-12T08:00:53.000Z</time>
      </trkpt>
      <trkpt lat="47.004147" lon="9.853862">
        <ele>1974.873615</ele>
        <time>2026-09-12T08:01:04.000Z</time>
      </trkpt>
      <trkpt lat="47.004147" lon="9.853862">
        <ele>1974.873615</ele>
        <time>2026-09-12T08:01:16.000Z</time>
      </trkpt>
      <trkpt lat="47.004154" lon="9.853854">
        <ele>1975.052264</ele>
        <time>2026-09-12T08:01:21.000Z</time>
      </trkpt>
      <trkpt lat="47.004147" lon="9.853862">
        <ele>1975.230914</ele>
        <time>2026-09-12T08:01:22.000Z</time>
      </trkpt>
      <trkpt lat="47.004147" lon="9.853862">
        <ele>1975.230914</ele>
        <time>2026-09-12T08:01:36.000Z</time>
      </trkpt>
      <trkpt lat="47.004131" lon="9.853898">
        <ele>1975.820793</ele>
        <time>2026-09-12T08:01:44.000Z</time>
      </trkpt>
      <trkpt lat="47.004123" lon="9.853913">
        <ele>1976.082200</ele>
        <time>2026-09-12T08:01:50.000Z</time>
      </trkpt>
      <trkpt lat="47.004121" lon="9.853913">
        <ele>1976.122459</ele>
        <time>2026-09-12T08:01:51.000Z</time>
      </trkpt>
      <trkpt lat="47.004121" lon="9.853916">
        <ele>1976.163642</ele>
        <time>2026-09-12T08:01:53.000Z</time>
      </trkpt>
      <trkpt lat="47.004121" lon="9.853918">
        <ele>1976.191097</ele>
        <time>2026-09-12T08:01:59.000Z</time>
      </trkpt>
      <trkpt lat="47.004121" lon="9.853918">
        <ele>1976.191097</ele>
        <time>2026-09-12T08:02:01.000Z</time>
      </trkpt>
      <trkpt lat="47.004121" lon="9.853918">
        <ele>1976.191097</ele>
        <time>2026-09-12T08:02:06.000Z</time>
      </trkpt>
      <trkpt lat="47.004127" lon="9.853916">
        <ele>1976.314957</ele>
        <time>2026-09-12T08:02:11.000Z</time>
      </trkpt>
      <trkpt lat="47.004127" lon="9.853915">
        <ele>1976.328685</ele>
        <time>2026-09-12T08:02:12.000Z</time>
      </trkpt>
      <trkpt lat="47.004121" lon="9.853918">
        <ele>1976.456292</ele>
        <time>2026-09-12T08:02:23.000Z</time>
      </trkpt>
      <trkpt lat="47.004121" lon="9.853918">
        <ele>1976.456292</ele>
        <time>2026-09-12T08:02:24.000Z</time>
      </trkpt>
      <trkpt lat="47.004132" lon="9.853924">
        <ele>1976.692543</ele>
        <time>2026-09-12T08:02:34.000Z</time>
      </trkpt>
      <trkpt lat="47.004139" lon="9.853918">
        <ele>1976.855759</ele>
        <time>2026-09-12T08:02:47.000Z</time>
      </trkpt>
      <trkpt lat="47.004143" lon="9.853916">
        <ele>1976.940830</ele>
        <time>2026-09-12T08:02:50.000Z</time>
      </trkpt>
      <trkpt lat="47.004145" lon="9.853912">
        <ele>1977.008918</ele>
        <time>2026-09-12T08:02:55.000Z</time>
      </trkpt>
      <trkpt lat="47.004140" lon="9.853912">
        <ele>1977.109567</ele>
        <time>2026-09-12T08:03:03.000Z</time>
      </trkpt>
      <trkpt lat="47.004141" lon="9.853914">
        <ele>1977.143611</ele>
        <time>2026-09-12T08:03:04.000Z</time>
      </trkpt>
      <trkpt lat="47.004134" lon="9.853911">
        <ele>1977.290415</ele>
        <time>2026-09-12T08:03:11.000Z</time>
      </trkpt>
      <trkpt lat="47.004132" lon="9.853913">
        <ele>1977.339145</ele>
        <time>2026-09-12T08:03:14.000Z</time>
      </trkpt>
      <trkpt lat="47.004129" lon="9.853914">
        <ele>1977.401075</ele>
        <time>2026-09-12T08:03:16.000Z</time>
      </trkpt>
      <trkpt lat="47.004132" lon="9.853918">
        <ele>1977.482697</ele>
        <time>2026-09-12T08:03:19.000Z</time>
      </trkpt>
      <trkpt lat="47.004125" lon="9.853914">
        <ele>1977.633926</ele>
        <time>2026-09-12T08:03:23.000Z</time>
      </trkpt>
      <trkpt lat="47.004126" lon="9.853914">
        <ele>1977.654056</ele>
        <time>2026-09-12T08:03:24.000Z</time>
      </trkpt>
      <trkpt lat="47.004130" lon="9.853913">
        <ele>1977.735738</ele>
        <time>2026-09-12T08:03:32.000Z</time>
      </trkpt>
      <trkpt lat="47.004125" lon="9.853914">
        <ele>1977.837319</ele>
        <time>2026-09-12T08:03:49.000Z</time>
      </trkpt>
      <trkpt lat="47.004125" lon="9.853914">
        <ele>1977.837319</ele>
        <time>2026-09-12T08:04:02.000Z</time>
      </trkpt>
      <trkpt lat="47.004125" lon="9.853914">
        <ele>1977.837319</ele>
        <time>2026-09-12T08:04:15.000Z</time>
      </trkpt>
      <trkpt lat="47.004125" lon="9.853914">
        <ele>1977.837319</ele>
        <time>2026-09-12T08:04:19.000Z</time>
      </trkpt>
      <trkpt lat="47.004125" lon="9.853914">
        <ele>1977.837319</ele>
        <time>2026-09-12T08:04:25.000Z</time>
      </trkpt>
      <trkpt lat="47.004125" lon="9.853914">
        <ele>1977.837319</ele>
        <time>2026-09-12T08:04:29.000Z</time>
      </trkpt>
      <trkpt lat="47.004125" lon="9.853914">
        <ele>1977.837319</ele>
        <time>2026-09-12T08:04:35.000Z</time>
      </trkpt>
      <trkpt lat="47.004125" lon="9.853914">
        <ele>1977.837319</ele>
        <time>2026-09-12T08:04:37.000Z</time>
      </trkpt>
      <trkpt lat="47.004139" lon="9.853890">
        <ele>1978.270868</ele>
        <time>2026-09-12T08:04:58.000Z</time>
      </trkpt>
      <trkpt lat="47.004187" lon="9.853827">
        <ele>1979.567610</ele>
        <time>2026-09-12T08:05:04.000Z</time>
      </trkpt>
      <trkpt lat="47.004196" lon="9.853828">
        <ele>1979.749298</ele>
        <time>2026-09-12T08:05:05.000Z</time>
      </trkpt>
      <trkpt lat="47.004265" lon="9.853856">
        <ele>1981.190462</ele>
        <time>2026-09-12T08:05:12.000Z</time>
      </trkpt>
      <trkpt lat="47.004277" lon="9.853859">
        <ele>1981.435506</ele>
        <time>2026-09-12T08:05:13.000Z</time>
      </trkpt>
      <trkpt lat="47.004296" lon="9.853866">
        <ele>1981.829860</ele>
        <time>2026-09-12T08:05:15.000Z</time>
      </trkpt>
      <trkpt lat="47.004353" lon="9.853882">
        <ele>1982.998095</ele>
        <time>2026-09-12T08:05:20.000Z</time>
      </trkpt>
      <trkpt lat="47.004367" lon="9.853882">
        <ele>1983.279914</ele>
        <time>2026-09-12T08:05:22.000Z</time>
      </trkpt>
      <trkpt lat="47.004391" lon="9.853884">
        <ele>1983.763810</ele>
        <time>2026-09-12T08:05:25.000Z</time>
      </trkpt>
      <trkpt lat="47.004420" lon="9.853874">
        <ele>1984.363499</ele>
        <time>2026-09-12T08:05:28.000Z</time>
      </trkpt>
      <trkpt lat="47.004432" lon="9.853869">
        <ele>1984.614620</ele>
        <time>2026-09-12T08:05:29.000Z</time>
      </trkpt>
      <trkpt lat="47.004447" lon="9.853857">
        <ele>1984.958579</ele>
        <time>2026-09-12T08:05:31.000Z</time>
      </trkpt>
      <trkpt lat="47.004458" lon="9.853849">
        <ele>1985.205745</ele>
        <time>2026-09-12T08:05:35.000Z</time>
      </trkpt>
      <trkpt lat="47.004465" lon="9.853847">
        <ele>1985.349304</ele>
        <time>2026-09-12T08:05:36.000Z</time>
      </trkpt>
      <trkpt lat="47.004483" lon="9.853841">
        <ele>1985.720885</ele>
        <time>2026-09-12T08:05:38.000Z</time>
      </trkpt>
      <trkpt lat="47.004512" lon="9.853833">
        <ele>1986.314891</ele>
        <time>2026-09-12T08:05:41.000Z</time>
      </trkpt>
      <trkpt lat="47.004536" lon="9.853816">
        <ele>1986.851418</ele>
        <time>2026-09-12T08:05:43.000Z</time>
      </trkpt>
      <trkpt lat="47.004554" lon="9.853802">
        <ele>1987.261568</ele>
        <time>2026-09-12T08:05:46.000Z</time>
      </trkpt>
      <trkpt lat="47.004564" lon="9.853782">
        <ele>1987.602005</ele>
        <time>2026-09-12T08:05:48.000Z</time>
      </trkpt>
      <trkpt lat="47.004565" lon="9.853774">
        <ele>1987.713654</ele>
        <time>2026-09-12T08:05:49.000Z</time>
      </trkpt>
      <trkpt lat="47.004565" lon="9.853755">
        <ele>1987.974474</ele>
        <time>2026-09-12T08:05:50.000Z</time>
      </trkpt>
      <trkpt lat="47.004561" lon="9.853720">
        <ele>1988.461632</ele>
        <time>2026-09-12T08:05:52.000Z</time>
      </trkpt>
      <trkpt lat="47.004546" lon="9.853655">
        <ele>1989.403617</ele>
        <time>2026-09-12T08:05:57.000Z</time>
      </trkpt>
      <trkpt lat="47.004545" lon="9.853655">
        <ele>1989.423746</ele>
        <time>2026-09-12T08:05:58.000Z</time>
      </trkpt>
      <trkpt lat="47.004544" lon="9.853654">
        <ele>1989.448111</ele>
        <time>2026-09-12T08:05:59.000Z</time>
      </trkpt>
      <trkpt lat="47.004530" lon="9.853646">
        <ele>1989.750571</ele>
        <time>2026-09-12T08:06:07.000Z</time>
      </trkpt>
      <trkpt lat="47.004518" lon="9.853643">
        <ele>1989.995615</ele>
        <time>2026-09-12T08:06:09.000Z</time>
      </trkpt>
      <trkpt lat="47.004471" lon="9.853633">
        <ele>1990.951626</ele>
        <time>2026-09-12T08:06:13.000Z</time>
      </trkpt>
      <trkpt lat="47.004420" lon="9.853601">
        <ele>1992.068281</ele>
        <time>2026-09-12T08:06:19.000Z</time>
      </trkpt>
      <trkpt lat="47.004418" lon="9.853597">
        <ele>1992.136369</ele>
        <time>2026-09-12T08:06:20.000Z</time>
      </trkpt>
      <trkpt lat="47.004416" lon="9.853586">
        <ele>1992.292645</ele>
        <time>2026-09-12T08:06:21.000Z</time>
      </trkpt>
      <trkpt lat="47.004430" lon="9.853553">
        <ele>1992.826157</ele>
        <time>2026-09-12T08:06:26.000Z</time>
      </trkpt>
      <trkpt lat="47.004434" lon="9.853547">
        <ele>1992.941340</ele>
        <time>2026-09-12T08:06:27.000Z</time>
      </trkpt>
      <trkpt lat="47.004442" lon="9.853538">
        <ele>1993.144311</ele>
        <time>2026-09-12T08:06:30.000Z</time>
      </trkpt>
      <trkpt lat="47.004449" lon="9.853526">
        <ele>1993.361085</ele>
        <time>2026-09-12T08:06:32.000Z</time>
      </trkpt>
      <trkpt lat="47.004474" lon="9.853492">
        <ele>1994.047449</ele>
        <time>2026-09-12T08:06:36.000Z</time>
      </trkpt>
      <trkpt lat="47.004482" lon="9.853485">
        <ele>1994.234978</ele>
        <time>2026-09-12T08:06:37.000Z</time>
      </trkpt>
      <trkpt lat="47.004502" lon="9.853467">
        <ele>1994.707355</ele>
        <time>2026-09-12T08:06:40.000Z</time>
      </trkpt>
      <trkpt lat="47.004514" lon="9.853414">
        <ele>1995.473959</ele>
        <time>2026-09-12T08:06:45.000Z</time>
      </trkpt>
      <trkpt lat="47.004504" lon="9.853390">
        <ele>1995.860046</ele>
        <time>2026-09-12T08:06:47.000Z</time>
      </trkpt>
      <trkpt lat="47.004491" lon="9.853378">
        <ele>1996.169265</ele>
        <time>2026-09-12T08:06:49.000Z</time>
      </trkpt>
      <trkpt lat="47.004488" lon="9.853367">
        <ele>1996.331894</ele>
        <time>2026-09-12T08:06:50.000Z</time>
      </trkpt>
      <trkpt lat="47.004487" lon="9.853359">
        <ele>1996.443543</ele>
        <time>2026-09-12T08:06:51.000Z</time>
      </trkpt>
      <trkpt lat="47.004494" lon="9.853350">
        <ele>1996.630944</ele>
        <time>2026-09-12T08:06:52.000Z</time>
      </trkpt>
      <trkpt lat="47.004508" lon="9.853340">
        <ele>1996.944417</ele>
        <time>2026-09-12T08:06:54.000Z</time>
      </trkpt>
      <trkpt lat="47.004519" lon="9.853330">
        <ele>1997.204945</ele>
        <time>2026-09-12T08:06:56.000Z</time>
      </trkpt>
      <trkpt lat="47.004519" lon="9.853320">
        <ele>1997.342219</ele>
        <time>2026-09-12T08:06:57.000Z</time>
      </trkpt>
      <trkpt lat="47.004513" lon="9.853292">
        <ele>1997.745115</ele>
        <time>2026-09-12T08:06:59.000Z</time>
      </trkpt>
      <trkpt lat="47.004510" lon="9.853277">
        <ele>1997.959698</ele>
        <time>2026-09-12T08:07:00.000Z</time>
      </trkpt>
      <trkpt lat="47.004473" lon="9.853243">
        <ele>1998.838660</ele>
        <time>2026-09-12T08:07:04.000Z</time>
      </trkpt>
      <trkpt lat="47.004467" lon="9.853235">
        <ele>1999.001901</ele>
        <time>2026-09-12T08:07:05.000Z</time>
      </trkpt>
      <trkpt lat="47.004438" lon="9.853190">
        <ele>1999.858384</ele>
        <time>2026-09-12T08:07:09.000Z</time>
      </trkpt>
      <trkpt lat="47.004437" lon="9.853170">
        <ele>2000.201275</ele>
        <time>2026-09-12T08:07:11.000Z</time>
      </trkpt>
      <trkpt lat="47.004441" lon="9.853166">
        <ele>2000.322670</ele>
        <time>2026-09-12T08:07:12.000Z</time>
      </trkpt>
      <trkpt lat="47.004441" lon="9.853115">
        <ele>2001.194701</ele>
        <time>2026-09-12T08:07:17.000Z</time>
      </trkpt>
      <trkpt lat="47.004440" lon="9.853107">
        <ele>2001.333769</ele>
        <time>2026-09-12T08:07:18.000Z</time>
      </trkpt>
      <trkpt lat="47.004433" lon="9.853076">
        <ele>2001.892130</ele>
        <time>2026-09-12T08:07:21.000Z</time>
      </trkpt>
      <trkpt lat="47.004423" lon="9.853020">
        <ele>2002.881939</ele>
        <time>2026-09-12T08:07:25.000Z</time>
      </trkpt>
      <trkpt lat="47.004418" lon="9.852997">
        <ele>2003.294707</ele>
        <time>2026-09-12T08:07:27.000Z</time>
      </trkpt>
      <trkpt lat="47.004407" lon="9.852963">
        <ele>2003.938168</ele>
        <time>2026-09-12T08:07:30.000Z</time>
      </trkpt>
      <trkpt lat="47.004396" lon="9.852944">
        <ele>2004.364330</ele>
        <time>2026-09-12T08:07:32.000Z</time>
      </trkpt>
      <trkpt lat="47.004377" lon="9.852889">
        <ele>2005.418538</ele>
        <time>2026-09-12T08:07:37.000Z</time>
      </trkpt>
      <trkpt lat="47.004377" lon="9.852876">
        <ele>2005.640821</ele>
        <time>2026-09-12T08:07:38.000Z</time>
      </trkpt>
      <trkpt lat="47.004366" lon="9.852808">
        <ele>2006.835795</ele>
        <time>2026-09-12T08:07:44.000Z</time>
      </trkpt>
      <trkpt lat="47.004362" lon="9.852797">
        <ele>2007.048950</ele>
        <time>2026-09-12T08:07:45.000Z</time>
      </trkpt>
      <trkpt lat="47.004358" lon="9.852743">
        <ele>2007.977709</ele>
        <time>2026-09-12T08:07:51.000Z</time>
      </trkpt>
      <trkpt lat="47.004363" lon="9.852738">
        <ele>2008.129453</ele>
        <time>2026-09-12T08:07:57.000Z</time>
      </trkpt>
      <trkpt lat="47.004372" lon="9.852711">
        <ele>2008.643317</ele>
        <time>2026-09-12T08:07:59.000Z</time>
      </trkpt>
      <trkpt lat="47.004378" lon="9.852670">
        <ele>2009.360323</ele>
        <time>2026-09-12T08:08:04.000Z</time>
      </trkpt>
      <trkpt lat="47.004377" lon="9.852647">
        <ele>2009.754391</ele>
        <time>2026-09-12T08:08:06.000Z</time>
      </trkpt>
      <trkpt lat="47.004371" lon="9.852620">
        <ele>2010.239948</ele>
        <time>2026-09-12T08:08:09.000Z</time>
      </trkpt>
      <trkpt lat="47.004359" lon="9.852593">
        <ele>2010.791005</ele>
        <time>2026-09-12T08:08:12.000Z</time>
      </trkpt>
      <trkpt lat="47.004344" lon="9.852547">
        <ele>2011.662840</ele>
        <time>2026-09-12T08:08:16.000Z</time>
      </trkpt>
      <trkpt lat="47.004339" lon="9.852530">
        <ele>2011.979401</ele>
        <time>2026-09-12T08:08:18.000Z</time>
      </trkpt>
      <trkpt lat="47.004334" lon="9.852480">
        <ele>2012.843478</ele>
        <time>2026-09-12T08:08:23.000Z</time>
      </trkpt>
      <trkpt lat="47.004329" lon="9.852465">
        <ele>2013.128958</ele>
        <time>2026-09-12T08:08:25.000Z</time>
      </trkpt>
      <trkpt lat="47.004323" lon="9.852425">
        <ele>2013.829255</ele>
        <time>2026-09-12T08:08:30.000Z</time>
      </trkpt>
      <trkpt lat="47.004325" lon="9.852402">
        <ele>2014.225710</ele>
        <time>2026-09-12T08:08:32.000Z</time>
      </trkpt>
      <trkpt lat="47.004324" lon="9.852374">
        <ele>2014.705129</ele>
        <time>2026-09-12T08:08:35.000Z</time>
      </trkpt>
      <trkpt lat="47.004319" lon="9.852351">
        <ele>2015.117898</ele>
        <time>2026-09-12T08:08:38.000Z</time>
      </trkpt>
      <trkpt lat="47.004318" lon="9.852334">
        <ele>2015.409655</ele>
        <time>2026-09-12T08:08:41.000Z</time>
      </trkpt>
      <trkpt lat="47.004318" lon="9.852310">
        <ele>2015.820023</ele>
        <time>2026-09-12T08:08:44.000Z</time>
      </trkpt>
      <trkpt lat="47.004313" lon="9.852295">
        <ele>2016.105504</ele>
        <time>2026-09-12T08:08:47.000Z</time>
      </trkpt>
      <trkpt lat="47.004308" lon="9.852261">
        <ele>2016.700223</ele>
        <time>2026-09-12T08:08:50.000Z</time>
      </trkpt>
      <trkpt lat="47.004308" lon="9.852203">
        <ele>2017.691947</ele>
        <time>2026-09-12T08:08:55.000Z</time>
      </trkpt>
      <trkpt lat="47.004309" lon="9.852200">
        <ele>2017.749043</ele>
        <time>2026-09-12T08:08:56.000Z</time>
      </trkpt>
      <trkpt lat="47.004308" lon="9.852145">
        <ele>2018.689805</ele>
        <time>2026-09-12T08:09:01.000Z</time>
      </trkpt>
      <trkpt lat="47.004309" lon="9.852118">
        <ele>2019.152150</ele>
        <time>2026-09-12T08:09:03.000Z</time>
      </trkpt>
      <trkpt lat="47.004308" lon="9.852078">
        <ele>2019.836557</ele>
        <time>2026-09-12T08:09:08.000Z</time>
      </trkpt>
      <trkpt lat="47.004306" lon="9.852018">
        <ele>2020.863703</ele>
        <time>2026-09-12T08:09:14.000Z</time>
      </trkpt>
      <trkpt lat="47.004307" lon="9.851978">
        <ele>2021.548110</ele>
        <time>2026-09-12T08:09:18.000Z</time>
      </trkpt>
      <trkpt lat="47.004301" lon="9.851956">
        <ele>2021.953249</ele>
        <time>2026-09-12T08:09:20.000Z</time>
      </trkpt>
      <trkpt lat="47.004286" lon="9.851923">
        <ele>2022.631363</ele>
        <time>2026-09-12T08:09:24.000Z</time>
      </trkpt>
      <trkpt lat="47.004282" lon="9.851915">
        <ele>2022.800981</ele>
        <time>2026-09-12T08:09:25.000Z</time>
      </trkpt>
      <trkpt lat="47.004280" lon="9.851905">
        <ele>2022.979170</ele>
        <time>2026-09-12T08:09:26.000Z</time>
      </trkpt>
      <trkpt lat="47.004276" lon="9.851863">
        <ele>2023.704285</ele>
        <time>2026-09-12T08:09:32.000Z</time>
      </trkpt>
      <trkpt lat="47.004294" lon="9.851820">
        <ele>2024.566999</ele>
        <time>2026-09-12T08:09:38.000Z</time>
      </trkpt>
      <trkpt lat="47.004302" lon="9.851811">
        <ele>2024.819817</ele>
        <time>2026-09-12T08:09:40.000Z</time>
      </trkpt>
      <trkpt lat="47.004316" lon="9.851798">
        <ele>2025.235306</ele>
        <time>2026-09-12T08:09:42.000Z</time>
      </trkpt>
      <trkpt lat="47.004332" lon="9.851778">
        <ele>2025.762456</ele>
        <time>2026-09-12T08:09:46.000Z</time>
      </trkpt>
      <trkpt lat="47.004350" lon="9.851767">
        <ele>2026.251402</ele>
        <time>2026-09-12T08:09:49.000Z</time>
      </trkpt>
      <trkpt lat="47.004371" lon="9.851753">
        <ele>2026.829806</ele>
        <time>2026-09-12T08:09:52.000Z</time>
      </trkpt>
      <trkpt lat="47.004388" lon="9.851745">
        <ele>2027.277466</ele>
        <time>2026-09-12T08:09:55.000Z</time>
      </trkpt>
      <trkpt lat="47.004411" lon="9.851733">
        <ele>2027.889570</ele>
        <time>2026-09-12T08:09:58.000Z</time>
      </trkpt>
      <trkpt lat="47.004428" lon="9.851717">
        <ele>2028.396062</ele>
        <time>2026-09-12T08:10:01.000Z</time>
      </trkpt>
      <trkpt lat="47.004445" lon="9.851692">
        <ele>2028.999730</ele>
        <time>2026-09-12T08:10:05.000Z</time>
      </trkpt>
      <trkpt lat="47.004478" lon="9.851661">
        <ele>2029.982376</ele>
        <time>2026-09-12T08:10:10.000Z</time>
      </trkpt>
      <trkpt lat="47.004491" lon="9.851652">
        <ele>2030.342832</ele>
        <time>2026-09-12T08:10:12.000Z</time>
      </trkpt>
      <trkpt lat="47.004533" lon="9.851620">
        <ele>2031.529579</ele>
        <time>2026-09-12T08:10:18.000Z</time>
      </trkpt>
      <trkpt lat="47.004550" lon="9.851576">
        <ele>2032.394277</ele>
        <time>2026-09-12T08:10:25.000Z</time>
      </trkpt>
      <trkpt lat="47.004556" lon="9.851569">
        <ele>2032.586522</ele>
        <time>2026-09-12T08:10:26.000Z</time>
      </trkpt>
      <trkpt lat="47.004576" lon="9.851540">
        <ele>2033.291751</ele>
        <time>2026-09-12T08:10:31.000Z</time>
      </trkpt>
      <trkpt lat="47.004581" lon="9.851535">
        <ele>2033.443495</ele>
        <time>2026-09-12T08:10:32.000Z</time>
      </trkpt>
      <trkpt lat="47.004598" lon="9.851485">
        <ele>2034.398792</ele>
        <time>2026-09-12T08:10:39.000Z</time>
      </trkpt>
      <trkpt lat="47.004623" lon="9.851453">
        <ele>2035.230840</ele>
        <time>2026-09-12T08:10:45.000Z</time>
      </trkpt>
      <trkpt lat="47.004631" lon="9.851443">
        <ele>2035.494414</ele>
        <time>2026-09-12T08:10:47.000Z</time>
      </trkpt>
      <trkpt lat="47.004646" lon="9.851428">
        <ele>2035.949644</ele>
        <time>2026-09-12T08:10:50.000Z</time>
      </trkpt>
      <trkpt lat="47.004661" lon="9.851393">
        <ele>2036.656465</ele>
        <time>2026-09-12T08:10:55.000Z</time>
      </trkpt>
      <trkpt lat="47.004679" lon="9.851345">
        <ele>2037.593104</ele>
        <time>2026-09-12T08:11:01.000Z</time>
      </trkpt>
      <trkpt lat="47.004714" lon="9.851309">
        <ele>2038.665033</ele>
        <time>2026-09-12T08:11:07.000Z</time>
      </trkpt>
      <trkpt lat="47.004718" lon="9.851305">
        <ele>2038.786427</ele>
        <time>2026-09-12T08:11:08.000Z</time>
      </trkpt>
      <trkpt lat="47.004731" lon="9.851296">
        <ele>2039.146882</ele>
        <time>2026-09-12T08:11:11.000Z</time>
      </trkpt>
      <trkpt lat="47.004749" lon="9.851272">
        <ele>2039.756876</ele>
        <time>2026-09-12T08:11:15.000Z</time>
      </trkpt>
      <trkpt lat="47.004753" lon="9.851268">
        <ele>2039.878270</ele>
        <time>2026-09-12T08:11:16.000Z</time>
      </trkpt>
      <trkpt lat="47.004795" lon="9.851254">
        <ele>2040.958220</ele>
        <time>2026-09-12T08:11:22.000Z</time>
      </trkpt>
      <trkpt lat="47.004833" lon="9.851244">
        <ele>2041.926233</ele>
        <time>2026-09-12T08:11:28.000Z</time>
      </trkpt>
      <trkpt lat="47.004833" lon="9.851241">
        <ele>2041.977529</ele>
        <time>2026-09-12T08:11:29.000Z</time>
      </trkpt>
      <trkpt lat="47.004879" lon="9.851236">
        <ele>2043.134073</ele>
        <time>2026-09-12T08:11:35.000Z</time>
      </trkpt>
      <trkpt lat="47.004898" lon="9.851231">
        <ele>2043.618079</ele>
        <time>2026-09-12T08:11:37.000Z</time>
      </trkpt>
      <trkpt lat="47.004951" lon="9.851218">
        <ele>2044.965188</ele>
        <time>2026-09-12T08:11:43.000Z</time>
      </trkpt>
      <trkpt lat="47.004995" lon="9.851219">
        <ele>2046.062078</ele>
        <time>2026-09-12T08:11:47.000Z</time>
      </trkpt>
      <trkpt lat="47.005012" lon="9.851207">
        <ele>2046.532364</ele>
        <time>2026-09-12T08:11:49.000Z</time>
      </trkpt>
      <trkpt lat="47.005021" lon="9.851203">
        <ele>2046.766778</ele>
        <time>2026-09-12T08:11:50.000Z</time>
      </trkpt>
      <trkpt lat="47.005044" lon="9.851158">
        <ele>2047.722694</ele>
        <time>2026-09-12T08:11:55.000Z</time>
      </trkpt>
      <trkpt lat="47.005048" lon="9.851144">
        <ele>2047.980710</ele>
        <time>2026-09-12T08:11:56.000Z</time>
      </trkpt>
      <trkpt lat="47.005055" lon="9.851096">
        <ele>2048.815068</ele>
        <time>2026-09-12T08:12:01.000Z</time>
      </trkpt>
      <trkpt lat="47.005076" lon="9.851073">
        <ele>2049.468405</ele>
        <time>2026-09-12T08:12:04.000Z</time>
      </trkpt>
      <trkpt lat="47.005098" lon="9.851053">
        <ele>2050.113614</ele>
        <time>2026-09-12T08:12:07.000Z</time>
      </trkpt>
      <trkpt lat="47.005122" lon="9.851037">
        <ele>2050.770766</ele>
        <time>2026-09-12T08:12:10.000Z</time>
      </trkpt>
      <trkpt lat="47.005136" lon="9.851015">
        <ele>2051.282257</ele>
        <time>2026-09-12T08:12:13.000Z</time>
      </trkpt>
      <trkpt lat="47.005165" lon="9.851001">
        <ele>2052.043284</ele>
        <time>2026-09-12T08:12:17.000Z</time>
      </trkpt>
      <trkpt lat="47.005175" lon="9.850992">
        <ele>2052.335750</ele>
        <time>2026-09-12T08:12:19.000Z</time>
      </trkpt>
      <trkpt lat="47.005194" lon="9.850974">
        <ele>2052.899586</ele>
        <time>2026-09-12T08:12:23.000Z</time>
      </trkpt>
      <trkpt lat="47.005196" lon="9.850972">
        <ele>2052.959927</ele>
        <time>2026-09-12T08:12:24.000Z</time>
      </trkpt>
      <trkpt lat="47.005219" lon="9.850971">
        <ele>2053.533485</ele>
        <time>2026-09-12T08:12:28.000Z</time>
      </trkpt>
      <trkpt lat="47.005238" lon="9.850973">
        <ele>2054.008303</ele>
        <time>2026-09-12T08:12:30.000Z</time>
      </trkpt>
      <trkpt lat="47.005266" lon="9.850967">
        <ele>2054.713653</ele>
        <time>2026-09-12T08:12:33.000Z</time>
      </trkpt>
      <trkpt lat="47.005303" lon="9.850948">
        <ele>2055.690840</ele>
        <time>2026-09-12T08:12:38.000Z</time>
      </trkpt>
      <trkpt lat="47.005313" lon="9.850943">
        <ele>2055.954194</ele>
        <time>2026-09-12T08:12:39.000Z</time>
      </trkpt>
      <trkpt lat="47.005355" lon="9.850916">
        <ele>2057.097279</ele>
        <time>2026-09-12T08:12:45.000Z</time>
      </trkpt>
      <trkpt lat="47.005356" lon="9.850908">
        <ele>2057.235529</ele>
        <time>2026-09-12T08:12:46.000Z</time>
      </trkpt>
      <trkpt lat="47.005371" lon="9.850842">
        <ele>2058.418063</ele>
        <time>2026-09-12T08:12:52.000Z</time>
      </trkpt>
      <trkpt lat="47.005375" lon="9.850831">
        <ele>2058.629964</ele>
        <time>2026-09-12T08:12:53.000Z</time>
      </trkpt>
      <trkpt lat="47.005396" lon="9.850804">
        <ele>2059.326121</ele>
        <time>2026-09-12T08:12:57.000Z</time>
      </trkpt>
      <trkpt lat="47.005399" lon="9.850793">
        <ele>2059.527498</ele>
        <time>2026-09-12T08:12:59.000Z</time>
      </trkpt>
      <trkpt lat="47.005407" lon="9.850770">
        <ele>2059.966371</ele>
        <time>2026-09-12T08:13:02.000Z</time>
      </trkpt>
      <trkpt lat="47.005424" lon="9.850727">
        <ele>2060.811235</ele>
        <time>2026-09-12T08:13:06.000Z</time>
      </trkpt>
      <trkpt lat="47.005453" lon="9.850723">
        <ele>2061.537290</ele>
        <time>2026-09-12T08:13:11.000Z</time>
      </trkpt>
      <trkpt lat="47.005458" lon="9.850723">
        <ele>2061.661921</ele>
        <time>2026-09-12T08:13:12.000Z</time>
      </trkpt>
      <trkpt lat="47.005478" lon="9.850716">
        <ele>2062.174451</ele>
        <time>2026-09-12T08:13:15.000Z</time>
      </trkpt>
      <trkpt lat="47.005497" lon="9.850727">
        <ele>2062.683624</ele>
        <time>2026-09-12T08:13:18.000Z</time>
      </trkpt>
      <trkpt lat="47.005511" lon="9.850732">
        <ele>2063.042793</ele>
        <time>2026-09-12T08:13:20.000Z</time>
      </trkpt>
      <trkpt lat="47.005544" lon="9.850707">
        <ele>2063.968645</ele>
        <time>2026-09-12T08:13:24.000Z</time>
      </trkpt>
      <trkpt lat="47.005551" lon="9.850706">
        <ele>2064.143955</ele>
        <time>2026-09-12T08:13:25.000Z</time>
      </trkpt>
      <trkpt lat="47.005585" lon="9.850700">
        <ele>2064.997565</ele>
        <time>2026-09-12T08:13:31.000Z</time>
      </trkpt>
      <trkpt lat="47.005612" lon="9.850693">
        <ele>2065.681013</ele>
        <time>2026-09-12T08:13:34.000Z</time>
      </trkpt>
      <trkpt lat="47.005684" lon="9.850669">
        <ele>2067.521490</ele>
        <time>2026-09-12T08:13:41.000Z</time>
      </trkpt>
      <trkpt lat="47.005698" lon="9.850667">
        <ele>2067.872110</ele>
        <time>2026-09-12T08:13:43.000Z</time>
      </trkpt>
      <trkpt lat="47.005729" lon="9.850646">
        <ele>2068.723290</ele>
        <time>2026-09-12T08:13:48.000Z</time>
      </trkpt>
      <trkpt lat="47.005734" lon="9.850641">
        <ele>2068.874142</ele>
        <time>2026-09-12T08:13:49.000Z</time>
      </trkpt>
      <trkpt lat="47.005749" lon="9.850652">
        <ele>2069.292182</ele>
        <time>2026-09-12T08:13:52.000Z</time>
      </trkpt>
      <trkpt lat="47.005780" lon="9.850658">
        <ele>2070.071600</ele>
        <time>2026-09-12T08:13:56.000Z</time>
      </trkpt>
      <trkpt lat="47.005802" lon="9.850651">
        <ele>2070.632739</ele>
        <time>2026-09-12T08:13:59.000Z</time>
      </trkpt>
      <trkpt lat="47.005819" lon="9.850645">
        <ele>2071.068587</ele>
        <time>2026-09-12T08:14:02.000Z</time>
      </trkpt>
      <trkpt lat="47.005829" lon="9.850639">
        <ele>2071.337908</ele>
        <time>2026-09-12T08:14:04.000Z</time>
      </trkpt>
      <trkpt lat="47.005850" lon="9.850640">
        <ele>2071.861636</ele>
        <time>2026-09-12T08:14:09.000Z</time>
      </trkpt>
      <trkpt lat="47.005854" lon="9.850635">
        <ele>2071.992649</ele>
        <time>2026-09-12T08:14:10.000Z</time>
      </trkpt>
      <trkpt lat="47.005871" lon="9.850620">
        <ele>2072.487190</ele>
        <time>2026-09-12T08:14:15.000Z</time>
      </trkpt>
      <trkpt lat="47.005874" lon="9.850617">
        <ele>2072.577701</ele>
        <time>2026-09-12T08:14:16.000Z</time>
      </trkpt>
      <trkpt lat="47.005895" lon="9.850607">
        <ele>2073.128060</ele>
        <time>2026-09-12T08:14:21.000Z</time>
      </trkpt>
      <trkpt lat="47.005910" lon="9.850604">
        <ele>2073.505416</ele>
        <time>2026-09-12T08:14:23.000Z</time>
      </trkpt>
      <trkpt lat="47.005935" lon="9.850579">
        <ele>2074.259674</ele>
        <time>2026-09-12T08:14:29.000Z</time>
      </trkpt>
      <trkpt lat="47.005940" lon="9.850579">
        <ele>2074.384306</ele>
        <time>2026-09-12T08:14:30.000Z</time>
      </trkpt>
      <trkpt lat="47.005958" lon="9.850576">
        <ele>2074.835868</ele>
        <time>2026-09-12T08:14:38.000Z</time>
      </trkpt>
      <trkpt lat="47.005958" lon="9.850576">
        <ele>2074.835868</ele>
        <time>2026-09-12T08:14:51.000Z</time>
      </trkpt>
      <trkpt lat="47.005958" lon="9.850576">
        <ele>2074.835868</ele>
        <time>2026-09-12T08:14:57.000Z</time>
      </trkpt>
      <trkpt lat="47.005958" lon="9.850576">
        <ele>2074.835868</ele>
        <time>2026-09-12T08:15:06.000Z</time>
      </trkpt>
      <trkpt lat="47.005962" lon="9.850567">
        <ele>2075.018472</ele>
        <time>2026-09-12T08:15:09.000Z</time>
      </trkpt>
      <trkpt lat="47.005956" lon="9.850539">
        <ele>2075.517356</ele>
        <time>2026-09-12T08:15:12.000Z</time>
      </trkpt>
      <trkpt lat="47.005959" lon="9.850551">
        <ele>2075.734606</ele>
        <time>2026-09-12T08:15:14.000Z</time>
      </trkpt>
      <trkpt lat="47.005952" lon="9.850555">
        <ele>2075.921869</ele>
        <time>2026-09-12T08:15:22.000Z</time>
      </trkpt>
      <trkpt lat="47.005952" lon="9.850555">
        <ele>2075.921869</ele>
        <time>2026-09-12T08:15:24.000Z</time>
      </trkpt>
      <trkpt lat="47.005945" lon="9.850546">
        <ele>2076.153920</ele>
        <time>2026-09-12T08:15:32.000Z</time>
      </trkpt>
      <trkpt lat="47.005943" lon="9.850549">
        <ele>2076.225234</ele>
        <time>2026-09-12T08:15:34.000Z</time>
      </trkpt>
      <trkpt lat="47.005952" lon="9.850555">
        <ele>2076.471665</ele>
        <time>2026-09-12T08:15:39.000Z</time>
      </trkpt>
      <trkpt lat="47.005952" lon="9.850555">
        <ele>2076.471665</ele>
        <time>2026-09-12T08:15:42.000Z</time>
      </trkpt>
      <trkpt lat="47.005952" lon="9.850555">
        <ele>2076.471665</ele>
        <time>2026-09-12T08:15:58.000Z</time>
      </trkpt>
      <trkpt lat="47.005952" lon="9.850555">
        <ele>2076.471665</ele>
        <time>2026-09-12T08:16:09.000Z</time>
      </trkpt>
      <trkpt lat="47.005952" lon="9.850555">
        <ele>2076.471665</ele>
        <time>2026-09-12T08:16:11.000Z</time>
      </trkpt>
      <trkpt lat="47.005952" lon="9.850555">
        <ele>2076.471665</ele>
        <time>2026-09-12T08:16:27.000Z</time>
      </trkpt>
      <trkpt lat="47.005952" lon="9.850555">
        <ele>2076.471665</ele>
        <time>2026-09-12T08:16:38.000Z</time>
      </trkpt>
      <trkpt lat="47.005952" lon="9.850555">
        <ele>2076.471665</ele>
        <time>2026-09-12T08:16:57.000Z</time>
      </trkpt>
      <trkpt lat="47.005942" lon="9.850567">
        <ele>2076.793748</ele>
        <time>2026-09-12T08:17:02.000Z</time>
      </trkpt>
      <trkpt lat="47.005943" lon="9.850576">
        <ele>2076.948746</ele>
        <time>2026-09-12T08:17:05.000Z</time>
      </trkpt>
      <trkpt lat="47.005943" lon="9.850578">
        <ele>2076.982742</ele>
        <time>2026-09-12T08:17:16.000Z</time>
      </trkpt>
      <trkpt lat="47.005943" lon="9.850579">
        <ele>2076.999739</ele>
        <time>2026-09-12T08:17:19.000Z</time>
      </trkpt>
      <trkpt lat="47.005943" lon="9.850578">
        <ele>2077.016737</ele>
        <time>2026-09-12T08:17:26.000Z</time>
      </trkpt>
      <trkpt lat="47.005957" lon="9.850560">
        <ele>2077.480840</ele>
        <time>2026-09-12T08:17:45.000Z</time>
      </trkpt>
      <trkpt lat="47.005957" lon="9.850560">
        <ele>2077.480840</ele>
        <time>2026-09-12T08:17:58.000Z</time>
      </trkpt>
      <trkpt lat="47.005971" lon="9.850556">
        <ele>2077.836370</ele>
        <time>2026-09-12T08:18:08.000Z</time>
      </trkpt>
      <trkpt lat="47.005993" lon="9.850533">
        <ele>2078.509840</ele>
        <time>2026-09-12T08:18:21.000Z</time>
      </trkpt>
      <trkpt lat="47.006016" lon="9.850521">
        <ele>2079.118350</ele>
        <time>2026-09-12T08:18:24.000Z</time>
      </trkpt>
      <trkpt lat="47.006048" lon="9.850500">
        <ele>2079.992220</ele>
        <time>2026-09-12T08:18:28.000Z</time>
      </trkpt>
      <trkpt lat="47.006062" lon="9.850488">
        <ele>2080.396428</ele>
        <time>2026-09-12T08:18:30.000Z</time>
      </trkpt>
      <trkpt lat="47.006079" lon="9.850475">
        <ele>2080.874330</ele>
        <time>2026-09-12T08:18:33.000Z</time>
      </trkpt>
      <trkpt lat="47.006082" lon="9.850459">
        <ele>2081.156388</ele>
        <time>2026-09-12T08:18:36.000Z</time>
      </trkpt>
      <trkpt lat="47.006076" lon="9.850449">
        <ele>2081.382795</ele>
        <time>2026-09-12T08:18:38.000Z</time>
      </trkpt>
      <trkpt lat="47.006075" lon="9.850441">
        <ele>2081.521043</ele>
        <time>2026-09-12T08:18:39.000Z</time>
      </trkpt>
      <trkpt lat="47.006077" lon="9.850433">
        <ele>2081.665875</ele>
        <time>2026-09-12T08:18:41.000Z</time>
      </trkpt>
      <trkpt lat="47.006080" lon="9.850431">
        <ele>2081.748019</ele>
        <time>2026-09-12T08:18:42.000Z</time>
      </trkpt>
      <trkpt lat="47.006080" lon="9.850426">
        <ele>2081.833008</ele>
        <time>2026-09-12T08:18:43.000Z</time>
      </trkpt>
      <trkpt lat="47.006078" lon="9.850406">
        <ele>2082.176599</ele>
        <time>2026-09-12T08:18:45.000Z</time>
      </trkpt>
      <trkpt lat="47.006071" lon="9.850375">
        <ele>2082.731668</ele>
        <time>2026-09-12T08:18:48.000Z</time>
      </trkpt>
      <trkpt lat="47.006067" lon="9.850343">
        <ele>2083.284660</ele>
        <time>2026-09-12T08:18:52.000Z</time>
      </trkpt>
      <trkpt lat="47.006072" lon="9.850333">
        <ele>2083.495434</ele>
        <time>2026-09-12T08:18:53.000Z</time>
      </trkpt>
      <trkpt lat="47.006098" lon="9.850304">
        <ele>2084.309681</ele>
        <time>2026-09-12T08:18:59.000Z</time>
      </trkpt>
      <trkpt lat="47.006106" lon="9.850297">
        <ele>2084.541892</ele>
        <time>2026-09-12T08:19:00.000Z</time>
      </trkpt>
      <trkpt lat="47.006122" lon="9.850285">
        <ele>2084.989847</ele>
        <time>2026-09-12T08:19:04.000Z</time>
      </trkpt>
      <trkpt lat="47.006134" lon="9.850283">
        <ele>2085.290888</ele>
        <time>2026-09-12T08:19:07.000Z</time>
      </trkpt>
      <trkpt lat="47.006158" lon="9.850265">
        <ele>2085.962820</ele>
        <time>2026-09-12T08:19:10.000Z</time>
      </trkpt>
      <trkpt lat="47.006186" lon="9.850271">
        <ele>2086.668170</ele>
        <time>2026-09-12T08:19:14.000Z</time>
      </trkpt>
      <trkpt lat="47.006202" lon="9.850261">
        <ele>2087.101702</ele>
        <time>2026-09-12T08:19:16.000Z</time>
      </trkpt>
      <trkpt lat="47.006237" lon="9.850231">
        <ele>2088.112222</ele>
        <time>2026-09-12T08:19:20.000Z</time>
      </trkpt>
      <trkpt lat="47.006242" lon="9.850216">
        <ele>2088.396019</ele>
        <time>2026-09-12T08:19:23.000Z</time>
      </trkpt>
      <trkpt lat="47.006244" lon="9.850212">
        <ele>2088.480328</ele>
        <time>2026-09-12T08:19:26.000Z</time>
      </trkpt>
      <trkpt lat="47.006253" lon="9.850214">
        <ele>2088.707226</ele>
        <time>2026-09-12T08:19:29.000Z</time>
      </trkpt>
      <trkpt lat="47.006263" lon="9.850207">
        <ele>2088.983432</ele>
        <time>2026-09-12T08:19:32.000Z</time>
      </trkpt>
      <trkpt lat="47.006262" lon="9.850205">
        <ele>2089.025586</ele>
        <time>2026-09-12T08:19:37.000Z</time>
      </trkpt>
      <trkpt lat="47.006257" lon="9.850192">
        <ele>2089.279281</ele>
        <time>2026-09-12T08:19:42.000Z</time>
      </trkpt>
      <trkpt lat="47.006252" lon="9.850191">
        <ele>2089.405066</ele>
        <time>2026-09-12T08:19:49.000Z</time>
      </trkpt>
      <trkpt lat="47.006296" lon="9.850161">
        <ele>2090.280740</ele>
        <time>2026-09-12T08:19:57.000Z</time>
      </trkpt>
      <trkpt lat="47.006324" lon="9.850171">
        <ele>2090.719464</ele>
        <time>2026-09-12T08:20:00.000Z</time>
      </trkpt>
      <trkpt lat="47.006380" lon="9.850184">
        <ele>2091.582610</ele>
        <time>2026-09-12T08:20:05.000Z</time>
      </trkpt>
      <trkpt lat="47.006412" lon="9.850170">
        <ele>2092.090989</ele>
        <time>2026-09-12T08:20:08.000Z</time>
      </trkpt>
      <trkpt lat="47.006423" lon="9.850161">
        <ele>2092.282751</ele>
        <time>2026-09-12T08:20:09.000Z</time>
      </trkpt>
      <trkpt lat="47.006428" lon="9.850152">
        <ele>2092.403265</ele>
        <time>2026-09-12T08:20:10.000Z</time>
      </trkpt>
      <trkpt lat="47.006434" lon="9.850138">
        <ele>2092.574924</ele>
        <time>2026-09-12T08:20:12.000Z</time>
      </trkpt>
      <trkpt lat="47.006467" lon="9.850115">
        <ele>2093.131162</ele>
        <time>2026-09-12T08:20:18.000Z</time>
      </trkpt>
      <trkpt lat="47.006479" lon="9.850101">
        <ele>2093.364608</ele>
        <time>2026-09-12T08:20:20.000Z</time>
      </trkpt>
      <trkpt lat="47.006496" lon="9.850077">
        <ele>2093.723852</ele>
        <time>2026-09-12T08:20:26.000Z</time>
      </trkpt>
      <trkpt lat="47.006498" lon="9.850072">
        <ele>2093.784029</ele>
        <time>2026-09-12T08:20:27.000Z</time>
      </trkpt>
      <trkpt lat="47.006526" lon="9.850050">
        <ele>2094.267623</ele>
        <time>2026-09-12T08:20:32.000Z</time>
      </trkpt>
      <trkpt lat="47.006552" lon="9.850043">
        <ele>2094.670056</ele>
        <time>2026-09-12T08:20:36.000Z</time>
      </trkpt>
      <trkpt lat="47.006560" lon="9.850037">
        <ele>2094.806850</ele>
        <time>2026-09-12T08:20:38.000Z</time>
      </trkpt>
      <trkpt lat="47.006581" lon="9.850002">
        <ele>2095.290821</ele>
        <time>2026-09-12T08:20:44.000Z</time>
      </trkpt>
      <trkpt lat="47.006585" lon="9.849987">
        <ele>2095.458023</ele>
        <time>2026-09-12T08:20:45.000Z</time>
      </trkpt>
      <trkpt lat="47.006585" lon="9.849973">
        <ele>2095.603362</ele>
        <time>2026-09-12T08:20:49.000Z</time>
      </trkpt>
      <trkpt lat="47.006590" lon="9.849925">
        <ele>2096.107444</ele>
        <time>2026-09-12T08:20:57.000Z</time>
      </trkpt>
      <trkpt lat="47.006602" lon="9.849902">
        <ele>2096.408085</ele>
        <time>2026-09-12T08:21:00.000Z</time>
      </trkpt>
      <trkpt lat="47.006639" lon="9.849884">
        <ele>2097.001550</ele>
        <time>2026-09-12T08:21:05.000Z</time>
      </trkpt>
      <trkpt lat="47.006648" lon="9.849882">
        <ele>2097.140128</ele>
        <time>2026-09-12T08:21:06.000Z</time>
      </trkpt>
      <trkpt lat="47.006706" lon="9.849862">
        <ele>2098.047188</ele>
        <time>2026-09-12T08:21:12.000Z</time>
      </trkpt>
      <trkpt lat="47.006751" lon="9.849862">
        <ele>2098.732257</ele>
        <time>2026-09-12T08:21:17.000Z</time>
      </trkpt>
      <trkpt lat="47.006767" lon="9.849853">
        <ele>2098.993142</ele>
        <time>2026-09-12T08:21:19.000Z</time>
      </trkpt>
      <trkpt lat="47.006848" lon="9.849873">
        <ele>2100.243623</ele>
        <time>2026-09-12T08:21:26.000Z</time>
      </trkpt>
      <trkpt lat="47.006866" lon="9.849867">
        <ele>2100.524640</ele>
        <time>2026-09-12T08:21:28.000Z</time>
      </trkpt>
      <trkpt lat="47.006916" lon="9.849857">
        <ele>2101.292875</ele>
        <time>2026-09-12T08:21:34.000Z</time>
      </trkpt>
      <trkpt lat="47.006925" lon="9.849854">
        <ele>2101.433383</ele>
        <time>2026-09-12T08:21:35.000Z</time>
      </trkpt>
      <trkpt lat="47.006940" lon="9.849860">
        <ele>2101.670082</ele>
        <time>2026-09-12T08:21:39.000Z</time>
      </trkpt>
      <trkpt lat="47.006959" lon="9.849877">
        <ele>2102.008921</ele>
        <time>2026-09-12T08:21:42.000Z</time>
      </trkpt>
      <trkpt lat="47.007015" lon="9.849915">
        <ele>2102.948297</ele>
        <time>2026-09-12T08:21:49.000Z</time>
      </trkpt>
      <trkpt lat="47.007073" lon="9.849965">
        <ele>2103.972540</ele>
        <time>2026-09-12T08:21:56.000Z</time>
      </trkpt>
      <trkpt lat="47.007094" lon="9.849974">
        <ele>2104.305611</ele>
        <time>2026-09-12T08:21:58.000Z</time>
      </trkpt>
      <trkpt lat="47.007112" lon="9.849983">
        <ele>2104.595129</ele>
        <time>2026-09-12T08:22:02.000Z</time>
      </trkpt>
      <trkpt lat="47.007140" lon="9.850014">
        <ele>2105.129234</ele>
        <time>2026-09-12T08:22:06.000Z</time>
      </trkpt>
      <trkpt lat="47.007153" lon="9.850029">
        <ele>2105.381059</ele>
        <time>2026-09-12T08:22:09.000Z</time>
      </trkpt>
      <trkpt lat="47.007186" lon="9.850066">
        <ele>2106.013456</ele>
        <time>2026-09-12T08:22:14.000Z</time>
      </trkpt>
      <trkpt lat="47.007198" lon="9.850071">
        <ele>2106.203372</ele>
        <time>2026-09-12T08:22:15.000Z</time>
      </trkpt>
      <trkpt lat="47.007242" lon="9.850033">
        <ele>2106.980746</ele>
        <time>2026-09-12T08:22:20.000Z</time>
      </trkpt>
      <trkpt lat="47.007248" lon="9.850031">
        <ele>2107.074418</ele>
        <time>2026-09-12T08:22:21.000Z</time>
      </trkpt>
      <trkpt lat="47.007303" lon="9.850035">
        <ele>2107.912754</ele>
        <time>2026-09-12T08:22:27.000Z</time>
      </trkpt>
      <trkpt lat="47.007326" lon="9.850035">
        <ele>2108.262900</ele>
        <time>2026-09-12T08:22:31.000Z</time>
      </trkpt>
      <trkpt lat="47.007355" lon="9.850036">
        <ele>2108.704511</ele>
        <time>2026-09-12T08:22:34.000Z</time>
      </trkpt>
      <trkpt lat="47.007365" lon="9.850026">
        <ele>2108.888775</ele>
        <time>2026-09-12T08:22:36.000Z</time>
      </trkpt>
      <trkpt lat="47.007393" lon="9.849978">
        <ele>2109.544518</ele>
        <time>2026-09-12T08:22:41.000Z</time>
      </trkpt>
      <trkpt lat="47.007451" lon="9.849946">
        <ele>2110.487919</ele>
        <time>2026-09-12T08:22:47.000Z</time>
      </trkpt>
      <trkpt lat="47.007480" lon="9.849898">
        <ele>2111.153658</ele>
        <time>2026-09-12T08:22:53.000Z</time>
      </trkpt>
      <trkpt lat="47.007493" lon="9.849860">
        <ele>2111.595002</ele>
        <time>2026-09-12T08:22:58.000Z</time>
      </trkpt>
      <trkpt lat="47.007522" lon="9.849807">
        <ele>2112.300432</ele>
        <time>2026-09-12T08:23:04.000Z</time>
      </trkpt>
      <trkpt lat="47.007530" lon="9.849810">
        <ele>2112.426141</ele>
        <time>2026-09-12T08:23:05.000Z</time>
      </trkpt>
      <trkpt lat="47.007571" lon="9.849828">
        <ele>2113.077685</ele>
        <time>2026-09-12T08:23:10.000Z</time>
      </trkpt>
      <trkpt lat="47.007605" lon="9.849855">
        <ele>2113.666311</ele>
        <time>2026-09-12T08:23:15.000Z</time>
      </trkpt>
      <trkpt lat="47.007611" lon="9.849862">
        <ele>2113.783033</ele>
        <time>2026-09-12T08:23:16.000Z</time>
      </trkpt>
      <trkpt lat="47.007654" lon="9.849917">
        <ele>2114.651667</ele>
        <time>2026-09-12T08:23:22.000Z</time>
      </trkpt>
      <trkpt lat="47.007664" lon="9.849919">
        <ele>2114.805314</ele>
        <time>2026-09-12T08:23:23.000Z</time>
      </trkpt>
      <trkpt lat="47.007673" lon="9.849913">
        <ele>2114.955821</ele>
        <time>2026-09-12T08:23:24.000Z</time>
      </trkpt>
      <trkpt lat="47.007704" lon="9.849889">
        <ele>2115.489485</ele>
        <time>2026-09-12T08:23:28.000Z</time>
      </trkpt>
      <trkpt lat="47.007711" lon="9.849886">
        <ele>2115.600509</ele>
        <time>2026-09-12T08:23:29.000Z</time>
      </trkpt>
      <trkpt lat="47.007772" lon="9.849879">
        <ele>2116.531997</ele>
        <time>2026-09-12T08:23:36.000Z</time>
      </trkpt>
      <trkpt lat="47.007849" lon="9.849862">
        <ele>2117.450648</ele>
        <time>2026-09-12T08:23:44.000Z</time>
      </trkpt>
      <trkpt lat="47.007859" lon="9.849862">
        <ele>2117.532665</ele>
        <time>2026-09-12T08:23:46.000Z</time>
      </trkpt>
      <trkpt lat="47.007896" lon="9.849873">
        <ele>2117.842302</ele>
        <time>2026-09-12T08:23:50.000Z</time>
      </trkpt>
      <trkpt lat="47.007967" lon="9.849840">
        <ele>2118.453170</ele>
        <time>2026-09-12T08:23:57.000Z</time>
      </trkpt>
      <trkpt lat="47.007976" lon="9.849834">
        <ele>2118.534255</ele>
        <time>2026-09-12T08:23:58.000Z</time>
      </trkpt>
      <trkpt lat="47.008038" lon="9.849810">
        <ele>2119.060178</ele>
        <time>2026-09-12T08:24:05.000Z</time>
      </trkpt>
      <trkpt lat="47.008090" lon="9.849796">
        <ele>2119.493794</ele>
        <time>2026-09-12T08:24:11.000Z</time>
      </trkpt>
      <trkpt lat="47.008099" lon="9.849770">
        <ele>2119.656867</ele>
        <time>2026-09-12T08:24:13.000Z</time>
      </trkpt>
      <trkpt lat="47.008114" lon="9.849748">
        <ele>2119.830862</ele>
        <time>2026-09-12T08:24:16.000Z</time>
      </trkpt>
      <trkpt lat="47.008123" lon="9.849750">
        <ele>2119.905520</ele>
        <time>2026-09-12T08:24:17.000Z</time>
      </trkpt>
      <trkpt lat="47.008173" lon="9.849774">
        <ele>2120.337013</ele>
        <time>2026-09-12T08:24:24.000Z</time>
      </trkpt>
      <trkpt lat="47.008181" lon="9.849769">
        <ele>2120.408337</ele>
        <time>2026-09-12T08:24:25.000Z</time>
      </trkpt>
      <trkpt lat="47.008215" lon="9.849784">
        <ele>2120.699540</ele>
        <time>2026-09-12T08:24:30.000Z</time>
      </trkpt>
      <trkpt lat="47.008276" lon="9.849761">
        <ele>2121.216116</ele>
        <time>2026-09-12T08:24:36.000Z</time>
      </trkpt>
      <trkpt lat="47.008350" lon="9.849741">
        <ele>2121.833263</ele>
        <time>2026-09-12T08:24:43.000Z</time>
      </trkpt>
      <trkpt lat="47.008411" lon="9.849724">
        <ele>2122.342521</ele>
        <time>2026-09-12T08:24:50.000Z</time>
      </trkpt>
      <trkpt lat="47.008420" lon="9.849726">
        <ele>2122.417179</ele>
        <time>2026-09-12T08:24:51.000Z</time>
      </trkpt>
      <trkpt lat="47.008444" lon="9.849720">
        <ele>2122.616860</ele>
        <time>2026-09-12T08:24:55.000Z</time>
      </trkpt>
      <trkpt lat="47.008446" lon="9.849719">
        <ele>2122.634190</ele>
        <time>2026-09-12T08:24:56.000Z</time>
      </trkpt>
      <trkpt lat="47.008444" lon="9.849717">
        <ele>2122.654044</ele>
        <time>2026-09-12T08:25:12.000Z</time>
      </trkpt>
      <trkpt lat="47.008443" lon="9.849717">
        <ele>2122.662246</ele>
        <time>2026-09-12T08:25:21.000Z</time>
      </trkpt>
      <trkpt lat="47.008441" lon="9.849712">
        <ele>2122.694666</ele>
        <time>2026-09-12T08:25:29.000Z</time>
      </trkpt>
      <trkpt lat="47.008444" lon="9.849717">
        <ele>2122.731913</ele>
        <time>2026-09-12T08:25:33.000Z</time>
      </trkpt>
      <trkpt lat="47.008432" lon="9.849709">
        <ele>2122.840026</ele>
        <time>2026-09-12T08:25:41.000Z</time>
      </trkpt>
      <trkpt lat="47.008431" lon="9.849711">
        <ele>2122.853896</ele>
        <time>2026-09-12T08:25:43.000Z</time>
      </trkpt>
      <trkpt lat="47.008427" lon="9.849721">
        <ele>2122.918735</ele>
        <time>2026-09-12T08:25:46.000Z</time>
      </trkpt>
      <trkpt lat="47.008425" lon="9.849724">
        <ele>2122.942199</ele>
        <time>2026-09-12T08:25:53.000Z</time>
      </trkpt>
      <trkpt lat="47.008424" lon="9.849727">
        <ele>2122.960874</ele>
        <time>2026-09-12T08:25:57.000Z</time>
      </trkpt>
      <trkpt lat="47.008427" lon="9.849706">
        <ele>2123.080870</ele>
        <time>2026-09-12T08:26:04.000Z</time>
      </trkpt>
      <trkpt lat="47.008425" lon="9.849724">
        <ele>2123.182866</ele>
        <time>2026-09-12T08:26:14.000Z</time>
      </trkpt>
      <trkpt lat="47.008422" lon="9.849725">
        <ele>2123.208099</ele>
        <time>2026-09-12T08:26:32.000Z</time>
      </trkpt>
      <trkpt lat="47.008422" lon="9.849726">
        <ele>2123.213691</ele>
        <time>2026-09-12T08:26:33.000Z</time>
      </trkpt>
      <trkpt lat="47.008424" lon="9.849726">
        <ele>2123.230095</ele>
        <time>2026-09-12T08:26:35.000Z</time>
      </trkpt>
      <trkpt lat="47.008419" lon="9.849726">
        <ele>2123.271103</ele>
        <time>2026-09-12T08:26:39.000Z</time>
      </trkpt>
      <trkpt lat="47.008415" lon="9.849726">
        <ele>2123.303910</ele>
        <time>2026-09-12T08:26:41.000Z</time>
      </trkpt>
      <trkpt lat="47.008425" lon="9.849724">
        <ele>2123.386686</ele>
        <time>2026-09-12T08:26:47.000Z</time>
      </trkpt>
      <trkpt lat="47.008425" lon="9.849724">
        <ele>2123.386686</ele>
        <time>2026-09-12T08:26:53.000Z</time>
      </trkpt>
      <trkpt lat="47.008425" lon="9.849724">
        <ele>2123.386686</ele>
        <time>2026-09-12T08:26:59.000Z</time>
      </trkpt>
      <trkpt lat="47.008425" lon="9.849724">
        <ele>2123.386686</ele>
        <time>2026-09-12T08:27:17.000Z</time>
      </trkpt>
      <trkpt lat="47.008412" lon="9.849707">
        <ele>2123.529542</ele>
        <time>2026-09-12T08:27:25.000Z</time>
      </trkpt>
      <trkpt lat="47.008410" lon="9.849694">
        <ele>2123.604074</ele>
        <time>2026-09-12T08:27:31.000Z</time>
      </trkpt>
      <trkpt lat="47.008412" lon="9.849697">
        <ele>2123.627538</ele>
        <time>2026-09-12T08:27:32.000Z</time>
      </trkpt>
      <trkpt lat="47.008412" lon="9.849696">
        <ele>2123.633131</ele>
        <time>2026-09-12T08:27:35.000Z</time>
      </trkpt>
      <trkpt lat="47.008412" lon="9.849696">
        <ele>2123.633131</ele>
        <time>2026-09-12T08:27:44.000Z</time>
      </trkpt>
      <trkpt lat="47.008412" lon="9.849696">
        <ele>2123.633131</ele>
        <time>2026-09-12T08:27:45.000Z</time>
      </trkpt>
      <trkpt lat="47.008412" lon="9.849696">
        <ele>2123.633131</ele>
        <time>2026-09-12T08:27:47.000Z</time>
      </trkpt>
      <trkpt lat="47.008412" lon="9.849696">
        <ele>2123.633131</ele>
        <time>2026-09-12T08:27:57.000Z</time>
      </trkpt>
      <trkpt lat="47.008412" lon="9.849696">
        <ele>2123.633131</ele>
        <time>2026-09-12T08:28:14.000Z</time>
      </trkpt>
      <trkpt lat="47.008412" lon="9.849696">
        <ele>2123.633131</ele>
        <time>2026-09-12T08:28:22.000Z</time>
      </trkpt>
      <trkpt lat="47.008412" lon="9.849696">
        <ele>2123.633131</ele>
        <time>2026-09-12T08:28:30.000Z</time>
      </trkpt>
      <trkpt lat="47.008412" lon="9.849696">
        <ele>2123.633131</ele>
        <time>2026-09-12T08:28:36.000Z</time>
      </trkpt>
      <trkpt lat="47.008412" lon="9.849696">
        <ele>2123.633131</ele>
        <time>2026-09-12T08:28:43.000Z</time>
      </trkpt>
      <trkpt lat="47.008412" lon="9.849696">
        <ele>2123.633131</ele>
        <time>2026-09-12T08:29:07.000Z</time>
      </trkpt>
      <trkpt lat="47.008412" lon="9.849696">
        <ele>2123.633131</ele>
        <time>2026-09-12T08:29:43.000Z</time>
      </trkpt>
      <trkpt lat="47.008412" lon="9.849696">
        <ele>2123.633131</ele>
        <time>2026-09-12T08:29:52.000Z</time>
      </trkpt>
      <trkpt lat="47.008412" lon="9.849696">
        <ele>2123.633131</ele>
        <time>2026-09-12T08:29:55.000Z</time>
      </trkpt>
      <trkpt lat="47.008412" lon="9.849696">
        <ele>2123.633131</ele>
        <time>2026-09-12T08:29:58.000Z</time>
      </trkpt>
      <trkpt lat="47.008412" lon="9.849696">
        <ele>2123.633131</ele>
        <time>2026-09-12T08:30:03.000Z</time>
      </trkpt>
      <trkpt lat="47.008412" lon="9.849696">
        <ele>2123.633131</ele>
        <time>2026-09-12T08:30:29.000Z</time>
      </trkpt>
      <trkpt lat="47.008412" lon="9.849696">
        <ele>2123.633131</ele>
        <time>2026-09-12T08:30:47.000Z</time>
      </trkpt>
      <trkpt lat="47.008412" lon="9.849696">
        <ele>2123.633131</ele>
        <time>2026-09-12T08:30:52.000Z</time>
      </trkpt>
      <trkpt lat="47.008412" lon="9.849696">
        <ele>2123.633131</ele>
        <time>2026-09-12T08:31:00.000Z</time>
      </trkpt>
      <trkpt lat="47.008412" lon="9.849696">
        <ele>2123.633131</ele>
        <time>2026-09-12T08:31:02.000Z</time>
      </trkpt>
      <trkpt lat="47.008400" lon="9.849718">
        <ele>2123.790691</ele>
        <time>2026-09-12T08:31:07.000Z</time>
      </trkpt>
      <trkpt lat="47.008399" lon="9.849719">
        <ele>2123.800618</ele>
        <time>2026-09-12T08:31:08.000Z</time>
      </trkpt>
      <trkpt lat="47.008405" lon="9.849721">
        <ele>2123.851083</ele>
        <time>2026-09-12T08:31:15.000Z</time>
      </trkpt>
      <trkpt lat="47.008409" lon="9.849721">
        <ele>2123.883890</ele>
        <time>2026-09-12T08:31:24.000Z</time>
      </trkpt>
      <trkpt lat="47.008410" lon="9.849725">
        <ele>2123.907717</ele>
        <time>2026-09-12T08:31:27.000Z</time>
      </trkpt>
      <trkpt lat="47.008402" lon="9.849726">
        <ele>2123.973568</ele>
        <time>2026-09-12T08:31:36.000Z</time>
      </trkpt>
      <trkpt lat="47.008401" lon="9.849728">
        <ele>2123.987439</ele>
        <time>2026-09-12T08:31:38.000Z</time>
      </trkpt>
      <trkpt lat="47.008400" lon="9.849735">
        <ele>2124.027437</ele>
        <time>2026-09-12T08:31:39.000Z</time>
      </trkpt>
      <trkpt lat="47.008399" lon="9.849736">
        <ele>2124.037364</ele>
        <time>2026-09-12T08:31:40.000Z</time>
      </trkpt>
      <trkpt lat="47.008399" lon="9.849735">
        <ele>2124.042957</ele>
        <time>2026-09-12T08:31:49.000Z</time>
      </trkpt>
      <trkpt lat="47.008399" lon="9.849735">
        <ele>2124.042957</ele>
        <time>2026-09-12T08:31:53.000Z</time>
      </trkpt>
      <trkpt lat="47.008399" lon="9.849735">
        <ele>2124.042957</ele>
        <time>2026-09-12T08:32:12.000Z</time>
      </trkpt>
      <trkpt lat="47.008399" lon="9.849735">
        <ele>2124.042957</ele>
        <time>2026-09-12T08:32:27.000Z</time>
      </trkpt>
      <trkpt lat="47.008399" lon="9.849735">
        <ele>2124.042957</ele>
        <time>2026-09-12T08:32:35.000Z</time>
      </trkpt>
      <trkpt lat="47.008399" lon="9.849735">
        <ele>2124.042957</ele>
        <time>2026-09-12T08:32:41.000Z</time>
      </trkpt>
      <trkpt lat="47.008400" lon="9.849718">
        <ele>2124.138385</ele>
        <time>2026-09-12T08:32:50.000Z</time>
      </trkpt>
      <trkpt lat="47.008407" lon="9.849706">
        <ele>2124.226704</ele>
        <time>2026-09-12T08:32:55.000Z</time>
      </trkpt>
      <trkpt lat="47.008405" lon="9.849704">
        <ele>2124.246558</ele>
        <time>2026-09-12T08:33:07.000Z</time>
      </trkpt>
      <trkpt lat="47.008404" lon="9.849708">
        <ele>2124.270385</ele>
        <time>2026-09-12T08:33:12.000Z</time>
      </trkpt>
      <trkpt lat="47.008405" lon="9.849704">
        <ele>2124.294212</ele>
        <time>2026-09-12T08:33:21.000Z</time>
      </trkpt>
      <trkpt lat="47.008397" lon="9.849716">
        <ele>2124.388069</ele>
        <time>2026-09-12T08:33:41.000Z</time>
      </trkpt>
      <trkpt lat="47.008396" lon="9.849721">
        <ele>2124.417210</ele>
        <time>2026-09-12T08:33:50.000Z</time>
      </trkpt>
      <trkpt lat="47.008396" lon="9.849721">
        <ele>2124.417210</ele>
        <time>2026-09-12T08:34:05.000Z</time>
      </trkpt>
      <trkpt lat="47.008396" lon="9.849721">
        <ele>2124.417210</ele>
        <time>2026-09-12T08:34:24.000Z</time>
      </trkpt>
      <trkpt lat="47.008396" lon="9.849721">
        <ele>2124.417210</ele>
        <time>2026-09-12T08:34:28.000Z</time>
      </trkpt>
      <trkpt lat="47.008396" lon="9.849721">
        <ele>2124.417210</ele>
        <time>2026-09-12T08:34:39.000Z</time>
      </trkpt>
      <trkpt lat="47.008396" lon="9.849721">
        <ele>2124.417210</ele>
        <time>2026-09-12T08:34:44.000Z</time>
      </trkpt>
      <trkpt lat="47.008396" lon="9.849721">
        <ele>2124.417210</ele>
        <time>2026-09-12T08:34:54.000Z</time>
      </trkpt>
      <trkpt lat="47.008396" lon="9.849721">
        <ele>2124.417210</ele>
        <time>2026-09-12T08:35:04.000Z</time>
      </trkpt>
      <trkpt lat="47.008396" lon="9.849721">
        <ele>2124.417210</ele>
        <time>2026-09-12T08:35:25.000Z</time>
      </trkpt>
      <trkpt lat="47.008396" lon="9.849721">
        <ele>2124.417210</ele>
        <time>2026-09-12T08:35:27.000Z</time>
      </trkpt>
      <trkpt lat="47.008412" lon="9.849703">
        <ele>2124.582603</ele>
        <time>2026-09-12T08:35:33.000Z</time>
      </trkpt>
      <trkpt lat="47.008415" lon="9.849696">
        <ele>2124.628841</ele>
        <time>2026-09-12T08:35:35.000Z</time>
      </trkpt>
      <trkpt lat="47.008416" lon="9.849687">
        <ele>2124.679839</ele>
        <time>2026-09-12T08:35:43.000Z</time>
      </trkpt>
      <trkpt lat="47.008416" lon="9.849687">
        <ele>2124.679839</ele>
        <time>2026-09-12T08:35:44.000Z</time>
      </trkpt>
      <trkpt lat="47.008416" lon="9.849687">
        <ele>2124.679839</ele>
        <time>2026-09-12T08:35:47.000Z</time>
      </trkpt>
      <trkpt lat="47.008412" lon="9.849680">
        <ele>2124.730917</ele>
        <time>2026-09-12T08:35:53.000Z</time>
      </trkpt>
      <trkpt lat="47.008416" lon="9.849687">
        <ele>2124.781994</ele>
        <time>2026-09-12T08:36:07.000Z</time>
      </trkpt>
      <trkpt lat="47.008416" lon="9.849687">
        <ele>2124.781994</ele>
        <time>2026-09-12T08:36:11.000Z</time>
      </trkpt>
      <trkpt lat="47.008414" lon="9.849688">
        <ele>2124.799325</ele>
        <time>2026-09-12T08:36:12.000Z</time>
      </trkpt>
      <trkpt lat="47.008449" lon="9.849688">
        <ele>2125.086385</ele>
        <time>2026-09-12T08:36:20.000Z</time>
      </trkpt>
      <trkpt lat="47.008449" lon="9.849688">
        <ele>2125.086385</ele>
        <time>2026-09-12T08:36:24.000Z</time>
      </trkpt>
      <trkpt lat="47.008449" lon="9.849686">
        <ele>2125.097570</ele>
        <time>2026-09-12T08:36:37.000Z</time>
      </trkpt>
      <trkpt lat="47.008446" lon="9.849685">
        <ele>2125.122803</ele>
        <time>2026-09-12T08:36:40.000Z</time>
      </trkpt>
      <trkpt lat="47.008441" lon="9.849686">
        <ele>2125.164191</ele>
        <time>2026-09-12T08:36:42.000Z</time>
      </trkpt>
      <trkpt lat="47.008434" lon="9.849684">
        <ele>2125.222682</ele>
        <time>2026-09-12T08:36:49.000Z</time>
      </trkpt>
      <trkpt lat="47.008434" lon="9.849684">
        <ele>2125.222682</ele>
        <time>2026-09-12T08:36:58.000Z</time>
      </trkpt>
      <trkpt lat="47.008434" lon="9.849684">
        <ele>2125.222682</ele>
        <time>2026-09-12T08:37:06.000Z</time>
      </trkpt>
      <trkpt lat="47.008432" lon="9.849690">
        <ele>2125.260033</ele>
        <time>2026-09-12T08:37:09.000Z</time>
      </trkpt>
      <trkpt lat="47.008410" lon="9.849715">
        <ele>2125.488301</ele>
        <time>2026-09-12T08:37:13.000Z</time>
      </trkpt>
      <trkpt lat="47.008415" lon="9.849718">
        <ele>2125.532609</ele>
        <time>2026-09-12T08:37:16.000Z</time>
      </trkpt>
      <trkpt lat="47.008405" lon="9.849726">
        <ele>2125.626036</ele>
        <time>2026-09-12T08:37:25.000Z</time>
      </trkpt>
      <trkpt lat="47.008415" lon="9.849721">
        <ele>2125.712689</ele>
        <time>2026-09-12T08:37:28.000Z</time>
      </trkpt>
      <trkpt lat="47.008415" lon="9.849721">
        <ele>2125.712689</ele>
        <time>2026-09-12T08:37:41.000Z</time>
      </trkpt>
      <trkpt lat="47.008415" lon="9.849721">
        <ele>2125.712689</ele>
        <time>2026-09-12T08:37:50.000Z</time>
      </trkpt>
      <trkpt lat="47.008415" lon="9.849721">
        <ele>2125.712689</ele>
        <time>2026-09-12T08:38:01.000Z</time>
      </trkpt>
      <trkpt lat="47.008415" lon="9.849721">
        <ele>2125.712689</ele>
        <time>2026-09-12T08:38:10.000Z</time>
      </trkpt>
      <trkpt lat="47.008436" lon="9.849722">
        <ele>2125.885016</ele>
        <time>2026-09-12T08:38:28.000Z</time>
      </trkpt>
      <trkpt lat="47.008436" lon="9.849722">
        <ele>2125.885016</ele>
        <time>2026-09-12T08:38:42.000Z</time>
      </trkpt>
      <trkpt lat="47.008436" lon="9.849722">
        <ele>2125.885016</ele>
        <time>2026-09-12T08:38:50.000Z</time>
      </trkpt>
      <trkpt lat="47.008436" lon="9.849722">
        <ele>2125.885016</ele>
        <time>2026-09-12T08:39:03.000Z</time>
      </trkpt>
      <trkpt lat="47.008436" lon="9.849722">
        <ele>2125.885016</ele>
        <time>2026-09-12T08:39:09.000Z</time>
      </trkpt>
      <trkpt lat="47.008407" lon="9.849721">
        <ele>2126.122931</ele>
        <time>2026-09-12T08:39:16.000Z</time>
      </trkpt>
      <trkpt lat="47.008407" lon="9.849722">
        <ele>2126.128524</ele>
        <time>2026-09-12T08:39:28.000Z</time>
      </trkpt>
      <trkpt lat="47.008407" lon="9.849722">
        <ele>2126.128524</ele>
        <time>2026-09-12T08:39:59.000Z</time>
      </trkpt>
      <trkpt lat="47.008407" lon="9.849722">
        <ele>2126.128524</ele>
        <time>2026-09-12T08:40:07.000Z</time>
      </trkpt>
      <trkpt lat="47.008407" lon="9.849722">
        <ele>2126.128524</ele>
        <time>2026-09-12T08:40:28.000Z</time>
      </trkpt>
      <trkpt lat="47.008407" lon="9.849722">
        <ele>2126.128524</ele>
        <time>2026-09-12T08:40:36.000Z</time>
      </trkpt>
      <trkpt lat="47.008407" lon="9.849722">
        <ele>2126.128524</ele>
        <time>2026-09-12T08:40:43.000Z</time>
      </trkpt>
      <trkpt lat="47.008407" lon="9.849722">
        <ele>2126.128524</ele>
        <time>2026-09-12T08:40:46.000Z</time>
      </trkpt>
      <trkpt lat="47.008407" lon="9.849722">
        <ele>2126.128524</ele>
        <time>2026-09-12T08:40:52.000Z</time>
      </trkpt>
      <trkpt lat="47.008407" lon="9.849722">
        <ele>2126.128524</ele>
        <time>2026-09-12T08:40:55.000Z</time>
      </trkpt>
      <trkpt lat="47.008407" lon="9.849722">
        <ele>2126.128524</ele>
        <time>2026-09-12T08:40:59.000Z</time>
      </trkpt>
      <trkpt lat="47.008417" lon="9.849704">
        <ele>2126.258373</ele>
        <time>2026-09-12T08:41:06.000Z</time>
      </trkpt>
      <trkpt lat="47.008420" lon="9.849698">
        <ele>2126.299984</ele>
        <time>2026-09-12T08:41:15.000Z</time>
      </trkpt>
      <trkpt lat="47.008420" lon="9.849698">
        <ele>2126.299984</ele>
        <time>2026-09-12T08:41:16.000Z</time>
      </trkpt>
      <trkpt lat="47.008409" lon="9.849678">
        <ele>2126.443687</ele>
        <time>2026-09-12T08:41:24.000Z</time>
      </trkpt>
      <trkpt lat="47.008409" lon="9.849677">
        <ele>2126.449280</ele>
        <time>2026-09-12T08:41:32.000Z</time>
      </trkpt>
      <trkpt lat="47.008395" lon="9.849669">
        <ele>2126.572512</ele>
        <time>2026-09-12T08:41:37.000Z</time>
      </trkpt>
      <trkpt lat="47.008368" lon="9.849652">
        <ele>2126.813506</ele>
        <time>2026-09-12T08:41:40.000Z</time>
      </trkpt>
      <trkpt lat="47.008316" lon="9.849614">
        <ele>2127.290012</ele>
        <time>2026-09-12T08:41:46.000Z</time>
      </trkpt>
      <trkpt lat="47.008288" lon="9.849531">
        <ele>2127.807905</ele>
        <time>2026-09-12T08:41:53.000Z</time>
      </trkpt>
      <trkpt lat="47.008237" lon="9.849487">
        <ele>2128.293207</ele>
        <time>2026-09-12T08:41:59.000Z</time>
      </trkpt>
      <trkpt lat="47.008215" lon="9.849460">
        <ele>2128.528493</ele>
        <time>2026-09-12T08:42:04.000Z</time>
      </trkpt>
      <trkpt lat="47.008197" lon="9.849425">
        <ele>2128.773668</ele>
        <time>2026-09-12T08:42:06.000Z</time>
      </trkpt>
      <trkpt lat="47.008194" lon="9.849370">
        <ele>2129.082249</ele>
        <time>2026-09-12T08:42:10.000Z</time>
      </trkpt>
      <trkpt lat="47.008198" lon="9.849361">
        <ele>2129.142330</ele>
        <time>2026-09-12T08:42:11.000Z</time>
      </trkpt>
      <trkpt lat="47.008215" lon="9.849341">
        <ele>2129.321081</ele>
        <time>2026-09-12T08:42:17.000Z</time>
      </trkpt>
      <trkpt lat="47.008216" lon="9.849343">
        <ele>2129.334951</ele>
        <time>2026-09-12T08:42:18.000Z</time>
      </trkpt>
      <trkpt lat="47.008216" lon="9.849347">
        <ele>2129.357322</ele>
        <time>2026-09-12T08:42:25.000Z</time>
      </trkpt>
      <trkpt lat="47.008216" lon="9.849347">
        <ele>2129.357322</ele>
        <time>2026-09-12T08:42:26.000Z</time>
      </trkpt>
      <trkpt lat="47.008216" lon="9.849347">
        <ele>2129.357322</ele>
        <time>2026-09-12T08:42:31.000Z</time>
      </trkpt>
      <trkpt lat="47.008216" lon="9.849347">
        <ele>2129.357322</ele>
        <time>2026-09-12T08:42:35.000Z</time>
      </trkpt>
      <trkpt lat="47.008220" lon="9.849342">
        <ele>2129.400429</ele>
        <time>2026-09-12T08:42:45.000Z</time>
      </trkpt>
      <trkpt lat="47.008241" lon="9.849257">
        <ele>2129.906048</ele>
        <time>2026-09-12T08:42:52.000Z</time>
      </trkpt>
      <trkpt lat="47.008255" lon="9.849190">
        <ele>2130.297956</ele>
        <time>2026-09-12T08:42:57.000Z</time>
      </trkpt>
      <trkpt lat="47.008253" lon="9.849176">
        <ele>2130.377953</ele>
        <time>2026-09-12T08:43:00.000Z</time>
      </trkpt>
      <trkpt lat="47.008253" lon="9.849148">
        <ele>2130.534549</ele>
        <time>2026-09-12T08:43:03.000Z</time>
      </trkpt>
      <trkpt lat="47.008260" lon="9.849118">
        <ele>2130.711880</ele>
        <time>2026-09-12T08:43:06.000Z</time>
      </trkpt>
      <trkpt lat="47.008264" lon="9.849044">
        <ele>2131.127037</ele>
        <time>2026-09-12T08:43:11.000Z</time>
      </trkpt>
      <trkpt lat="47.008264" lon="9.849029">
        <ele>2131.210928</ele>
        <time>2026-09-12T08:43:12.000Z</time>
      </trkpt>
      <trkpt lat="47.008276" lon="9.848960">
        <ele>2131.609176</ele>
        <time>2026-09-12T08:43:18.000Z</time>
      </trkpt>
      <trkpt lat="47.008282" lon="9.848940">
        <ele>2131.731376</ele>
        <time>2026-09-12T08:43:20.000Z</time>
      </trkpt>
      <trkpt lat="47.008285" lon="9.848938">
        <ele>2131.758404</ele>
        <time>2026-09-12T08:43:23.000Z</time>
      </trkpt>
      <trkpt lat="47.008288" lon="9.848929">
        <ele>2131.814431</ele>
        <time>2026-09-12T08:43:28.000Z</time>
      </trkpt>
      <trkpt lat="47.008289" lon="9.848915">
        <ele>2131.895795</ele>
        <time>2026-09-12T08:43:29.000Z</time>
      </trkpt>
      <trkpt lat="47.008277" lon="9.848826">
        <ele>2133.020752</ele>
        <time>2026-09-12T08:43:36.000Z</time>
      </trkpt>
      <trkpt lat="47.008273" lon="9.848814">
        <ele>2133.186378</ele>
        <time>2026-09-12T08:43:37.000Z</time>
      </trkpt>
      <trkpt lat="47.008268" lon="9.848765">
        <ele>2133.800738</ele>
        <time>2026-09-12T08:43:42.000Z</time>
      </trkpt>
      <trkpt lat="47.008273" lon="9.848711">
        <ele>2134.476477</ele>
        <time>2026-09-12T08:43:47.000Z</time>
      </trkpt>
      <trkpt lat="47.008279" lon="9.848705">
        <ele>2134.608536</ele>
        <time>2026-09-12T08:43:48.000Z</time>
      </trkpt>
      <trkpt lat="47.008295" lon="9.848673">
        <ele>2135.100573</ele>
        <time>2026-09-12T08:43:52.000Z</time>
      </trkpt>
      <trkpt lat="47.008293" lon="9.848659">
        <ele>2135.277940</ele>
        <time>2026-09-12T08:43:53.000Z</time>
      </trkpt>
      <trkpt lat="47.008282" lon="9.848653">
        <ele>2135.491358</ele>
        <time>2026-09-12T08:43:54.000Z</time>
      </trkpt>
      <trkpt lat="47.008266" lon="9.848625">
        <ele>2135.944347</ele>
        <time>2026-09-12T08:43:58.000Z</time>
      </trkpt>
      <trkpt lat="47.008265" lon="9.848613">
        <ele>2136.094252</ele>
        <time>2026-09-12T08:43:59.000Z</time>
      </trkpt>
      <trkpt lat="47.008264" lon="9.848555">
        <ele>2136.813676</ele>
        <time>2026-09-12T08:44:05.000Z</time>
      </trkpt>
      <trkpt lat="47.008251" lon="9.848518">
        <ele>2137.329794</ele>
        <time>2026-09-12T08:44:09.000Z</time>
      </trkpt>
      <trkpt lat="47.008246" lon="9.848508">
        <ele>2137.483556</ele>
        <time>2026-09-12T08:44:11.000Z</time>
      </trkpt>
      <trkpt lat="47.008215" lon="9.848467">
        <ele>2138.242665</ele>
        <time>2026-09-12T08:44:16.000Z</time>
      </trkpt>
      <trkpt lat="47.008216" lon="9.848455">
        <ele>2138.392571</ele>
        <time>2026-09-12T08:44:17.000Z</time>
      </trkpt>
      <trkpt lat="47.008223" lon="9.848376">
        <ele>2139.380399</ele>
        <time>2026-09-12T08:44:24.000Z</time>
      </trkpt>
      <trkpt lat="47.008216" lon="9.848315">
        <ele>2140.147429</ele>
        <time>2026-09-12T08:44:28.000Z</time>
      </trkpt>
      <trkpt lat="47.008212" lon="9.848303">
        <ele>2140.313055</ele>
        <time>2026-09-12T08:44:29.000Z</time>
      </trkpt>
      <trkpt lat="47.008208" lon="9.848298">
        <ele>2140.408631</ele>
        <time>2026-09-12T08:44:36.000Z</time>
      </trkpt>
      <trkpt lat="47.008191" lon="9.848249">
        <ele>2141.090347</ele>
        <time>2026-09-12T08:44:40.000Z</time>
      </trkpt>
      <trkpt lat="47.008163" lon="9.848204">
        <ele>2141.845735</ele>
        <time>2026-09-12T08:44:44.000Z</time>
      </trkpt>
      <trkpt lat="47.008150" lon="9.848160">
        <ele>2142.440344</ele>
        <time>2026-09-12T08:44:49.000Z</time>
      </trkpt>
      <trkpt lat="47.008131" lon="9.848084">
        <ele>2143.444077</ele>
        <time>2026-09-12T08:44:55.000Z</time>
      </trkpt>
      <trkpt lat="47.008125" lon="9.848074">
        <ele>2143.609244</ele>
        <time>2026-09-12T08:44:56.000Z</time>
      </trkpt>
      <trkpt lat="47.008118" lon="9.848047">
        <ele>2143.967424</ele>
        <time>2026-09-12T08:44:58.000Z</time>
      </trkpt>
      <trkpt lat="47.008110" lon="9.848022">
        <ele>2144.309859</ele>
        <time>2026-09-12T08:45:00.000Z</time>
      </trkpt>
      <trkpt lat="47.008109" lon="9.847988">
        <ele>2144.731849</ele>
        <time>2026-09-12T08:45:04.000Z</time>
      </trkpt>
      <trkpt lat="47.008083" lon="9.847947">
        <ele>2145.426115</ele>
        <time>2026-09-12T08:45:08.000Z</time>
      </trkpt>
      <trkpt lat="47.008069" lon="9.847936">
        <ele>2145.714935</ele>
        <time>2026-09-12T08:45:10.000Z</time>
      </trkpt>
      <trkpt lat="47.008030" lon="9.847910">
        <ele>2146.493973</ele>
        <time>2026-09-12T08:45:15.000Z</time>
      </trkpt>
      <trkpt lat="47.008014" lon="9.847888">
        <ele>2146.892812</ele>
        <time>2026-09-12T08:45:18.000Z</time>
      </trkpt>
      <trkpt lat="47.008001" lon="9.847841">
        <ele>2147.521730</ele>
        <time>2026-09-12T08:45:22.000Z</time>
      </trkpt>
      <trkpt lat="47.008007" lon="9.847817">
        <ele>2147.838699</ele>
        <time>2026-09-12T08:45:24.000Z</time>
      </trkpt>
      <trkpt lat="47.008021" lon="9.847799">
        <ele>2148.177270</ele>
        <time>2026-09-12T08:45:26.000Z</time>
      </trkpt>
      <trkpt lat="47.008032" lon="9.847766">
        <ele>2148.632742</ele>
        <time>2026-09-12T08:45:30.000Z</time>
      </trkpt>
      <trkpt lat="47.008032" lon="9.847724">
        <ele>2149.153540</ele>
        <time>2026-09-12T08:45:33.000Z</time>
      </trkpt>
      <trkpt lat="47.008036" lon="9.847705">
        <ele>2149.400112</ele>
        <time>2026-09-12T08:45:35.000Z</time>
      </trkpt>
      <trkpt lat="47.008046" lon="9.847681">
        <ele>2149.748871</ele>
        <time>2026-09-12T08:45:39.000Z</time>
      </trkpt>
      <trkpt lat="47.008042" lon="9.847659">
        <ele>2150.031200</ele>
        <time>2026-09-12T08:45:41.000Z</time>
      </trkpt>
      <trkpt lat="47.008037" lon="9.847641">
        <ele>2150.272208</ele>
        <time>2026-09-12T08:45:43.000Z</time>
      </trkpt>
      <trkpt lat="47.008032" lon="9.847618">
        <ele>2150.571549</ele>
        <time>2026-09-12T08:45:45.000Z</time>
      </trkpt>
      <trkpt lat="47.008031" lon="9.847592">
        <ele>2150.894460</ele>
        <time>2026-09-12T08:45:47.000Z</time>
      </trkpt>
      <trkpt lat="47.008034" lon="9.847584">
        <ele>2151.007671</ele>
        <time>2026-09-12T08:45:48.000Z</time>
      </trkpt>
      <trkpt lat="47.008047" lon="9.847578">
        <ele>2151.255501</ele>
        <time>2026-09-12T08:45:51.000Z</time>
      </trkpt>
      <trkpt lat="47.008048" lon="9.847578">
        <ele>2151.273685</ele>
        <time>2026-09-12T08:45:52.000Z</time>
      </trkpt>
      <trkpt lat="47.008053" lon="9.847578">
        <ele>2151.364608</ele>
        <time>2026-09-12T08:45:53.000Z</time>
      </trkpt>
      <trkpt lat="47.008077" lon="9.847566">
        <ele>2151.825705</ele>
        <time>2026-09-12T08:45:56.000Z</time>
      </trkpt>
      <trkpt lat="47.008104" lon="9.847539">
        <ele>2152.419972</ele>
        <time>2026-09-12T08:46:00.000Z</time>
      </trkpt>
      <trkpt lat="47.008115" lon="9.847493">
        <ele>2153.024426</ele>
        <time>2026-09-12T08:46:05.000Z</time>
      </trkpt>
      <trkpt lat="47.008125" lon="9.847463">
        <ele>2153.438491</ele>
        <time>2026-09-12T08:46:09.000Z</time>
      </trkpt>
      <trkpt lat="47.008133" lon="9.847456">
        <ele>2153.607894</ele>
        <time>2026-09-12T08:46:11.000Z</time>
      </trkpt>
      <trkpt lat="47.008148" lon="9.847446">
        <ele>2153.907524</ele>
        <time>2026-09-12T08:46:13.000Z</time>
      </trkpt>
      <trkpt lat="47.008157" lon="9.847431">
        <ele>2154.155275</ele>
        <time>2026-09-12T08:46:15.000Z</time>
      </trkpt>
      <trkpt lat="47.008155" lon="9.847404">
        <ele>2154.492042</ele>
        <time>2026-09-12T08:46:18.000Z</time>
      </trkpt>
      <trkpt lat="47.008148" lon="9.847395">
        <ele>2154.661327</ele>
        <time>2026-09-12T08:46:19.000Z</time>
      </trkpt>
      <trkpt lat="47.008144" lon="9.847387">
        <ele>2154.784337</ele>
        <time>2026-09-12T08:46:20.000Z</time>
      </trkpt>
      <trkpt lat="47.008143" lon="9.847361">
        <ele>2155.107247</ele>
        <time>2026-09-12T08:46:25.000Z</time>
      </trkpt>
      <trkpt lat="47.008146" lon="9.847342">
        <ele>2155.349079</ele>
        <time>2026-09-12T08:46:27.000Z</time>
      </trkpt>
      <trkpt lat="47.008140" lon="9.847309">
        <ele>2155.772573</ele>
        <time>2026-09-12T08:46:31.000Z</time>
      </trkpt>
      <trkpt lat="47.008140" lon="9.847301">
        <ele>2155.871772</ele>
        <time>2026-09-12T08:46:32.000Z</time>
      </trkpt>
      <trkpt lat="47.008172" lon="9.847277">
        <ele>2156.525360</ele>
        <time>2026-09-12T08:46:38.000Z</time>
      </trkpt>
      <trkpt lat="47.008186" lon="9.847268">
        <ele>2156.803330</ele>
        <time>2026-09-12T08:46:40.000Z</time>
      </trkpt>
      <trkpt lat="47.008202" lon="9.847270">
        <ele>2157.095337</ele>
        <time>2026-09-12T08:46:43.000Z</time>
      </trkpt>
      <trkpt lat="47.008215" lon="9.847276">
        <ele>2157.343167</ele>
        <time>2026-09-12T08:46:45.000Z</time>
      </trkpt>
      <trkpt lat="47.008224" lon="9.847261">
        <ele>2157.590917</ele>
        <time>2026-09-12T08:46:48.000Z</time>
      </trkpt>
      <trkpt lat="47.008234" lon="9.847238">
        <ele>2157.929156</ele>
        <time>2026-09-12T08:46:51.000Z</time>
      </trkpt>
      <trkpt lat="47.008259" lon="9.847175">
        <ele>2158.833001</ele>
        <time>2026-09-12T08:46:56.000Z</time>
      </trkpt>
      <trkpt lat="47.008259" lon="9.847167">
        <ele>2158.932200</ele>
        <time>2026-09-12T08:46:57.000Z</time>
      </trkpt>
      <trkpt lat="47.008259" lon="9.847154">
        <ele>2159.093399</ele>
        <time>2026-09-12T08:46:58.000Z</time>
      </trkpt>
      <trkpt lat="47.008262" lon="9.847099">
        <ele>2159.777571</ele>
        <time>2026-09-12T08:47:02.000Z</time>
      </trkpt>
      <trkpt lat="47.008264" lon="9.847088">
        <ele>2159.918735</ele>
        <time>2026-09-12T08:47:04.000Z</time>
      </trkpt>
      <trkpt lat="47.008273" lon="9.847075">
        <ele>2160.148452</ele>
        <time>2026-09-12T08:47:07.000Z</time>
      </trkpt>
      <trkpt lat="47.008274" lon="9.847069">
        <ele>2160.225042</ele>
        <time>2026-09-12T08:47:10.000Z</time>
      </trkpt>
      <trkpt lat="47.008293" lon="9.847012">
        <ele>2161.011763</ele>
        <time>2026-09-12T08:47:16.000Z</time>
      </trkpt>
      <trkpt lat="47.008299" lon="9.846991">
        <ele>2161.294095</ele>
        <time>2026-09-12T08:47:20.000Z</time>
      </trkpt>
      <trkpt lat="47.008301" lon="9.846988">
        <ele>2161.346119</ele>
        <time>2026-09-12T08:47:21.000Z</time>
      </trkpt>
      <trkpt lat="47.008313" lon="9.847042">
        <ele>2162.050373</ele>
        <time>2026-09-12T08:47:29.000Z</time>
      </trkpt>
      <trkpt lat="47.008330" lon="9.847061">
        <ele>2162.439053</ele>
        <time>2026-09-12T08:47:34.000Z</time>
      </trkpt>
      <trkpt lat="47.008330" lon="9.847061">
        <ele>2162.439053</ele>
        <time>2026-09-12T08:47:35.000Z</time>
      </trkpt>
      <trkpt lat="47.008355" lon="9.847077">
        <ele>2162.935071</ele>
        <time>2026-09-12T08:47:42.000Z</time>
      </trkpt>
      <trkpt lat="47.008355" lon="9.847076">
        <ele>2162.947471</ele>
        <time>2026-09-12T08:47:44.000Z</time>
      </trkpt>
      <trkpt lat="47.008356" lon="9.847076">
        <ele>2162.965656</ele>
        <time>2026-09-12T08:47:49.000Z</time>
      </trkpt>
      <trkpt lat="47.008356" lon="9.847076">
        <ele>2162.965656</ele>
        <time>2026-09-12T08:48:00.000Z</time>
      </trkpt>
      <trkpt lat="47.008356" lon="9.847076">
        <ele>2162.965656</ele>
        <time>2026-09-12T08:48:20.000Z</time>
      </trkpt>
      <trkpt lat="47.008356" lon="9.847076">
        <ele>2162.965656</ele>
        <time>2026-09-12T08:48:22.000Z</time>
      </trkpt>
      <trkpt lat="47.008345" lon="9.847068">
        <ele>2163.188932</ele>
        <time>2026-09-12T08:48:34.000Z</time>
      </trkpt>
      <trkpt lat="47.008329" lon="9.847059">
        <ele>2163.500553</ele>
        <time>2026-09-12T08:48:40.000Z</time>
      </trkpt>
      <trkpt lat="47.008329" lon="9.847059">
        <ele>2163.500553</ele>
        <time>2026-09-12T08:48:50.000Z</time>
      </trkpt>
      <trkpt lat="47.008329" lon="9.847059">
        <ele>2163.500553</ele>
        <time>2026-09-12T08:48:56.000Z</time>
      </trkpt>
      <trkpt lat="47.008355" lon="9.847020">
        <ele>2164.176868</ele>
        <time>2026-09-12T08:49:01.000Z</time>
      </trkpt>
      <trkpt lat="47.008359" lon="9.846986">
        <ele>2164.608364</ele>
        <time>2026-09-12T08:49:04.000Z</time>
      </trkpt>
      <trkpt lat="47.008359" lon="9.846933">
        <ele>2165.651790</ele>
        <time>2026-09-12T08:49:08.000Z</time>
      </trkpt>
      <trkpt lat="47.008389" lon="9.846899">
        <ele>2166.746442</ele>
        <time>2026-09-12T08:49:14.000Z</time>
      </trkpt>
      <trkpt lat="47.008394" lon="9.846889">
        <ele>2166.990569</ele>
        <time>2026-09-12T08:49:16.000Z</time>
      </trkpt>
      <trkpt lat="47.008407" lon="9.846856">
        <ele>2167.740873</ele>
        <time>2026-09-12T08:49:20.000Z</time>
      </trkpt>
      <trkpt lat="47.008411" lon="9.846849">
        <ele>2167.920676</ele>
        <time>2026-09-12T08:49:21.000Z</time>
      </trkpt>
      <trkpt lat="47.008419" lon="9.846822">
        <ele>2168.500245</ele>
        <time>2026-09-12T08:49:24.000Z</time>
      </trkpt>
      <trkpt lat="47.008438" lon="9.846810">
        <ele>2169.097514</ele>
        <time>2026-09-12T08:49:27.000Z</time>
      </trkpt>
      <trkpt lat="47.008441" lon="9.846811">
        <ele>2169.186338</ele>
        <time>2026-09-12T08:49:28.000Z</time>
      </trkpt>
      <trkpt lat="47.008455" lon="9.846808">
        <ele>2169.594832</ele>
        <time>2026-09-12T08:49:32.000Z</time>
      </trkpt>
      <trkpt lat="47.008476" lon="9.846785">
        <ele>2170.351560</ele>
        <time>2026-09-12T08:49:35.000Z</time>
      </trkpt>
      <trkpt lat="47.008489" lon="9.846778">
        <ele>2170.751391</ele>
        <time>2026-09-12T08:49:37.000Z</time>
      </trkpt>
      <trkpt lat="47.008515" lon="9.846718">
        <ele>2172.150964</ele>
        <time>2026-09-12T08:49:41.000Z</time>
      </trkpt>
      <trkpt lat="47.008527" lon="9.846677">
        <ele>2173.029353</ele>
        <time>2026-09-12T08:49:46.000Z</time>
      </trkpt>
      <trkpt lat="47.008532" lon="9.846676">
        <ele>2173.175047</ele>
        <time>2026-09-12T08:49:47.000Z</time>
      </trkpt>
      <trkpt lat="47.008543" lon="9.846680">
        <ele>2173.502252</ele>
        <time>2026-09-12T08:49:49.000Z</time>
      </trkpt>
      <trkpt lat="47.008553" lon="9.846680">
        <ele>2173.790967</ele>
        <time>2026-09-12T08:49:50.000Z</time>
      </trkpt>
      <trkpt lat="47.008564" lon="9.846681">
        <ele>2174.109164</ele>
        <time>2026-09-12T08:49:51.000Z</time>
      </trkpt>
      <trkpt lat="47.008572" lon="9.846678">
        <ele>2174.347569</ele>
        <time>2026-09-12T08:49:52.000Z</time>
      </trkpt>
      <trkpt lat="47.008590" lon="9.846669">
        <ele>2174.896632</ele>
        <time>2026-09-12T08:49:54.000Z</time>
      </trkpt>
      <trkpt lat="47.008600" lon="9.846663">
        <ele>2175.208577</ele>
        <time>2026-09-12T08:49:55.000Z</time>
      </trkpt>
      <trkpt lat="47.008582" lon="9.846610">
        <ele>2176.374254</ele>
        <time>2026-09-12T08:50:00.000Z</time>
      </trkpt>
      <trkpt lat="47.008583" lon="9.846577">
        <ele>2177.024573</ele>
        <time>2026-09-12T08:50:05.000Z</time>
      </trkpt>
      <trkpt lat="47.008610" lon="9.846520">
        <ele>2178.390932</ele>
        <time>2026-09-12T08:50:12.000Z</time>
      </trkpt>
      <trkpt lat="47.008670" lon="9.846452">
        <ele>2180.580232</ele>
        <time>2026-09-12T08:50:20.000Z</time>
      </trkpt>
      <trkpt lat="47.008700" lon="9.846412">
        <ele>2181.750850</ele>
        <time>2026-09-12T08:50:27.000Z</time>
      </trkpt>
      <trkpt lat="47.008704" lon="9.846410">
        <ele>2181.872864</ele>
        <time>2026-09-12T08:50:28.000Z</time>
      </trkpt>
      <trkpt lat="47.008712" lon="9.846372">
        <ele>2182.655820</ele>
        <time>2026-09-12T08:50:32.000Z</time>
      </trkpt>
      <trkpt lat="47.008714" lon="9.846364">
        <ele>2182.823568</ele>
        <time>2026-09-12T08:50:33.000Z</time>
      </trkpt>
      <trkpt lat="47.008727" lon="9.846329">
        <ele>2183.608210</ele>
        <time>2026-09-12T08:50:37.000Z</time>
      </trkpt>
      <trkpt lat="47.008730" lon="9.846298">
        <ele>2184.224627</ele>
        <time>2026-09-12T08:50:40.000Z</time>
      </trkpt>
      <trkpt lat="47.008731" lon="9.846292">
        <ele>2184.346227</ele>
        <time>2026-09-12T08:50:41.000Z</time>
      </trkpt>
      <trkpt lat="47.008725" lon="9.846252">
        <ele>2185.152542</ele>
        <time>2026-09-12T08:50:46.000Z</time>
      </trkpt>
      <trkpt lat="47.008725" lon="9.846245">
        <ele>2185.290352</ele>
        <time>2026-09-12T08:50:47.000Z</time>
      </trkpt>
      <trkpt lat="47.008722" lon="9.846217">
        <ele>2185.848355</ele>
        <time>2026-09-12T08:50:50.000Z</time>
      </trkpt>
      <trkpt lat="47.008723" lon="9.846206">
        <ele>2186.066830</ele>
        <time>2026-09-12T08:50:51.000Z</time>
      </trkpt>
      <trkpt lat="47.008722" lon="9.846181">
        <ele>2186.559854</ele>
        <time>2026-09-12T08:50:54.000Z</time>
      </trkpt>
      <trkpt lat="47.008723" lon="9.846166">
        <ele>2186.856570</ele>
        <time>2026-09-12T08:50:55.000Z</time>
      </trkpt>
      <trkpt lat="47.008729" lon="9.846146">
        <ele>2187.286735</ele>
        <time>2026-09-12T08:50:57.000Z</time>
      </trkpt>
      <trkpt lat="47.008733" lon="9.846123">
        <ele>2187.754034</ele>
        <time>2026-09-12T08:51:00.000Z</time>
      </trkpt>
      <trkpt lat="47.008734" lon="9.846107">
        <ele>2188.070349</ele>
        <time>2026-09-12T08:51:02.000Z</time>
      </trkpt>
      <trkpt lat="47.008736" lon="9.846088">
        <ele>2188.448835</ele>
        <time>2026-09-12T08:51:05.000Z</time>
      </trkpt>
      <trkpt lat="47.008725" lon="9.846062">
        <ele>2189.051221</ele>
        <time>2026-09-12T08:51:09.000Z</time>
      </trkpt>
      <trkpt lat="47.008724" lon="9.846022">
        <ele>2189.839236</ele>
        <time>2026-09-12T08:51:13.000Z</time>
      </trkpt>
      <trkpt lat="47.008722" lon="9.846010">
        <ele>2190.082436</ele>
        <time>2026-09-12T08:51:14.000Z</time>
      </trkpt>
      <trkpt lat="47.008719" lon="9.846000">
        <ele>2190.297518</ele>
        <time>2026-09-12T08:51:15.000Z</time>
      </trkpt>
      <trkpt lat="47.008710" lon="9.845974">
        <ele>2190.871562</ele>
        <time>2026-09-12T08:51:18.000Z</time>
      </trkpt>
      <trkpt lat="47.008711" lon="9.845961">
        <ele>2191.129118</ele>
        <time>2026-09-12T08:51:20.000Z</time>
      </trkpt>
      <trkpt lat="47.008716" lon="9.845936">
        <ele>2191.642030</ele>
        <time>2026-09-12T08:51:23.000Z</time>
      </trkpt>
      <trkpt lat="47.008720" lon="9.845912">
        <ele>2192.128431</ele>
        <time>2026-09-12T08:51:26.000Z</time>
      </trkpt>
      <trkpt lat="47.008711" lon="9.845892">
        <ele>2192.600185</ele>
        <time>2026-09-12T08:51:28.000Z</time>
      </trkpt>
      <trkpt lat="47.008698" lon="9.845863">
        <ele>2193.283436</ele>
        <time>2026-09-12T08:51:32.000Z</time>
      </trkpt>
      <trkpt lat="47.008697" lon="9.845859">
        <ele>2193.367310</ele>
        <time>2026-09-12T08:51:33.000Z</time>
      </trkpt>
      <trkpt lat="47.008694" lon="9.845805">
        <ele>2194.433939</ele>
        <time>2026-09-12T08:51:38.000Z</time>
      </trkpt>
      <trkpt lat="47.008695" lon="9.845794">
        <ele>2194.652414</ele>
        <time>2026-09-12T08:51:39.000Z</time>
      </trkpt>
      <trkpt lat="47.008690" lon="9.845760">
        <ele>2195.337167</ele>
        <time>2026-09-12T08:51:43.000Z</time>
      </trkpt>
      <trkpt lat="47.008684" lon="9.845729">
        <ele>2195.971578</ele>
        <time>2026-09-12T08:51:46.000Z</time>
      </trkpt>
      <trkpt lat="47.008682" lon="9.845725">
        <ele>2196.069228</ele>
        <time>2026-09-12T08:51:47.000Z</time>
      </trkpt>
      <trkpt lat="47.008665" lon="9.845684">
        <ele>2197.013914</ele>
        <time>2026-09-12T08:51:51.000Z</time>
      </trkpt>
      <trkpt lat="47.008662" lon="9.845678">
        <ele>2197.160389</ele>
        <time>2026-09-12T08:51:52.000Z</time>
      </trkpt>
      <trkpt lat="47.008657" lon="9.845631">
        <ele>2198.096880</ele>
        <time>2026-09-12T08:51:57.000Z</time>
      </trkpt>
      <trkpt lat="47.008649" lon="9.845600">
        <ele>2198.749426</ele>
        <time>2026-09-12T08:52:01.000Z</time>
      </trkpt>
      <trkpt lat="47.008640" lon="9.845570">
        <ele>2199.394675</ele>
        <time>2026-09-12T08:52:05.000Z</time>
      </trkpt>
      <trkpt lat="47.008638" lon="9.845558">
        <ele>2199.637875</ele>
        <time>2026-09-12T08:52:06.000Z</time>
      </trkpt>
      <trkpt lat="47.008637" lon="9.845513">
        <ele>2200.524269</ele>
        <time>2026-09-12T08:52:11.000Z</time>
      </trkpt>
      <trkpt lat="47.008631" lon="9.845497">
        <ele>2200.883755</ele>
        <time>2026-09-12T08:52:14.000Z</time>
      </trkpt>
      <trkpt lat="47.008625" lon="9.845479">
        <ele>2201.278198</ele>
        <time>2026-09-12T08:52:16.000Z</time>
      </trkpt>
      <trkpt lat="47.008606" lon="9.845445">
        <ele>2202.143627</ele>
        <time>2026-09-12T08:52:22.000Z</time>
      </trkpt>
      <trkpt lat="47.008599" lon="9.845400">
        <ele>2203.052310</ele>
        <time>2026-09-12T08:52:28.000Z</time>
      </trkpt>
      <trkpt lat="47.008601" lon="9.845392">
        <ele>2203.220059</ele>
        <time>2026-09-12T08:52:30.000Z</time>
      </trkpt>
      <trkpt lat="47.008597" lon="9.845375">
        <ele>2203.574106</ele>
        <time>2026-09-12T08:52:33.000Z</time>
      </trkpt>
      <trkpt lat="47.008597" lon="9.845374">
        <ele>2203.593794</ele>
        <time>2026-09-12T08:52:37.000Z</time>
      </trkpt>
      <trkpt lat="47.008597" lon="9.845375">
        <ele>2203.613481</ele>
        <time>2026-09-12T08:52:45.000Z</time>
      </trkpt>
      <trkpt lat="47.008586" lon="9.845338">
        <ele>2204.408129</ele>
        <time>2026-09-12T08:52:51.000Z</time>
      </trkpt>
      <trkpt lat="47.008585" lon="9.845337">
        <ele>2204.443074</ele>
        <time>2026-09-12T08:52:52.000Z</time>
      </trkpt>
      <trkpt lat="47.008585" lon="9.845319">
        <ele>2204.797444</ele>
        <time>2026-09-12T08:52:54.000Z</time>
      </trkpt>
      <trkpt lat="47.008584" lon="9.845303">
        <ele>2205.113760</ele>
        <time>2026-09-12T08:52:56.000Z</time>
      </trkpt>
      <trkpt lat="47.008583" lon="9.845285">
        <ele>2205.469303</ele>
        <time>2026-09-12T08:52:58.000Z</time>
      </trkpt>
      <trkpt lat="47.008587" lon="9.845274">
        <ele>2205.714731</ele>
        <time>2026-09-12T08:53:01.000Z</time>
      </trkpt>
      <trkpt lat="47.008578" lon="9.845246">
        <ele>2206.324146</ele>
        <time>2026-09-12T08:53:04.000Z</time>
      </trkpt>
      <trkpt lat="47.008567" lon="9.845234">
        <ele>2206.719967</ele>
        <time>2026-09-12T08:53:10.000Z</time>
      </trkpt>
      <trkpt lat="47.008563" lon="9.845205">
        <ele>2207.302459</ele>
        <time>2026-09-12T08:53:17.000Z</time>
      </trkpt>
      <trkpt lat="47.008558" lon="9.845190">
        <ele>2207.631163</ele>
        <time>2026-09-12T08:53:19.000Z</time>
      </trkpt>
      <trkpt lat="47.008555" lon="9.845182">
        <ele>2207.810906</ele>
        <time>2026-09-12T08:53:20.000Z</time>
      </trkpt>
      <trkpt lat="47.008554" lon="9.845165">
        <ele>2208.146831</ele>
        <time>2026-09-12T08:53:22.000Z</time>
      </trkpt>
      <trkpt lat="47.008546" lon="9.845132">
        <ele>2208.836345</ele>
        <time>2026-09-12T08:53:27.000Z</time>
      </trkpt>
      <trkpt lat="47.008553" lon="9.845083">
        <ele>2209.821962</ele>
        <time>2026-09-12T08:53:32.000Z</time>
      </trkpt>
      <trkpt lat="47.008548" lon="9.845068">
        <ele>2210.150665</ele>
        <time>2026-09-12T08:53:35.000Z</time>
      </trkpt>
      <trkpt lat="47.008538" lon="9.845037">
        <ele>2210.825815</ele>
        <time>2026-09-12T08:53:39.000Z</time>
      </trkpt>
      <trkpt lat="47.008519" lon="9.844998">
        <ele>2211.769445</ele>
        <time>2026-09-12T08:53:42.000Z</time>
      </trkpt>
      <trkpt lat="47.008512" lon="9.844973">
        <ele>2212.301504</ele>
        <time>2026-09-12T08:53:44.000Z</time>
      </trkpt>
      <trkpt lat="47.008487" lon="9.844929">
        <ele>2213.429044</ele>
        <time>2026-09-12T08:53:49.000Z</time>
      </trkpt>
      <trkpt lat="47.008485" lon="9.844922">
        <ele>2213.578463</ele>
        <time>2026-09-12T08:53:50.000Z</time>
      </trkpt>
      <trkpt lat="47.008479" lon="9.844892">
        <ele>2214.193961</ele>
        <time>2026-09-12T08:53:54.000Z</time>
      </trkpt>
      <trkpt lat="47.008480" lon="9.844892">
        <ele>2214.222832</ele>
        <time>2026-09-12T08:54:04.000Z</time>
      </trkpt>
      <trkpt lat="47.008494" lon="9.844913">
        <ele>2214.801024</ele>
        <time>2026-09-12T08:54:14.000Z</time>
      </trkpt>
      <trkpt lat="47.008493" lon="9.844937">
        <ele>2215.274399</ele>
        <time>2026-09-12T08:54:25.000Z</time>
      </trkpt>
      <trkpt lat="47.008487" lon="9.844940">
        <ele>2215.457420</ele>
        <time>2026-09-12T08:54:27.000Z</time>
      </trkpt>
      <trkpt lat="47.008491" lon="9.844945">
        <ele>2215.609165</ele>
        <time>2026-09-12T08:54:35.000Z</time>
      </trkpt>
      <trkpt lat="47.008491" lon="9.844945">
        <ele>2215.609165</ele>
        <time>2026-09-12T08:54:36.000Z</time>
      </trkpt>
      <trkpt lat="47.008491" lon="9.844945">
        <ele>2215.609165</ele>
        <time>2026-09-12T08:54:58.000Z</time>
      </trkpt>
      <trkpt lat="47.008486" lon="9.844939">
        <ele>2215.795692</ele>
        <time>2026-09-12T08:55:11.000Z</time>
      </trkpt>
      <trkpt lat="47.008476" lon="9.844894">
        <ele>2216.745131</ele>
        <time>2026-09-12T08:55:19.000Z</time>
      </trkpt>
      <trkpt lat="47.008478" lon="9.844894">
        <ele>2216.807987</ele>
        <time>2026-09-12T08:55:20.000Z</time>
      </trkpt>
      <trkpt lat="47.008487" lon="9.844892">
        <ele>2217.094068</ele>
        <time>2026-09-12T08:55:25.000Z</time>
      </trkpt>
      <trkpt lat="47.008494" lon="9.844881">
        <ele>2217.416510</ele>
        <time>2026-09-12T08:55:29.000Z</time>
      </trkpt>
      <trkpt lat="47.008513" lon="9.844856">
        <ele>2218.218762</ele>
        <time>2026-09-12T08:55:32.000Z</time>
      </trkpt>
      <trkpt lat="47.008517" lon="9.844844">
        <ele>2218.505009</ele>
        <time>2026-09-12T08:55:33.000Z</time>
      </trkpt>
      <trkpt lat="47.008531" lon="9.844822">
        <ele>2219.149894</ele>
        <time>2026-09-12T08:55:37.000Z</time>
      </trkpt>
      <trkpt lat="47.008533" lon="9.844819">
        <ele>2219.239807</ele>
        <time>2026-09-12T08:55:38.000Z</time>
      </trkpt>
      <trkpt lat="47.008538" lon="9.844806">
        <ele>2219.559664</ele>
        <time>2026-09-12T08:55:42.000Z</time>
      </trkpt>
      <trkpt lat="47.008539" lon="9.844802">
        <ele>2219.650965</ele>
        <time>2026-09-12T08:55:46.000Z</time>
      </trkpt>
      <trkpt lat="47.008539" lon="9.844802">
        <ele>2219.650965</ele>
        <time>2026-09-12T08:55:48.000Z</time>
      </trkpt>
      <trkpt lat="47.008539" lon="9.844802">
        <ele>2219.650965</ele>
        <time>2026-09-12T08:55:54.000Z</time>
      </trkpt>
      <trkpt lat="47.008557" lon="9.844816">
        <ele>2220.291307</ele>
        <time>2026-09-12T08:55:57.000Z</time>
      </trkpt>
      <trkpt lat="47.008569" lon="9.844836">
        <ele>2220.862216</ele>
        <time>2026-09-12T08:56:00.000Z</time>
      </trkpt>
      <trkpt lat="47.008588" lon="9.844844">
        <ele>2221.483472</ele>
        <time>2026-09-12T08:56:03.000Z</time>
      </trkpt>
      <trkpt lat="47.008594" lon="9.844845">
        <ele>2221.673254</ele>
        <time>2026-09-12T08:56:04.000Z</time>
      </trkpt>
      <trkpt lat="47.008624" lon="9.844858">
        <ele>2222.656394</ele>
        <time>2026-09-12T08:56:09.000Z</time>
      </trkpt>
      <trkpt lat="47.008627" lon="9.844868">
        <ele>2222.890522</ele>
        <time>2026-09-12T08:56:11.000Z</time>
      </trkpt>
      <trkpt lat="47.008631" lon="9.844873">
        <ele>2223.055704</ele>
        <time>2026-09-12T08:56:13.000Z</time>
      </trkpt>
      <trkpt lat="47.008629" lon="9.844868">
        <ele>2223.179931</ele>
        <time>2026-09-12T08:56:17.000Z</time>
      </trkpt>
      <trkpt lat="47.008620" lon="9.844842">
        <ele>2223.804804</ele>
        <time>2026-09-12T08:56:25.000Z</time>
      </trkpt>
      <trkpt lat="47.008618" lon="9.844863">
        <ele>2224.259211</ele>
        <time>2026-09-12T08:56:34.000Z</time>
      </trkpt>
      <trkpt lat="47.008618" lon="9.844848">
        <ele>2224.580667</ele>
        <time>2026-09-12T08:56:42.000Z</time>
      </trkpt>
      <trkpt lat="47.008619" lon="9.844848">
        <ele>2224.612095</ele>
        <time>2026-09-12T08:56:43.000Z</time>
      </trkpt>
      <trkpt lat="47.008631" lon="9.844846">
        <ele>2224.991659</ele>
        <time>2026-09-12T08:56:54.000Z</time>
      </trkpt>
      <trkpt lat="47.008628" lon="9.844838">
        <ele>2225.187318</ele>
        <time>2026-09-12T08:56:58.000Z</time>
      </trkpt>
      <trkpt lat="47.008628" lon="9.844839">
        <ele>2225.208748</ele>
        <time>2026-09-12T08:56:59.000Z</time>
      </trkpt>
      <trkpt lat="47.008632" lon="9.844834">
        <ele>2225.373930</ele>
        <time>2026-09-12T08:57:06.000Z</time>
      </trkpt>
      <trkpt lat="47.008631" lon="9.844829">
        <ele>2225.485596</ele>
        <time>2026-09-12T08:57:12.000Z</time>
      </trkpt>
      <trkpt lat="47.008631" lon="9.844830">
        <ele>2225.507026</ele>
        <time>2026-09-12T08:57:14.000Z</time>
      </trkpt>
      <trkpt lat="47.008631" lon="9.844830">
        <ele>2225.507026</ele>
        <time>2026-09-12T08:57:20.000Z</time>
      </trkpt>
      <trkpt lat="47.008631" lon="9.844830">
        <ele>2225.507026</ele>
        <time>2026-09-12T08:57:25.000Z</time>
      </trkpt>
      <trkpt lat="47.008631" lon="9.844830">
        <ele>2225.507026</ele>
        <time>2026-09-12T08:57:30.000Z</time>
      </trkpt>
      <trkpt lat="47.008631" lon="9.844830">
        <ele>2225.507026</ele>
        <time>2026-09-12T08:57:32.000Z</time>
      </trkpt>
      <trkpt lat="47.008631" lon="9.844836">
        <ele>2225.635609</ele>
        <time>2026-09-12T08:57:35.000Z</time>
      </trkpt>
      <trkpt lat="47.008654" lon="9.844866">
        <ele>2226.602997</ele>
        <time>2026-09-12T08:57:42.000Z</time>
      </trkpt>
      <trkpt lat="47.008661" lon="9.844869">
        <ele>2226.832195</ele>
        <time>2026-09-12T08:57:43.000Z</time>
      </trkpt>
      <trkpt lat="47.008694" lon="9.844875">
        <ele>2227.877260</ele>
        <time>2026-09-12T08:57:47.000Z</time>
      </trkpt>
      <trkpt lat="47.008718" lon="9.844902">
        <ele>2228.827906</ele>
        <time>2026-09-12T08:57:50.000Z</time>
      </trkpt>
      <trkpt lat="47.008740" lon="9.844916">
        <ele>2229.581612</ele>
        <time>2026-09-12T08:57:53.000Z</time>
      </trkpt>
      <trkpt lat="47.008753" lon="9.844922">
        <ele>2230.009932</ele>
        <time>2026-09-12T08:57:56.000Z</time>
      </trkpt>
      <trkpt lat="47.008757" lon="9.844925">
        <ele>2230.151130</ele>
        <time>2026-09-12T08:57:57.000Z</time>
      </trkpt>
      <trkpt lat="47.008773" lon="9.844930">
        <ele>2230.665268</ele>
        <time>2026-09-12T08:58:00.000Z</time>
      </trkpt>
      <trkpt lat="47.008781" lon="9.844929">
        <ele>2230.917604</ele>
        <time>2026-09-12T08:58:01.000Z</time>
      </trkpt>
      <trkpt lat="47.008805" lon="9.844934">
        <ele>2231.679449</ele>
        <time>2026-09-12T08:58:04.000Z</time>
      </trkpt>
      <trkpt lat="47.008815" lon="9.844935">
        <ele>2231.994459</ele>
        <time>2026-09-12T08:58:05.000Z</time>
      </trkpt>
      <trkpt lat="47.008841" lon="9.844945">
        <ele>2232.839222</ele>
        <time>2026-09-12T08:58:09.000Z</time>
      </trkpt>
      <trkpt lat="47.008857" lon="9.844945">
        <ele>2233.342071</ele>
        <time>2026-09-12T08:58:11.000Z</time>
      </trkpt>
      <trkpt lat="47.008869" lon="9.844941">
        <ele>2233.728826</ele>
        <time>2026-09-12T08:58:13.000Z</time>
      </trkpt>
      <trkpt lat="47.008890" lon="9.844940">
        <ele>2234.389163</ele>
        <time>2026-09-12T08:58:17.000Z</time>
      </trkpt>
      <trkpt lat="47.008892" lon="9.844942">
        <ele>2234.465241</ele>
        <time>2026-09-12T08:58:18.000Z</time>
      </trkpt>
      <trkpt lat="47.008913" lon="9.844978">
        <ele>2235.480516</ele>
        <time>2026-09-12T08:58:24.000Z</time>
      </trkpt>
      <trkpt lat="47.008923" lon="9.844986">
        <ele>2235.838516</ele>
        <time>2026-09-12T08:58:26.000Z</time>
      </trkpt>
      <trkpt lat="47.008936" lon="9.844992">
        <ele>2236.266836</ele>
        <time>2026-09-12T08:58:29.000Z</time>
      </trkpt>
      <trkpt lat="47.008961" lon="9.844991">
        <ele>2237.052829</ele>
        <time>2026-09-12T08:58:32.000Z</time>
      </trkpt>
      <trkpt lat="47.008975" lon="9.844991">
        <ele>2237.492822</ele>
        <time>2026-09-12T08:58:33.000Z</time>
      </trkpt>
      <trkpt lat="47.009003" lon="9.845011">
        <ele>2238.471635</ele>
        <time>2026-09-12T08:58:37.000Z</time>
      </trkpt>
      <trkpt lat="47.009015" lon="9.845016">
        <ele>2238.863697</ele>
        <time>2026-09-12T08:58:39.000Z</time>
      </trkpt>
      <trkpt lat="47.009027" lon="9.845021">
        <ele>2239.255760</ele>
        <time>2026-09-12T08:58:41.000Z</time>
      </trkpt>
      <trkpt lat="47.009036" lon="9.845028">
        <ele>2239.575930</ele>
        <time>2026-09-12T08:58:45.000Z</time>
      </trkpt>
      <trkpt lat="47.009057" lon="9.845049">
        <ele>2240.374752</ele>
        <time>2026-09-12T08:58:50.000Z</time>
      </trkpt>
      <trkpt lat="47.009066" lon="9.845050">
        <ele>2240.658415</ele>
        <time>2026-09-12T08:58:52.000Z</time>
      </trkpt>
      <trkpt lat="47.009085" lon="9.845060">
        <ele>2241.292838</ele>
        <time>2026-09-12T08:58:54.000Z</time>
      </trkpt>
      <trkpt lat="47.009095" lon="9.845071">
        <ele>2241.685702</ele>
        <time>2026-09-12T08:58:56.000Z</time>
      </trkpt>
      <trkpt lat="47.009115" lon="9.845078">
        <ele>2242.331915</ele>
        <time>2026-09-12T08:58:59.000Z</time>
      </trkpt>
      <trkpt lat="47.009126" lon="9.845079">
        <ele>2242.678287</ele>
        <time>2026-09-12T08:59:01.000Z</time>
      </trkpt>
      <trkpt lat="47.009131" lon="9.845083">
        <ele>2242.857287</ele>
        <time>2026-09-12T08:59:03.000Z</time>
      </trkpt>
      <trkpt lat="47.009154" lon="9.845093">
        <ele>2243.611230</ele>
        <time>2026-09-12T08:59:07.000Z</time>
      </trkpt>
      <trkpt lat="47.009159" lon="9.845093">
        <ele>2243.768370</ele>
        <time>2026-09-12T08:59:08.000Z</time>
      </trkpt>
      <trkpt lat="47.009177" lon="9.845092">
        <ele>2244.334480</ele>
        <time>2026-09-12T08:59:11.000Z</time>
      </trkpt>
      <trkpt lat="47.009191" lon="9.845086">
        <ele>2244.792875</ele>
        <time>2026-09-12T08:59:14.000Z</time>
      </trkpt>
      <trkpt lat="47.009195" lon="9.845087">
        <ele>2244.920401</ele>
        <time>2026-09-12T08:59:25.000Z</time>
      </trkpt>
      <trkpt lat="47.009207" lon="9.845097">
        <ele>2245.354172</ele>
        <time>2026-09-12T08:59:34.000Z</time>
      </trkpt>
      <trkpt lat="47.009211" lon="9.845099">
        <ele>2245.486989</ele>
        <time>2026-09-12T08:59:35.000Z</time>
      </trkpt>
      <trkpt lat="47.009233" lon="9.845111">
        <ele>2246.224681</ele>
        <time>2026-09-12T08:59:39.000Z</time>
      </trkpt>
      <trkpt lat="47.009240" lon="9.845115">
        <ele>2246.460788</ele>
        <time>2026-09-12T08:59:40.000Z</time>
      </trkpt>
      <trkpt lat="47.009257" lon="9.845093">
        <ele>2247.173339</ele>
        <time>2026-09-12T08:59:43.000Z</time>
      </trkpt>
      <trkpt lat="47.009251" lon="9.845057">
        <ele>2247.967535</ele>
        <time>2026-09-12T08:59:46.000Z</time>
      </trkpt>
      <trkpt lat="47.009245" lon="9.845028">
        <ele>2248.616987</ele>
        <time>2026-09-12T08:59:48.000Z</time>
      </trkpt>
      <trkpt lat="47.009236" lon="9.844991">
        <ele>2249.458843</ele>
        <time>2026-09-12T08:59:52.000Z</time>
      </trkpt>
      <trkpt lat="47.009236" lon="9.844984">
        <ele>2249.608854</ele>
        <time>2026-09-12T08:59:53.000Z</time>
      </trkpt>
      <trkpt lat="47.009234" lon="9.844926">
        <ele>2250.853391</ele>
        <time>2026-09-12T08:59:59.000Z</time>
      </trkpt>
      <trkpt lat="47.009235" lon="9.844921">
        <ele>2250.965056</ele>
        <time>2026-09-12T09:00:00.000Z</time>
      </trkpt>
      <trkpt lat="47.009224" lon="9.844869">
        <ele>2252.131817</ele>
        <time>2026-09-12T09:00:05.000Z</time>
      </trkpt>
      <trkpt lat="47.009222" lon="9.844867">
        <ele>2252.207895</ele>
        <time>2026-09-12T09:00:06.000Z</time>
      </trkpt>
      <trkpt lat="47.009216" lon="9.844864">
        <ele>2252.407121</ele>
        <time>2026-09-12T09:00:09.000Z</time>
      </trkpt>
      <trkpt lat="47.009223" lon="9.844863">
        <ele>2252.628159</ele>
        <time>2026-09-12T09:00:13.000Z</time>
      </trkpt>
      <trkpt lat="47.009232" lon="9.844870">
        <ele>2252.948329</ele>
        <time>2026-09-12T09:00:25.000Z</time>
      </trkpt>
      <trkpt lat="47.009230" lon="9.844871">
        <ele>2253.014737</ele>
        <time>2026-09-12T09:00:32.000Z</time>
      </trkpt>
      <trkpt lat="47.009230" lon="9.844872">
        <ele>2253.036168</ele>
        <time>2026-09-12T09:00:33.000Z</time>
      </trkpt>
      <trkpt lat="47.009230" lon="9.844872">
        <ele>2253.036168</ele>
        <time>2026-09-12T09:00:34.000Z</time>
      </trkpt>
      <trkpt lat="47.009230" lon="9.844872">
        <ele>2253.036168</ele>
        <time>2026-09-12T09:00:35.000Z</time>
      </trkpt>
      <trkpt lat="47.009230" lon="9.844872">
        <ele>2253.036168</ele>
        <time>2026-09-12T09:00:38.000Z</time>
      </trkpt>
      <trkpt lat="47.009259" lon="9.844881">
        <ele>2253.967764</ele>
        <time>2026-09-12T09:00:45.000Z</time>
      </trkpt>
      <trkpt lat="47.009275" lon="9.844875">
        <ele>2254.486792</ele>
        <time>2026-09-12T09:00:47.000Z</time>
      </trkpt>
      <trkpt lat="47.009293" lon="9.844846">
        <ele>2255.327179</ele>
        <time>2026-09-12T09:00:50.000Z</time>
      </trkpt>
      <trkpt lat="47.009296" lon="9.844829">
        <ele>2255.703494</ele>
        <time>2026-09-12T09:00:52.000Z</time>
      </trkpt>
      <trkpt lat="47.009307" lon="9.844772">
        <ele>2256.972990</ele>
        <time>2026-09-12T09:00:57.000Z</time>
      </trkpt>
      <trkpt lat="47.009308" lon="9.844755">
        <ele>2257.338655</ele>
        <time>2026-09-12T09:00:58.000Z</time>
      </trkpt>
      <trkpt lat="47.009302" lon="9.844738">
        <ele>2257.748876</ele>
        <time>2026-09-12T09:01:00.000Z</time>
      </trkpt>
      <trkpt lat="47.009292" lon="9.844724">
        <ele>2258.183370</ele>
        <time>2026-09-12T09:01:02.000Z</time>
      </trkpt>
      <trkpt lat="47.009290" lon="9.844707">
        <ele>2258.553065</ele>
        <time>2026-09-12T09:01:04.000Z</time>
      </trkpt>
      <trkpt lat="47.009290" lon="9.844693">
        <ele>2258.853087</ele>
        <time>2026-09-12T09:01:05.000Z</time>
      </trkpt>
      <trkpt lat="47.009272" lon="9.844672">
        <ele>2259.575964</ele>
        <time>2026-09-12T09:01:09.000Z</time>
      </trkpt>
      <trkpt lat="47.009266" lon="9.844666">
        <ele>2259.804198</ele>
        <time>2026-09-12T09:01:10.000Z</time>
      </trkpt>
      <trkpt lat="47.009232" lon="9.844590">
        <ele>2261.752131</ele>
        <time>2026-09-12T09:01:18.000Z</time>
      </trkpt>
      <trkpt lat="47.009233" lon="9.844567">
        <ele>2262.246026</ele>
        <time>2026-09-12T09:01:22.000Z</time>
      </trkpt>
      <trkpt lat="47.009232" lon="9.844562">
        <ele>2262.357690</ele>
        <time>2026-09-12T09:01:23.000Z</time>
      </trkpt>
      <trkpt lat="47.009230" lon="9.844552">
        <ele>2262.581020</ele>
        <time>2026-09-12T09:01:25.000Z</time>
      </trkpt>
      <trkpt lat="47.009220" lon="9.844497">
        <ele>2263.800859</ele>
        <time>2026-09-12T09:01:30.000Z</time>
      </trkpt>
      <trkpt lat="47.009218" lon="9.844479">
        <ele>2264.191690</ele>
        <time>2026-09-12T09:01:32.000Z</time>
      </trkpt>
      <trkpt lat="47.009206" lon="9.844427">
        <ele>2265.368146</ele>
        <time>2026-09-12T09:01:36.000Z</time>
      </trkpt>
      <trkpt lat="47.009201" lon="9.844416">
        <ele>2265.651452</ele>
        <time>2026-09-12T09:01:38.000Z</time>
      </trkpt>
      <trkpt lat="47.009194" lon="9.844393">
        <ele>2266.191214</ele>
        <time>2026-09-12T09:01:41.000Z</time>
      </trkpt>
      <trkpt lat="47.009188" lon="9.844362">
        <ele>2266.881793</ele>
        <time>2026-09-12T09:01:44.000Z</time>
      </trkpt>
      <trkpt lat="47.009180" lon="9.844339">
        <ele>2267.435109</ele>
        <time>2026-09-12T09:01:48.000Z</time>
      </trkpt>
      <trkpt lat="47.009167" lon="9.844284">
        <ele>2268.682572</ele>
        <time>2026-09-12T09:01:55.000Z</time>
      </trkpt>
      <trkpt lat="47.009158" lon="9.844241">
        <ele>2269.646504</ele>
        <time>2026-09-12T09:01:59.000Z</time>
      </trkpt>
      <trkpt lat="47.009157" lon="9.844241">
        <ele>2269.677932</ele>
        <time>2026-09-12T09:02:04.000Z</time>
      </trkpt>
      <trkpt lat="47.009157" lon="9.844241">
        <ele>2269.677932</ele>
        <time>2026-09-12T09:02:11.000Z</time>
      </trkpt>
      <trkpt lat="47.009157" lon="9.844241">
        <ele>2269.677932</ele>
        <time>2026-09-12T09:02:27.000Z</time>
      </trkpt>
      <trkpt lat="47.009172" lon="9.844270">
        <ele>2270.457976</ele>
        <time>2026-09-12T09:02:39.000Z</time>
      </trkpt>
      <trkpt lat="47.009171" lon="9.844272">
        <ele>2270.511124</ele>
        <time>2026-09-12T09:02:45.000Z</time>
      </trkpt>
      <trkpt lat="47.009172" lon="9.844270">
        <ele>2270.564272</ele>
        <time>2026-09-12T09:02:48.000Z</time>
      </trkpt>
      <trkpt lat="47.009172" lon="9.844270">
        <ele>2270.564272</ele>
        <time>2026-09-12T09:02:55.000Z</time>
      </trkpt>
      <trkpt lat="47.009163" lon="9.844277">
        <ele>2270.884442</ele>
        <time>2026-09-12T09:02:59.000Z</time>
      </trkpt>
      <trkpt lat="47.009163" lon="9.844268">
        <ele>2271.077314</ele>
        <time>2026-09-12T09:03:01.000Z</time>
      </trkpt>
      <trkpt lat="47.009161" lon="9.844258">
        <ele>2271.300644</ele>
        <time>2026-09-12T09:03:02.000Z</time>
      </trkpt>
      <trkpt lat="47.009155" lon="9.844186">
        <ele>2272.855097</ele>
        <time>2026-09-12T09:03:09.000Z</time>
      </trkpt>
      <trkpt lat="47.009149" lon="9.844172">
        <ele>2273.167927</ele>
        <time>2026-09-12T09:03:11.000Z</time>
      </trkpt>
      <trkpt lat="47.009143" lon="9.844128">
        <ele>2273.869463</ele>
        <time>2026-09-12T09:03:16.000Z</time>
      </trkpt>
      <trkpt lat="47.009143" lon="9.844118">
        <ele>2274.025807</ele>
        <time>2026-09-12T09:03:17.000Z</time>
      </trkpt>
      <trkpt lat="47.009142" lon="9.844108">
        <ele>2274.183824</ele>
        <time>2026-09-12T09:03:18.000Z</time>
      </trkpt>
      <trkpt lat="47.009140" lon="9.844084">
        <ele>2274.561842</ele>
        <time>2026-09-12T09:03:21.000Z</time>
      </trkpt>
      <trkpt lat="47.009137" lon="9.844065">
        <ele>2274.866756</ele>
        <time>2026-09-12T09:03:24.000Z</time>
      </trkpt>
      <trkpt lat="47.009137" lon="9.844044">
        <ele>2275.195079</ele>
        <time>2026-09-12T09:03:26.000Z</time>
      </trkpt>
      <trkpt lat="47.009136" lon="9.844029">
        <ele>2275.430714</ele>
        <time>2026-09-12T09:03:29.000Z</time>
      </trkpt>
      <trkpt lat="47.009137" lon="9.844019">
        <ele>2275.588730</ele>
        <time>2026-09-12T09:03:30.000Z</time>
      </trkpt>
      <trkpt lat="47.009133" lon="9.843990">
        <ele>2276.051312</ele>
        <time>2026-09-12T09:03:33.000Z</time>
      </trkpt>
      <trkpt lat="47.009132" lon="9.843990">
        <ele>2276.074240</ele>
        <time>2026-09-12T09:03:34.000Z</time>
      </trkpt>
      <trkpt lat="47.009129" lon="9.843967">
        <ele>2276.440352</ele>
        <time>2026-09-12T09:03:36.000Z</time>
      </trkpt>
      <trkpt lat="47.009131" lon="9.843935">
        <ele>2276.942751</ele>
        <time>2026-09-12T09:03:39.000Z</time>
      </trkpt>
      <trkpt lat="47.009133" lon="9.843900">
        <ele>2277.491874</ele>
        <time>2026-09-12T09:03:42.000Z</time>
      </trkpt>
      <trkpt lat="47.009134" lon="9.843893">
        <ele>2277.603691</ele>
        <time>2026-09-12T09:03:43.000Z</time>
      </trkpt>
      <trkpt lat="47.009133" lon="9.843874">
        <ele>2277.901629</ele>
        <time>2026-09-12T09:03:45.000Z</time>
      </trkpt>
      <trkpt lat="47.009125" lon="9.843856">
        <ele>2278.237549</ele>
        <time>2026-09-12T09:03:47.000Z</time>
      </trkpt>
      <trkpt lat="47.009124" lon="9.843845">
        <ele>2278.411050</ele>
        <time>2026-09-12T09:03:48.000Z</time>
      </trkpt>
      <trkpt lat="47.009121" lon="9.843824">
        <ele>2278.746501</ele>
        <time>2026-09-12T09:03:51.000Z</time>
      </trkpt>
      <trkpt lat="47.009118" lon="9.843804">
        <ele>2279.066666</ele>
        <time>2026-09-12T09:03:55.000Z</time>
      </trkpt>
      <trkpt lat="47.009123" lon="9.843774">
        <ele>2279.549507</ele>
        <time>2026-09-12T09:03:58.000Z</time>
      </trkpt>
      <trkpt lat="47.009123" lon="9.843737">
        <ele>2280.127981</ele>
        <time>2026-09-12T09:04:02.000Z</time>
      </trkpt>
      <trkpt lat="47.009123" lon="9.843728">
        <ele>2280.268691</ele>
        <time>2026-09-12T09:04:03.000Z</time>
      </trkpt>
      <trkpt lat="47.009126" lon="9.843707">
        <ele>2280.604142</ele>
        <time>2026-09-12T09:04:08.000Z</time>
      </trkpt>
      <trkpt lat="47.009129" lon="9.843707">
        <ele>2280.672927</ele>
        <time>2026-09-12T09:04:11.000Z</time>
      </trkpt>
      <trkpt lat="47.009126" lon="9.843742">
        <ele>2281.224438</ele>
        <time>2026-09-12T09:04:20.000Z</time>
      </trkpt>
      <trkpt lat="47.009121" lon="9.843762">
        <ele>2281.557480</ele>
        <time>2026-09-12T09:04:24.000Z</time>
      </trkpt>
      <trkpt lat="47.009129" lon="9.843752">
        <ele>2281.798497</ele>
        <time>2026-09-12T09:04:36.000Z</time>
      </trkpt>
      <trkpt lat="47.009129" lon="9.843748">
        <ele>2281.861035</ele>
        <time>2026-09-12T09:04:37.000Z</time>
      </trkpt>
      <trkpt lat="47.009128" lon="9.843737">
        <ele>2282.034535</ele>
        <time>2026-09-12T09:04:40.000Z</time>
      </trkpt>
      <trkpt lat="47.009120" lon="9.843750">
        <ele>2282.308314</ele>
        <time>2026-09-12T09:04:42.000Z</time>
      </trkpt>
      <trkpt lat="47.009119" lon="9.843753">
        <ele>2282.360522</ele>
        <time>2026-09-12T09:04:43.000Z</time>
      </trkpt>
      <trkpt lat="47.009119" lon="9.843734">
        <ele>2282.657576</ele>
        <time>2026-09-12T09:04:46.000Z</time>
      </trkpt>
      <trkpt lat="47.009121" lon="9.843727">
        <ele>2282.776236</ele>
        <time>2026-09-12T09:04:47.000Z</time>
      </trkpt>
      <trkpt lat="47.009125" lon="9.843705">
        <ele>2283.132211</ele>
        <time>2026-09-12T09:04:50.000Z</time>
      </trkpt>
      <trkpt lat="47.009124" lon="9.843711">
        <ele>2283.228779</ele>
        <time>2026-09-12T09:04:52.000Z</time>
      </trkpt>
      <trkpt lat="47.009123" lon="9.843719">
        <ele>2283.355939</ele>
        <time>2026-09-12T09:04:55.000Z</time>
      </trkpt>
      <trkpt lat="47.009123" lon="9.843720">
        <ele>2283.371573</ele>
        <time>2026-09-12T09:05:00.000Z</time>
      </trkpt>
      <trkpt lat="47.009123" lon="9.843719">
        <ele>2283.387208</ele>
        <time>2026-09-12T09:05:11.000Z</time>
      </trkpt>
      <trkpt lat="47.009123" lon="9.843719">
        <ele>2283.387208</ele>
        <time>2026-09-12T09:05:15.000Z</time>
      </trkpt>
      <trkpt lat="47.009114" lon="9.843738">
        <ele>2283.748904</ele>
        <time>2026-09-12T09:05:21.000Z</time>
      </trkpt>
      <trkpt lat="47.009114" lon="9.843738">
        <ele>2283.748904</ele>
        <time>2026-09-12T09:05:26.000Z</time>
      </trkpt>
      <trkpt lat="47.009097" lon="9.843753">
        <ele>2284.203797</ele>
        <time>2026-09-12T09:05:33.000Z</time>
      </trkpt>
      <trkpt lat="47.009090" lon="9.843761">
        <ele>2284.407276</ele>
        <time>2026-09-12T09:05:35.000Z</time>
      </trkpt>
      <trkpt lat="47.009090" lon="9.843775">
        <ele>2284.626158</ele>
        <time>2026-09-12T09:05:40.000Z</time>
      </trkpt>
      <trkpt lat="47.009090" lon="9.843775">
        <ele>2284.626158</ele>
        <time>2026-09-12T09:05:44.000Z</time>
      </trkpt>
      <trkpt lat="47.009090" lon="9.843775">
        <ele>2284.626158</ele>
        <time>2026-09-12T09:05:56.000Z</time>
      </trkpt>
      <trkpt lat="47.009090" lon="9.843775">
        <ele>2284.626158</ele>
        <time>2026-09-12T09:06:08.000Z</time>
      </trkpt>
      <trkpt lat="47.009090" lon="9.843775">
        <ele>2284.626158</ele>
        <time>2026-09-12T09:06:09.000Z</time>
      </trkpt>
      <trkpt lat="47.009090" lon="9.843775">
        <ele>2284.626158</ele>
        <time>2026-09-12T09:06:11.000Z</time>
      </trkpt>
      <trkpt lat="47.009101" lon="9.843731">
        <ele>2285.358851</ele>
        <time>2026-09-12T09:06:18.000Z</time>
      </trkpt>
      <trkpt lat="47.009103" lon="9.843732">
        <ele>2285.407300</ele>
        <time>2026-09-12T09:06:22.000Z</time>
      </trkpt>
      <trkpt lat="47.009103" lon="9.843732">
        <ele>2285.407300</ele>
        <time>2026-09-12T09:06:25.000Z</time>
      </trkpt>
      <trkpt lat="47.009109" lon="9.843722">
        <ele>2285.615552</ele>
        <time>2026-09-12T09:06:30.000Z</time>
      </trkpt>
      <trkpt lat="47.009114" lon="9.843721">
        <ele>2285.731255</ele>
        <time>2026-09-12T09:06:33.000Z</time>
      </trkpt>
      <trkpt lat="47.009121" lon="9.843734">
        <ele>2285.990233</ele>
        <time>2026-09-12T09:06:36.000Z</time>
      </trkpt>
      <trkpt lat="47.009122" lon="9.843729">
        <ele>2286.071698</ele>
        <time>2026-09-12T09:06:45.000Z</time>
      </trkpt>
      <trkpt lat="47.009122" lon="9.843722">
        <ele>2286.181139</ele>
        <time>2026-09-12T09:06:52.000Z</time>
      </trkpt>
      <trkpt lat="47.009113" lon="9.843690">
        <ele>2286.722328</ele>
        <time>2026-09-12T09:06:59.000Z</time>
      </trkpt>
      <trkpt lat="47.009111" lon="9.843689">
        <ele>2286.770776</ele>
        <time>2026-09-12T09:07:08.000Z</time>
      </trkpt>
      <trkpt lat="47.009112" lon="9.843702">
        <ele>2286.975313</ele>
        <time>2026-09-12T09:07:15.000Z</time>
      </trkpt>
      <trkpt lat="47.009131" lon="9.843713">
        <ele>2287.443670</ele>
        <time>2026-09-12T09:07:22.000Z</time>
      </trkpt>
      <trkpt lat="47.009131" lon="9.843714">
        <ele>2287.459304</ele>
        <time>2026-09-12T09:07:23.000Z</time>
      </trkpt>
      <trkpt lat="47.009136" lon="9.843724">
        <ele>2287.653176</ele>
        <time>2026-09-12T09:07:31.000Z</time>
      </trkpt>
      <trkpt lat="47.009135" lon="9.843725">
        <ele>2287.680928</ele>
        <time>2026-09-12T09:07:34.000Z</time>
      </trkpt>
      <trkpt lat="47.009135" lon="9.843725">
        <ele>2287.680928</ele>
        <time>2026-09-12T09:07:36.000Z</time>
      </trkpt>
      <trkpt lat="47.009134" lon="9.843725">
        <ele>2287.703856</ele>
        <time>2026-09-12T09:07:37.000Z</time>
      </trkpt>
      <trkpt lat="47.009131" lon="9.843725">
        <ele>2287.772641</ele>
        <time>2026-09-12T09:07:38.000Z</time>
      </trkpt>
      <trkpt lat="47.009128" lon="9.843737">
        <ele>2287.972466</ele>
        <time>2026-09-12T09:07:48.000Z</time>
      </trkpt>
      <trkpt lat="47.009119" lon="9.843750">
        <ele>2288.262108</ele>
        <time>2026-09-12T09:07:58.000Z</time>
      </trkpt>
      <trkpt lat="47.009139" lon="9.843739">
        <ele>2288.751863</ele>
        <time>2026-09-12T09:08:02.000Z</time>
      </trkpt>
      <trkpt lat="47.009135" lon="9.843725">
        <ele>2288.989183</ele>
        <time>2026-09-12T09:08:05.000Z</time>
      </trkpt>
      <trkpt lat="47.009135" lon="9.843725">
        <ele>2288.989183</ele>
        <time>2026-09-12T09:08:07.000Z</time>
      </trkpt>
      <trkpt lat="47.009144" lon="9.843741">
        <ele>2289.313464</ele>
        <time>2026-09-12T09:08:13.000Z</time>
      </trkpt>
      <trkpt lat="47.009141" lon="9.843747">
        <ele>2289.429787</ele>
        <time>2026-09-12T09:08:18.000Z</time>
      </trkpt>
      <trkpt lat="47.009147" lon="9.843767">
        <ele>2289.771400</ele>
        <time>2026-09-12T09:08:26.000Z</time>
      </trkpt>
      <trkpt lat="47.009151" lon="9.843767">
        <ele>2289.863114</ele>
        <time>2026-09-12T09:08:28.000Z</time>
      </trkpt>
      <trkpt lat="47.009145" lon="9.843759">
        <ele>2290.049042</ele>
        <time>2026-09-12T09:08:33.000Z</time>
      </trkpt>
      <trkpt lat="47.009150" lon="9.843776">
        <ele>2290.338498</ele>
        <time>2026-09-12T09:08:35.000Z</time>
      </trkpt>
      <trkpt lat="47.009162" lon="9.843797">
        <ele>2290.766865</ele>
        <time>2026-09-12T09:08:38.000Z</time>
      </trkpt>
      <trkpt lat="47.009180" lon="9.843814">
        <ele>2291.257754</ele>
        <time>2026-09-12T09:08:40.000Z</time>
      </trkpt>
      <trkpt lat="47.009215" lon="9.843830">
        <ele>2292.098331</ele>
        <time>2026-09-12T09:08:44.000Z</time>
      </trkpt>
      <trkpt lat="47.009228" lon="9.843847">
        <ele>2292.497689</ele>
        <time>2026-09-12T09:08:48.000Z</time>
      </trkpt>
      <trkpt lat="47.009245" lon="9.843854">
        <ele>2292.902544</ele>
        <time>2026-09-12T09:08:51.000Z</time>
      </trkpt>
      <trkpt lat="47.009272" lon="9.843867">
        <ele>2293.554120</ele>
        <time>2026-09-12T09:08:55.000Z</time>
      </trkpt>
      <trkpt lat="47.009286" lon="9.843877">
        <ele>2293.911167</ele>
        <time>2026-09-12T09:08:58.000Z</time>
      </trkpt>
      <trkpt lat="47.009301" lon="9.843882">
        <ele>2294.263865</ele>
        <time>2026-09-12T09:09:00.000Z</time>
      </trkpt>
      <trkpt lat="47.009315" lon="9.843890">
        <ele>2294.608368</ele>
        <time>2026-09-12T09:09:02.000Z</time>
      </trkpt>
      <trkpt lat="47.009338" lon="9.843900">
        <ele>2295.158408</ele>
        <time>2026-09-12T09:09:06.000Z</time>
      </trkpt>
      <trkpt lat="47.009376" lon="9.843908">
        <ele>2296.038618</ele>
        <time>2026-09-12T09:09:12.000Z</time>
      </trkpt>
      <trkpt lat="47.009385" lon="9.843911">
        <ele>2296.250236</ele>
        <time>2026-09-12T09:09:13.000Z</time>
      </trkpt>
      <trkpt lat="47.009431" lon="9.843926">
        <ele>2297.330699</ele>
        <time>2026-09-12T09:09:18.000Z</time>
      </trkpt>
      <trkpt lat="47.009456" lon="9.843952">
        <ele>2298.033412</ele>
        <time>2026-09-12T09:09:22.000Z</time>
      </trkpt>
      <trkpt lat="47.009477" lon="9.843968">
        <ele>2298.576010</ele>
        <time>2026-09-12T09:09:25.000Z</time>
      </trkpt>
      <trkpt lat="47.009501" lon="9.843978">
        <ele>2299.148069</ele>
        <time>2026-09-12T09:09:29.000Z</time>
      </trkpt>
      <trkpt lat="47.009507" lon="9.843981">
        <ele>2299.293415</ele>
        <time>2026-09-12T09:09:30.000Z</time>
      </trkpt>
      <trkpt lat="47.009514" lon="9.843983">
        <ele>2299.456932</ele>
        <time>2026-09-12T09:09:31.000Z</time>
      </trkpt>
      <trkpt lat="47.009522" lon="9.843986">
        <ele>2299.646260</ele>
        <time>2026-09-12T09:09:32.000Z</time>
      </trkpt>
      <trkpt lat="47.009525" lon="9.843984">
        <ele>2299.721819</ele>
        <time>2026-09-12T09:09:33.000Z</time>
      </trkpt>
      <trkpt lat="47.009541" lon="9.843982">
        <ele>2300.090003</ele>
        <time>2026-09-12T09:09:36.000Z</time>
      </trkpt>
      <trkpt lat="47.009570" lon="9.843987">
        <ele>2300.759505</ele>
        <time>2026-09-12T09:09:42.000Z</time>
      </trkpt>
      <trkpt lat="47.009580" lon="9.843991">
        <ele>2300.997164</ele>
        <time>2026-09-12T09:09:43.000Z</time>
      </trkpt>
      <trkpt lat="47.009606" lon="9.844008">
        <ele>2301.649866</ele>
        <time>2026-09-12T09:09:48.000Z</time>
      </trkpt>
      <trkpt lat="47.009602" lon="9.844018">
        <ele>2301.831124</ele>
        <time>2026-09-12T09:09:56.000Z</time>
      </trkpt>
      <trkpt lat="47.009622" lon="9.844024">
        <ele>2302.299188</ele>
        <time>2026-09-12T09:10:01.000Z</time>
      </trkpt>
      <trkpt lat="47.009665" lon="9.844040">
        <ele>2303.316347</ele>
        <time>2026-09-12T09:10:06.000Z</time>
      </trkpt>
      <trkpt lat="47.009678" lon="9.844045">
        <ele>2303.624496</ele>
        <time>2026-09-12T09:10:08.000Z</time>
      </trkpt>
      <trkpt lat="47.009686" lon="9.844047">
        <ele>2303.810569</ele>
        <time>2026-09-12T09:10:09.000Z</time>
      </trkpt>
      <trkpt lat="47.009698" lon="9.844052">
        <ele>2304.096598</ele>
        <time>2026-09-12T09:10:11.000Z</time>
      </trkpt>
      <trkpt lat="47.009709" lon="9.844059">
        <ele>2304.371531</ele>
        <time>2026-09-12T09:10:13.000Z</time>
      </trkpt>
      <trkpt lat="47.009716" lon="9.844062">
        <ele>2304.538742</ele>
        <time>2026-09-12T09:10:14.000Z</time>
      </trkpt>
      <trkpt lat="47.009740" lon="9.844079">
        <ele>2305.149847</ele>
        <time>2026-09-12T09:10:18.000Z</time>
      </trkpt>
      <trkpt lat="47.009746" lon="9.844082">
        <ele>2305.295193</ele>
        <time>2026-09-12T09:10:19.000Z</time>
      </trkpt>
      <trkpt lat="47.009754" lon="9.844089">
        <ele>2305.508787</ele>
        <time>2026-09-12T09:10:21.000Z</time>
      </trkpt>
      <trkpt lat="47.009768" lon="9.844117">
        <ele>2306.051624</ele>
        <time>2026-09-12T09:10:26.000Z</time>
      </trkpt>
      <trkpt lat="47.009772" lon="9.844127">
        <ele>2306.232882</ele>
        <time>2026-09-12T09:10:28.000Z</time>
      </trkpt>
      <trkpt lat="47.009769" lon="9.844136">
        <ele>2306.389503</ele>
        <time>2026-09-12T09:10:30.000Z</time>
      </trkpt>
      <trkpt lat="47.009793" lon="9.844177">
        <ele>2307.234308</ele>
        <time>2026-09-12T09:10:35.000Z</time>
      </trkpt>
      <trkpt lat="47.009832" lon="9.844216">
        <ele>2308.316612</ele>
        <time>2026-09-12T09:10:42.000Z</time>
      </trkpt>
      <trkpt lat="47.009832" lon="9.844199">
        <ele>2308.582394</ele>
        <time>2026-09-12T09:10:47.000Z</time>
      </trkpt>
      <trkpt lat="47.009834" lon="9.844202">
        <ele>2308.647989</ele>
        <time>2026-09-12T09:10:49.000Z</time>
      </trkpt>
      <trkpt lat="47.009859" lon="9.844221">
        <ele>2309.293595</ele>
        <time>2026-09-12T09:10:53.000Z</time>
      </trkpt>
      <trkpt lat="47.009876" lon="9.844228">
        <ele>2309.698450</ele>
        <time>2026-09-12T09:10:56.000Z</time>
      </trkpt>
      <trkpt lat="47.009880" lon="9.844231">
        <ele>2309.801460</ele>
        <time>2026-09-12T09:10:57.000Z</time>
      </trkpt>
      <trkpt lat="47.009884" lon="9.844247">
        <ele>2310.067891</ele>
        <time>2026-09-12T09:11:00.000Z</time>
      </trkpt>
      <trkpt lat="47.009897" lon="9.844262">
        <ele>2310.447155</ele>
        <time>2026-09-12T09:11:03.000Z</time>
      </trkpt>
      <trkpt lat="47.009917" lon="9.844279">
        <ele>2310.977177</ele>
        <time>2026-09-12T09:11:07.000Z</time>
      </trkpt>
      <trkpt lat="47.009929" lon="9.844283">
        <ele>2311.259335</ele>
        <time>2026-09-12T09:11:11.000Z</time>
      </trkpt>
      <trkpt lat="47.009949" lon="9.844298">
        <ele>2311.774389</ele>
        <time>2026-09-12T09:11:16.000Z</time>
      </trkpt>
      <trkpt lat="47.009962" lon="9.844306">
        <ele>2312.097636</ele>
        <time>2026-09-12T09:11:18.000Z</time>
      </trkpt>
      <trkpt lat="47.009965" lon="9.844306">
        <ele>2312.166421</ele>
        <time>2026-09-12T09:11:22.000Z</time>
      </trkpt>
      <trkpt lat="47.009966" lon="9.844306">
        <ele>2312.189349</ele>
        <time>2026-09-12T09:11:23.000Z</time>
      </trkpt>
      <trkpt lat="47.009954" lon="9.844307">
        <ele>2312.464933</ele>
        <time>2026-09-12T09:11:24.000Z</time>
      </trkpt>
      <trkpt lat="47.009947" lon="9.844305">
        <ele>2312.628449</ele>
        <time>2026-09-12T09:11:26.000Z</time>
      </trkpt>
      <trkpt lat="47.009937" lon="9.844306">
        <ele>2312.858265</ele>
        <time>2026-09-12T09:11:33.000Z</time>
      </trkpt>
      <trkpt lat="47.009946" lon="9.844305">
        <ele>2313.065212</ele>
        <time>2026-09-12T09:11:34.000Z</time>
      </trkpt>
      <trkpt lat="47.009993" lon="9.844333">
        <ele>2314.228365</ele>
        <time>2026-09-12T09:11:41.000Z</time>
      </trkpt>
      <trkpt lat="47.010008" lon="9.844346">
        <ele>2314.487485</ele>
        <time>2026-09-12T09:11:44.000Z</time>
      </trkpt>
      <trkpt lat="47.010014" lon="9.844351">
        <ele>2314.578817</ele>
        <time>2026-09-12T09:11:45.000Z</time>
      </trkpt>
      <trkpt lat="47.010022" lon="9.844355">
        <ele>2314.690678</ele>
        <time>2026-09-12T09:11:47.000Z</time>
      </trkpt>
      <trkpt lat="47.010032" lon="9.844356">
        <ele>2314.823331</ele>
        <time>2026-09-12T09:11:49.000Z</time>
      </trkpt>
      <trkpt lat="47.010026" lon="9.844343">
        <ele>2314.964994</ele>
        <time>2026-09-12T09:11:54.000Z</time>
      </trkpt>
      <trkpt lat="47.010025" lon="9.844350">
        <ele>2315.029535</ele>
        <time>2026-09-12T09:11:56.000Z</time>
      </trkpt>
      <trkpt lat="47.010025" lon="9.844363">
        <ele>2315.146851</ele>
        <time>2026-09-12T09:12:01.000Z</time>
      </trkpt>
      <trkpt lat="47.010029" lon="9.844358">
        <ele>2315.216409</ele>
        <time>2026-09-12T09:12:03.000Z</time>
      </trkpt>
      <trkpt lat="47.010028" lon="9.844355">
        <ele>2315.246544</ele>
        <time>2026-09-12T09:12:04.000Z</time>
      </trkpt>
      <trkpt lat="47.010029" lon="9.844337">
        <ele>2315.409519</ele>
        <time>2026-09-12T09:12:11.000Z</time>
      </trkpt>
      <trkpt lat="47.010008" lon="9.844317">
        <ele>2315.740906</ele>
        <time>2026-09-12T09:12:17.000Z</time>
      </trkpt>
      <trkpt lat="47.009996" lon="9.844305">
        <ele>2315.933128</ele>
        <time>2026-09-12T09:12:23.000Z</time>
      </trkpt>
      <trkpt lat="47.009996" lon="9.844301">
        <ele>2315.969225</ele>
        <time>2026-09-12T09:12:26.000Z</time>
      </trkpt>
      <trkpt lat="47.010002" lon="9.844298">
        <ele>2316.053121</ele>
        <time>2026-09-12T09:12:30.000Z</time>
      </trkpt>
      <trkpt lat="47.010004" lon="9.844295">
        <ele>2316.090983</ele>
        <time>2026-09-12T09:12:40.000Z</time>
      </trkpt>
      <trkpt lat="47.010004" lon="9.844295">
        <ele>2316.090983</ele>
        <time>2026-09-12T09:12:45.000Z</time>
      </trkpt>
      <trkpt lat="47.010023" lon="9.844311">
        <ele>2316.380946</ele>
        <time>2026-09-12T09:12:55.000Z</time>
      </trkpt>
      <trkpt lat="47.010026" lon="9.844321">
        <ele>2316.479537</ele>
        <time>2026-09-12T09:12:57.000Z</time>
      </trkpt>
      <trkpt lat="47.010038" lon="9.844325">
        <ele>2316.642402</ele>
        <time>2026-09-12T09:13:03.000Z</time>
      </trkpt>
      <trkpt lat="47.010034" lon="9.844317">
        <ele>2316.731925</ele>
        <time>2026-09-12T09:13:04.000Z</time>
      </trkpt>
      <trkpt lat="47.010032" lon="9.844314">
        <ele>2316.769788</ele>
        <time>2026-09-12T09:13:05.000Z</time>
      </trkpt>
      <trkpt lat="47.010033" lon="9.844311">
        <ele>2316.799922</ele>
        <time>2026-09-12T09:13:06.000Z</time>
      </trkpt>
      <trkpt lat="47.010029" lon="9.844247">
        <ele>2317.379896</ele>
        <time>2026-09-12T09:13:12.000Z</time>
      </trkpt>
      <trkpt lat="47.010027" lon="9.844251">
        <ele>2317.424658</ele>
        <time>2026-09-12T09:13:13.000Z</time>
      </trkpt>
      <trkpt lat="47.010026" lon="9.844243">
        <ele>2317.498055</ele>
        <time>2026-09-12T09:13:22.000Z</time>
      </trkpt>
      <trkpt lat="47.010024" lon="9.844228">
        <ele>2317.635982</ele>
        <time>2026-09-12T09:13:24.000Z</time>
      </trkpt>
      <trkpt lat="47.010023" lon="9.844239">
        <ele>2317.736128</ele>
        <time>2026-09-12T09:13:35.000Z</time>
      </trkpt>
      <trkpt lat="47.010024" lon="9.844240">
        <ele>2317.752146</ele>
        <time>2026-09-12T09:13:37.000Z</time>
      </trkpt>
      <trkpt lat="47.010042" lon="9.844263">
        <ele>2318.068105</ele>
        <time>2026-09-12T09:13:43.000Z</time>
      </trkpt>
      <trkpt lat="47.010061" lon="9.844238">
        <ele>2318.405935</ele>
        <time>2026-09-12T09:13:47.000Z</time>
      </trkpt>
      <trkpt lat="47.010063" lon="9.844235">
        <ele>2318.443797</ele>
        <time>2026-09-12T09:13:49.000Z</time>
      </trkpt>
      <trkpt lat="47.010060" lon="9.844232">
        <ele>2318.491853</ele>
        <time>2026-09-12T09:13:50.000Z</time>
      </trkpt>
      <trkpt lat="47.010067" lon="9.844208">
        <ele>2318.727416</ele>
        <time>2026-09-12T09:13:55.000Z</time>
      </trkpt>
      <trkpt lat="47.010066" lon="9.844219">
        <ele>2318.827562</ele>
        <time>2026-09-12T09:13:56.000Z</time>
      </trkpt>
      <trkpt lat="47.010067" lon="9.844224">
        <ele>2318.874584</ele>
        <time>2026-09-12T09:13:57.000Z</time>
      </trkpt>
      <trkpt lat="47.010058" lon="9.844224">
        <ele>2318.993695</ele>
        <time>2026-09-12T09:14:02.000Z</time>
      </trkpt>
      <trkpt lat="47.010056" lon="9.844221">
        <ele>2319.031557</ele>
        <time>2026-09-12T09:14:03.000Z</time>
      </trkpt>
      <trkpt lat="47.010055" lon="9.844221">
        <ele>2319.044792</ele>
        <time>2026-09-12T09:14:04.000Z</time>
      </trkpt>
      <trkpt lat="47.010056" lon="9.844208">
        <ele>2319.162851</ele>
        <time>2026-09-12T09:14:13.000Z</time>
      </trkpt>
      <trkpt lat="47.010053" lon="9.844207">
        <ele>2319.203568</ele>
        <time>2026-09-12T09:14:16.000Z</time>
      </trkpt>
      <trkpt lat="47.010050" lon="9.844213">
        <ele>2319.270710</ele>
        <time>2026-09-12T09:14:18.000Z</time>
      </trkpt>
      <trkpt lat="47.010055" lon="9.844221">
        <ele>2319.368643</ele>
        <time>2026-09-12T09:14:26.000Z</time>
      </trkpt>
      <trkpt lat="47.010055" lon="9.844221">
        <ele>2319.368643</ele>
        <time>2026-09-12T09:14:37.000Z</time>
      </trkpt>
      <trkpt lat="47.010055" lon="9.844221">
        <ele>2319.368643</ele>
        <time>2026-09-12T09:14:48.000Z</time>
      </trkpt>
      <trkpt lat="47.010052" lon="9.844204">
        <ele>2319.527110</ele>
        <time>2026-09-12T09:14:55.000Z</time>
      </trkpt>
      <trkpt lat="47.010050" lon="9.844211">
        <ele>2319.595601</ele>
        <time>2026-09-12T09:14:56.000Z</time>
      </trkpt>
      <trkpt lat="47.010054" lon="9.844202">
        <ele>2319.692549</ele>
        <time>2026-09-12T09:15:00.000Z</time>
      </trkpt>
      <trkpt lat="47.010053" lon="9.844204">
        <ele>2319.714930</ele>
        <time>2026-09-12T09:15:01.000Z</time>
      </trkpt>
      <trkpt lat="47.010052" lon="9.844207">
        <ele>2319.745064</ele>
        <time>2026-09-12T09:15:02.000Z</time>
      </trkpt>
      <trkpt lat="47.010056" lon="9.844218">
        <ele>2319.857565</ele>
        <time>2026-09-12T09:15:07.000Z</time>
      </trkpt>
      <trkpt lat="47.010057" lon="9.844221">
        <ele>2319.887699</ele>
        <time>2026-09-12T09:15:11.000Z</time>
      </trkpt>
      <trkpt lat="47.010053" lon="9.844228">
        <ele>2319.970118</ele>
        <time>2026-09-12T09:15:20.000Z</time>
      </trkpt>
      <trkpt lat="47.010051" lon="9.844226">
        <ele>2320.002155</ele>
        <time>2026-09-12T09:15:24.000Z</time>
      </trkpt>
      <trkpt lat="47.010051" lon="9.844210">
        <ele>2320.146543</ele>
        <time>2026-09-12T09:15:26.000Z</time>
      </trkpt>
      <trkpt lat="47.010056" lon="9.844198">
        <ele>2320.273452</ele>
        <time>2026-09-12T09:15:34.000Z</time>
      </trkpt>
      <trkpt lat="47.010052" lon="9.844215">
        <ele>2320.435741</ele>
        <time>2026-09-12T09:15:40.000Z</time>
      </trkpt>
      <trkpt lat="47.010055" lon="9.844214">
        <ele>2320.476458</ele>
        <time>2026-09-12T09:15:51.000Z</time>
      </trkpt>
      <trkpt lat="47.010055" lon="9.844218">
        <ele>2320.512555</ele>
        <time>2026-09-12T09:16:02.000Z</time>
      </trkpt>
      <trkpt lat="47.010049" lon="9.844218">
        <ele>2320.591962</ele>
        <time>2026-09-12T09:16:12.000Z</time>
      </trkpt>
      <trkpt lat="47.010055" lon="9.844221">
        <ele>2320.675858</ele>
        <time>2026-09-12T09:16:20.000Z</time>
      </trkpt>
      <trkpt lat="47.010055" lon="9.844221">
        <ele>2320.675858</ele>
        <time>2026-09-12T09:16:36.000Z</time>
      </trkpt>
      <trkpt lat="47.010055" lon="9.844221">
        <ele>2320.675858</ele>
        <time>2026-09-12T09:16:37.000Z</time>
      </trkpt>
      <trkpt lat="47.010055" lon="9.844202">
        <ele>2320.847319</ele>
        <time>2026-09-12T09:16:48.000Z</time>
      </trkpt>
      <trkpt lat="47.010069" lon="9.844186">
        <ele>2321.082219</ele>
        <time>2026-09-12T09:16:53.000Z</time>
      </trkpt>
      <trkpt lat="47.010059" lon="9.844198">
        <ele>2321.253223</ele>
        <time>2026-09-12T09:16:58.000Z</time>
      </trkpt>
      <trkpt lat="47.010048" lon="9.844213">
        <ele>2321.452011</ele>
        <time>2026-09-12T09:17:05.000Z</time>
      </trkpt>
      <trkpt lat="47.010049" lon="9.844228">
        <ele>2321.588021</ele>
        <time>2026-09-12T09:17:09.000Z</time>
      </trkpt>
      <trkpt lat="47.010050" lon="9.844236">
        <ele>2321.661418</ele>
        <time>2026-09-12T09:17:23.000Z</time>
      </trkpt>
      <trkpt lat="47.010048" lon="9.844233">
        <ele>2321.699280</ele>
        <time>2026-09-12T09:17:28.000Z</time>
      </trkpt>
      <trkpt lat="47.010041" lon="9.844221">
        <ele>2321.841792</ele>
        <time>2026-09-12T09:17:36.000Z</time>
      </trkpt>
      <trkpt lat="47.010055" lon="9.844215">
        <ele>2322.034825</ele>
        <time>2026-09-12T09:17:49.000Z</time>
      </trkpt>
      <trkpt lat="47.010054" lon="9.844214">
        <ele>2322.050843</ele>
        <time>2026-09-12T09:17:51.000Z</time>
      </trkpt>
      <trkpt lat="47.010057" lon="9.844209">
        <ele>2322.110946</ele>
        <time>2026-09-12T09:18:04.000Z</time>
      </trkpt>
      <trkpt lat="47.010050" lon="9.844199">
        <ele>2322.240276</ele>
        <time>2026-09-12T09:18:14.000Z</time>
      </trkpt>
      <trkpt lat="47.010050" lon="9.844199">
        <ele>2322.240276</ele>
        <time>2026-09-12T09:18:16.000Z</time>
      </trkpt>
      <trkpt lat="47.010050" lon="9.844199">
        <ele>2322.240276</ele>
        <time>2026-09-12T09:18:23.000Z</time>
      </trkpt>
      <trkpt lat="47.010050" lon="9.844199">
        <ele>2322.240276</ele>
        <time>2026-09-12T09:18:34.000Z</time>
      </trkpt>
      <trkpt lat="47.010050" lon="9.844199">
        <ele>2322.240276</ele>
        <time>2026-09-12T09:19:00.000Z</time>
      </trkpt>
      <trkpt lat="47.010054" lon="9.844229">
        <ele>2322.516131</ele>
        <time>2026-09-12T09:19:11.000Z</time>
      </trkpt>
      <trkpt lat="47.010053" lon="9.844229">
        <ele>2322.529366</ele>
        <time>2026-09-12T09:19:24.000Z</time>
      </trkpt>
      <trkpt lat="47.010053" lon="9.844229">
        <ele>2322.529366</ele>
        <time>2026-09-12T09:19:37.000Z</time>
      </trkpt>
      <trkpt lat="47.010053" lon="9.844229">
        <ele>2322.529366</ele>
        <time>2026-09-12T09:19:39.000Z</time>
      </trkpt>
      <trkpt lat="47.010053" lon="9.844229">
        <ele>2322.529366</ele>
        <time>2026-09-12T09:19:49.000Z</time>
      </trkpt>
      <trkpt lat="47.010059" lon="9.844217">
        <ele>2322.663651</ele>
        <time>2026-09-12T09:20:01.000Z</time>
      </trkpt>
      <trkpt lat="47.010053" lon="9.844219">
        <ele>2322.745083</ele>
        <time>2026-09-12T09:20:06.000Z</time>
      </trkpt>
      <trkpt lat="47.010058" lon="9.844209">
        <ele>2322.856988</ele>
        <time>2026-09-12T09:20:11.000Z</time>
      </trkpt>
      <trkpt lat="47.010053" lon="9.844229">
        <ele>2323.049221</ele>
        <time>2026-09-12T09:20:19.000Z</time>
      </trkpt>
      <trkpt lat="47.010058" lon="9.844205">
        <ele>2323.275687</ele>
        <time>2026-09-12T09:20:27.000Z</time>
      </trkpt>
      <trkpt lat="47.010060" lon="9.844204">
        <ele>2323.303652</ele>
        <time>2026-09-12T09:20:33.000Z</time>
      </trkpt>
      <trkpt lat="47.010077" lon="9.844240">
        <ele>2323.698826</ele>
        <time>2026-09-12T09:20:43.000Z</time>
      </trkpt>
      <trkpt lat="47.010088" lon="9.844242">
        <ele>2323.845520</ele>
        <time>2026-09-12T09:20:48.000Z</time>
      </trkpt>
      <trkpt lat="47.010090" lon="9.844237">
        <ele>2323.897832</ele>
        <time>2026-09-12T09:20:50.000Z</time>
      </trkpt>
      <trkpt lat="47.010096" lon="9.844238">
        <ele>2323.977751</ele>
        <time>2026-09-12T09:20:53.000Z</time>
      </trkpt>
      <trkpt lat="47.010099" lon="9.844243">
        <ele>2324.037853</ele>
        <time>2026-09-12T09:20:55.000Z</time>
      </trkpt>
      <trkpt lat="47.010097" lon="9.844263">
        <ele>2324.220269</ele>
        <time>2026-09-12T09:20:59.000Z</time>
      </trkpt>
      <trkpt lat="47.010089" lon="9.844263">
        <ele>2324.326146</ele>
        <time>2026-09-12T09:21:01.000Z</time>
      </trkpt>
      <trkpt lat="47.010053" lon="9.844278">
        <ele>2324.821446</ele>
        <time>2026-09-12T09:21:08.000Z</time>
      </trkpt>
      <trkpt lat="47.010056" lon="9.844278">
        <ele>2324.861150</ele>
        <time>2026-09-12T09:21:09.000Z</time>
      </trkpt>
      <trkpt lat="47.010060" lon="9.844276">
        <ele>2324.917080</ele>
        <time>2026-09-12T09:21:10.000Z</time>
      </trkpt>
      <trkpt lat="47.010077" lon="9.844265">
        <ele>2325.162994</ele>
        <time>2026-09-12T09:21:15.000Z</time>
      </trkpt>
      <trkpt lat="47.010097" lon="9.844258">
        <ele>2325.435119</ele>
        <time>2026-09-12T09:21:26.000Z</time>
      </trkpt>
      <trkpt lat="47.010102" lon="9.844252">
        <ele>2325.520621</ele>
        <time>2026-09-12T09:21:35.000Z</time>
      </trkpt>
      <trkpt lat="47.010100" lon="9.844248">
        <ele>2325.565382</ele>
        <time>2026-09-12T09:21:40.000Z</time>
      </trkpt>
      <trkpt lat="47.010100" lon="9.844248">
        <ele>2325.565382</ele>
        <time>2026-09-12T09:21:42.000Z</time>
      </trkpt>
      <trkpt lat="47.010100" lon="9.844248">
        <ele>2325.565382</ele>
        <time>2026-09-12T09:21:50.000Z</time>
      </trkpt>
      <trkpt lat="47.010104" lon="9.844247">
        <ele>2325.619084</ele>
        <time>2026-09-12T09:22:00.000Z</time>
      </trkpt>
      <trkpt lat="47.010105" lon="9.844245">
        <ele>2325.641465</ele>
        <time>2026-09-12T09:22:03.000Z</time>
      </trkpt>
      <trkpt lat="47.010097" lon="9.844253">
        <ele>2325.769613</ele>
        <time>2026-09-12T09:22:11.000Z</time>
      </trkpt>
      <trkpt lat="47.010097" lon="9.844260">
        <ele>2325.832783</ele>
        <time>2026-09-12T09:22:17.000Z</time>
      </trkpt>
      <trkpt lat="47.010097" lon="9.844257">
        <ele>2325.859855</ele>
        <time>2026-09-12T09:22:21.000Z</time>
      </trkpt>
      <trkpt lat="47.010100" lon="9.844257">
        <ele>2325.899559</ele>
        <time>2026-09-12T09:22:30.000Z</time>
      </trkpt>
      <trkpt lat="47.010103" lon="9.844252">
        <ele>2325.959662</ele>
        <time>2026-09-12T09:22:42.000Z</time>
      </trkpt>
      <trkpt lat="47.010106" lon="9.844252">
        <ele>2325.999365</ele>
        <time>2026-09-12T09:22:52.000Z</time>
      </trkpt>
      <trkpt lat="47.010112" lon="9.844252">
        <ele>2326.078773</ele>
        <time>2026-09-12T09:23:01.000Z</time>
      </trkpt>
      <trkpt lat="47.010106" lon="9.844253">
        <ele>2326.158691</ele>
        <time>2026-09-12T09:23:07.000Z</time>
      </trkpt>
      <trkpt lat="47.010109" lon="9.844245">
        <ele>2326.241083</ele>
        <time>2026-09-12T09:23:13.000Z</time>
      </trkpt>
      <trkpt lat="47.010106" lon="9.844243">
        <ele>2326.284696</ele>
        <time>2026-09-12T09:23:14.000Z</time>
      </trkpt>
      <trkpt lat="47.010107" lon="9.844245">
        <ele>2326.307077</ele>
        <time>2026-09-12T09:23:23.000Z</time>
      </trkpt>
      <trkpt lat="47.010121" lon="9.844234">
        <ele>2326.517277</ele>
        <time>2026-09-12T09:23:33.000Z</time>
      </trkpt>
      <trkpt lat="47.010115" lon="9.844229">
        <ele>2326.608609</ele>
        <time>2026-09-12T09:23:35.000Z</time>
      </trkpt>
      <trkpt lat="47.010108" lon="9.844228">
        <ele>2326.701689</ele>
        <time>2026-09-12T09:23:36.000Z</time>
      </trkpt>
      <trkpt lat="47.010103" lon="9.844228">
        <ele>2326.767862</ele>
        <time>2026-09-12T09:23:37.000Z</time>
      </trkpt>
      <trkpt lat="47.010101" lon="9.844231">
        <ele>2326.805724</ele>
        <time>2026-09-12T09:23:42.000Z</time>
      </trkpt>
      <trkpt lat="47.010105" lon="9.844230">
        <ele>2326.859426</ele>
        <time>2026-09-12T09:23:46.000Z</time>
      </trkpt>
      <trkpt lat="47.010103" lon="9.844219">
        <ele>2326.962161</ele>
        <time>2026-09-12T09:23:50.000Z</time>
      </trkpt>
      <trkpt lat="47.010110" lon="9.844240">
        <ele>2327.173103</ele>
        <time>2026-09-12T09:23:57.000Z</time>
      </trkpt>
      <trkpt lat="47.010108" lon="9.844222">
        <ele>2327.337682</ele>
        <time>2026-09-12T09:24:03.000Z</time>
      </trkpt>
      <trkpt lat="47.010105" lon="9.844225">
        <ele>2327.385737</ele>
        <time>2026-09-12T09:24:04.000Z</time>
      </trkpt>
      <trkpt lat="47.010103" lon="9.844215">
        <ele>2327.479781</ele>
        <time>2026-09-12T09:24:13.000Z</time>
      </trkpt>
      <trkpt lat="47.010105" lon="9.844211">
        <ele>2327.524543</ele>
        <time>2026-09-12T09:24:20.000Z</time>
      </trkpt>
      <trkpt lat="47.010105" lon="9.844206">
        <ele>2327.569664</ele>
        <time>2026-09-12T09:24:24.000Z</time>
      </trkpt>
      <trkpt lat="47.010098" lon="9.844212">
        <ele>2327.676969</ele>
        <time>2026-09-12T09:24:29.000Z</time>
      </trkpt>
      <trkpt lat="47.010094" lon="9.844205">
        <ele>2327.759388</ele>
        <time>2026-09-12T09:24:36.000Z</time>
      </trkpt>
      <trkpt lat="47.010091" lon="9.844200">
        <ele>2327.819490</ele>
        <time>2026-09-12T09:24:46.000Z</time>
      </trkpt>
      <trkpt lat="47.010092" lon="9.844200">
        <ele>2327.832725</ele>
        <time>2026-09-12T09:24:48.000Z</time>
      </trkpt>
      <trkpt lat="47.010098" lon="9.844198">
        <ele>2327.914158</ele>
        <time>2026-09-12T09:24:57.000Z</time>
      </trkpt>
      <trkpt lat="47.010099" lon="9.844226">
        <ele>2328.167183</ele>
        <time>2026-09-12T09:25:07.000Z</time>
      </trkpt>
      <trkpt lat="47.010099" lon="9.844228">
        <ele>2328.185231</ele>
        <time>2026-09-12T09:25:08.000Z</time>
      </trkpt>
      <trkpt lat="47.010080" lon="9.844229">
        <ele>2328.436850</ele>
        <time>2026-09-12T09:25:19.000Z</time>
      </trkpt>
      <trkpt lat="47.010075" lon="9.844244">
        <ele>2328.587523</ele>
        <time>2026-09-12T09:25:27.000Z</time>
      </trkpt>
      <trkpt lat="47.010076" lon="9.844246">
        <ele>2328.609903</ele>
        <time>2026-09-12T09:25:30.000Z</time>
      </trkpt>
      <trkpt lat="47.010085" lon="9.844232">
        <ele>2328.783539</ele>
        <time>2026-09-12T09:25:39.000Z</time>
      </trkpt>
      <trkpt lat="47.010083" lon="9.844240">
        <ele>2328.860432</ele>
        <time>2026-09-12T09:25:49.000Z</time>
      </trkpt>
      <trkpt lat="47.010088" lon="9.844225">
        <ele>2329.011104</ele>
        <time>2026-09-12T09:25:55.000Z</time>
      </trkpt>
      <trkpt lat="47.010084" lon="9.844224">
        <ele>2329.064806</ele>
        <time>2026-09-12T09:25:56.000Z</time>
      </trkpt>
      <trkpt lat="47.010082" lon="9.844224">
        <ele>2329.091276</ele>
        <time>2026-09-12T09:26:01.000Z</time>
      </trkpt>
      <trkpt lat="47.010082" lon="9.844226">
        <ele>2329.109324</ele>
        <time>2026-09-12T09:26:02.000Z</time>
      </trkpt>
      <trkpt lat="47.010083" lon="9.844237">
        <ele>2329.209469</ele>
        <time>2026-09-12T09:26:11.000Z</time>
      </trkpt>
      <trkpt lat="47.010105" lon="9.844238">
        <ele>2329.500770</ele>
        <time>2026-09-12T09:26:22.000Z</time>
      </trkpt>
      <trkpt lat="47.010103" lon="9.844248">
        <ele>2329.594814</ele>
        <time>2026-09-12T09:26:29.000Z</time>
      </trkpt>
      <trkpt lat="47.010109" lon="9.844235">
        <ele>2329.736477</ele>
        <time>2026-09-12T09:26:40.000Z</time>
      </trkpt>
      <trkpt lat="47.010110" lon="9.844240">
        <ele>2329.783499</ele>
        <time>2026-09-12T09:26:46.000Z</time>
      </trkpt>
      <trkpt lat="47.010108" lon="9.844250">
        <ele>2329.877543</ele>
        <time>2026-09-12T09:26:48.000Z</time>
      </trkpt>
      <trkpt lat="47.010119" lon="9.844259">
        <ele>2330.044247</ele>
        <time>2026-09-12T09:26:57.000Z</time>
      </trkpt>
      <trkpt lat="47.010119" lon="9.844260">
        <ele>2330.053271</ele>
        <time>2026-09-12T09:27:04.000Z</time>
      </trkpt>
      <trkpt lat="47.010108" lon="9.844251">
        <ele>2330.219974</ele>
        <time>2026-09-12T09:27:16.000Z</time>
      </trkpt>
      <trkpt lat="47.010097" lon="9.844243">
        <ele>2330.382472</ele>
        <time>2026-09-12T09:27:20.000Z</time>
      </trkpt>
      <trkpt lat="47.010095" lon="9.844240">
        <ele>2330.420334</ele>
        <time>2026-09-12T09:27:21.000Z</time>
      </trkpt>
      <trkpt lat="47.010093" lon="9.844239">
        <ele>2330.448300</ele>
        <time>2026-09-12T09:27:22.000Z</time>
      </trkpt>
      <trkpt lat="47.010092" lon="9.844237">
        <ele>2330.470681</ele>
        <time>2026-09-12T09:27:23.000Z</time>
      </trkpt>
      <trkpt lat="47.010092" lon="9.844234">
        <ele>2330.497753</ele>
        <time>2026-09-12T09:27:24.000Z</time>
      </trkpt>
      <trkpt lat="47.010090" lon="9.844236">
        <ele>2330.529790</ele>
        <time>2026-09-12T09:27:27.000Z</time>
      </trkpt>
      <trkpt lat="47.010075" lon="9.844245">
        <ele>2330.744280</ele>
        <time>2026-09-12T09:27:36.000Z</time>
      </trkpt>
      <trkpt lat="47.010087" lon="9.844249">
        <ele>2330.907146</ele>
        <time>2026-09-12T09:27:42.000Z</time>
      </trkpt>
      <trkpt lat="47.010076" lon="9.844245">
        <ele>2331.057135</ele>
        <time>2026-09-12T09:27:55.000Z</time>
      </trkpt>
      <trkpt lat="47.010090" lon="9.844225">
        <ele>2331.315795</ele>
        <time>2026-09-12T09:27:59.000Z</time>
      </trkpt>
      <trkpt lat="47.010091" lon="9.844219">
        <ele>2331.371534</ele>
        <time>2026-09-12T09:28:01.000Z</time>
      </trkpt>
      <trkpt lat="47.010091" lon="9.844217">
        <ele>2331.389583</ele>
        <time>2026-09-12T09:28:02.000Z</time>
      </trkpt>
      <trkpt lat="47.010095" lon="9.844208">
        <ele>2331.486530</ele>
        <time>2026-09-12T09:28:05.000Z</time>
      </trkpt>
      <trkpt lat="47.010086" lon="9.844216">
        <ele>2331.625812</ele>
        <time>2026-09-12T09:28:14.000Z</time>
      </trkpt>
      <trkpt lat="47.010117" lon="9.844214">
        <ele>2332.036481</ele>
        <time>2026-09-12T09:28:27.000Z</time>
      </trkpt>
      <trkpt lat="47.010105" lon="9.844217">
        <ele>2332.197587</ele>
        <time>2026-09-12T09:28:34.000Z</time>
      </trkpt>
      <trkpt lat="47.010096" lon="9.844224">
        <ele>2332.332412</ele>
        <time>2026-09-12T09:28:36.000Z</time>
      </trkpt>
      <trkpt lat="47.010091" lon="9.844261">
        <ele>2332.672803</ele>
        <time>2026-09-12T09:28:44.000Z</time>
      </trkpt>
      <trkpt lat="47.010110" lon="9.844261">
        <ele>2332.924260</ele>
        <time>2026-09-12T09:28:50.000Z</time>
      </trkpt>
      <trkpt lat="47.010120" lon="9.844261">
        <ele>2333.056606</ele>
        <time>2026-09-12T09:28:54.000Z</time>
      </trkpt>
      <trkpt lat="47.010109" lon="9.844274">
        <ele>2333.243572</ele>
        <time>2026-09-12T09:29:00.000Z</time>
      </trkpt>
      <trkpt lat="47.010110" lon="9.844278">
        <ele>2333.282019</ele>
        <time>2026-09-12T09:29:04.000Z</time>
      </trkpt>
      <trkpt lat="47.010111" lon="9.844267">
        <ele>2333.382164</ele>
        <time>2026-09-12T09:29:12.000Z</time>
      </trkpt>
      <trkpt lat="47.010104" lon="9.844269">
        <ele>2333.476548</ele>
        <time>2026-09-12T09:29:14.000Z</time>
      </trkpt>
      <trkpt lat="47.010099" lon="9.844264">
        <ele>2333.556640</ele>
        <time>2026-09-12T09:29:22.000Z</time>
      </trkpt>
      <trkpt lat="47.010103" lon="9.844257">
        <ele>2333.639059</ele>
        <time>2026-09-12T09:29:27.000Z</time>
      </trkpt>
      <trkpt lat="47.010107" lon="9.844266">
        <ele>2333.736007</ele>
        <time>2026-09-12T09:29:32.000Z</time>
      </trkpt>
      <trkpt lat="47.010106" lon="9.844265">
        <ele>2333.752025</ele>
        <time>2026-09-12T09:29:36.000Z</time>
      </trkpt>
      <trkpt lat="47.010090" lon="9.844264">
        <ele>2333.963971</ele>
        <time>2026-09-12T09:29:42.000Z</time>
      </trkpt>
      <trkpt lat="47.010095" lon="9.844253">
        <ele>2334.083272</ele>
        <time>2026-09-12T09:29:50.000Z</time>
      </trkpt>
      <trkpt lat="47.010096" lon="9.844252">
        <ele>2334.099290</ele>
        <time>2026-09-12T09:29:51.000Z</time>
      </trkpt>
      <trkpt lat="47.010106" lon="9.844255">
        <ele>2334.234376</ele>
        <time>2026-09-12T09:30:00.000Z</time>
      </trkpt>
      <trkpt lat="47.010106" lon="9.844255">
        <ele>2334.234376</ele>
        <time>2026-09-12T09:30:08.000Z</time>
      </trkpt>
      <trkpt lat="47.010101" lon="9.844255">
        <ele>2334.300549</ele>
        <time>2026-09-12T09:30:16.000Z</time>
      </trkpt>
      <trkpt lat="47.010105" lon="9.844255">
        <ele>2334.353488</ele>
        <time>2026-09-12T09:30:18.000Z</time>
      </trkpt>
      <trkpt lat="47.010117" lon="9.844263">
        <ele>2334.527941</ele>
        <time>2026-09-12T09:30:25.000Z</time>
      </trkpt>
      <trkpt lat="47.010101" lon="9.844257">
        <ele>2334.746507</ele>
        <time>2026-09-12T09:30:33.000Z</time>
      </trkpt>
      <trkpt lat="47.010116" lon="9.844251">
        <ele>2334.952278</ele>
        <time>2026-09-12T09:30:44.000Z</time>
      </trkpt>
      <trkpt lat="47.010117" lon="9.844270">
        <ele>2335.124248</ele>
        <time>2026-09-12T09:30:56.000Z</time>
      </trkpt>
      <trkpt lat="47.010118" lon="9.844260">
        <ele>2335.215456</ele>
        <time>2026-09-12T09:31:06.000Z</time>
      </trkpt>
      <trkpt lat="47.010109" lon="9.844241">
        <ele>2335.424229</ele>
        <time>2026-09-12T09:31:16.000Z</time>
      </trkpt>
      <trkpt lat="47.010102" lon="9.844245">
        <ele>2335.523655</ele>
        <time>2026-09-12T09:31:20.000Z</time>
      </trkpt>
      <trkpt lat="47.010106" lon="9.844234">
        <ele>2335.636156</ele>
        <time>2026-09-12T09:31:25.000Z</time>
      </trkpt>
      <trkpt lat="47.010102" lon="9.844202">
        <ele>2335.929744</ele>
        <time>2026-09-12T09:31:35.000Z</time>
      </trkpt>
      <trkpt lat="47.010103" lon="9.844207">
        <ele>2335.976766</ele>
        <time>2026-09-12T09:31:43.000Z</time>
      </trkpt>
      <trkpt lat="47.010109" lon="9.844196">
        <ele>2336.103886</ele>
        <time>2026-09-12T09:31:47.000Z</time>
      </trkpt>
      <trkpt lat="47.010118" lon="9.844173">
        <ele>2336.343192</ele>
        <time>2026-09-12T09:31:54.000Z</time>
      </trkpt>
      <trkpt lat="47.010133" lon="9.844169">
        <ele>2336.544966</ele>
        <time>2026-09-12T09:31:59.000Z</time>
      </trkpt>
      <trkpt lat="47.010133" lon="9.844158">
        <ele>2336.644233</ele>
        <time>2026-09-12T09:32:00.000Z</time>
      </trkpt>
      <trkpt lat="47.010134" lon="9.844129">
        <ele>2336.906270</ele>
        <time>2026-09-12T09:32:04.000Z</time>
      </trkpt>
      <trkpt lat="47.010122" lon="9.844120">
        <ele>2337.084648</ele>
        <time>2026-09-12T09:32:07.000Z</time>
      </trkpt>
      <trkpt lat="47.010113" lon="9.844074">
        <ele>2337.516514</ele>
        <time>2026-09-12T09:32:13.000Z</time>
      </trkpt>
      <trkpt lat="47.010109" lon="9.844041">
        <ele>2337.818983</ele>
        <time>2026-09-12T09:32:17.000Z</time>
      </trkpt>
      <trkpt lat="47.010108" lon="9.844015">
        <ele>2338.053986</ele>
        <time>2026-09-12T09:32:20.000Z</time>
      </trkpt>
      <trkpt lat="47.010110" lon="9.844010">
        <ele>2338.108227</ele>
        <time>2026-09-12T09:32:21.000Z</time>
      </trkpt>
      <trkpt lat="47.010113" lon="9.843995">
        <ele>2338.293312</ele>
        <time>2026-09-12T09:32:22.000Z</time>
      </trkpt>
      <trkpt lat="47.010115" lon="9.843980">
        <ele>2338.474278</ele>
        <time>2026-09-12T09:32:23.000Z</time>
      </trkpt>
      <trkpt lat="47.010108" lon="9.843969">
        <ele>2338.652427</ele>
        <time>2026-09-12T09:32:25.000Z</time>
      </trkpt>
      <trkpt lat="47.010107" lon="9.843946">
        <ele>2338.925303</ele>
        <time>2026-09-12T09:32:30.000Z</time>
      </trkpt>
      <trkpt lat="47.010106" lon="9.843944">
        <ele>2338.954668</ele>
        <time>2026-09-12T09:32:31.000Z</time>
      </trkpt>
      <trkpt lat="47.010107" lon="9.843924">
        <ele>2339.192107</ele>
        <time>2026-09-12T09:32:34.000Z</time>
      </trkpt>
      <trkpt lat="47.010110" lon="9.843915">
        <ele>2339.310720</ele>
        <time>2026-09-12T09:32:35.000Z</time>
      </trkpt>
      <trkpt lat="47.010108" lon="9.843912">
        <ele>2339.360396</ele>
        <time>2026-09-12T09:32:37.000Z</time>
      </trkpt>
      <trkpt lat="47.010100" lon="9.843890">
        <ele>2339.655606</ele>
        <time>2026-09-12T09:32:41.000Z</time>
      </trkpt>
      <trkpt lat="47.010098" lon="9.843857">
        <ele>2340.047871</ele>
        <time>2026-09-12T09:32:46.000Z</time>
      </trkpt>
      <trkpt lat="47.010096" lon="9.843851">
        <ele>2340.126946</ele>
        <time>2026-09-12T09:32:49.000Z</time>
      </trkpt>
      <trkpt lat="47.010094" lon="9.843829">
        <ele>2340.389734</ele>
        <time>2026-09-12T09:32:52.000Z</time>
      </trkpt>
      <trkpt lat="47.010107" lon="9.843805">
        <ele>2340.752647</ele>
        <time>2026-09-12T09:32:58.000Z</time>
      </trkpt>
      <trkpt lat="47.010111" lon="9.843792">
        <ele>2340.921514</ele>
        <time>2026-09-12T09:33:05.000Z</time>
      </trkpt>
      <trkpt lat="47.010112" lon="9.843784">
        <ele>2341.017814</ele>
        <time>2026-09-12T09:33:07.000Z</time>
      </trkpt>
      <trkpt lat="47.010115" lon="9.843782">
        <ele>2341.075036</ele>
        <time>2026-09-12T09:33:12.000Z</time>
      </trkpt>
      <trkpt lat="47.010110" lon="9.843790">
        <ele>2341.203528</ele>
        <time>2026-09-12T09:33:14.000Z</time>
      </trkpt>
      <trkpt lat="47.010105" lon="9.843798">
        <ele>2341.332019</ele>
        <time>2026-09-12T09:33:17.000Z</time>
      </trkpt>
      <trkpt lat="47.010105" lon="9.843797">
        <ele>2341.343859</ele>
        <time>2026-09-12T09:33:19.000Z</time>
      </trkpt>
      <trkpt lat="47.010105" lon="9.843790">
        <ele>2341.426740</ele>
        <time>2026-09-12T09:33:24.000Z</time>
      </trkpt>
      <trkpt lat="47.010109" lon="9.843773">
        <ele>2341.639670</ele>
        <time>2026-09-12T09:33:28.000Z</time>
      </trkpt>
      <trkpt lat="47.010114" lon="9.843752">
        <ele>2341.903035</ele>
        <time>2026-09-12T09:33:30.000Z</time>
      </trkpt>
      <trkpt lat="47.010122" lon="9.843743">
        <ele>2342.078114</ele>
        <time>2026-09-12T09:33:32.000Z</time>
      </trkpt>
      <trkpt lat="47.010123" lon="9.843737">
        <ele>2342.151246</ele>
        <time>2026-09-12T09:33:33.000Z</time>
      </trkpt>
      <trkpt lat="47.010132" lon="9.843732">
        <ele>2342.318361</ele>
        <time>2026-09-12T09:33:37.000Z</time>
      </trkpt>
      <trkpt lat="47.010131" lon="9.843734">
        <ele>2342.347726</ele>
        <time>2026-09-12T09:33:38.000Z</time>
      </trkpt>
      <trkpt lat="47.010139" lon="9.843729">
        <ele>2342.498729</ele>
        <time>2026-09-12T09:33:45.000Z</time>
      </trkpt>
      <trkpt lat="47.010140" lon="9.843727">
        <ele>2342.528093</ele>
        <time>2026-09-12T09:33:46.000Z</time>
      </trkpt>
      <trkpt lat="47.010146" lon="9.843703">
        <ele>2342.830754</ele>
        <time>2026-09-12T09:33:49.000Z</time>
      </trkpt>
      <trkpt lat="47.010143" lon="9.843684">
        <ele>2343.061669</ele>
        <time>2026-09-12T09:33:52.000Z</time>
      </trkpt>
      <trkpt lat="47.010153" lon="9.843642">
        <ele>2343.588400</ele>
        <time>2026-09-12T09:33:57.000Z</time>
      </trkpt>
      <trkpt lat="47.010153" lon="9.843639">
        <ele>2343.623920</ele>
        <time>2026-09-12T09:33:58.000Z</time>
      </trkpt>
      <trkpt lat="47.010152" lon="9.843632">
        <ele>2343.708600</ele>
        <time>2026-09-12T09:34:02.000Z</time>
      </trkpt>
      <trkpt lat="47.010149" lon="9.843621">
        <ele>2343.848873</ele>
        <time>2026-09-12T09:34:05.000Z</time>
      </trkpt>
      <trkpt lat="47.010145" lon="9.843603">
        <ele>2344.073029</ele>
        <time>2026-09-12T09:34:07.000Z</time>
      </trkpt>
      <trkpt lat="47.010136" lon="9.843583">
        <ele>2344.356751</ele>
        <time>2026-09-12T09:34:11.000Z</time>
      </trkpt>
      <trkpt lat="47.010136" lon="9.843573">
        <ele>2344.475153</ele>
        <time>2026-09-12T09:34:12.000Z</time>
      </trkpt>
      <trkpt lat="47.010135" lon="9.843564">
        <ele>2344.583119</ele>
        <time>2026-09-12T09:34:13.000Z</time>
      </trkpt>
      <trkpt lat="47.010135" lon="9.843542">
        <ele>2344.843603</ele>
        <time>2026-09-12T09:34:17.000Z</time>
      </trkpt>
      <trkpt lat="47.010155" lon="9.843559">
        <ele>2345.245002</ele>
        <time>2026-09-12T09:34:24.000Z</time>
      </trkpt>
      <trkpt lat="47.010155" lon="9.843505">
        <ele>2345.884369</ele>
        <time>2026-09-12T09:34:33.000Z</time>
      </trkpt>
      <trkpt lat="47.010152" lon="9.843492">
        <ele>2346.046867</ele>
        <time>2026-09-12T09:34:35.000Z</time>
      </trkpt>
      <trkpt lat="47.010140" lon="9.843525">
        <ele>2346.489681</ele>
        <time>2026-09-12T09:34:40.000Z</time>
      </trkpt>
      <trkpt lat="47.010133" lon="9.843560">
        <ele>2346.921545</ele>
        <time>2026-09-12T09:34:45.000Z</time>
      </trkpt>
      <trkpt lat="47.010134" lon="9.843560">
        <ele>2346.938909</ele>
        <time>2026-09-12T09:34:46.000Z</time>
      </trkpt>
      <trkpt lat="47.010144" lon="9.843562">
        <ele>2347.114159</ele>
        <time>2026-09-12T09:34:48.000Z</time>
      </trkpt>
      <trkpt lat="47.010152" lon="9.843563">
        <ele>2347.253576</ele>
        <time>2026-09-12T09:34:53.000Z</time>
      </trkpt>
      <trkpt lat="47.010148" lon="9.843560">
        <ele>2347.331589</ele>
        <time>2026-09-12T09:34:58.000Z</time>
      </trkpt>
      <trkpt lat="47.010141" lon="9.843559">
        <ele>2347.453714</ele>
        <time>2026-09-12T09:35:09.000Z</time>
      </trkpt>
      <trkpt lat="47.010131" lon="9.843542">
        <ele>2347.719546</ele>
        <time>2026-09-12T09:35:14.000Z</time>
      </trkpt>
      <trkpt lat="47.010133" lon="9.843543">
        <ele>2347.756237</ele>
        <time>2026-09-12T09:35:18.000Z</time>
      </trkpt>
      <trkpt lat="47.010146" lon="9.843545">
        <ele>2347.983211</ele>
        <time>2026-09-12T09:35:22.000Z</time>
      </trkpt>
      <trkpt lat="47.010153" lon="9.843542">
        <ele>2348.109844</ele>
        <time>2026-09-12T09:35:33.000Z</time>
      </trkpt>
      <trkpt lat="47.010147" lon="9.843534">
        <ele>2348.250652</ele>
        <time>2026-09-12T09:35:39.000Z</time>
      </trkpt>
      <trkpt lat="47.010148" lon="9.843532">
        <ele>2348.280016</ele>
        <time>2026-09-12T09:35:43.000Z</time>
      </trkpt>
      <trkpt lat="47.010146" lon="9.843538">
        <ele>2348.359091</ele>
        <time>2026-09-12T09:35:53.000Z</time>
      </trkpt>
      <trkpt lat="47.010146" lon="9.843542">
        <ele>2348.406452</ele>
        <time>2026-09-12T09:36:01.000Z</time>
      </trkpt>
      <trkpt lat="47.010141" lon="9.843538">
        <ele>2348.505351</ele>
        <time>2026-09-12T09:36:11.000Z</time>
      </trkpt>
      <trkpt lat="47.010143" lon="9.843528">
        <ele>2348.628740</ele>
        <time>2026-09-12T09:36:21.000Z</time>
      </trkpt>
      <trkpt lat="47.010138" lon="9.843533">
        <ele>2348.733824</ele>
        <time>2026-09-12T09:36:29.000Z</time>
      </trkpt>
      <trkpt lat="47.010147" lon="9.843534">
        <ele>2348.890550</ele>
        <time>2026-09-12T09:36:39.000Z</time>
      </trkpt>
      <trkpt lat="47.010147" lon="9.843534">
        <ele>2348.890550</ele>
        <time>2026-09-12T09:36:45.000Z</time>
      </trkpt>
      <trkpt lat="47.010148" lon="9.843531">
        <ele>2348.930088</ele>
        <time>2026-09-12T09:36:55.000Z</time>
      </trkpt>
      <trkpt lat="47.010144" lon="9.843532">
        <ele>2349.000547</ele>
        <time>2026-09-12T09:37:05.000Z</time>
      </trkpt>
      <trkpt lat="47.010147" lon="9.843534">
        <ele>2349.057769</ele>
        <time>2026-09-12T09:37:07.000Z</time>
      </trkpt>
      <trkpt lat="47.010135" lon="9.843527">
        <ele>2349.282019</ele>
        <time>2026-09-12T09:37:17.000Z</time>
      </trkpt>
      <trkpt lat="47.010136" lon="9.843526">
        <ele>2349.303035</ele>
        <time>2026-09-12T09:37:19.000Z</time>
      </trkpt>
      <trkpt lat="47.010147" lon="9.843534">
        <ele>2349.516239</ele>
        <time>2026-09-12T09:37:30.000Z</time>
      </trkpt>
      <trkpt lat="47.010150" lon="9.843520">
        <ele>2349.689993</ele>
        <time>2026-09-12T09:37:42.000Z</time>
      </trkpt>
      <trkpt lat="47.010153" lon="9.843524">
        <ele>2349.760397</ele>
        <time>2026-09-12T09:37:44.000Z</time>
      </trkpt>
      <trkpt lat="47.010155" lon="9.843535">
        <ele>2349.895189</ele>
        <time>2026-09-12T09:37:49.000Z</time>
      </trkpt>
      <trkpt lat="47.010156" lon="9.843532">
        <ele>2349.934727</ele>
        <time>2026-09-12T09:37:50.000Z</time>
      </trkpt>
      <trkpt lat="47.010154" lon="9.843534">
        <ele>2349.976760</ele>
        <time>2026-09-12T09:37:51.000Z</time>
      </trkpt>
      <trkpt lat="47.010155" lon="9.843537">
        <ele>2350.016298</ele>
        <time>2026-09-12T09:38:02.000Z</time>
      </trkpt>
      <trkpt lat="47.010156" lon="9.843539">
        <ele>2350.045662</ele>
        <time>2026-09-12T09:38:03.000Z</time>
      </trkpt>
      <trkpt lat="47.010150" lon="9.843528">
        <ele>2350.212448</ele>
        <time>2026-09-12T09:38:14.000Z</time>
      </trkpt>
      <trkpt lat="47.010143" lon="9.843521">
        <ele>2350.359566</ele>
        <time>2026-09-12T09:38:21.000Z</time>
      </trkpt>
      <trkpt lat="47.010142" lon="9.843527">
        <ele>2350.432698</ele>
        <time>2026-09-12T09:38:23.000Z</time>
      </trkpt>
      <trkpt lat="47.010156" lon="9.843545">
        <ele>2350.755991</ele>
        <time>2026-09-12T09:38:32.000Z</time>
      </trkpt>
      <trkpt lat="47.010159" lon="9.843560">
        <ele>2350.941076</ele>
        <time>2026-09-12T09:38:36.000Z</time>
      </trkpt>
      <trkpt lat="47.010157" lon="9.843559">
        <ele>2350.977767</ele>
        <time>2026-09-12T09:38:38.000Z</time>
      </trkpt>
      <trkpt lat="47.010161" lon="9.843553">
        <ele>2351.077120</ele>
        <time>2026-09-12T09:38:43.000Z</time>
      </trkpt>
      <trkpt lat="47.010152" lon="9.843537">
        <ele>2351.322704</ele>
        <time>2026-09-12T09:38:53.000Z</time>
      </trkpt>
      <trkpt lat="47.010153" lon="9.843532">
        <ele>2351.384398</ele>
        <time>2026-09-12T09:39:04.000Z</time>
      </trkpt>
      <trkpt lat="47.010144" lon="9.843535">
        <ele>2351.544663</ele>
        <time>2026-09-12T09:39:14.000Z</time>
      </trkpt>
      <trkpt lat="47.010144" lon="9.843533">
        <ele>2351.568343</ele>
        <time>2026-09-12T09:39:23.000Z</time>
      </trkpt>
      <trkpt lat="47.010153" lon="9.843537">
        <ele>2351.731640</ele>
        <time>2026-09-12T09:39:38.000Z</time>
      </trkpt>
      <trkpt lat="47.010155" lon="9.843537">
        <ele>2351.766368</ele>
        <time>2026-09-12T09:39:44.000Z</time>
      </trkpt>
      <trkpt lat="47.010158" lon="9.843538">
        <ele>2351.819790</ele>
        <time>2026-09-12T09:39:49.000Z</time>
      </trkpt>
      <trkpt lat="47.010185" lon="9.843559">
        <ele>2352.350477</ele>
        <time>2026-09-12T09:39:58.000Z</time>
      </trkpt>
      <trkpt lat="47.010192" lon="9.843559">
        <ele>2352.472027</ele>
        <time>2026-09-12T09:40:01.000Z</time>
      </trkpt>
      <trkpt lat="47.010185" lon="9.843555">
        <ele>2352.602478</ele>
        <time>2026-09-12T09:40:08.000Z</time>
      </trkpt>
      <trkpt lat="47.010186" lon="9.843556">
        <ele>2352.623495</ele>
        <time>2026-09-12T09:40:11.000Z</time>
      </trkpt>
      <trkpt lat="47.010178" lon="9.843568">
        <ele>2352.822201</ele>
        <time>2026-09-12T09:40:18.000Z</time>
      </trkpt>
      <trkpt lat="47.010168" lon="9.843569">
        <ele>2352.996247</ele>
        <time>2026-09-12T09:40:26.000Z</time>
      </trkpt>
      <trkpt lat="47.010161" lon="9.843567">
        <ele>2353.120082</ele>
        <time>2026-09-12T09:40:28.000Z</time>
      </trkpt>
      <trkpt lat="47.010149" lon="9.843559">
        <ele>2353.348972</ele>
        <time>2026-09-12T09:40:30.000Z</time>
      </trkpt>
      <trkpt lat="47.010145" lon="9.843548">
        <ele>2353.496576</ele>
        <time>2026-09-12T09:40:36.000Z</time>
      </trkpt>
      <trkpt lat="47.010157" lon="9.843549">
        <ele>2353.705283</ele>
        <time>2026-09-12T09:40:43.000Z</time>
      </trkpt>
      <trkpt lat="47.010164" lon="9.843552">
        <ele>2353.831917</ele>
        <time>2026-09-12T09:40:45.000Z</time>
      </trkpt>
      <trkpt lat="47.010168" lon="9.843553">
        <ele>2353.902376</ele>
        <time>2026-09-12T09:40:46.000Z</time>
      </trkpt>
      <trkpt lat="47.010177" lon="9.843559">
        <ele>2354.074043</ele>
        <time>2026-09-12T09:40:49.000Z</time>
      </trkpt>
      <trkpt lat="47.010163" lon="9.843569">
        <ele>2354.344443</ele>
        <time>2026-09-12T09:40:57.000Z</time>
      </trkpt>
      <trkpt lat="47.010161" lon="9.843568">
        <ele>2354.381135</ele>
        <time>2026-09-12T09:40:58.000Z</time>
      </trkpt>
      <trkpt lat="47.010170" lon="9.843559">
        <ele>2354.570286</ele>
        <time>2026-09-12T09:41:07.000Z</time>
      </trkpt>
      <trkpt lat="47.010172" lon="9.843565">
        <ele>2354.649361</ele>
        <time>2026-09-12T09:41:08.000Z</time>
      </trkpt>
      <trkpt lat="47.010173" lon="9.843585">
        <ele>2354.886800</ele>
        <time>2026-09-12T09:41:14.000Z</time>
      </trkpt>
      <trkpt lat="47.010168" lon="9.843590">
        <ele>2354.991884</ele>
        <time>2026-09-12T09:41:24.000Z</time>
      </trkpt>
      <trkpt lat="47.010168" lon="9.843600">
        <ele>2355.110285</ele>
        <time>2026-09-12T09:41:28.000Z</time>
      </trkpt>
      <trkpt lat="47.010170" lon="9.843597">
        <ele>2355.159962</ele>
        <time>2026-09-12T09:41:36.000Z</time>
      </trkpt>
      <trkpt lat="47.010180" lon="9.843602">
        <ele>2355.343419</ele>
        <time>2026-09-12T09:41:45.000Z</time>
      </trkpt>
      <trkpt lat="47.010203" lon="9.843627">
        <ele>2355.840531</ele>
        <time>2026-09-12T09:41:50.000Z</time>
      </trkpt>
      <trkpt lat="47.010197" lon="9.843625">
        <ele>2355.947374</ele>
        <time>2026-09-12T09:41:51.000Z</time>
      </trkpt>
      <trkpt lat="47.010203" lon="9.843625">
        <ele>2356.051559</ele>
        <time>2026-09-12T09:41:53.000Z</time>
      </trkpt>
      <trkpt lat="47.010203" lon="9.843624">
        <ele>2356.063399</ele>
        <time>2026-09-12T09:41:54.000Z</time>
      </trkpt>
      <trkpt lat="47.010199" lon="9.843617">
        <ele>2356.171536</ele>
        <time>2026-09-12T09:41:55.000Z</time>
      </trkpt>
      <trkpt lat="47.010192" lon="9.843613">
        <ele>2356.301986</ele>
        <time>2026-09-12T09:41:57.000Z</time>
      </trkpt>
      <trkpt lat="47.010189" lon="9.843625">
        <ele>2356.453317</ele>
        <time>2026-09-12T09:42:04.000Z</time>
      </trkpt>
      <trkpt lat="47.010203" lon="9.843614">
        <ele>2356.729107</ele>
        <time>2026-09-12T09:42:13.000Z</time>
      </trkpt>
      <trkpt lat="47.010206" lon="9.843616">
        <ele>2356.786329</ele>
        <time>2026-09-12T09:42:15.000Z</time>
      </trkpt>
      <trkpt lat="47.010203" lon="9.843621">
        <ele>2356.865186</ele>
        <time>2026-09-12T09:42:19.000Z</time>
      </trkpt>
      <trkpt lat="47.010194" lon="9.843633">
        <ele>2357.076397</ele>
        <time>2026-09-12T09:42:24.000Z</time>
      </trkpt>
      <trkpt lat="47.010194" lon="9.843624">
        <ele>2357.182958</ele>
        <time>2026-09-12T09:42:31.000Z</time>
      </trkpt>
      <trkpt lat="47.010204" lon="9.843621">
        <ele>2357.360196</ele>
        <time>2026-09-12T09:42:33.000Z</time>
      </trkpt>
      <trkpt lat="47.010230" lon="9.843647">
        <ele>2357.906633</ele>
        <time>2026-09-12T09:42:43.000Z</time>
      </trkpt>
      <trkpt lat="47.010231" lon="9.843658">
        <ele>2358.038027</ele>
        <time>2026-09-12T09:42:46.000Z</time>
      </trkpt>
      <trkpt lat="47.010223" lon="9.843653">
        <ele>2358.189030</ele>
        <time>2026-09-12T09:42:53.000Z</time>
      </trkpt>
      <trkpt lat="47.010223" lon="9.843657">
        <ele>2358.236390</ele>
        <time>2026-09-12T09:42:55.000Z</time>
      </trkpt>
      <trkpt lat="47.010232" lon="9.843695">
        <ele>2358.712683</ele>
        <time>2026-09-12T09:43:03.000Z</time>
      </trkpt>
      <trkpt lat="47.010234" lon="9.843704">
        <ele>2358.824761</ele>
        <time>2026-09-12T09:43:06.000Z</time>
      </trkpt>
      <trkpt lat="47.010232" lon="9.843709">
        <ele>2358.893396</ele>
        <time>2026-09-12T09:43:07.000Z</time>
      </trkpt>
      <trkpt lat="47.010231" lon="9.843714">
        <ele>2358.955090</ele>
        <time>2026-09-12T09:43:08.000Z</time>
      </trkpt>
      <trkpt lat="47.010231" lon="9.843718">
        <ele>2359.002451</ele>
        <time>2026-09-12T09:43:09.000Z</time>
      </trkpt>
      <trkpt lat="47.010231" lon="9.843722">
        <ele>2359.049811</ele>
        <time>2026-09-12T09:43:11.000Z</time>
      </trkpt>
      <trkpt lat="47.010228" lon="9.843720">
        <ele>2359.107034</ele>
        <time>2026-09-12T09:43:13.000Z</time>
      </trkpt>
      <trkpt lat="47.010227" lon="9.843711">
        <ele>2359.215000</ele>
        <time>2026-09-12T09:43:19.000Z</time>
      </trkpt>
      <trkpt lat="47.010225" lon="9.843710">
        <ele>2359.251692</ele>
        <time>2026-09-12T09:43:21.000Z</time>
      </trkpt>
      <trkpt lat="47.010221" lon="9.843714">
        <ele>2359.335759</ele>
        <time>2026-09-12T09:43:24.000Z</time>
      </trkpt>
      <trkpt lat="47.010214" lon="9.843721">
        <ele>2359.482877</ele>
        <time>2026-09-12T09:43:29.000Z</time>
      </trkpt>
      <trkpt lat="47.010219" lon="9.843711">
        <ele>2359.629699</ele>
        <time>2026-09-12T09:43:34.000Z</time>
      </trkpt>
      <trkpt lat="47.010226" lon="9.843726">
        <ele>2359.844912</ele>
        <time>2026-09-12T09:43:37.000Z</time>
      </trkpt>
      <trkpt lat="47.010260" lon="9.843747">
        <ele>2360.485519</ele>
        <time>2026-09-12T09:43:47.000Z</time>
      </trkpt>
      <trkpt lat="47.010244" lon="9.843734">
        <ele>2360.803135</ele>
        <time>2026-09-12T09:43:52.000Z</time>
      </trkpt>
      <trkpt lat="47.010243" lon="9.843734">
        <ele>2360.820500</ele>
        <time>2026-09-12T09:43:55.000Z</time>
      </trkpt>
      <trkpt lat="47.010244" lon="9.843734">
        <ele>2360.837864</ele>
        <time>2026-09-12T09:43:58.000Z</time>
      </trkpt>
      <trkpt lat="47.010244" lon="9.843734">
        <ele>2360.837864</ele>
        <time>2026-09-12T09:44:02.000Z</time>
      </trkpt>
      <trkpt lat="47.010242" lon="9.843731">
        <ele>2360.887541</ele>
        <time>2026-09-12T09:44:10.000Z</time>
      </trkpt>
      <trkpt lat="47.010244" lon="9.843734">
        <ele>2360.937217</ele>
        <time>2026-09-12T09:44:16.000Z</time>
      </trkpt>
      <trkpt lat="47.010240" lon="9.843744">
        <ele>2361.074487</ele>
        <time>2026-09-12T09:44:18.000Z</time>
      </trkpt>
      <trkpt lat="47.010245" lon="9.843747">
        <ele>2361.168294</ele>
        <time>2026-09-12T09:44:24.000Z</time>
      </trkpt>
      <trkpt lat="47.010242" lon="9.843755">
        <ele>2361.276394</ele>
        <time>2026-09-12T09:44:28.000Z</time>
      </trkpt>
      <trkpt lat="47.010240" lon="9.843754">
        <ele>2361.313086</ele>
        <time>2026-09-12T09:44:29.000Z</time>
      </trkpt>
      <trkpt lat="47.010240" lon="9.843750">
        <ele>2361.360446</ele>
        <time>2026-09-12T09:44:30.000Z</time>
      </trkpt>
      <trkpt lat="47.010237" lon="9.843752">
        <ele>2361.417669</ele>
        <time>2026-09-12T09:44:32.000Z</time>
      </trkpt>
      <trkpt lat="47.010236" lon="9.843753">
        <ele>2361.438685</ele>
        <time>2026-09-12T09:44:36.000Z</time>
      </trkpt>
      <trkpt lat="47.010236" lon="9.843753">
        <ele>2361.438685</ele>
        <time>2026-09-12T09:44:54.000Z</time>
      </trkpt>
      <trkpt lat="47.010249" lon="9.843762">
        <ele>2361.688308</ele>
        <time>2026-09-12T09:45:00.000Z</time>
      </trkpt>
      <trkpt lat="47.010250" lon="9.843757">
        <ele>2361.750003</ele>
        <time>2026-09-12T09:45:01.000Z</time>
      </trkpt>
      <trkpt lat="47.010251" lon="9.843762">
        <ele>2361.811698</ele>
        <time>2026-09-12T09:45:03.000Z</time>
      </trkpt>
      <trkpt lat="47.010251" lon="9.843765">
        <ele>2361.847218</ele>
        <time>2026-09-12T09:45:12.000Z</time>
      </trkpt>
      <trkpt lat="47.010252" lon="9.843767">
        <ele>2361.876582</ele>
        <time>2026-09-12T09:45:16.000Z</time>
      </trkpt>
      <trkpt lat="47.010245" lon="9.843771">
        <ele>2362.007033</ele>
        <time>2026-09-12T09:45:21.000Z</time>
      </trkpt>
      <trkpt lat="47.010246" lon="9.843771">
        <ele>2362.024397</ele>
        <time>2026-09-12T09:45:22.000Z</time>
      </trkpt>
      <trkpt lat="47.010278" lon="9.843768">
        <ele>2362.581188</ele>
        <time>2026-09-12T09:45:32.000Z</time>
      </trkpt>
      <trkpt lat="47.010278" lon="9.843764">
        <ele>2362.628548</ele>
        <time>2026-09-12T09:45:33.000Z</time>
      </trkpt>
      <trkpt lat="47.010277" lon="9.843765">
        <ele>2362.649565</ele>
        <time>2026-09-12T09:45:39.000Z</time>
      </trkpt>
      <trkpt lat="47.010275" lon="9.843767">
        <ele>2362.691598</ele>
        <time>2026-09-12T09:45:40.000Z</time>
      </trkpt>
      <trkpt lat="47.010274" lon="9.843768">
        <ele>2362.712615</ele>
        <time>2026-09-12T09:45:41.000Z</time>
      </trkpt>
      <trkpt lat="47.010276" lon="9.843772">
        <ele>2362.771344</ele>
        <time>2026-09-12T09:45:44.000Z</time>
      </trkpt>
      <trkpt lat="47.010278" lon="9.843773">
        <ele>2362.808035</ele>
        <time>2026-09-12T09:45:45.000Z</time>
      </trkpt>
      <trkpt lat="47.010274" lon="9.843763">
        <ele>2362.945306</ele>
        <time>2026-09-12T09:45:53.000Z</time>
      </trkpt>
      <trkpt lat="47.010265" lon="9.843756">
        <ele>2363.122201</ele>
        <time>2026-09-12T09:45:56.000Z</time>
      </trkpt>
      <trkpt lat="47.010247" lon="9.843753">
        <ele>2363.436770</ele>
        <time>2026-09-12T09:46:04.000Z</time>
      </trkpt>
      <trkpt lat="47.010246" lon="9.843752">
        <ele>2363.457787</ele>
        <time>2026-09-12T09:46:05.000Z</time>
      </trkpt>
      <trkpt lat="47.010238" lon="9.843753">
        <ele>2363.597204</ele>
        <time>2026-09-12T09:46:10.000Z</time>
      </trkpt>
      <trkpt lat="47.010239" lon="9.843753">
        <ele>2363.614568</ele>
        <time>2026-09-12T09:46:12.000Z</time>
      </trkpt>
      <trkpt lat="47.010239" lon="9.843753">
        <ele>2363.614568</ele>
        <time>2026-09-12T09:46:14.000Z</time>
      </trkpt>
      <trkpt lat="47.010239" lon="9.843753">
        <ele>2363.614568</ele>
        <time>2026-09-12T09:46:23.000Z</time>
      </trkpt>
      <trkpt lat="47.010250" lon="9.843761">
        <ele>2363.827772</ele>
        <time>2026-09-12T09:46:40.000Z</time>
      </trkpt>
      <trkpt lat="47.010263" lon="9.843751">
        <ele>2364.082674</ele>
        <time>2026-09-12T09:46:48.000Z</time>
      </trkpt>
      <trkpt lat="47.010263" lon="9.843749">
        <ele>2364.106354</ele>
        <time>2026-09-12T09:46:49.000Z</time>
      </trkpt>
      <trkpt lat="47.010263" lon="9.843749">
        <ele>2364.106354</ele>
        <time>2026-09-12T09:46:50.000Z</time>
      </trkpt>
      <trkpt lat="47.010263" lon="9.843749">
        <ele>2364.106354</ele>
        <time>2026-09-12T09:47:37.000Z</time>
      </trkpt>
      <trkpt lat="47.010263" lon="9.843749">
        <ele>2364.106354</ele>
        <time>2026-09-12T09:48:14.000Z</time>
      </trkpt>
      <trkpt lat="47.010263" lon="9.843749">
        <ele>2364.106354</ele>
        <time>2026-09-12T09:48:35.000Z</time>
      </trkpt>
      <trkpt lat="47.010263" lon="9.843749">
        <ele>2364.106354</ele>
        <time>2026-09-12T09:48:37.000Z</time>
      </trkpt>
      <trkpt lat="47.010263" lon="9.843749">
        <ele>2364.106354</ele>
        <time>2026-09-12T09:48:42.000Z</time>
      </trkpt>
      <trkpt lat="47.010263" lon="9.843749">
        <ele>2364.106354</ele>
        <time>2026-09-12T09:48:55.000Z</time>
      </trkpt>
      <trkpt lat="47.010263" lon="9.843749">
        <ele>2364.106354</ele>
        <time>2026-09-12T09:49:26.000Z</time>
      </trkpt>
      <trkpt lat="47.010270" lon="9.843752">
        <ele>2364.232988</ele>
        <time>2026-09-12T09:49:29.000Z</time>
      </trkpt>
      <trkpt lat="47.010275" lon="9.843749">
        <ele>2364.326794</ele>
        <time>2026-09-12T09:49:30.000Z</time>
      </trkpt>
      <trkpt lat="47.010276" lon="9.843748">
        <ele>2364.347811</ele>
        <time>2026-09-12T09:49:33.000Z</time>
      </trkpt>
      <trkpt lat="47.010273" lon="9.843731">
        <ele>2364.555725</ele>
        <time>2026-09-12T09:49:39.000Z</time>
      </trkpt>
      <trkpt lat="47.010272" lon="9.843727">
        <ele>2364.606168</ele>
        <time>2026-09-12T09:49:43.000Z</time>
      </trkpt>
      <trkpt lat="47.010275" lon="9.843722">
        <ele>2364.685025</ele>
        <time>2026-09-12T09:49:46.000Z</time>
      </trkpt>
      <trkpt lat="47.010272" lon="9.843703">
        <ele>2364.915939</ele>
        <time>2026-09-12T09:49:52.000Z</time>
      </trkpt>
      <trkpt lat="47.010265" lon="9.843695">
        <ele>2365.070038</ele>
        <time>2026-09-12T09:49:57.000Z</time>
      </trkpt>
      <trkpt lat="47.010246" lon="9.843714">
        <ele>2365.469357</ele>
        <time>2026-09-12T09:50:05.000Z</time>
      </trkpt>
      <trkpt lat="47.010256" lon="9.843709">
        <ele>2365.652814</ele>
        <time>2026-09-12T09:50:09.000Z</time>
      </trkpt>
      <trkpt lat="47.010263" lon="9.843701">
        <ele>2365.806913</ele>
        <time>2026-09-12T09:50:11.000Z</time>
      </trkpt>
      <trkpt lat="47.010263" lon="9.843700">
        <ele>2365.818753</ele>
        <time>2026-09-12T09:50:12.000Z</time>
      </trkpt>
      <trkpt lat="47.010282" lon="9.843698">
        <ele>2366.149522</ele>
        <time>2026-09-12T09:50:18.000Z</time>
      </trkpt>
      <trkpt lat="47.010291" lon="9.843689">
        <ele>2366.338673</ele>
        <time>2026-09-12T09:50:23.000Z</time>
      </trkpt>
      <trkpt lat="47.010291" lon="9.843689">
        <ele>2366.338673</ele>
        <time>2026-09-12T09:50:34.000Z</time>
      </trkpt>
      <trkpt lat="47.010291" lon="9.843689">
        <ele>2366.338673</ele>
        <time>2026-09-12T09:50:36.000Z</time>
      </trkpt>
      <trkpt lat="47.010291" lon="9.843689">
        <ele>2366.338673</ele>
        <time>2026-09-12T09:50:39.000Z</time>
      </trkpt>
      <trkpt lat="47.010291" lon="9.843689">
        <ele>2366.338673</ele>
        <time>2026-09-12T09:50:52.000Z</time>
      </trkpt>
      <trkpt lat="47.010291" lon="9.843689">
        <ele>2366.338673</ele>
        <time>2026-09-12T09:51:23.000Z</time>
      </trkpt>
      <trkpt lat="47.010291" lon="9.843689">
        <ele>2366.338673</ele>
        <time>2026-09-12T09:51:33.000Z</time>
      </trkpt>
      <trkpt lat="47.010294" lon="9.843696">
        <ele>2366.436566</ele>
        <time>2026-09-12T09:51:39.000Z</time>
      </trkpt>
      <trkpt lat="47.010291" lon="9.843703">
        <ele>2366.534458</ele>
        <time>2026-09-12T09:51:40.000Z</time>
      </trkpt>
      <trkpt lat="47.010287" lon="9.843711">
        <ele>2366.651915</ele>
        <time>2026-09-12T09:51:41.000Z</time>
      </trkpt>
      <trkpt lat="47.010292" lon="9.843722">
        <ele>2366.808442</ele>
        <time>2026-09-12T09:51:43.000Z</time>
      </trkpt>
      <trkpt lat="47.010298" lon="9.843711">
        <ele>2366.975228</ele>
        <time>2026-09-12T09:51:50.000Z</time>
      </trkpt>
      <trkpt lat="47.010301" lon="9.843711">
        <ele>2367.027321</ele>
        <time>2026-09-12T09:51:56.000Z</time>
      </trkpt>
      <trkpt lat="47.010279" lon="9.843703">
        <ele>2367.420902</ele>
        <time>2026-09-12T09:52:07.000Z</time>
      </trkpt>
      <trkpt lat="47.010272" lon="9.843675">
        <ele>2367.774005</ele>
        <time>2026-09-12T09:52:16.000Z</time>
      </trkpt>
      <trkpt lat="47.010267" lon="9.843670">
        <ele>2367.879089</ele>
        <time>2026-09-12T09:52:19.000Z</time>
      </trkpt>
      <trkpt lat="47.010259" lon="9.843659">
        <ele>2368.069510</ele>
        <time>2026-09-12T09:52:23.000Z</time>
      </trkpt>
      <trkpt lat="47.010260" lon="9.843665">
        <ele>2368.142642</ele>
        <time>2026-09-12T09:52:26.000Z</time>
      </trkpt>
      <trkpt lat="47.010258" lon="9.843662">
        <ele>2368.192318</ele>
        <time>2026-09-12T09:52:29.000Z</time>
      </trkpt>
      <trkpt lat="47.010260" lon="9.843666">
        <ele>2368.251047</ele>
        <time>2026-09-12T09:52:32.000Z</time>
      </trkpt>
      <trkpt lat="47.010263" lon="9.843667">
        <ele>2368.304469</ele>
        <time>2026-09-12T09:52:34.000Z</time>
      </trkpt>
      <trkpt lat="47.010261" lon="9.843659">
        <ele>2368.405355</ele>
        <time>2026-09-12T09:52:36.000Z</time>
      </trkpt>
      <trkpt lat="47.010281" lon="9.843683">
        <ele>2368.854082</ele>
        <time>2026-09-12T09:52:40.000Z</time>
      </trkpt>
      <trkpt lat="47.010284" lon="9.843681">
        <ele>2368.911304</ele>
        <time>2026-09-12T09:52:46.000Z</time>
      </trkpt>
      <trkpt lat="47.010302" lon="9.843682">
        <ele>2369.224085</ele>
        <time>2026-09-12T09:52:53.000Z</time>
      </trkpt>
      <trkpt lat="47.010296" lon="9.843674">
        <ele>2369.398033</ele>
        <time>2026-09-12T09:52:54.000Z</time>
      </trkpt>
      <trkpt lat="47.010292" lon="9.843673">
        <ele>2369.539935</ele>
        <time>2026-09-12T09:52:55.000Z</time>
      </trkpt>
      <trkpt lat="47.010291" lon="9.843670">
        <ele>2369.619563</ele>
        <time>2026-09-12T09:52:56.000Z</time>
      </trkpt>
      <trkpt lat="47.010291" lon="9.843657">
        <ele>2369.929556</ele>
        <time>2026-09-12T09:53:04.000Z</time>
      </trkpt>
      <trkpt lat="47.010288" lon="9.843658">
        <ele>2370.037145</ele>
        <time>2026-09-12T09:53:07.000Z</time>
      </trkpt>
      <trkpt lat="47.010302" lon="9.843656">
        <ele>2370.529057</ele>
        <time>2026-09-12T09:53:13.000Z</time>
      </trkpt>
      <trkpt lat="47.010302" lon="9.843656">
        <ele>2370.529057</ele>
        <time>2026-09-12T09:53:14.000Z</time>
      </trkpt>
      <trkpt lat="47.010311" lon="9.843664">
        <ele>2370.897095</ele>
        <time>2026-09-12T09:53:25.000Z</time>
      </trkpt>
      <trkpt lat="47.010301" lon="9.843665">
        <ele>2371.247618</ele>
        <time>2026-09-12T09:53:30.000Z</time>
      </trkpt>
      <trkpt lat="47.010284" lon="9.843659">
        <ele>2371.859100</ele>
        <time>2026-09-12T09:53:37.000Z</time>
      </trkpt>
      <trkpt lat="47.010290" lon="9.843657">
        <ele>2372.074278</ele>
        <time>2026-09-12T09:53:42.000Z</time>
      </trkpt>
      <trkpt lat="47.010297" lon="9.843653">
        <ele>2372.337001</ele>
        <time>2026-09-12T09:53:46.000Z</time>
      </trkpt>
      <trkpt lat="47.010297" lon="9.843651">
        <ele>2372.384692</ele>
        <time>2026-09-12T09:53:47.000Z</time>
      </trkpt>
      <trkpt lat="47.010307" lon="9.843641">
        <ele>2372.807964</ele>
        <time>2026-09-12T09:53:57.000Z</time>
      </trkpt>
      <trkpt lat="47.010303" lon="9.843655">
        <ele>2373.169925</ele>
        <time>2026-09-12T09:54:07.000Z</time>
      </trkpt>
      <trkpt lat="47.010299" lon="9.843654">
        <ele>2373.311827</ele>
        <time>2026-09-12T09:54:10.000Z</time>
      </trkpt>
      <trkpt lat="47.010294" lon="9.843654">
        <ele>2373.486682</ele>
        <time>2026-09-12T09:54:15.000Z</time>
      </trkpt>
      <trkpt lat="47.010291" lon="9.843655">
        <ele>2373.594271</ele>
        <time>2026-09-12T09:54:16.000Z</time>
      </trkpt>
      <trkpt lat="47.010287" lon="9.843656">
        <ele>2373.736174</ele>
        <time>2026-09-12T09:54:18.000Z</time>
      </trkpt>
      <trkpt lat="47.010291" lon="9.843657">
        <ele>2373.878076</ele>
        <time>2026-09-12T09:54:28.000Z</time>
      </trkpt>
      <trkpt lat="47.010283" lon="9.843662">
        <ele>2374.182191</ele>
        <time>2026-09-12T09:54:39.000Z</time>
      </trkpt>
      <trkpt lat="47.010261" lon="9.843657">
        <ele>2374.960738</ele>
        <time>2026-09-12T09:54:47.000Z</time>
      </trkpt>
      <trkpt lat="47.010260" lon="9.843657">
        <ele>2374.995709</ele>
        <time>2026-09-12T09:54:48.000Z</time>
      </trkpt>
      <trkpt lat="47.010261" lon="9.843655">
        <ele>2375.054848</ele>
        <time>2026-09-12T09:54:54.000Z</time>
      </trkpt>
      <trkpt lat="47.010266" lon="9.843655">
        <ele>2375.229703</ele>
        <time>2026-09-12T09:54:58.000Z</time>
      </trkpt>
      <trkpt lat="47.010272" lon="9.843649">
        <ele>2375.483666</ele>
        <time>2026-09-12T09:55:05.000Z</time>
      </trkpt>
      <trkpt lat="47.010275" lon="9.843649">
        <ele>2375.588579</ele>
        <time>2026-09-12T09:55:07.000Z</time>
      </trkpt>
      <trkpt lat="47.010278" lon="9.843646">
        <ele>2375.715561</ele>
        <time>2026-09-12T09:55:08.000Z</time>
      </trkpt>
      <trkpt lat="47.010281" lon="9.843646">
        <ele>2375.820474</ele>
        <time>2026-09-12T09:55:10.000Z</time>
      </trkpt>
      <trkpt lat="47.010281" lon="9.843647">
        <ele>2375.844320</ele>
        <time>2026-09-12T09:55:12.000Z</time>
      </trkpt>
      <trkpt lat="47.010296" lon="9.843633">
        <ele>2376.466105</ele>
        <time>2026-09-12T09:55:16.000Z</time>
      </trkpt>
      <trkpt lat="47.010275" lon="9.843641">
        <ele>2377.224870</ele>
        <time>2026-09-12T09:55:24.000Z</time>
      </trkpt>
      <trkpt lat="47.010282" lon="9.843638">
        <ele>2377.479906</ele>
        <time>2026-09-12T09:55:29.000Z</time>
      </trkpt>
      <trkpt lat="47.010282" lon="9.843635">
        <ele>2377.551443</ele>
        <time>2026-09-12T09:55:32.000Z</time>
      </trkpt>
      <trkpt lat="47.010282" lon="9.843634">
        <ele>2377.575288</ele>
        <time>2026-09-12T09:55:33.000Z</time>
      </trkpt>
      <trkpt lat="47.010287" lon="9.843634">
        <ele>2377.750144</ele>
        <time>2026-09-12T09:55:34.000Z</time>
      </trkpt>
      <trkpt lat="47.010291" lon="9.843649">
        <ele>2378.134208</ele>
        <time>2026-09-12T09:55:42.000Z</time>
      </trkpt>
      <trkpt lat="47.010291" lon="9.843651">
        <ele>2378.181899</ele>
        <time>2026-09-12T09:55:44.000Z</time>
      </trkpt>
      <trkpt lat="47.010290" lon="9.843655">
        <ele>2378.283491</ele>
        <time>2026-09-12T09:55:45.000Z</time>
      </trkpt>
      <trkpt lat="47.010292" lon="9.843647">
        <ele>2378.486673</ele>
        <time>2026-09-12T09:55:50.000Z</time>
      </trkpt>
      <trkpt lat="47.010296" lon="9.843637">
        <ele>2378.763131</ele>
        <time>2026-09-12T09:55:54.000Z</time>
      </trkpt>
      <trkpt lat="47.010303" lon="9.843622">
        <ele>2379.196564</ele>
        <time>2026-09-12T09:56:04.000Z</time>
      </trkpt>
      <trkpt lat="47.010290" lon="9.843625">
        <ele>2379.656781</ele>
        <time>2026-09-12T09:56:07.000Z</time>
      </trkpt>
      <trkpt lat="47.010289" lon="9.843619">
        <ele>2379.804067</ele>
        <time>2026-09-12T09:56:14.000Z</time>
      </trkpt>
      <trkpt lat="47.010285" lon="9.843613">
        <ele>2380.004161</ele>
        <time>2026-09-12T09:56:17.000Z</time>
      </trkpt>
      <trkpt lat="47.010278" lon="9.843615">
        <ele>2380.253561</ele>
        <time>2026-09-12T09:56:24.000Z</time>
      </trkpt>
      <trkpt lat="47.010276" lon="9.843617">
        <ele>2380.338215</ele>
        <time>2026-09-12T09:56:25.000Z</time>
      </trkpt>
      <trkpt lat="47.010276" lon="9.843621">
        <ele>2380.433598</ele>
        <time>2026-09-12T09:56:26.000Z</time>
      </trkpt>
      <trkpt lat="47.010278" lon="9.843627">
        <ele>2380.592852</ele>
        <time>2026-09-12T09:56:30.000Z</time>
      </trkpt>
      <trkpt lat="47.010283" lon="9.843613">
        <ele>2380.969711</ele>
        <time>2026-09-12T09:56:36.000Z</time>
      </trkpt>
      <trkpt lat="47.010291" lon="9.843624">
        <ele>2381.353212</ele>
        <time>2026-09-12T09:56:47.000Z</time>
      </trkpt>
      <trkpt lat="47.010294" lon="9.843626">
        <ele>2381.468456</ele>
        <time>2026-09-12T09:56:49.000Z</time>
      </trkpt>
      <trkpt lat="47.010286" lon="9.843609">
        <ele>2381.961000</ele>
        <time>2026-09-12T09:56:59.000Z</time>
      </trkpt>
      <trkpt lat="47.010278" lon="9.843604">
        <ele>2382.265115</ele>
        <time>2026-09-12T09:57:08.000Z</time>
      </trkpt>
      <trkpt lat="47.010284" lon="9.843611">
        <ele>2382.533237</ele>
        <time>2026-09-12T09:57:15.000Z</time>
      </trkpt>
      <trkpt lat="47.010287" lon="9.843604">
        <ele>2382.730388</ele>
        <time>2026-09-12T09:57:19.000Z</time>
      </trkpt>
      <trkpt lat="47.010282" lon="9.843592">
        <ele>2383.065731</ele>
        <time>2026-09-12T09:57:24.000Z</time>
      </trkpt>
      <trkpt lat="47.010277" lon="9.843599">
        <ele>2383.307467</ele>
        <time>2026-09-12T09:57:28.000Z</time>
      </trkpt>
      <trkpt lat="47.010278" lon="9.843598">
        <ele>2383.349795</ele>
        <time>2026-09-12T09:57:30.000Z</time>
      </trkpt>
      <trkpt lat="47.010286" lon="9.843588">
        <ele>2383.717397</ele>
        <time>2026-09-12T09:57:38.000Z</time>
      </trkpt>
      <trkpt lat="47.010283" lon="9.843584">
        <ele>2383.859188</ele>
        <time>2026-09-12T09:57:39.000Z</time>
      </trkpt>
      <trkpt lat="47.010295" lon="9.843546">
        <ele>2384.857780</ele>
        <time>2026-09-12T09:57:47.000Z</time>
      </trkpt>
      <trkpt lat="47.010295" lon="9.843535">
        <ele>2385.120082</ele>
        <time>2026-09-12T09:57:48.000Z</time>
      </trkpt>
      <trkpt lat="47.010296" lon="9.843493">
        <ele>2386.122208</ele>
        <time>2026-09-12T09:57:53.000Z</time>
      </trkpt>
      <trkpt lat="47.010294" lon="9.843482">
        <ele>2386.393675</ele>
        <time>2026-09-12T09:57:55.000Z</time>
      </trkpt>
      <trkpt lat="47.010288" lon="9.843476">
        <ele>2386.647638</ele>
        <time>2026-09-12T09:58:00.000Z</time>
      </trkpt>
      <trkpt lat="47.010281" lon="9.843443">
        <ele>2387.471741</ele>
        <time>2026-09-12T09:58:04.000Z</time>
      </trkpt>
      <trkpt lat="47.010275" lon="9.843445">
        <ele>2387.686919</ele>
        <time>2026-09-12T09:58:11.000Z</time>
      </trkpt>
      <trkpt lat="47.010272" lon="9.843430">
        <ele>2388.059672</ele>
        <time>2026-09-12T09:58:17.000Z</time>
      </trkpt>
      <trkpt lat="47.010275" lon="9.843429">
        <ele>2388.167261</ele>
        <time>2026-09-12T09:58:20.000Z</time>
      </trkpt>
      <trkpt lat="47.010275" lon="9.843429">
        <ele>2388.167261</ele>
        <time>2026-09-12T09:58:27.000Z</time>
      </trkpt>
      <trkpt lat="47.010279" lon="9.843431">
        <ele>2388.315051</ele>
        <time>2026-09-12T09:58:34.000Z</time>
      </trkpt>
      <trkpt lat="47.010277" lon="9.843436">
        <ele>2388.453280</ele>
        <time>2026-09-12T09:58:37.000Z</time>
      </trkpt>
      <trkpt lat="47.010281" lon="9.843405">
        <ele>2389.205614</ele>
        <time>2026-09-12T09:58:46.000Z</time>
      </trkpt>
      <trkpt lat="47.010283" lon="9.843399">
        <ele>2389.364868</ele>
        <time>2026-09-12T09:58:47.000Z</time>
      </trkpt>
      <trkpt lat="47.010279" lon="9.843408">
        <ele>2389.621042</ele>
        <time>2026-09-12T09:58:52.000Z</time>
      </trkpt>
      <trkpt lat="47.010279" lon="9.843408">
        <ele>2389.621042</ele>
        <time>2026-09-12T09:58:53.000Z</time>
      </trkpt>
      <trkpt lat="47.010286" lon="9.843405">
        <ele>2389.876078</ele>
        <time>2026-09-12T09:58:55.000Z</time>
      </trkpt>
      <trkpt lat="47.010287" lon="9.843399">
        <ele>2390.023364</ele>
        <time>2026-09-12T09:59:03.000Z</time>
      </trkpt>
      <trkpt lat="47.010285" lon="9.843388">
        <ele>2390.294831</ele>
        <time>2026-09-12T09:59:13.000Z</time>
      </trkpt>
      <trkpt lat="47.010282" lon="9.843379">
        <ele>2390.533712</ele>
        <time>2026-09-12T09:59:23.000Z</time>
      </trkpt>
      <trkpt lat="47.010279" lon="9.843381">
        <ele>2390.648957</ele>
        <time>2026-09-12T09:59:24.000Z</time>
      </trkpt>
      <trkpt lat="47.010279" lon="9.843382">
        <ele>2390.672802</ele>
        <time>2026-09-12T09:59:25.000Z</time>
      </trkpt>
      <trkpt lat="47.010277" lon="9.843388">
        <ele>2390.832057</ele>
        <time>2026-09-12T09:59:27.000Z</time>
      </trkpt>
      <trkpt lat="47.010280" lon="9.843385">
        <ele>2390.959038</ele>
        <time>2026-09-12T09:59:29.000Z</time>
      </trkpt>
      <trkpt lat="47.010279" lon="9.843400">
        <ele>2391.318428</ele>
        <time>2026-09-12T09:59:34.000Z</time>
      </trkpt>
      <trkpt lat="47.010280" lon="9.843398">
        <ele>2391.377567</ele>
        <time>2026-09-12T09:59:44.000Z</time>
      </trkpt>
      <trkpt lat="47.010280" lon="9.843398">
        <ele>2391.377567</ele>
        <time>2026-09-12T10:00:04.000Z</time>
      </trkpt>
      <trkpt lat="47.010280" lon="9.843398">
        <ele>2391.377567</ele>
        <time>2026-09-12T10:00:07.000Z</time>
      </trkpt>
      <trkpt lat="47.010280" lon="9.843398">
        <ele>2391.377567</ele>
        <time>2026-09-12T10:00:11.000Z</time>
      </trkpt>
      <trkpt lat="47.010292" lon="9.843400">
        <ele>2391.799921</ele>
        <time>2026-09-12T10:00:15.000Z</time>
      </trkpt>
      <trkpt lat="47.010296" lon="9.843399">
        <ele>2391.941823</ele>
        <time>2026-09-12T10:00:21.000Z</time>
      </trkpt>
      <trkpt lat="47.010295" lon="9.843398">
        <ele>2391.984150</ele>
        <time>2026-09-12T10:00:23.000Z</time>
      </trkpt>
      <trkpt lat="47.010293" lon="9.843394">
        <ele>2392.102429</ele>
        <time>2026-09-12T10:00:28.000Z</time>
      </trkpt>
      <trkpt lat="47.010292" lon="9.843393">
        <ele>2392.144756</ele>
        <time>2026-09-12T10:00:29.000Z</time>
      </trkpt>
      <trkpt lat="47.010288" lon="9.843385">
        <ele>2392.381312</ele>
        <time>2026-09-12T10:00:35.000Z</time>
      </trkpt>
      <trkpt lat="47.010289" lon="9.843384">
        <ele>2392.423639</ele>
        <time>2026-09-12T10:00:36.000Z</time>
      </trkpt>
      <trkpt lat="47.010298" lon="9.843383">
        <ele>2392.739281</ele>
        <time>2026-09-12T10:00:42.000Z</time>
      </trkpt>
      <trkpt lat="47.010298" lon="9.843383">
        <ele>2392.739281</ele>
        <time>2026-09-12T10:00:44.000Z</time>
      </trkpt>
      <trkpt lat="47.010299" lon="9.843383">
        <ele>2392.774252</ele>
        <time>2026-09-12T10:00:45.000Z</time>
      </trkpt>
      <trkpt lat="47.010298" lon="9.843387">
        <ele>2392.875843</ele>
        <time>2026-09-12T10:00:55.000Z</time>
      </trkpt>
      <trkpt lat="47.010299" lon="9.843386">
        <ele>2392.918170</ele>
        <time>2026-09-12T10:01:03.000Z</time>
      </trkpt>
      <trkpt lat="47.010303" lon="9.843387">
        <ele>2393.060072</ele>
        <time>2026-09-12T10:01:05.000Z</time>
      </trkpt>
      <trkpt lat="47.010304" lon="9.843389">
        <ele>2393.119212</ele>
        <time>2026-09-12T10:01:06.000Z</time>
      </trkpt>
      <trkpt lat="47.010304" lon="9.843391">
        <ele>2393.166903</ele>
        <time>2026-09-12T10:01:16.000Z</time>
      </trkpt>
      <trkpt lat="47.010299" lon="9.843383">
        <ele>2393.425680</ele>
        <time>2026-09-12T10:01:21.000Z</time>
      </trkpt>
      <trkpt lat="47.010299" lon="9.843383">
        <ele>2393.425680</ele>
        <time>2026-09-12T10:01:23.000Z</time>
      </trkpt>
      <trkpt lat="47.010299" lon="9.843383">
        <ele>2393.425680</ele>
        <time>2026-09-12T10:01:24.000Z</time>
      </trkpt>
      <trkpt lat="47.010299" lon="9.843383">
        <ele>2393.425680</ele>
        <time>2026-09-12T10:01:28.000Z</time>
      </trkpt>
      <trkpt lat="47.010299" lon="9.843383">
        <ele>2393.425680</ele>
        <time>2026-09-12T10:01:32.000Z</time>
      </trkpt>
      <trkpt lat="47.010299" lon="9.843383">
        <ele>2393.425680</ele>
        <time>2026-09-12T10:01:39.000Z</time>
      </trkpt>
      <trkpt lat="47.010299" lon="9.843383">
        <ele>2393.425680</ele>
        <time>2026-09-12T10:01:42.000Z</time>
      </trkpt>
      <trkpt lat="47.010302" lon="9.843412">
        <ele>2394.125116</ele>
        <time>2026-09-12T10:02:00.000Z</time>
      </trkpt>
      <trkpt lat="47.010302" lon="9.843413">
        <ele>2394.148961</ele>
        <time>2026-09-12T10:02:05.000Z</time>
      </trkpt>
      <trkpt lat="47.010308" lon="9.843420">
        <ele>2394.417083</ele>
        <time>2026-09-12T10:02:07.000Z</time>
      </trkpt>
      <trkpt lat="47.010312" lon="9.843417">
        <ele>2394.574198</ele>
        <time>2026-09-12T10:02:15.000Z</time>
      </trkpt>
      <trkpt lat="47.010322" lon="9.843413">
        <ele>2394.936683</ele>
        <time>2026-09-12T10:02:22.000Z</time>
      </trkpt>
      <trkpt lat="47.010329" lon="9.843402">
        <ele>2395.295470</ele>
        <time>2026-09-12T10:02:30.000Z</time>
      </trkpt>
      <trkpt lat="47.010335" lon="9.843399">
        <ele>2395.517155</ele>
        <time>2026-09-12T10:02:31.000Z</time>
      </trkpt>
      <trkpt lat="47.010349" lon="9.843391">
        <ele>2396.042602</ele>
        <time>2026-09-12T10:02:35.000Z</time>
      </trkpt>
      <trkpt lat="47.010364" lon="9.843385">
        <ele>2396.586330</ele>
        <time>2026-09-12T10:02:39.000Z</time>
      </trkpt>
      <trkpt lat="47.010369" lon="9.843389">
        <ele>2396.785508</ele>
        <time>2026-09-12T10:02:48.000Z</time>
      </trkpt>
      <trkpt lat="47.010379" lon="9.843389">
        <ele>2397.135219</ele>
        <time>2026-09-12T10:02:49.000Z</time>
      </trkpt>
      <trkpt lat="47.010396" lon="9.843379">
        <ele>2397.775767</ele>
        <time>2026-09-12T10:02:52.000Z</time>
      </trkpt>
      <trkpt lat="47.010402" lon="9.843379">
        <ele>2397.985593</ele>
        <time>2026-09-12T10:02:55.000Z</time>
      </trkpt>
      <trkpt lat="47.010402" lon="9.843379">
        <ele>2397.985593</ele>
        <time>2026-09-12T10:02:56.000Z</time>
      </trkpt>
      <trkpt lat="47.010411" lon="9.843345">
        <ele>2398.855291</ele>
        <time>2026-09-12T10:03:03.000Z</time>
      </trkpt>
      <trkpt lat="47.010409" lon="9.843349">
        <ele>2398.973569</ele>
        <time>2026-09-12T10:03:08.000Z</time>
      </trkpt>
      <trkpt lat="47.010408" lon="9.843350">
        <ele>2399.015896</ele>
        <time>2026-09-12T10:03:09.000Z</time>
      </trkpt>
      <trkpt lat="47.010405" lon="9.843349">
        <ele>2399.123485</ele>
        <time>2026-09-12T10:03:12.000Z</time>
      </trkpt>
      <trkpt lat="47.010407" lon="9.843331">
        <ele>2399.558367</ele>
        <time>2026-09-12T10:03:27.000Z</time>
      </trkpt>
      <trkpt lat="47.010405" lon="9.843346">
        <ele>2399.922824</ele>
        <time>2026-09-12T10:03:35.000Z</time>
      </trkpt>
      <trkpt lat="47.010405" lon="9.843346">
        <ele>2399.922824</ele>
        <time>2026-09-12T10:03:47.000Z</time>
      </trkpt>
      <trkpt lat="47.010405" lon="9.843346">
        <ele>2399.922824</ele>
        <time>2026-09-12T10:03:49.000Z</time>
      </trkpt>
      <trkpt lat="47.010405" lon="9.843346">
        <ele>2399.922824</ele>
        <time>2026-09-12T10:03:55.000Z</time>
      </trkpt>
      <trkpt lat="47.010405" lon="9.843346">
        <ele>2399.922824</ele>
        <time>2026-09-12T10:04:06.000Z</time>
      </trkpt>
      <trkpt lat="47.010405" lon="9.843331">
        <ele>2400.280508</ele>
        <time>2026-09-12T10:04:14.000Z</time>
      </trkpt>
      <trkpt lat="47.010409" lon="9.843326">
        <ele>2400.464309</ele>
        <time>2026-09-12T10:04:16.000Z</time>
      </trkpt>
      <trkpt lat="47.010405" lon="9.843328">
        <ele>2400.612100</ele>
        <time>2026-09-12T10:04:20.000Z</time>
      </trkpt>
      <trkpt lat="47.010406" lon="9.843339">
        <ele>2400.876722</ele>
        <time>2026-09-12T10:04:27.000Z</time>
      </trkpt>
      <trkpt lat="47.010405" lon="9.843346">
        <ele>2401.047265</ele>
        <time>2026-09-12T10:04:35.000Z</time>
      </trkpt>
      <trkpt lat="47.010405" lon="9.843346">
        <ele>2401.047265</ele>
        <time>2026-09-12T10:04:46.000Z</time>
      </trkpt>
      <trkpt lat="47.010406" lon="9.843328">
        <ele>2401.477907</ele>
        <time>2026-09-12T10:04:51.000Z</time>
      </trkpt>
      <trkpt lat="47.010405" lon="9.843346">
        <ele>2401.908550</ele>
        <time>2026-09-12T10:04:52.000Z</time>
      </trkpt>
      <trkpt lat="47.010408" lon="9.843338">
        <ele>2402.126260</ele>
        <time>2026-09-12T10:05:00.000Z</time>
      </trkpt>
      <trkpt lat="47.010414" lon="9.843339">
        <ele>2402.337437</ele>
        <time>2026-09-12T10:05:04.000Z</time>
      </trkpt>
      <trkpt lat="47.010405" lon="9.843346">
        <ele>2402.693700</ele>
        <time>2026-09-12T10:05:06.000Z</time>
      </trkpt>
      <trkpt lat="47.010410" lon="9.843344">
        <ele>2402.874942</ele>
        <time>2026-09-12T10:05:12.000Z</time>
      </trkpt>
      <trkpt lat="47.010413" lon="9.843339">
        <ele>2403.033757</ele>
        <time>2026-09-12T10:05:15.000Z</time>
      </trkpt>
      <trkpt lat="47.010405" lon="9.843346">
        <ele>2403.359536</ele>
        <time>2026-09-12T10:05:27.000Z</time>
      </trkpt>
      <trkpt lat="47.010411" lon="9.843336">
        <ele>2403.677165</ele>
        <time>2026-09-12T10:05:37.000Z</time>
      </trkpt>
      <trkpt lat="47.010409" lon="9.843338">
        <ele>2403.761820</ele>
        <time>2026-09-12T10:05:47.000Z</time>
      </trkpt>
      <trkpt lat="47.010412" lon="9.843329">
        <ele>2404.000701</ele>
        <time>2026-09-12T10:05:53.000Z</time>
      </trkpt>
      <trkpt lat="47.010412" lon="9.843329">
        <ele>2404.000701</ele>
        <time>2026-09-12T10:05:57.000Z</time>
      </trkpt>
      <trkpt lat="47.010412" lon="9.843329">
        <ele>2404.000701</ele>
        <time>2026-09-12T10:06:23.000Z</time>
      </trkpt>
      <trkpt lat="47.010412" lon="9.843329">
        <ele>2404.000701</ele>
        <time>2026-09-12T10:06:30.000Z</time>
      </trkpt>
      <trkpt lat="47.010419" lon="9.843327">
        <ele>2404.250101</ele>
        <time>2026-09-12T10:06:39.000Z</time>
      </trkpt>
      <trkpt lat="47.010412" lon="9.843329">
        <ele>2404.499501</ele>
        <time>2026-09-12T10:06:42.000Z</time>
      </trkpt>
      <trkpt lat="47.010412" lon="9.843329">
        <ele>2404.499501</ele>
        <time>2026-09-12T10:06:46.000Z</time>
      </trkpt>
      <trkpt lat="47.010412" lon="9.843329">
        <ele>2404.499501</ele>
        <time>2026-09-12T10:06:50.000Z</time>
      </trkpt>
      <trkpt lat="47.010418" lon="9.843317">
        <ele>2404.854334</ele>
        <time>2026-09-12T10:07:09.000Z</time>
      </trkpt>
      <trkpt lat="47.010419" lon="9.843310">
        <ele>2405.024877</ele>
        <time>2026-09-12T10:07:12.000Z</time>
      </trkpt>
      <trkpt lat="47.010416" lon="9.843312">
        <ele>2405.140121</ele>
        <time>2026-09-12T10:07:13.000Z</time>
      </trkpt>
      <trkpt lat="47.010422" lon="9.843312">
        <ele>2405.349948</ele>
        <time>2026-09-12T10:07:22.000Z</time>
      </trkpt>
      <trkpt lat="47.010426" lon="9.843293">
        <ele>2405.824117</ele>
        <time>2026-09-12T10:07:31.000Z</time>
      </trkpt>
      <trkpt lat="47.010427" lon="9.843287">
        <ele>2405.971402</ele>
        <time>2026-09-12T10:07:38.000Z</time>
      </trkpt>
      <trkpt lat="47.010432" lon="9.843294">
        <ele>2406.213138</ele>
        <time>2026-09-12T10:07:42.000Z</time>
      </trkpt>
      <trkpt lat="47.010432" lon="9.843302">
        <ele>2406.403902</ele>
        <time>2026-09-12T10:07:44.000Z</time>
      </trkpt>
      <trkpt lat="47.010432" lon="9.843302">
        <ele>2406.403902</ele>
        <time>2026-09-12T10:07:49.000Z</time>
      </trkpt>
      <trkpt lat="47.010434" lon="9.843300">
        <ele>2406.488557</ele>
        <time>2026-09-12T10:07:50.000Z</time>
      </trkpt>
      <trkpt lat="47.010435" lon="9.843302">
        <ele>2406.547696</ele>
        <time>2026-09-12T10:07:51.000Z</time>
      </trkpt>
      <trkpt lat="47.010433" lon="9.843296">
        <ele>2406.706950</ele>
        <time>2026-09-12T10:07:55.000Z</time>
      </trkpt>
      <trkpt lat="47.010425" lon="9.843290">
        <ele>2407.021180</ele>
        <time>2026-09-12T10:08:02.000Z</time>
      </trkpt>
      <trkpt lat="47.010431" lon="9.843287">
        <ele>2407.242865</ele>
        <time>2026-09-12T10:08:04.000Z</time>
      </trkpt>
      <trkpt lat="47.010428" lon="9.843274">
        <ele>2407.570130</ele>
        <time>2026-09-12T10:08:13.000Z</time>
      </trkpt>
      <trkpt lat="47.010425" lon="9.843290">
        <ele>2407.965820</ele>
        <time>2026-09-12T10:08:19.000Z</time>
      </trkpt>
      <trkpt lat="47.010425" lon="9.843290">
        <ele>2407.965820</ele>
        <time>2026-09-12T10:08:21.000Z</time>
      </trkpt>
      <trkpt lat="47.010430" lon="9.843269">
        <ele>2408.496227</ele>
        <time>2026-09-12T10:08:28.000Z</time>
      </trkpt>
      <trkpt lat="47.010434" lon="9.843267">
        <ele>2408.644018</ele>
        <time>2026-09-12T10:08:29.000Z</time>
      </trkpt>
      <trkpt lat="47.010434" lon="9.843266">
        <ele>2408.667863</ele>
        <time>2026-09-12T10:08:30.000Z</time>
      </trkpt>
      <trkpt lat="47.010435" lon="9.843266">
        <ele>2408.702835</ele>
        <time>2026-09-12T10:08:32.000Z</time>
      </trkpt>
      <trkpt lat="47.010439" lon="9.843255">
        <ele>2409.000105</ele>
        <time>2026-09-12T10:08:46.000Z</time>
      </trkpt>
      <trkpt lat="47.010441" lon="9.843251">
        <ele>2409.118382</ele>
        <time>2026-09-12T10:08:47.000Z</time>
      </trkpt>
      <trkpt lat="47.010438" lon="9.843254">
        <ele>2409.245364</ele>
        <time>2026-09-12T10:08:53.000Z</time>
      </trkpt>
      <trkpt lat="47.010439" lon="9.843253">
        <ele>2409.287691</ele>
        <time>2026-09-12T10:08:54.000Z</time>
      </trkpt>
      <trkpt lat="47.010435" lon="9.843266">
        <ele>2409.627783</ele>
        <time>2026-09-12T10:08:57.000Z</time>
      </trkpt>
      <trkpt lat="47.010442" lon="9.843255">
        <ele>2409.986570</ele>
        <time>2026-09-12T10:09:00.000Z</time>
      </trkpt>
      <trkpt lat="47.010446" lon="9.843257">
        <ele>2410.134360</ele>
        <time>2026-09-12T10:09:11.000Z</time>
      </trkpt>
      <trkpt lat="47.010447" lon="9.843256">
        <ele>2410.176687</ele>
        <time>2026-09-12T10:09:13.000Z</time>
      </trkpt>
      <trkpt lat="47.010449" lon="9.843255">
        <ele>2410.250583</ele>
        <time>2026-09-12T10:09:14.000Z</time>
      </trkpt>
      <trkpt lat="47.010455" lon="9.843248">
        <ele>2410.518704</ele>
        <time>2026-09-12T10:09:22.000Z</time>
      </trkpt>
      <trkpt lat="47.010455" lon="9.843248">
        <ele>2410.518704</ele>
        <time>2026-09-12T10:09:24.000Z</time>
      </trkpt>
      <trkpt lat="47.010455" lon="9.843248">
        <ele>2410.518704</ele>
        <time>2026-09-12T10:09:27.000Z</time>
      </trkpt>
      <trkpt lat="47.010455" lon="9.843248">
        <ele>2410.518704</ele>
        <time>2026-09-12T10:09:29.000Z</time>
      </trkpt>
      <trkpt lat="47.010455" lon="9.843248">
        <ele>2410.518704</ele>
        <time>2026-09-12T10:09:32.000Z</time>
      </trkpt>
      <trkpt lat="47.010455" lon="9.843248">
        <ele>2410.518704</ele>
        <time>2026-09-12T10:09:40.000Z</time>
      </trkpt>
      <trkpt lat="47.010459" lon="9.843249">
        <ele>2410.660606</ele>
        <time>2026-09-12T10:09:45.000Z</time>
      </trkpt>
      <trkpt lat="47.010463" lon="9.843249">
        <ele>2410.800490</ele>
        <time>2026-09-12T10:09:47.000Z</time>
      </trkpt>
      <trkpt lat="47.010471" lon="9.843245">
        <ele>2411.096071</ele>
        <time>2026-09-12T10:09:52.000Z</time>
      </trkpt>
      <trkpt lat="47.010473" lon="9.843240">
        <ele>2411.234300</ele>
        <time>2026-09-12T10:09:54.000Z</time>
      </trkpt>
      <trkpt lat="47.010467" lon="9.843241">
        <ele>2411.445477</ele>
        <time>2026-09-12T10:09:57.000Z</time>
      </trkpt>
      <trkpt lat="47.010459" lon="9.843244">
        <ele>2411.734247</ele>
        <time>2026-09-12T10:10:01.000Z</time>
      </trkpt>
      <trkpt lat="47.010455" lon="9.843248">
        <ele>2411.903555</ele>
        <time>2026-09-12T10:10:05.000Z</time>
      </trkpt>
      <trkpt lat="47.010455" lon="9.843248">
        <ele>2411.903555</ele>
        <time>2026-09-12T10:10:06.000Z</time>
      </trkpt>
      <trkpt lat="47.010476" lon="9.843236">
        <ele>2412.691725</ele>
        <time>2026-09-12T10:10:12.000Z</time>
      </trkpt>
      <trkpt lat="47.010476" lon="9.843236">
        <ele>2412.691725</ele>
        <time>2026-09-12T10:10:14.000Z</time>
      </trkpt>
      <trkpt lat="47.010476" lon="9.843236">
        <ele>2412.691725</ele>
        <time>2026-09-12T10:10:21.000Z</time>
      </trkpt>
      <trkpt lat="47.010475" lon="9.843237">
        <ele>2412.734052</ele>
        <time>2026-09-12T10:10:27.000Z</time>
      </trkpt>
      <trkpt lat="47.010474" lon="9.843236">
        <ele>2412.776379</ele>
        <time>2026-09-12T10:10:28.000Z</time>
      </trkpt>
      <trkpt lat="47.010482" lon="9.843237">
        <ele>2413.057162</ele>
        <time>2026-09-12T10:10:30.000Z</time>
      </trkpt>
      <trkpt lat="47.010480" lon="9.843244">
        <ele>2413.238142</ele>
        <time>2026-09-12T10:10:32.000Z</time>
      </trkpt>
      <trkpt lat="47.010475" lon="9.843255">
        <ele>2413.553382</ele>
        <time>2026-09-12T10:10:35.000Z</time>
      </trkpt>
      <trkpt lat="47.010493" lon="9.843255">
        <ele>2414.182861</ele>
        <time>2026-09-12T10:10:40.000Z</time>
      </trkpt>
      <trkpt lat="47.010494" lon="9.843255">
        <ele>2414.217832</ele>
        <time>2026-09-12T10:10:45.000Z</time>
      </trkpt>
      <trkpt lat="47.010487" lon="9.843257">
        <ele>2414.467232</ele>
        <time>2026-09-12T10:10:46.000Z</time>
      </trkpt>
      <trkpt lat="47.010487" lon="9.843257">
        <ele>2414.467232</ele>
        <time>2026-09-12T10:10:55.000Z</time>
      </trkpt>
      <trkpt lat="47.010487" lon="9.843257">
        <ele>2414.467232</ele>
        <time>2026-09-12T10:11:09.000Z</time>
      </trkpt>
      <trkpt lat="47.010493" lon="9.843257">
        <ele>2414.677058</ele>
        <time>2026-09-12T10:11:18.000Z</time>
      </trkpt>
      <trkpt lat="47.010494" lon="9.843259">
        <ele>2414.736197</ele>
        <time>2026-09-12T10:11:19.000Z</time>
      </trkpt>
      <trkpt lat="47.010496" lon="9.843261">
        <ele>2414.820851</ele>
        <time>2026-09-12T10:11:21.000Z</time>
      </trkpt>
      <trkpt lat="47.010504" lon="9.843263">
        <ele>2415.104656</ele>
        <time>2026-09-12T10:11:25.000Z</time>
      </trkpt>
      <trkpt lat="47.010507" lon="9.843265">
        <ele>2415.219900</ele>
        <time>2026-09-12T10:11:32.000Z</time>
      </trkpt>
      <trkpt lat="47.010506" lon="9.843266">
        <ele>2415.262227</ele>
        <time>2026-09-12T10:11:33.000Z</time>
      </trkpt>
      <trkpt lat="47.010504" lon="9.843265">
        <ele>2415.336122</ele>
        <time>2026-09-12T10:11:34.000Z</time>
      </trkpt>
      <trkpt lat="47.010510" lon="9.843266">
        <ele>2415.547299</ele>
        <time>2026-09-12T10:11:44.000Z</time>
      </trkpt>
      <trkpt lat="47.010520" lon="9.843266">
        <ele>2415.897010</ele>
        <time>2026-09-12T10:11:51.000Z</time>
      </trkpt>
      <trkpt lat="47.010517" lon="9.843267">
        <ele>2416.004599</ele>
        <time>2026-09-12T10:11:52.000Z</time>
      </trkpt>
      <trkpt lat="47.010513" lon="9.843266">
        <ele>2416.146501</ele>
        <time>2026-09-12T10:11:55.000Z</time>
      </trkpt>
      <trkpt lat="47.010513" lon="9.843265">
        <ele>2416.170347</ele>
        <time>2026-09-12T10:11:56.000Z</time>
      </trkpt>
      <trkpt lat="47.010513" lon="9.843265">
        <ele>2416.170347</ele>
        <time>2026-09-12T10:11:57.000Z</time>
      </trkpt>
      <trkpt lat="47.010521" lon="9.843260">
        <ele>2416.474461</ele>
        <time>2026-09-12T10:12:05.000Z</time>
      </trkpt>
      <trkpt lat="47.010519" lon="9.843258">
        <ele>2416.559115</ele>
        <time>2026-09-12T10:12:07.000Z</time>
      </trkpt>
      <trkpt lat="47.010521" lon="9.843258">
        <ele>2416.629057</ele>
        <time>2026-09-12T10:12:13.000Z</time>
      </trkpt>
      <trkpt lat="47.010520" lon="9.843260">
        <ele>2416.688196</ele>
        <time>2026-09-12T10:12:15.000Z</time>
      </trkpt>
      <trkpt lat="47.010529" lon="9.843264">
        <ele>2417.017071</ele>
        <time>2026-09-12T10:12:18.000Z</time>
      </trkpt>
      <trkpt lat="47.010519" lon="9.843259">
        <ele>2417.386548</ele>
        <time>2026-09-12T10:12:21.000Z</time>
      </trkpt>
      <trkpt lat="47.010518" lon="9.843256">
        <ele>2417.466175</ele>
        <time>2026-09-12T10:12:23.000Z</time>
      </trkpt>
      <trkpt lat="47.010524" lon="9.843257">
        <ele>2417.677352</ele>
        <time>2026-09-12T10:12:26.000Z</time>
      </trkpt>
      <trkpt lat="47.010525" lon="9.843257">
        <ele>2417.712323</ele>
        <time>2026-09-12T10:12:27.000Z</time>
      </trkpt>
      <trkpt lat="47.010525" lon="9.843244">
        <ele>2418.022314</ele>
        <time>2026-09-12T10:12:36.000Z</time>
      </trkpt>
      <trkpt lat="47.010527" lon="9.843252">
        <ele>2418.225496</ele>
        <time>2026-09-12T10:12:41.000Z</time>
      </trkpt>
      <trkpt lat="47.010527" lon="9.843257">
        <ele>2418.344724</ele>
        <time>2026-09-12T10:12:49.000Z</time>
      </trkpt>
      <trkpt lat="47.010528" lon="9.843265">
        <ele>2418.538667</ele>
        <time>2026-09-12T10:12:54.000Z</time>
      </trkpt>
      <trkpt lat="47.010517" lon="9.843267">
        <ele>2418.926293</ele>
        <time>2026-09-12T10:12:57.000Z</time>
      </trkpt>
      <trkpt lat="47.010520" lon="9.843268">
        <ele>2419.033882</ele>
        <time>2026-09-12T10:13:01.000Z</time>
      </trkpt>
      <trkpt lat="47.010521" lon="9.843268">
        <ele>2419.068853</ele>
        <time>2026-09-12T10:13:03.000Z</time>
      </trkpt>
      <trkpt lat="47.010532" lon="9.843275">
        <ele>2419.488188</ele>
        <time>2026-09-12T10:13:09.000Z</time>
      </trkpt>
      <trkpt lat="47.010532" lon="9.843275">
        <ele>2419.488188</ele>
        <time>2026-09-12T10:13:10.000Z</time>
      </trkpt>
      <trkpt lat="47.010538" lon="9.843275">
        <ele>2419.698015</ele>
        <time>2026-09-12T10:13:18.000Z</time>
      </trkpt>
      <trkpt lat="47.010536" lon="9.843277">
        <ele>2419.782669</ele>
        <time>2026-09-12T10:13:20.000Z</time>
      </trkpt>
      <trkpt lat="47.010541" lon="9.843268">
        <ele>2420.059493</ele>
        <time>2026-09-12T10:13:28.000Z</time>
      </trkpt>
      <trkpt lat="47.010540" lon="9.843269">
        <ele>2420.101820</ele>
        <time>2026-09-12T10:13:32.000Z</time>
      </trkpt>
      <trkpt lat="47.010547" lon="9.843270">
        <ele>2420.347776</ele>
        <time>2026-09-12T10:13:37.000Z</time>
      </trkpt>
      <trkpt lat="47.010547" lon="9.843267">
        <ele>2420.419313</ele>
        <time>2026-09-12T10:13:41.000Z</time>
      </trkpt>
      <trkpt lat="47.010548" lon="9.843267">
        <ele>2420.454284</ele>
        <time>2026-09-12T10:13:43.000Z</time>
      </trkpt>
      <trkpt lat="47.010546" lon="9.843263">
        <ele>2420.572562</ele>
        <time>2026-09-12T10:13:47.000Z</time>
      </trkpt>
      <trkpt lat="47.010570" lon="9.843261">
        <ele>2421.413221</ele>
        <time>2026-09-12T10:13:56.000Z</time>
      </trkpt>
      <trkpt lat="47.010570" lon="9.843257">
        <ele>2421.508603</ele>
        <time>2026-09-12T10:13:59.000Z</time>
      </trkpt>
      <trkpt lat="47.010570" lon="9.843255">
        <ele>2421.556294</ele>
        <time>2026-09-12T10:14:01.000Z</time>
      </trkpt>
      <trkpt lat="47.010572" lon="9.843251">
        <ele>2421.674572</ele>
        <time>2026-09-12T10:14:04.000Z</time>
      </trkpt>
      <trkpt lat="47.010568" lon="9.843248">
        <ele>2421.831687</ele>
        <time>2026-09-12T10:14:07.000Z</time>
      </trkpt>
      <trkpt lat="47.010567" lon="9.843248">
        <ele>2421.866658</ele>
        <time>2026-09-12T10:14:08.000Z</time>
      </trkpt>
      <trkpt lat="47.010561" lon="9.843276">
        <ele>2422.566526</ele>
        <time>2026-09-12T10:14:16.000Z</time>
      </trkpt>
      <trkpt lat="47.010561" lon="9.843286">
        <ele>2422.804981</ele>
        <time>2026-09-12T10:14:22.000Z</time>
      </trkpt>
      <trkpt lat="47.010570" lon="9.843267">
        <ele>2423.356641</ele>
        <time>2026-09-12T10:14:26.000Z</time>
      </trkpt>
      <trkpt lat="47.010572" lon="9.843269">
        <ele>2423.441295</ele>
        <time>2026-09-12T10:14:27.000Z</time>
      </trkpt>
      <trkpt lat="47.010565" lon="9.843255">
        <ele>2423.855267</ele>
        <time>2026-09-12T10:14:37.000Z</time>
      </trkpt>
      <trkpt lat="47.010558" lon="9.843274">
        <ele>2424.370236</ele>
        <time>2026-09-12T10:14:45.000Z</time>
      </trkpt>
      <trkpt lat="47.010558" lon="9.843265">
        <ele>2424.584845</ele>
        <time>2026-09-12T10:14:56.000Z</time>
      </trkpt>
      <trkpt lat="47.010563" lon="9.843262">
        <ele>2424.773768</ele>
        <time>2026-09-12T10:14:59.000Z</time>
      </trkpt>
      <trkpt lat="47.010567" lon="9.843263">
        <ele>2424.915670</ele>
        <time>2026-09-12T10:15:06.000Z</time>
      </trkpt>
      <trkpt lat="47.010572" lon="9.843266">
        <ele>2425.104593</ele>
        <time>2026-09-12T10:15:10.000Z</time>
      </trkpt>
      <trkpt lat="47.010573" lon="9.843266">
        <ele>2425.139564</ele>
        <time>2026-09-12T10:15:14.000Z</time>
      </trkpt>
      <trkpt lat="47.010575" lon="9.843267">
        <ele>2425.213460</ele>
        <time>2026-09-12T10:15:38.000Z</time>
      </trkpt>
      <trkpt lat="47.010570" lon="9.843267">
        <ele>2425.388315</ele>
        <time>2026-09-12T10:15:44.000Z</time>
      </trkpt>
      <trkpt lat="47.010567" lon="9.843266">
        <ele>2425.495904</ele>
        <time>2026-09-12T10:15:51.000Z</time>
      </trkpt>
      <trkpt lat="47.010569" lon="9.843264">
        <ele>2425.580558</ele>
        <time>2026-09-12T10:16:03.000Z</time>
      </trkpt>
      <trkpt lat="47.010562" lon="9.843261">
        <ele>2425.835594</ele>
        <time>2026-09-12T10:16:09.000Z</time>
      </trkpt>
      <trkpt lat="47.010565" lon="9.843257">
        <ele>2425.977384</ele>
        <time>2026-09-12T10:16:13.000Z</time>
      </trkpt>
      <trkpt lat="47.010568" lon="9.843256">
        <ele>2426.084973</ele>
        <time>2026-09-12T10:16:14.000Z</time>
      </trkpt>
      <trkpt lat="47.010567" lon="9.843258">
        <ele>2426.144112</ele>
        <time>2026-09-12T10:16:20.000Z</time>
      </trkpt>
      <trkpt lat="47.010569" lon="9.843255">
        <ele>2426.244159</ele>
        <time>2026-09-12T10:16:25.000Z</time>
      </trkpt>
      <trkpt lat="47.010573" lon="9.843266">
        <ele>2426.541428</ele>
        <time>2026-09-12T10:16:27.000Z</time>
      </trkpt>
      <trkpt lat="47.010573" lon="9.843266">
        <ele>2426.541428</ele>
        <time>2026-09-12T10:16:48.000Z</time>
      </trkpt>
      <trkpt lat="47.010573" lon="9.843266">
        <ele>2426.541428</ele>
        <time>2026-09-12T10:16:58.000Z</time>
      </trkpt>
      <trkpt lat="47.010567" lon="9.843249">
        <ele>2426.997887</ele>
        <time>2026-09-12T10:17:03.000Z</time>
      </trkpt>
      <trkpt lat="47.010573" lon="9.843266">
        <ele>2427.454346</ele>
        <time>2026-09-12T10:17:13.000Z</time>
      </trkpt>
      <trkpt lat="47.010569" lon="9.843250">
        <ele>2427.860709</ele>
        <time>2026-09-12T10:17:20.000Z</time>
      </trkpt>
      <trkpt lat="47.010574" lon="9.843254">
        <ele>2428.059888</ele>
        <time>2026-09-12T10:17:27.000Z</time>
      </trkpt>
      <trkpt lat="47.010572" lon="9.843244">
        <ele>2428.308389</ele>
        <time>2026-09-12T10:17:33.000Z</time>
      </trkpt>
      <trkpt lat="47.010571" lon="9.843243">
        <ele>2428.350716</ele>
        <time>2026-09-12T10:17:37.000Z</time>
      </trkpt>
      <trkpt lat="47.010571" lon="9.843242">
        <ele>2428.374561</ele>
        <time>2026-09-12T10:17:43.000Z</time>
      </trkpt>
      <trkpt lat="47.010578" lon="9.843235">
        <ele>2428.670851</ele>
        <time>2026-09-12T10:17:49.000Z</time>
      </trkpt>
      <trkpt lat="47.010578" lon="9.843233">
        <ele>2428.718542</ele>
        <time>2026-09-12T10:17:52.000Z</time>
      </trkpt>
      <trkpt lat="47.010577" lon="9.843235">
        <ele>2428.777681</ele>
        <time>2026-09-12T10:17:56.000Z</time>
      </trkpt>
      <trkpt lat="47.010571" lon="9.843231">
        <ele>2429.008169</ele>
        <time>2026-09-12T10:18:00.000Z</time>
      </trkpt>
      <trkpt lat="47.010572" lon="9.843222">
        <ele>2429.225609</ele>
        <time>2026-09-12T10:18:01.000Z</time>
      </trkpt>
      <trkpt lat="47.010566" lon="9.843221">
        <ele>2429.436786</ele>
        <time>2026-09-12T10:18:02.000Z</time>
      </trkpt>
      <trkpt lat="47.010562" lon="9.843218">
        <ele>2429.593901</ele>
        <time>2026-09-12T10:18:04.000Z</time>
      </trkpt>
      <trkpt lat="47.010557" lon="9.843214">
        <ele>2429.793079</ele>
        <time>2026-09-12T10:18:07.000Z</time>
      </trkpt>
      <trkpt lat="47.010563" lon="9.843211">
        <ele>2430.014765</ele>
        <time>2026-09-12T10:18:15.000Z</time>
      </trkpt>
      <trkpt lat="47.010559" lon="9.843213">
        <ele>2430.162556</ele>
        <time>2026-09-12T10:18:17.000Z</time>
      </trkpt>
      <trkpt lat="47.010559" lon="9.843213">
        <ele>2430.162556</ele>
        <time>2026-09-12T10:18:22.000Z</time>
      </trkpt>
      <trkpt lat="47.010559" lon="9.843213">
        <ele>2430.162556</ele>
        <time>2026-09-12T10:18:28.000Z</time>
      </trkpt>
      <trkpt lat="47.010553" lon="9.843225">
        <ele>2430.517389</ele>
        <time>2026-09-12T10:18:41.000Z</time>
      </trkpt>
      <trkpt lat="47.010562" lon="9.843220">
        <ele>2430.853954</ele>
        <time>2026-09-12T10:18:48.000Z</time>
      </trkpt>
      <trkpt lat="47.010563" lon="9.843216">
        <ele>2430.955545</ele>
        <time>2026-09-12T10:18:49.000Z</time>
      </trkpt>
      <trkpt lat="47.010569" lon="9.843211">
        <ele>2431.196880</ele>
        <time>2026-09-12T10:18:51.000Z</time>
      </trkpt>
      <trkpt lat="47.010559" lon="9.843213">
        <ele>2431.549827</ele>
        <time>2026-09-12T10:19:01.000Z</time>
      </trkpt>
      <trkpt lat="47.010559" lon="9.843213">
        <ele>2431.549827</ele>
        <time>2026-09-12T10:19:06.000Z</time>
      </trkpt>
      <trkpt lat="47.010559" lon="9.843211">
        <ele>2431.597518</ele>
        <time>2026-09-12T10:19:08.000Z</time>
      </trkpt>
      <trkpt lat="47.010563" lon="9.843202">
        <ele>2431.853692</ele>
        <time>2026-09-12T10:19:12.000Z</time>
      </trkpt>
      <trkpt lat="47.010562" lon="9.843204">
        <ele>2431.912830</ele>
        <time>2026-09-12T10:19:19.000Z</time>
      </trkpt>
      <trkpt lat="47.010566" lon="9.843201">
        <ele>2432.069945</ele>
        <time>2026-09-12T10:19:21.000Z</time>
      </trkpt>
      <trkpt lat="47.010569" lon="9.843201">
        <ele>2432.174858</ele>
        <time>2026-09-12T10:19:27.000Z</time>
      </trkpt>
      <trkpt lat="47.010568" lon="9.843201">
        <ele>2432.209830</ele>
        <time>2026-09-12T10:19:28.000Z</time>
      </trkpt>
      <trkpt lat="47.010562" lon="9.843195">
        <ele>2432.478492</ele>
        <time>2026-09-12T10:19:35.000Z</time>
      </trkpt>
      <trkpt lat="47.010556" lon="9.843192">
        <ele>2432.714279</ele>
        <time>2026-09-12T10:19:36.000Z</time>
      </trkpt>
      <trkpt lat="47.010554" lon="9.843198">
        <ele>2432.883662</ele>
        <time>2026-09-12T10:19:37.000Z</time>
      </trkpt>
      <trkpt lat="47.010552" lon="9.843200">
        <ele>2432.973701</ele>
        <time>2026-09-12T10:19:38.000Z</time>
      </trkpt>
      <trkpt lat="47.010558" lon="9.843202">
        <ele>2433.202565</ele>
        <time>2026-09-12T10:19:41.000Z</time>
      </trkpt>
      <trkpt lat="47.010559" lon="9.843205">
        <ele>2433.287257</ele>
        <time>2026-09-12T10:19:43.000Z</time>
      </trkpt>
      <trkpt lat="47.010559" lon="9.843206">
        <ele>2433.312619</ele>
        <time>2026-09-12T10:19:44.000Z</time>
      </trkpt>
      <trkpt lat="47.010553" lon="9.843189">
        <ele>2433.798112</ele>
        <time>2026-09-12T10:19:50.000Z</time>
      </trkpt>
      <trkpt lat="47.010555" lon="9.843187">
        <ele>2433.888150</ele>
        <time>2026-09-12T10:19:51.000Z</time>
      </trkpt>
      <trkpt lat="47.010564" lon="9.843184">
        <ele>2434.231447</ele>
        <time>2026-09-12T10:20:01.000Z</time>
      </trkpt>
      <trkpt lat="47.010558" lon="9.843176">
        <ele>2434.533065</ele>
        <time>2026-09-12T10:20:05.000Z</time>
      </trkpt>
      <trkpt lat="47.010562" lon="9.843176">
        <ele>2434.681847</ele>
        <time>2026-09-12T10:20:09.000Z</time>
      </trkpt>
      <trkpt lat="47.010562" lon="9.843175">
        <ele>2434.707209</ele>
        <time>2026-09-12T10:20:10.000Z</time>
      </trkpt>
      <trkpt lat="47.010564" lon="9.843184">
        <ele>2434.947286</ele>
        <time>2026-09-12T10:20:16.000Z</time>
      </trkpt>
      <trkpt lat="47.010564" lon="9.843184">
        <ele>2434.947286</ele>
        <time>2026-09-12T10:20:26.000Z</time>
      </trkpt>
      <trkpt lat="47.010562" lon="9.843175">
        <ele>2435.187362</ele>
        <time>2026-09-12T10:20:28.000Z</time>
      </trkpt>
      <trkpt lat="47.010567" lon="9.843165">
        <ele>2435.501864</ele>
        <time>2026-09-12T10:20:36.000Z</time>
      </trkpt>
      <trkpt lat="47.010570" lon="9.843164">
        <ele>2435.616296</ele>
        <time>2026-09-12T10:20:37.000Z</time>
      </trkpt>
      <trkpt lat="47.010574" lon="9.843154">
        <ele>2435.910337</ele>
        <time>2026-09-12T10:20:43.000Z</time>
      </trkpt>
      <trkpt lat="47.010577" lon="9.843151">
        <ele>2436.045396</ele>
        <time>2026-09-12T10:20:45.000Z</time>
      </trkpt>
      <trkpt lat="47.010577" lon="9.843146">
        <ele>2436.172207</ele>
        <time>2026-09-12T10:20:47.000Z</time>
      </trkpt>
      <trkpt lat="47.010571" lon="9.843137">
        <ele>2436.491438</ele>
        <time>2026-09-12T10:20:55.000Z</time>
      </trkpt>
      <trkpt lat="47.010571" lon="9.843136">
        <ele>2436.516800</ele>
        <time>2026-09-12T10:20:57.000Z</time>
      </trkpt>
      <trkpt lat="47.010568" lon="9.843143">
        <ele>2436.726491</ele>
        <time>2026-09-12T10:21:03.000Z</time>
      </trkpt>
      <trkpt lat="47.010569" lon="9.843147">
        <ele>2436.834544</ele>
        <time>2026-09-12T10:21:04.000Z</time>
      </trkpt>
      <trkpt lat="47.010564" lon="9.843143">
        <ele>2437.046391</ele>
        <time>2026-09-12T10:21:13.000Z</time>
      </trkpt>
      <trkpt lat="47.010582" lon="9.843115">
        <ele>2438.022381</ele>
        <time>2026-09-12T10:21:21.000Z</time>
      </trkpt>
      <trkpt lat="47.010583" lon="9.843117">
        <ele>2438.085281</ele>
        <time>2026-09-12T10:21:23.000Z</time>
      </trkpt>
      <trkpt lat="47.010578" lon="9.843110">
        <ele>2438.342393</ele>
        <time>2026-09-12T10:21:29.000Z</time>
      </trkpt>
      <trkpt lat="47.010580" lon="9.843121">
        <ele>2438.631125</ele>
        <time>2026-09-12T10:21:38.000Z</time>
      </trkpt>
      <trkpt lat="47.010582" lon="9.843119">
        <ele>2438.721164</ele>
        <time>2026-09-12T10:21:40.000Z</time>
      </trkpt>
      <trkpt lat="47.010584" lon="9.843120">
        <ele>2438.799759</ele>
        <time>2026-09-12T10:21:42.000Z</time>
      </trkpt>
      <trkpt lat="47.010584" lon="9.843123">
        <ele>2438.875846</ele>
        <time>2026-09-12T10:21:44.000Z</time>
      </trkpt>
      <trkpt lat="47.010584" lon="9.843122">
        <ele>2438.901208</ele>
        <time>2026-09-12T10:21:45.000Z</time>
      </trkpt>
      <trkpt lat="47.010586" lon="9.843133">
        <ele>2439.189940</ele>
        <time>2026-09-12T10:21:50.000Z</time>
      </trkpt>
      <trkpt lat="47.010589" lon="9.843133">
        <ele>2439.301526</ele>
        <time>2026-09-12T10:21:51.000Z</time>
      </trkpt>
      <trkpt lat="47.010588" lon="9.843132">
        <ele>2439.346546</ele>
        <time>2026-09-12T10:21:54.000Z</time>
      </trkpt>
      <trkpt lat="47.010588" lon="9.843132">
        <ele>2439.346546</ele>
        <time>2026-09-12T10:22:00.000Z</time>
      </trkpt>
      <trkpt lat="47.010588" lon="9.843132">
        <ele>2439.346546</ele>
        <time>2026-09-12T10:22:06.000Z</time>
      </trkpt>
      <trkpt lat="47.010588" lon="9.843132">
        <ele>2439.346546</ele>
        <time>2026-09-12T10:22:11.000Z</time>
      </trkpt>
      <trkpt lat="47.010588" lon="9.843132">
        <ele>2439.346546</ele>
        <time>2026-09-12T10:22:15.000Z</time>
      </trkpt>
      <trkpt lat="47.010588" lon="9.843132">
        <ele>2439.346546</ele>
        <time>2026-09-12T10:22:27.000Z</time>
      </trkpt>
      <trkpt lat="47.010597" lon="9.843122">
        <ele>2439.766531</ele>
        <time>2026-09-12T10:22:38.000Z</time>
      </trkpt>
      <trkpt lat="47.010588" lon="9.843132">
        <ele>2440.186516</ele>
        <time>2026-09-12T10:22:48.000Z</time>
      </trkpt>
      <trkpt lat="47.010588" lon="9.843132">
        <ele>2440.186516</ele>
        <time>2026-09-12T10:22:59.000Z</time>
      </trkpt>
      <trkpt lat="47.010596" lon="9.843121">
        <ele>2440.594409</ele>
        <time>2026-09-12T10:23:02.000Z</time>
      </trkpt>
      <trkpt lat="47.010607" lon="9.843109">
        <ele>2441.104340</ele>
        <time>2026-09-12T10:23:09.000Z</time>
      </trkpt>
      <trkpt lat="47.010607" lon="9.843109">
        <ele>2441.104340</ele>
        <time>2026-09-12T10:23:13.000Z</time>
      </trkpt>
      <trkpt lat="47.010607" lon="9.843109">
        <ele>2441.104340</ele>
        <time>2026-09-12T10:23:33.000Z</time>
      </trkpt>
      <trkpt lat="47.010607" lon="9.843109">
        <ele>2441.104340</ele>
        <time>2026-09-12T10:23:36.000Z</time>
      </trkpt>
      <trkpt lat="47.010607" lon="9.843109">
        <ele>2441.104340</ele>
        <time>2026-09-12T10:23:39.000Z</time>
      </trkpt>
      <trkpt lat="47.010607" lon="9.843109">
        <ele>2441.104340</ele>
        <time>2026-09-12T10:24:28.000Z</time>
      </trkpt>
      <trkpt lat="47.010607" lon="9.843109">
        <ele>2441.104340</ele>
        <time>2026-09-12T10:24:37.000Z</time>
      </trkpt>
      <trkpt lat="47.010607" lon="9.843109">
        <ele>2441.104340</ele>
        <time>2026-09-12T10:25:16.000Z</time>
      </trkpt>
      <trkpt lat="47.010607" lon="9.843109">
        <ele>2441.104340</ele>
        <time>2026-09-12T10:25:20.000Z</time>
      </trkpt>
      <trkpt lat="47.010607" lon="9.843109">
        <ele>2441.104340</ele>
        <time>2026-09-12T10:25:39.000Z</time>
      </trkpt>
      <trkpt lat="47.010607" lon="9.843109">
        <ele>2441.104340</ele>
        <time>2026-09-12T10:25:41.000Z</time>
      </trkpt>
      <trkpt lat="47.010607" lon="9.843109">
        <ele>2441.104340</ele>
        <time>2026-09-12T10:26:01.000Z</time>
      </trkpt>
      <trkpt lat="47.010607" lon="9.843109">
        <ele>2441.104340</ele>
        <time>2026-09-12T10:26:15.000Z</time>
      </trkpt>
      <trkpt lat="47.010607" lon="9.843109">
        <ele>2441.104340</ele>
        <time>2026-09-12T10:26:48.000Z</time>
      </trkpt>
      <trkpt lat="47.010607" lon="9.843109">
        <ele>2441.104340</ele>
        <time>2026-09-12T10:27:00.000Z</time>
      </trkpt>
      <trkpt lat="47.010612" lon="9.843100">
        <ele>2441.398772</ele>
        <time>2026-09-12T10:27:18.000Z</time>
      </trkpt>
      <trkpt lat="47.010618" lon="9.843091">
        <ele>2441.718003</ele>
        <time>2026-09-12T10:27:25.000Z</time>
      </trkpt>
      <trkpt lat="47.010633" lon="9.843081">
        <ele>2442.330875</ele>
        <time>2026-09-12T10:27:32.000Z</time>
      </trkpt>
      <trkpt lat="47.010637" lon="9.843081">
        <ele>2442.479656</ele>
        <time>2026-09-12T10:27:36.000Z</time>
      </trkpt>
      <trkpt lat="47.010638" lon="9.843077">
        <ele>2442.587709</ele>
        <time>2026-09-12T10:27:38.000Z</time>
      </trkpt>
      <trkpt lat="47.010636" lon="9.843076">
        <ele>2442.666304</ele>
        <time>2026-09-12T10:27:39.000Z</time>
      </trkpt>
      <trkpt lat="47.010633" lon="9.843072">
        <ele>2442.817113</ele>
        <time>2026-09-12T10:27:41.000Z</time>
      </trkpt>
      <trkpt lat="47.010629" lon="9.843075">
        <ele>2442.984222</ele>
        <time>2026-09-12T10:27:44.000Z</time>
      </trkpt>
      <trkpt lat="47.010625" lon="9.843069">
        <ele>2443.197042</ele>
        <time>2026-09-12T10:27:52.000Z</time>
      </trkpt>
      <trkpt lat="47.010631" lon="9.843067">
        <ele>2443.425907</ele>
        <time>2026-09-12T10:27:58.000Z</time>
      </trkpt>
      <trkpt lat="47.010631" lon="9.843069">
        <ele>2443.476631</ele>
        <time>2026-09-12T10:28:05.000Z</time>
      </trkpt>
      <trkpt lat="47.010631" lon="9.843071">
        <ele>2443.527356</ele>
        <time>2026-09-12T10:28:07.000Z</time>
      </trkpt>
      <trkpt lat="47.010630" lon="9.843071">
        <ele>2443.564551</ele>
        <time>2026-09-12T10:28:11.000Z</time>
      </trkpt>
      <trkpt lat="47.010624" lon="9.843070">
        <ele>2443.789160</ele>
        <time>2026-09-12T10:28:19.000Z</time>
      </trkpt>
      <trkpt lat="47.010624" lon="9.843070">
        <ele>2443.789160</ele>
        <time>2026-09-12T10:28:21.000Z</time>
      </trkpt>
      <trkpt lat="47.010626" lon="9.843073">
        <ele>2443.895571</ele>
        <time>2026-09-12T10:28:22.000Z</time>
      </trkpt>
      <trkpt lat="47.010629" lon="9.843074">
        <ele>2444.010003</ele>
        <time>2026-09-12T10:28:23.000Z</time>
      </trkpt>
      <trkpt lat="47.010647" lon="9.843078">
        <ele>2444.687163</ele>
        <time>2026-09-12T10:28:28.000Z</time>
      </trkpt>
      <trkpt lat="47.010653" lon="9.843065">
        <ele>2445.085301</ele>
        <time>2026-09-12T10:28:34.000Z</time>
      </trkpt>
      <trkpt lat="47.010652" lon="9.843064">
        <ele>2445.130320</ele>
        <time>2026-09-12T10:28:35.000Z</time>
      </trkpt>
      <trkpt lat="47.010649" lon="9.843067">
        <ele>2445.265378</ele>
        <time>2026-09-12T10:28:38.000Z</time>
      </trkpt>
      <trkpt lat="47.010646" lon="9.843068">
        <ele>2445.379810</ele>
        <time>2026-09-12T10:28:44.000Z</time>
      </trkpt>
      <trkpt lat="47.010634" lon="9.843065">
        <ele>2445.832594</ele>
        <time>2026-09-12T10:28:52.000Z</time>
      </trkpt>
      <trkpt lat="47.010633" lon="9.843062">
        <ele>2445.917286</ele>
        <time>2026-09-12T10:28:55.000Z</time>
      </trkpt>
      <trkpt lat="47.010639" lon="9.843048">
        <ele>2446.336668</ele>
        <time>2026-09-12T10:29:03.000Z</time>
      </trkpt>
      <trkpt lat="47.010640" lon="9.843052">
        <ele>2446.444720</ele>
        <time>2026-09-12T10:29:04.000Z</time>
      </trkpt>
      <trkpt lat="47.010641" lon="9.843055">
        <ele>2446.529412</ele>
        <time>2026-09-12T10:29:08.000Z</time>
      </trkpt>
      <trkpt lat="47.010641" lon="9.843063">
        <ele>2446.732309</ele>
        <time>2026-09-12T10:29:12.000Z</time>
      </trkpt>
      <trkpt lat="47.010646" lon="9.843056">
        <ele>2446.989420</ele>
        <time>2026-09-12T10:29:23.000Z</time>
      </trkpt>
      <trkpt lat="47.010652" lon="9.843055">
        <ele>2447.214030</ele>
        <time>2026-09-12T10:29:31.000Z</time>
      </trkpt>
      <trkpt lat="47.010641" lon="9.843055">
        <ele>2447.623179</ele>
        <time>2026-09-12T10:29:33.000Z</time>
      </trkpt>
      <trkpt lat="47.010652" lon="9.843059">
        <ele>2448.044719</ele>
        <time>2026-09-12T10:29:42.000Z</time>
      </trkpt>
      <trkpt lat="47.010663" lon="9.843065">
        <ele>2448.481251</ele>
        <time>2026-09-12T10:29:51.000Z</time>
      </trkpt>
      <trkpt lat="47.010668" lon="9.843067">
        <ele>2448.674021</ele>
        <time>2026-09-12T10:29:57.000Z</time>
      </trkpt>
      <trkpt lat="47.010672" lon="9.843071">
        <ele>2448.854099</ele>
        <time>2026-09-12T10:29:58.000Z</time>
      </trkpt>
      <trkpt lat="47.010647" lon="9.843078">
        <ele>2449.800780</ele>
        <time>2026-09-12T10:30:10.000Z</time>
      </trkpt>
      <trkpt lat="47.010669" lon="9.843106">
        <ele>2450.884254</ele>
        <time>2026-09-12T10:30:20.000Z</time>
      </trkpt>
      <trkpt lat="47.010673" lon="9.843108">
        <ele>2451.041444</ele>
        <time>2026-09-12T10:30:21.000Z</time>
      </trkpt>
      <trkpt lat="47.010680" lon="9.843108">
        <ele>2451.301813</ele>
        <time>2026-09-12T10:30:24.000Z</time>
      </trkpt>
      <trkpt lat="47.010682" lon="9.843104">
        <ele>2451.427613</ele>
        <time>2026-09-12T10:30:29.000Z</time>
      </trkpt>
      <trkpt lat="47.010699" lon="9.843114">
        <ele>2452.108903</ele>
        <time>2026-09-12T10:30:34.000Z</time>
      </trkpt>
      <trkpt lat="47.010702" lon="9.843114">
        <ele>2452.220489</ele>
        <time>2026-09-12T10:30:35.000Z</time>
      </trkpt>
      <trkpt lat="47.010707" lon="9.843118">
        <ele>2452.432337</ele>
        <time>2026-09-12T10:30:36.000Z</time>
      </trkpt>
      <trkpt lat="47.010706" lon="9.843116">
        <ele>2452.495237</ele>
        <time>2026-09-12T10:30:38.000Z</time>
      </trkpt>
      <trkpt lat="47.010706" lon="9.843115">
        <ele>2452.520599</ele>
        <time>2026-09-12T10:30:39.000Z</time>
      </trkpt>
      <trkpt lat="47.010709" lon="9.843114">
        <ele>2452.635031</ele>
        <time>2026-09-12T10:30:41.000Z</time>
      </trkpt>
      <trkpt lat="47.010713" lon="9.843115">
        <ele>2452.785959</ele>
        <time>2026-09-12T10:30:43.000Z</time>
      </trkpt>
      <trkpt lat="47.010727" lon="9.843081">
        <ele>2453.793307</ele>
        <time>2026-09-12T10:30:49.000Z</time>
      </trkpt>
      <trkpt lat="47.010727" lon="9.843074">
        <ele>2453.970842</ele>
        <time>2026-09-12T10:30:51.000Z</time>
      </trkpt>
      <trkpt lat="47.010734" lon="9.843064">
        <ele>2454.334319</ele>
        <time>2026-09-12T10:30:55.000Z</time>
      </trkpt>
      <trkpt lat="47.010736" lon="9.843069">
        <ele>2454.481339</ele>
        <time>2026-09-12T10:31:00.000Z</time>
      </trkpt>
      <trkpt lat="47.010737" lon="9.843070">
        <ele>2454.526358</ele>
        <time>2026-09-12T10:31:12.000Z</time>
      </trkpt>
      <trkpt lat="47.010735" lon="9.843067">
        <ele>2454.632768</ele>
        <time>2026-09-12T10:31:16.000Z</time>
      </trkpt>
      <trkpt lat="47.010745" lon="9.843058">
        <ele>2455.069177</ele>
        <time>2026-09-12T10:31:20.000Z</time>
      </trkpt>
      <trkpt lat="47.010755" lon="9.843053">
        <ele>2455.462154</ele>
        <time>2026-09-12T10:31:23.000Z</time>
      </trkpt>
      <trkpt lat="47.010756" lon="9.843049">
        <ele>2455.570206</ele>
        <time>2026-09-12T10:31:26.000Z</time>
      </trkpt>
      <trkpt lat="47.010760" lon="9.843031">
        <ele>2456.050357</ele>
        <time>2026-09-12T10:31:32.000Z</time>
      </trkpt>
      <trkpt lat="47.010764" lon="9.843022">
        <ele>2456.322824</ele>
        <time>2026-09-12T10:31:34.000Z</time>
      </trkpt>
      <trkpt lat="47.010771" lon="9.842999">
        <ele>2456.961623</ele>
        <time>2026-09-12T10:31:39.000Z</time>
      </trkpt>
      <trkpt lat="47.010768" lon="9.843003">
        <ele>2457.112432</ele>
        <time>2026-09-12T10:31:41.000Z</time>
      </trkpt>
      <trkpt lat="47.010768" lon="9.843004">
        <ele>2457.137794</ele>
        <time>2026-09-12T10:31:49.000Z</time>
      </trkpt>
      <trkpt lat="47.010768" lon="9.843004">
        <ele>2457.137794</ele>
        <time>2026-09-12T10:31:52.000Z</time>
      </trkpt>
      <trkpt lat="47.010768" lon="9.843004">
        <ele>2457.137794</ele>
        <time>2026-09-12T10:31:57.000Z</time>
      </trkpt>
      <trkpt lat="47.010768" lon="9.843004">
        <ele>2457.137794</ele>
        <time>2026-09-12T10:32:00.000Z</time>
      </trkpt>
      <trkpt lat="47.010768" lon="9.843004">
        <ele>2457.137794</ele>
        <time>2026-09-12T10:32:03.000Z</time>
      </trkpt>
      <trkpt lat="47.010770" lon="9.843005">
        <ele>2457.216389</ele>
        <time>2026-09-12T10:32:07.000Z</time>
      </trkpt>
      <trkpt lat="47.010779" lon="9.843001">
        <ele>2457.566182</ele>
        <time>2026-09-12T10:32:10.000Z</time>
      </trkpt>
      <trkpt lat="47.010783" lon="9.843001">
        <ele>2457.714964</ele>
        <time>2026-09-12T10:32:14.000Z</time>
      </trkpt>
      <trkpt lat="47.010788" lon="9.843003">
        <ele>2457.907735</ele>
        <time>2026-09-12T10:32:19.000Z</time>
      </trkpt>
      <trkpt lat="47.010789" lon="9.843001">
        <ele>2457.970635</ele>
        <time>2026-09-12T10:32:25.000Z</time>
      </trkpt>
      <trkpt lat="47.010795" lon="9.842999">
        <ele>2458.199499</ele>
        <time>2026-09-12T10:32:29.000Z</time>
      </trkpt>
      <trkpt lat="47.010799" lon="9.842999">
        <ele>2458.348281</ele>
        <time>2026-09-12T10:32:33.000Z</time>
      </trkpt>
      <trkpt lat="47.010798" lon="9.842998">
        <ele>2458.393300</ele>
        <time>2026-09-12T10:32:41.000Z</time>
      </trkpt>
      <trkpt lat="47.010797" lon="9.843001">
        <ele>2458.477992</ele>
        <time>2026-09-12T10:32:43.000Z</time>
      </trkpt>
      <trkpt lat="47.010788" lon="9.843003">
        <ele>2458.816572</ele>
        <time>2026-09-12T10:32:46.000Z</time>
      </trkpt>
      <trkpt lat="47.010799" lon="9.843001">
        <ele>2459.228854</ele>
        <time>2026-09-12T10:32:52.000Z</time>
      </trkpt>
      <trkpt lat="47.010816" lon="9.843001">
        <ele>2459.861177</ele>
        <time>2026-09-12T10:32:55.000Z</time>
      </trkpt>
      <trkpt lat="47.010817" lon="9.842997">
        <ele>2459.969229</ele>
        <time>2026-09-12T10:32:59.000Z</time>
      </trkpt>
      <trkpt lat="47.010831" lon="9.842991">
        <ele>2460.511744</ele>
        <time>2026-09-12T10:33:06.000Z</time>
      </trkpt>
      <trkpt lat="47.010836" lon="9.842976">
        <ele>2460.935200</ele>
        <time>2026-09-12T10:33:16.000Z</time>
      </trkpt>
      <trkpt lat="47.010833" lon="9.842964">
        <ele>2461.259357</ele>
        <time>2026-09-12T10:33:24.000Z</time>
      </trkpt>
      <trkpt lat="47.010843" lon="9.842948">
        <ele>2461.809828</ele>
        <time>2026-09-12T10:33:31.000Z</time>
      </trkpt>
      <trkpt lat="47.010847" lon="9.842935">
        <ele>2462.171550</ele>
        <time>2026-09-12T10:33:33.000Z</time>
      </trkpt>
      <trkpt lat="47.010833" lon="9.842918">
        <ele>2462.847613</ele>
        <time>2026-09-12T10:33:37.000Z</time>
      </trkpt>
      <trkpt lat="47.010829" lon="9.842915">
        <ele>2463.014721</ele>
        <time>2026-09-12T10:33:38.000Z</time>
      </trkpt>
      <trkpt lat="47.010811" lon="9.842876">
        <ele>2464.209131</ele>
        <time>2026-09-12T10:33:43.000Z</time>
      </trkpt>
      <trkpt lat="47.010810" lon="9.842854">
        <ele>2464.768335</ele>
        <time>2026-09-12T10:33:47.000Z</time>
      </trkpt>
      <trkpt lat="47.010811" lon="9.842835">
        <ele>2465.251648</ele>
        <time>2026-09-12T10:33:49.000Z</time>
      </trkpt>
      <trkpt lat="47.010807" lon="9.842842">
        <ele>2465.483283</ele>
        <time>2026-09-12T10:33:57.000Z</time>
      </trkpt>
      <trkpt lat="47.010810" lon="9.842829">
        <ele>2465.831361</ele>
        <time>2026-09-12T10:34:04.000Z</time>
      </trkpt>
      <trkpt lat="47.010812" lon="9.842823">
        <ele>2466.000744</ele>
        <time>2026-09-12T10:34:08.000Z</time>
      </trkpt>
      <trkpt lat="47.010812" lon="9.842824">
        <ele>2466.026106</ele>
        <time>2026-09-12T10:34:09.000Z</time>
      </trkpt>
      <trkpt lat="47.010812" lon="9.842824">
        <ele>2466.026106</ele>
        <time>2026-09-12T10:34:12.000Z</time>
      </trkpt>
      <trkpt lat="47.010811" lon="9.842820">
        <ele>2466.134158</ele>
        <time>2026-09-12T10:34:19.000Z</time>
      </trkpt>
      <trkpt lat="47.010812" lon="9.842824">
        <ele>2466.242210</ele>
        <time>2026-09-12T10:34:26.000Z</time>
      </trkpt>
      <trkpt lat="47.010812" lon="9.842824">
        <ele>2466.242210</ele>
        <time>2026-09-12T10:34:31.000Z</time>
      </trkpt>
      <trkpt lat="47.010812" lon="9.842824">
        <ele>2466.242210</ele>
        <time>2026-09-12T10:34:38.000Z</time>
      </trkpt>
      <trkpt lat="47.010805" lon="9.842822">
        <ele>2466.507473</ele>
        <time>2026-09-12T10:34:43.000Z</time>
      </trkpt>
      <trkpt lat="47.010803" lon="9.842825">
        <ele>2466.613884</ele>
        <time>2026-09-12T10:34:46.000Z</time>
      </trkpt>
      <trkpt lat="47.010808" lon="9.842830">
        <ele>2466.838980</ele>
        <time>2026-09-12T10:34:50.000Z</time>
      </trkpt>
      <trkpt lat="47.010805" lon="9.842831">
        <ele>2466.953412</ele>
        <time>2026-09-12T10:34:52.000Z</time>
      </trkpt>
      <trkpt lat="47.010808" lon="9.842835">
        <ele>2467.104221</ele>
        <time>2026-09-12T10:34:56.000Z</time>
      </trkpt>
      <trkpt lat="47.010812" lon="9.842824">
        <ele>2467.420397</ele>
        <time>2026-09-12T10:34:58.000Z</time>
      </trkpt>
      <trkpt lat="47.010812" lon="9.842824">
        <ele>2467.420397</ele>
        <time>2026-09-12T10:35:08.000Z</time>
      </trkpt>
      <trkpt lat="47.010812" lon="9.842824">
        <ele>2467.420397</ele>
        <time>2026-09-12T10:35:23.000Z</time>
      </trkpt>
      <trkpt lat="47.010812" lon="9.842824">
        <ele>2467.420397</ele>
        <time>2026-09-12T10:35:26.000Z</time>
      </trkpt>
      <trkpt lat="47.010813" lon="9.842837">
        <ele>2467.752196</ele>
        <time>2026-09-12T10:35:41.000Z</time>
      </trkpt>
      <trkpt lat="47.010816" lon="9.842845">
        <ele>2467.983753</ele>
        <time>2026-09-12T10:35:45.000Z</time>
      </trkpt>
      <trkpt lat="47.010813" lon="9.842848">
        <ele>2468.118811</ele>
        <time>2026-09-12T10:35:56.000Z</time>
      </trkpt>
      <trkpt lat="47.010816" lon="9.842849">
        <ele>2468.233243</ele>
        <time>2026-09-12T10:35:58.000Z</time>
      </trkpt>
      <trkpt lat="47.010809" lon="9.842843">
        <ele>2468.534819</ele>
        <time>2026-09-12T10:36:07.000Z</time>
      </trkpt>
      <trkpt lat="47.010809" lon="9.842843">
        <ele>2468.534819</ele>
        <time>2026-09-12T10:36:08.000Z</time>
      </trkpt>
      <trkpt lat="47.010800" lon="9.842833">
        <ele>2468.954804</ele>
        <time>2026-09-12T10:36:14.000Z</time>
      </trkpt>
      <trkpt lat="47.010799" lon="9.842833">
        <ele>2468.991999</ele>
        <time>2026-09-12T10:36:15.000Z</time>
      </trkpt>
      <trkpt lat="47.010800" lon="9.842834">
        <ele>2469.037018</ele>
        <time>2026-09-12T10:36:16.000Z</time>
      </trkpt>
      <trkpt lat="47.010802" lon="9.842835">
        <ele>2469.115614</ele>
        <time>2026-09-12T10:36:17.000Z</time>
      </trkpt>
      <trkpt lat="47.010804" lon="9.842836">
        <ele>2469.194209</ele>
        <time>2026-09-12T10:36:18.000Z</time>
      </trkpt>
      <trkpt lat="47.010804" lon="9.842833">
        <ele>2469.270296</ele>
        <time>2026-09-12T10:36:22.000Z</time>
      </trkpt>
      <trkpt lat="47.010808" lon="9.842827">
        <ele>2469.483116</ele>
        <time>2026-09-12T10:36:26.000Z</time>
      </trkpt>
      <trkpt lat="47.010813" lon="9.842825">
        <ele>2469.675886</ele>
        <time>2026-09-12T10:36:32.000Z</time>
      </trkpt>
      <trkpt lat="47.010817" lon="9.842822">
        <ele>2469.842995</ele>
        <time>2026-09-12T10:36:40.000Z</time>
      </trkpt>
      <trkpt lat="47.010817" lon="9.842821">
        <ele>2469.868357</ele>
        <time>2026-09-12T10:36:45.000Z</time>
      </trkpt>
      <trkpt lat="47.010817" lon="9.842821">
        <ele>2469.868357</ele>
        <time>2026-09-12T10:37:11.000Z</time>
      </trkpt>
      <trkpt lat="47.010817" lon="9.842821">
        <ele>2469.868357</ele>
        <time>2026-09-12T10:37:15.000Z</time>
      </trkpt>
      <trkpt lat="47.010817" lon="9.842821">
        <ele>2469.868357</ele>
        <time>2026-09-12T10:37:18.000Z</time>
      </trkpt>
      <trkpt lat="47.010817" lon="9.842821">
        <ele>2469.868357</ele>
        <time>2026-09-12T10:37:25.000Z</time>
      </trkpt>
      <trkpt lat="47.010817" lon="9.842821">
        <ele>2469.868357</ele>
        <time>2026-09-12T10:37:26.000Z</time>
      </trkpt>
      <trkpt lat="47.010817" lon="9.842821">
        <ele>2469.868357</ele>
        <time>2026-09-12T10:37:34.000Z</time>
      </trkpt>
      <trkpt lat="47.010817" lon="9.842821">
        <ele>2469.868357</ele>
        <time>2026-09-12T10:37:36.000Z</time>
      </trkpt>
      <trkpt lat="47.010817" lon="9.842821">
        <ele>2469.868357</ele>
        <time>2026-09-12T10:37:37.000Z</time>
      </trkpt>
      <trkpt lat="47.010813" lon="9.842839">
        <ele>2470.348507</ele>
        <time>2026-09-12T10:37:48.000Z</time>
      </trkpt>
      <trkpt lat="47.010812" lon="9.842843">
        <ele>2470.456559</ele>
        <time>2026-09-12T10:37:51.000Z</time>
      </trkpt>
      <trkpt lat="47.010813" lon="9.842850">
        <ele>2470.637948</ele>
        <time>2026-09-12T10:37:54.000Z</time>
      </trkpt>
      <trkpt lat="47.010811" lon="9.842848">
        <ele>2470.727987</ele>
        <time>2026-09-12T10:38:03.000Z</time>
      </trkpt>
      <trkpt lat="47.010811" lon="9.842848">
        <ele>2470.727987</ele>
        <time>2026-09-12T10:38:10.000Z</time>
      </trkpt>
      <trkpt lat="47.010811" lon="9.842848">
        <ele>2470.727987</ele>
        <time>2026-09-12T10:38:12.000Z</time>
      </trkpt>
      <trkpt lat="47.010811" lon="9.842848">
        <ele>2470.727987</ele>
        <time>2026-09-12T10:38:22.000Z</time>
      </trkpt>
      <trkpt lat="47.010809" lon="9.842861">
        <ele>2471.065982</ele>
        <time>2026-09-12T10:38:25.000Z</time>
      </trkpt>
      <trkpt lat="47.010812" lon="9.842865">
        <ele>2471.216791</ele>
        <time>2026-09-12T10:38:29.000Z</time>
      </trkpt>
      <trkpt lat="47.010810" lon="9.842865">
        <ele>2471.291182</ele>
        <time>2026-09-12T10:38:30.000Z</time>
      </trkpt>
      <trkpt lat="47.010807" lon="9.842865">
        <ele>2471.402768</ele>
        <time>2026-09-12T10:38:33.000Z</time>
      </trkpt>
      <trkpt lat="47.010811" lon="9.842848">
        <ele>2471.858873</ele>
        <time>2026-09-12T10:38:42.000Z</time>
      </trkpt>
      <trkpt lat="47.010811" lon="9.842848">
        <ele>2471.858873</ele>
        <time>2026-09-12T10:38:44.000Z</time>
      </trkpt>
      <trkpt lat="47.010811" lon="9.842848">
        <ele>2471.858873</ele>
        <time>2026-09-12T10:38:59.000Z</time>
      </trkpt>
      <trkpt lat="47.010813" lon="9.842828">
        <ele>2472.371541</ele>
        <time>2026-09-12T10:39:05.000Z</time>
      </trkpt>
      <trkpt lat="47.010813" lon="9.842828">
        <ele>2472.371541</ele>
        <time>2026-09-12T10:39:14.000Z</time>
      </trkpt>
      <trkpt lat="47.010808" lon="9.842843">
        <ele>2472.794997</ele>
        <time>2026-09-12T10:39:32.000Z</time>
      </trkpt>
      <trkpt lat="47.010811" lon="9.842856">
        <ele>2473.143075</ele>
        <time>2026-09-12T10:39:41.000Z</time>
      </trkpt>
      <trkpt lat="47.010816" lon="9.842845">
        <ele>2473.478365</ele>
        <time>2026-09-12T10:39:48.000Z</time>
      </trkpt>
      <trkpt lat="47.010816" lon="9.842840">
        <ele>2473.605175</ele>
        <time>2026-09-12T10:39:52.000Z</time>
      </trkpt>
      <trkpt lat="47.010816" lon="9.842839">
        <ele>2473.630537</ele>
        <time>2026-09-12T10:39:53.000Z</time>
      </trkpt>
      <trkpt lat="47.010820" lon="9.842852">
        <ele>2473.992260</ele>
        <time>2026-09-12T10:40:08.000Z</time>
      </trkpt>
      <trkpt lat="47.010823" lon="9.842852">
        <ele>2474.103846</ele>
        <time>2026-09-12T10:40:15.000Z</time>
      </trkpt>
      <trkpt lat="47.010823" lon="9.842852">
        <ele>2474.103846</ele>
        <time>2026-09-12T10:40:20.000Z</time>
      </trkpt>
      <trkpt lat="47.010823" lon="9.842852">
        <ele>2474.103846</ele>
        <time>2026-09-12T10:40:21.000Z</time>
      </trkpt>
      <trkpt lat="47.010823" lon="9.842852">
        <ele>2474.103846</ele>
        <time>2026-09-12T10:40:23.000Z</time>
      </trkpt>
      <trkpt lat="47.010823" lon="9.842852">
        <ele>2474.103846</ele>
        <time>2026-09-12T10:40:31.000Z</time>
      </trkpt>
      <trkpt lat="47.010823" lon="9.842852">
        <ele>2474.103846</ele>
        <time>2026-09-12T10:40:41.000Z</time>
      </trkpt>
      <trkpt lat="47.010823" lon="9.842852">
        <ele>2474.103846</ele>
        <time>2026-09-12T10:40:54.000Z</time>
      </trkpt>
      <trkpt lat="47.010823" lon="9.842852">
        <ele>2474.103846</ele>
        <time>2026-09-12T10:41:03.000Z</time>
      </trkpt>
      <trkpt lat="47.010823" lon="9.842852">
        <ele>2474.103846</ele>
        <time>2026-09-12T10:41:21.000Z</time>
      </trkpt>
      <trkpt lat="47.010823" lon="9.842852">
        <ele>2474.103846</ele>
        <time>2026-09-12T10:41:29.000Z</time>
      </trkpt>
      <trkpt lat="47.010819" lon="9.842842">
        <ele>2474.397886</ele>
        <time>2026-09-12T10:41:36.000Z</time>
      </trkpt>
      <trkpt lat="47.010818" lon="9.842843">
        <ele>2474.442905</ele>
        <time>2026-09-12T10:41:37.000Z</time>
      </trkpt>
      <trkpt lat="47.010818" lon="9.842834">
        <ele>2474.671164</ele>
        <time>2026-09-12T10:41:43.000Z</time>
      </trkpt>
      <trkpt lat="47.010817" lon="9.842835">
        <ele>2474.716183</ele>
        <time>2026-09-12T10:41:46.000Z</time>
      </trkpt>
      <trkpt lat="47.010814" lon="9.842834">
        <ele>2474.830616</ele>
        <time>2026-09-12T10:41:48.000Z</time>
      </trkpt>
      <trkpt lat="47.010814" lon="9.842835">
        <ele>2474.855978</ele>
        <time>2026-09-12T10:41:49.000Z</time>
      </trkpt>
      <trkpt lat="47.010813" lon="9.842841">
        <ele>2475.012630</ele>
        <time>2026-09-12T10:42:01.000Z</time>
      </trkpt>
      <trkpt lat="47.010816" lon="9.842845">
        <ele>2475.163439</ele>
        <time>2026-09-12T10:42:08.000Z</time>
      </trkpt>
      <trkpt lat="47.010823" lon="9.842852">
        <ele>2475.478574</ele>
        <time>2026-09-12T10:42:12.000Z</time>
      </trkpt>
      <trkpt lat="47.010823" lon="9.842852">
        <ele>2475.478574</ele>
        <time>2026-09-12T10:42:23.000Z</time>
      </trkpt>
      <trkpt lat="47.010826" lon="9.842847">
        <ele>2475.647489</ele>
        <time>2026-09-12T10:42:29.000Z</time>
      </trkpt>
      <trkpt lat="47.010822" lon="9.842856">
        <ele>2475.919956</ele>
        <time>2026-09-12T10:42:32.000Z</time>
      </trkpt>
      <trkpt lat="47.010823" lon="9.842863">
        <ele>2476.101345</ele>
        <time>2026-09-12T10:42:35.000Z</time>
      </trkpt>
      <trkpt lat="47.010804" lon="9.842837">
        <ele>2477.067922</ele>
        <time>2026-09-12T10:42:43.000Z</time>
      </trkpt>
      <trkpt lat="47.010805" lon="9.842824">
        <ele>2477.399721</ele>
        <time>2026-09-12T10:42:57.000Z</time>
      </trkpt>
      <trkpt lat="47.010802" lon="9.842819">
        <ele>2477.568636</ele>
        <time>2026-09-12T10:43:01.000Z</time>
      </trkpt>
      <trkpt lat="47.010800" lon="9.842816">
        <ele>2477.675046</ele>
        <time>2026-09-12T10:43:07.000Z</time>
      </trkpt>
      <trkpt lat="47.010806" lon="9.842817">
        <ele>2477.899656</ele>
        <time>2026-09-12T10:43:16.000Z</time>
      </trkpt>
      <trkpt lat="47.010807" lon="9.842820">
        <ele>2477.984347</ele>
        <time>2026-09-12T10:43:19.000Z</time>
      </trkpt>
      <trkpt lat="47.010805" lon="9.842824">
        <ele>2478.110147</ele>
        <time>2026-09-12T10:43:29.000Z</time>
      </trkpt>
      <trkpt lat="47.010805" lon="9.842824">
        <ele>2478.110147</ele>
        <time>2026-09-12T10:43:31.000Z</time>
      </trkpt>
      <trkpt lat="47.010805" lon="9.842824">
        <ele>2478.110147</ele>
        <time>2026-09-12T10:43:38.000Z</time>
      </trkpt>
      <trkpt lat="47.010808" lon="9.842831">
        <ele>2478.319838</ele>
        <time>2026-09-12T10:43:43.000Z</time>
      </trkpt>
      <trkpt lat="47.010811" lon="9.842835">
        <ele>2478.470647</ele>
        <time>2026-09-12T10:43:45.000Z</time>
      </trkpt>
      <trkpt lat="47.010813" lon="9.842835">
        <ele>2478.545037</ele>
        <time>2026-09-12T10:43:46.000Z</time>
      </trkpt>
      <trkpt lat="47.010819" lon="9.842843">
        <ele>2478.846655</ele>
        <time>2026-09-12T10:43:49.000Z</time>
      </trkpt>
      <trkpt lat="47.010805" lon="9.842824">
        <ele>2479.556144</ele>
        <time>2026-09-12T10:43:57.000Z</time>
      </trkpt>
      <trkpt lat="47.010805" lon="9.842824">
        <ele>2479.556144</ele>
        <time>2026-09-12T10:44:05.000Z</time>
      </trkpt>
      <trkpt lat="47.010810" lon="9.842840">
        <ele>2480.002525</ele>
        <time>2026-09-12T10:44:14.000Z</time>
      </trkpt>
      <trkpt lat="47.010811" lon="9.842839">
        <ele>2480.047544</ele>
        <time>2026-09-12T10:44:19.000Z</time>
      </trkpt>
      <trkpt lat="47.010808" lon="9.842839">
        <ele>2480.159130</ele>
        <time>2026-09-12T10:44:30.000Z</time>
      </trkpt>
      <trkpt lat="47.010815" lon="9.842845">
        <ele>2480.460706</ele>
        <time>2026-09-12T10:44:36.000Z</time>
      </trkpt>
      <trkpt lat="47.010818" lon="9.842844">
        <ele>2480.575138</ele>
        <time>2026-09-12T10:44:38.000Z</time>
      </trkpt>
      <trkpt lat="47.010819" lon="9.842847">
        <ele>2480.659830</ele>
        <time>2026-09-12T10:44:41.000Z</time>
      </trkpt>
      <trkpt lat="47.010805" lon="9.842841">
        <ele>2481.202345</ele>
        <time>2026-09-12T10:44:54.000Z</time>
      </trkpt>
      <trkpt lat="47.010804" lon="9.842840">
        <ele>2481.247364</ele>
        <time>2026-09-12T10:44:55.000Z</time>
      </trkpt>
      <trkpt lat="47.010799" lon="9.842842">
        <ele>2481.440135</ele>
        <time>2026-09-12T10:45:03.000Z</time>
      </trkpt>
      <trkpt lat="47.010805" lon="9.842824">
        <ele>2481.948283</ele>
        <time>2026-09-12T10:45:04.000Z</time>
      </trkpt>
      <trkpt lat="47.010805" lon="9.842824">
        <ele>2481.948283</ele>
        <time>2026-09-12T10:45:17.000Z</time>
      </trkpt>
      <trkpt lat="47.010808" lon="9.842824">
        <ele>2482.059869</ele>
        <time>2026-09-12T10:45:23.000Z</time>
      </trkpt>
      <trkpt lat="47.010814" lon="9.842816">
        <ele>2482.361486</ele>
        <time>2026-09-12T10:45:24.000Z</time>
      </trkpt>
      <trkpt lat="47.010825" lon="9.842812">
        <ele>2482.783026</ele>
        <time>2026-09-12T10:45:29.000Z</time>
      </trkpt>
      <trkpt lat="47.010825" lon="9.842802">
        <ele>2483.036647</ele>
        <time>2026-09-12T10:45:33.000Z</time>
      </trkpt>
      <trkpt lat="47.010825" lon="9.842801">
        <ele>2483.062009</ele>
        <time>2026-09-12T10:45:34.000Z</time>
      </trkpt>
      <trkpt lat="47.010828" lon="9.842797">
        <ele>2483.212817</ele>
        <time>2026-09-12T10:45:36.000Z</time>
      </trkpt>
      <trkpt lat="47.010834" lon="9.842793">
        <ele>2483.457966</ele>
        <time>2026-09-12T10:45:39.000Z</time>
      </trkpt>
      <trkpt lat="47.010839" lon="9.842791">
        <ele>2483.650736</ele>
        <time>2026-09-12T10:45:41.000Z</time>
      </trkpt>
      <trkpt lat="47.010843" lon="9.842788">
        <ele>2483.817845</ele>
        <time>2026-09-12T10:45:43.000Z</time>
      </trkpt>
      <trkpt lat="47.010845" lon="9.842787">
        <ele>2483.896440</ele>
        <time>2026-09-12T10:45:44.000Z</time>
      </trkpt>
      <trkpt lat="47.010851" lon="9.842782">
        <ele>2484.153124</ele>
        <time>2026-09-12T10:45:48.000Z</time>
      </trkpt>
      <trkpt lat="47.010847" lon="9.842775">
        <ele>2484.384759</ele>
        <time>2026-09-12T10:45:53.000Z</time>
      </trkpt>
      <trkpt lat="47.010845" lon="9.842774">
        <ele>2484.463354</ele>
        <time>2026-09-12T10:45:54.000Z</time>
      </trkpt>
      <trkpt lat="47.010851" lon="9.842779">
        <ele>2484.720039</ele>
        <time>2026-09-12T10:46:00.000Z</time>
      </trkpt>
      <trkpt lat="47.010856" lon="9.842779">
        <ele>2484.906016</ele>
        <time>2026-09-12T10:46:08.000Z</time>
      </trkpt>
      <trkpt lat="47.010855" lon="9.842780">
        <ele>2484.951035</ele>
        <time>2026-09-12T10:46:09.000Z</time>
      </trkpt>
      <trkpt lat="47.010851" lon="9.842779">
        <ele>2485.101963</ele>
        <time>2026-09-12T10:46:10.000Z</time>
      </trkpt>
      <trkpt lat="47.010864" lon="9.842772">
        <ele>2485.617065</ele>
        <time>2026-09-12T10:46:17.000Z</time>
      </trkpt>
      <trkpt lat="47.010864" lon="9.842769">
        <ele>2485.693151</ele>
        <time>2026-09-12T10:46:20.000Z</time>
      </trkpt>
      <trkpt lat="47.010851" lon="9.842779">
        <ele>2486.239169</ele>
        <time>2026-09-12T10:46:29.000Z</time>
      </trkpt>
      <trkpt lat="47.010851" lon="9.842779">
        <ele>2486.239169</ele>
        <time>2026-09-12T10:46:41.000Z</time>
      </trkpt>
      <trkpt lat="47.010851" lon="9.842779">
        <ele>2486.239169</ele>
        <time>2026-09-12T10:46:44.000Z</time>
      </trkpt>
      <trkpt lat="47.010851" lon="9.842779">
        <ele>2486.239169</ele>
        <time>2026-09-12T10:46:45.000Z</time>
      </trkpt>
      <trkpt lat="47.010851" lon="9.842779">
        <ele>2486.239169</ele>
        <time>2026-09-12T10:46:53.000Z</time>
      </trkpt>
      <trkpt lat="47.010851" lon="9.842779">
        <ele>2486.239169</ele>
        <time>2026-09-12T10:46:57.000Z</time>
      </trkpt>
      <trkpt lat="47.010851" lon="9.842779">
        <ele>2486.239169</ele>
        <time>2026-09-12T10:47:02.000Z</time>
      </trkpt>
      <trkpt lat="47.010849" lon="9.842756">
        <ele>2486.827221</ele>
        <time>2026-09-12T10:47:08.000Z</time>
      </trkpt>
      <trkpt lat="47.010852" lon="9.842759">
        <ele>2486.962279</ele>
        <time>2026-09-12T10:47:12.000Z</time>
      </trkpt>
      <trkpt lat="47.010849" lon="9.842762">
        <ele>2487.097337</ele>
        <time>2026-09-12T10:47:16.000Z</time>
      </trkpt>
      <trkpt lat="47.010849" lon="9.842766">
        <ele>2487.198785</ele>
        <time>2026-09-12T10:47:18.000Z</time>
      </trkpt>
      <trkpt lat="47.010857" lon="9.842760">
        <ele>2487.533001</ele>
        <time>2026-09-12T10:47:24.000Z</time>
      </trkpt>
      <trkpt lat="47.010859" lon="9.842760">
        <ele>2487.607392</ele>
        <time>2026-09-12T10:47:25.000Z</time>
      </trkpt>
      <trkpt lat="47.010861" lon="9.842761">
        <ele>2487.685987</ele>
        <time>2026-09-12T10:47:26.000Z</time>
      </trkpt>
      <trkpt lat="47.010866" lon="9.842759">
        <ele>2487.878758</ele>
        <time>2026-09-12T10:47:29.000Z</time>
      </trkpt>
      <trkpt lat="47.010866" lon="9.842763">
        <ele>2487.980206</ele>
        <time>2026-09-12T10:47:34.000Z</time>
      </trkpt>
      <trkpt lat="47.010870" lon="9.842772">
        <ele>2488.252673</ele>
        <time>2026-09-12T10:47:38.000Z</time>
      </trkpt>
      <trkpt lat="47.010873" lon="9.842774">
        <ele>2488.375247</ele>
        <time>2026-09-12T10:47:40.000Z</time>
      </trkpt>
      <trkpt lat="47.010872" lon="9.842777">
        <ele>2488.459938</ele>
        <time>2026-09-12T10:47:45.000Z</time>
      </trkpt>
      <trkpt lat="47.010872" lon="9.842778">
        <ele>2488.485300</ele>
        <time>2026-09-12T10:47:46.000Z</time>
      </trkpt>
      <trkpt lat="47.010870" lon="9.842778">
        <ele>2488.559691</ele>
        <time>2026-09-12T10:47:47.000Z</time>
      </trkpt>
      <trkpt lat="47.010876" lon="9.842774">
        <ele>2488.804840</ele>
        <time>2026-09-12T10:47:48.000Z</time>
      </trkpt>
      <trkpt lat="47.010878" lon="9.842774">
        <ele>2488.879230</ele>
        <time>2026-09-12T10:47:51.000Z</time>
      </trkpt>
      <trkpt lat="47.010864" lon="9.842773">
        <ele>2489.400584</ele>
        <time>2026-09-12T10:47:54.000Z</time>
      </trkpt>
      <trkpt lat="47.010866" lon="9.842770">
        <ele>2489.506994</ele>
        <time>2026-09-12T10:47:55.000Z</time>
      </trkpt>
      <trkpt lat="47.010881" lon="9.842777">
        <ele>2490.092490</ele>
        <time>2026-09-12T10:48:06.000Z</time>
      </trkpt>
      <trkpt lat="47.010880" lon="9.842777">
        <ele>2490.129686</ele>
        <time>2026-09-12T10:48:07.000Z</time>
      </trkpt>
      <trkpt lat="47.010879" lon="9.842777">
        <ele>2490.166881</ele>
        <time>2026-09-12T10:48:10.000Z</time>
      </trkpt>
      <trkpt lat="47.010878" lon="9.842766">
        <ele>2490.448333</ele>
        <time>2026-09-12T10:48:16.000Z</time>
      </trkpt>
      <trkpt lat="47.010881" lon="9.842766">
        <ele>2490.559919</ele>
        <time>2026-09-12T10:48:18.000Z</time>
      </trkpt>
      <trkpt lat="47.010879" lon="9.842774">
        <ele>2490.776023</ele>
        <time>2026-09-12T10:48:25.000Z</time>
      </trkpt>
      <trkpt lat="47.010862" lon="9.842772">
        <ele>2491.410377</ele>
        <time>2026-09-12T10:48:30.000Z</time>
      </trkpt>
      <trkpt lat="47.010857" lon="9.842768">
        <ele>2491.622224</ele>
        <time>2026-09-12T10:48:32.000Z</time>
      </trkpt>
      <trkpt lat="47.010855" lon="9.842767">
        <ele>2491.700819</ele>
        <time>2026-09-12T10:48:33.000Z</time>
      </trkpt>
      <trkpt lat="47.010844" lon="9.842760">
        <ele>2492.146826</ele>
        <time>2026-09-12T10:48:43.000Z</time>
      </trkpt>
      <trkpt lat="47.010843" lon="9.842761">
        <ele>2492.191846</ele>
        <time>2026-09-12T10:48:44.000Z</time>
      </trkpt>
      <trkpt lat="47.010848" lon="9.842762">
        <ele>2492.379544</ele>
        <time>2026-09-12T10:48:46.000Z</time>
      </trkpt>
      <trkpt lat="47.010862" lon="9.842769">
        <ele>2492.929712</ele>
        <time>2026-09-12T10:48:50.000Z</time>
      </trkpt>
      <trkpt lat="47.010858" lon="9.842771">
        <ele>2493.086903</ele>
        <time>2026-09-12T10:48:53.000Z</time>
      </trkpt>
      <trkpt lat="47.010862" lon="9.842775">
        <ele>2493.266980</ele>
        <time>2026-09-12T10:48:56.000Z</time>
      </trkpt>
      <trkpt lat="47.010857" lon="9.842777">
        <ele>2493.459750</ele>
        <time>2026-09-12T10:48:59.000Z</time>
      </trkpt>
      <trkpt lat="47.010851" lon="9.842779">
        <ele>2493.688615</ele>
        <time>2026-09-12T10:49:06.000Z</time>
      </trkpt>
      <trkpt lat="47.010849" lon="9.842779">
        <ele>2493.763006</ele>
        <time>2026-09-12T10:49:07.000Z</time>
      </trkpt>
      <trkpt lat="47.010849" lon="9.842778">
        <ele>2493.788368</ele>
        <time>2026-09-12T10:49:10.000Z</time>
      </trkpt>
      <trkpt lat="47.010864" lon="9.842777">
        <ele>2494.346876</ele>
        <time>2026-09-12T10:49:17.000Z</time>
      </trkpt>
      <trkpt lat="47.010865" lon="9.842780">
        <ele>2494.431567</ele>
        <time>2026-09-12T10:49:18.000Z</time>
      </trkpt>
      <trkpt lat="47.010860" lon="9.842785">
        <ele>2494.656663</ele>
        <time>2026-09-12T10:49:25.000Z</time>
      </trkpt>
      <trkpt lat="47.010850" lon="9.842777">
        <ele>2495.080358</ele>
        <time>2026-09-12T10:49:32.000Z</time>
      </trkpt>
      <trkpt lat="47.010857" lon="9.842771">
        <ele>2495.381934</ele>
        <time>2026-09-12T10:49:39.000Z</time>
      </trkpt>
      <trkpt lat="47.010863" lon="9.842781">
        <ele>2495.719764</ele>
        <time>2026-09-12T10:49:43.000Z</time>
      </trkpt>
      <trkpt lat="47.010856" lon="9.842784">
        <ele>2495.991022</ele>
        <time>2026-09-12T10:49:46.000Z</time>
      </trkpt>
      <trkpt lat="47.010856" lon="9.842783">
        <ele>2496.016384</ele>
        <time>2026-09-12T10:49:47.000Z</time>
      </trkpt>
      <trkpt lat="47.010870" lon="9.842799">
        <ele>2496.676561</ele>
        <time>2026-09-12T10:49:55.000Z</time>
      </trkpt>
      <trkpt lat="47.010871" lon="9.842799">
        <ele>2496.713757</ele>
        <time>2026-09-12T10:49:56.000Z</time>
      </trkpt>
      <trkpt lat="47.010872" lon="9.842798">
        <ele>2496.758776</ele>
        <time>2026-09-12T10:49:57.000Z</time>
      </trkpt>
      <trkpt lat="47.010863" lon="9.842815">
        <ele>2497.304631</ele>
        <time>2026-09-12T10:50:04.000Z</time>
      </trkpt>
      <trkpt lat="47.010877" lon="9.842806">
        <ele>2497.873198</ele>
        <time>2026-09-12T10:50:10.000Z</time>
      </trkpt>
      <trkpt lat="47.010879" lon="9.842800">
        <ele>2498.042581</ele>
        <time>2026-09-12T10:50:12.000Z</time>
      </trkpt>
      <trkpt lat="47.010892" lon="9.842805">
        <ele>2498.542473</ele>
        <time>2026-09-12T10:50:18.000Z</time>
      </trkpt>
      <trkpt lat="47.010898" lon="9.842810">
        <ele>2498.799157</ele>
        <time>2026-09-12T10:50:20.000Z</time>
      </trkpt>
      <trkpt lat="47.010896" lon="9.842808">
        <ele>2498.889196</ele>
        <time>2026-09-12T10:50:22.000Z</time>
      </trkpt>
      <trkpt lat="47.010893" lon="9.842806">
        <ele>2499.011770</ele>
        <time>2026-09-12T10:50:25.000Z</time>
      </trkpt>
      <trkpt lat="47.010895" lon="9.842807">
        <ele>2499.090366</ele>
        <time>2026-09-12T10:50:28.000Z</time>
      </trkpt>
      <trkpt lat="47.010903" lon="9.842793">
        <ele>2499.422476</ele>
        <time>2026-09-12T10:50:32.000Z</time>
      </trkpt>
      <trkpt lat="47.010912" lon="9.842790">
        <ele>2499.658474</ele>
        <time>2026-09-12T10:50:35.000Z</time>
      </trkpt>
      <trkpt lat="47.010919" lon="9.842791">
        <ele>2499.838310</ele>
        <time>2026-09-12T10:50:44.000Z</time>
      </trkpt>
      <trkpt lat="47.010918" lon="9.842780">
        <ele>2500.031793</ele>
        <time>2026-09-12T10:50:49.000Z</time>
      </trkpt>
      <trkpt lat="47.010915" lon="9.842778">
        <ele>2500.116056</ele>
        <time>2026-09-12T10:50:50.000Z</time>
      </trkpt>
      <trkpt lat="47.010918" lon="9.842791">
        <ele>2500.355341</ele>
        <time>2026-09-12T10:50:54.000Z</time>
      </trkpt>
      <trkpt lat="47.010918" lon="9.842791">
        <ele>2500.355341</ele>
        <time>2026-09-12T10:50:56.000Z</time>
      </trkpt>
      <trkpt lat="47.010918" lon="9.842791">
        <ele>2500.355341</ele>
        <time>2026-09-12T10:51:03.000Z</time>
      </trkpt>
      <trkpt lat="47.010918" lon="9.842791">
        <ele>2500.355341</ele>
        <time>2026-09-12T10:51:07.000Z</time>
      </trkpt>
      <trkpt lat="47.010918" lon="9.842791">
        <ele>2500.355341</ele>
        <time>2026-09-12T10:51:10.000Z</time>
      </trkpt>
      <trkpt lat="47.010918" lon="9.842791">
        <ele>2500.355341</ele>
        <time>2026-09-12T10:51:14.000Z</time>
      </trkpt>
      <trkpt lat="47.010930" lon="9.842790">
        <ele>2500.662674</ele>
        <time>2026-09-12T10:51:17.000Z</time>
      </trkpt>
      <trkpt lat="47.010941" lon="9.842799">
        <ele>2500.984752</ele>
        <time>2026-09-12T10:51:22.000Z</time>
      </trkpt>
      <trkpt lat="47.010946" lon="9.842796">
        <ele>2501.122887</ele>
        <time>2026-09-12T10:51:30.000Z</time>
      </trkpt>
      <trkpt lat="47.010942" lon="9.842787">
        <ele>2501.310193</ele>
        <time>2026-09-12T10:51:34.000Z</time>
      </trkpt>
      <trkpt lat="47.010946" lon="9.842788">
        <ele>2501.413948</ele>
        <time>2026-09-12T10:51:38.000Z</time>
      </trkpt>
      <trkpt lat="47.010950" lon="9.842773">
        <ele>2501.694762</ele>
        <time>2026-09-12T10:51:45.000Z</time>
      </trkpt>
      <trkpt lat="47.010948" lon="9.842774">
        <ele>2501.748792</ele>
        <time>2026-09-12T10:51:46.000Z</time>
      </trkpt>
      <trkpt lat="47.010948" lon="9.842777">
        <ele>2501.801097</ele>
        <time>2026-09-12T10:51:49.000Z</time>
      </trkpt>
      <trkpt lat="47.010948" lon="9.842777">
        <ele>2501.801097</ele>
        <time>2026-09-12T10:51:56.000Z</time>
      </trkpt>
      <trkpt lat="47.010950" lon="9.842776">
        <ele>2501.855127</ele>
        <time>2026-09-12T10:52:05.000Z</time>
      </trkpt>
      <trkpt lat="47.010950" lon="9.842773">
        <ele>2501.907433</ele>
        <time>2026-09-12T10:52:07.000Z</time>
      </trkpt>
      <trkpt lat="47.010954" lon="9.842748">
        <ele>2502.355148</ele>
        <time>2026-09-12T10:52:14.000Z</time>
      </trkpt>
      <trkpt lat="47.010947" lon="9.842760">
        <ele>2502.630484</ele>
        <time>2026-09-12T10:52:21.000Z</time>
      </trkpt>
      <trkpt lat="47.010946" lon="9.842760">
        <ele>2502.656054</ele>
        <time>2026-09-12T10:52:22.000Z</time>
      </trkpt>
      <trkpt lat="47.010945" lon="9.842725">
        <ele>2503.266816</ele>
        <time>2026-09-12T10:52:33.000Z</time>
      </trkpt>
      <trkpt lat="47.010954" lon="9.842708">
        <ele>2503.642062</ele>
        <time>2026-09-12T10:52:37.000Z</time>
      </trkpt>
      <trkpt lat="47.010967" lon="9.842694">
        <ele>2504.054463</ele>
        <time>2026-09-12T10:52:40.000Z</time>
      </trkpt>
      <trkpt lat="47.010968" lon="9.842691">
        <ele>2504.112684</ele>
        <time>2026-09-12T10:52:48.000Z</time>
      </trkpt>
      <trkpt lat="47.010968" lon="9.842692">
        <ele>2504.130119</ele>
        <time>2026-09-12T10:52:50.000Z</time>
      </trkpt>
      <trkpt lat="47.010963" lon="9.842700">
        <ele>2504.319328</ele>
        <time>2026-09-12T10:52:59.000Z</time>
      </trkpt>
      <trkpt lat="47.010973" lon="9.842703">
        <ele>2504.580322</ele>
        <time>2026-09-12T10:53:06.000Z</time>
      </trkpt>
      <trkpt lat="47.010974" lon="9.842704">
        <ele>2504.611270</ele>
        <time>2026-09-12T10:53:07.000Z</time>
      </trkpt>
      <trkpt lat="47.010978" lon="9.842703">
        <ele>2504.715025</ele>
        <time>2026-09-12T10:53:15.000Z</time>
      </trkpt>
      <trkpt lat="47.010977" lon="9.842703">
        <ele>2504.740595</ele>
        <time>2026-09-12T10:53:16.000Z</time>
      </trkpt>
      <trkpt lat="47.010991" lon="9.842701">
        <ele>2505.100267</ele>
        <time>2026-09-12T10:53:27.000Z</time>
      </trkpt>
      <trkpt lat="47.010990" lon="9.842695">
        <ele>2505.207957</ele>
        <time>2026-09-12T10:53:29.000Z</time>
      </trkpt>
      <trkpt lat="47.010989" lon="9.842681">
        <ele>2505.453383</ele>
        <time>2026-09-12T10:53:33.000Z</time>
      </trkpt>
      <trkpt lat="47.010990" lon="9.842681">
        <ele>2505.478953</ele>
        <time>2026-09-12T10:53:35.000Z</time>
      </trkpt>
      <trkpt lat="47.010996" lon="9.842679">
        <ele>2505.636285</ele>
        <time>2026-09-12T10:53:40.000Z</time>
      </trkpt>
      <trkpt lat="47.010981" lon="9.842680">
        <ele>2506.020229</ele>
        <time>2026-09-12T10:53:47.000Z</time>
      </trkpt>
      <trkpt lat="47.010988" lon="9.842679">
        <ele>2506.200065</ele>
        <time>2026-09-12T10:53:55.000Z</time>
      </trkpt>
      <trkpt lat="47.010988" lon="9.842679">
        <ele>2506.200065</ele>
        <time>2026-09-12T10:53:58.000Z</time>
      </trkpt>
      <trkpt lat="47.011007" lon="9.842667">
        <ele>2506.729028</ele>
        <time>2026-09-12T10:54:04.000Z</time>
      </trkpt>
      <trkpt lat="47.011017" lon="9.842656">
        <ele>2507.048658</ele>
        <time>2026-09-12T10:54:06.000Z</time>
      </trkpt>
      <trkpt lat="47.011024" lon="9.842644">
        <ele>2507.323994</ele>
        <time>2026-09-12T10:54:12.000Z</time>
      </trkpt>
      <trkpt lat="47.011022" lon="9.842645">
        <ele>2507.378024</ele>
        <time>2026-09-12T10:54:14.000Z</time>
      </trkpt>
      <trkpt lat="47.011019" lon="9.842645">
        <ele>2507.454734</ele>
        <time>2026-09-12T10:54:16.000Z</time>
      </trkpt>
      <trkpt lat="47.011024" lon="9.842647">
        <ele>2507.587253</ele>
        <time>2026-09-12T10:54:25.000Z</time>
      </trkpt>
      <trkpt lat="47.011024" lon="9.842647">
        <ele>2507.587253</ele>
        <time>2026-09-12T10:54:38.000Z</time>
      </trkpt>
      <trkpt lat="47.011024" lon="9.842647">
        <ele>2507.587253</ele>
        <time>2026-09-12T10:54:41.000Z</time>
      </trkpt>
      <trkpt lat="47.011030" lon="9.842641">
        <ele>2507.772943</ele>
        <time>2026-09-12T10:54:45.000Z</time>
      </trkpt>
      <trkpt lat="47.011044" lon="9.842634">
        <ele>2508.151153</ele>
        <time>2026-09-12T10:54:50.000Z</time>
      </trkpt>
      <trkpt lat="47.011044" lon="9.842633">
        <ele>2508.168588</ele>
        <time>2026-09-12T10:54:51.000Z</time>
      </trkpt>
      <trkpt lat="47.011046" lon="9.842632">
        <ele>2508.222618</ele>
        <time>2026-09-12T10:54:54.000Z</time>
      </trkpt>
      <trkpt lat="47.011043" lon="9.842626">
        <ele>2508.352340</ele>
        <time>2026-09-12T10:55:00.000Z</time>
      </trkpt>
      <trkpt lat="47.011051" lon="9.842621">
        <ele>2508.574699</ele>
        <time>2026-09-12T10:55:05.000Z</time>
      </trkpt>
      <trkpt lat="47.011049" lon="9.842620">
        <ele>2508.628729</ele>
        <time>2026-09-12T10:55:07.000Z</time>
      </trkpt>
      <trkpt lat="47.011049" lon="9.842619">
        <ele>2508.646164</ele>
        <time>2026-09-12T10:55:08.000Z</time>
      </trkpt>
      <trkpt lat="47.011051" lon="9.842619">
        <ele>2508.697304</ele>
        <time>2026-09-12T10:55:09.000Z</time>
      </trkpt>
      <trkpt lat="47.011049" lon="9.842621">
        <ele>2508.759201</ele>
        <time>2026-09-12T10:55:21.000Z</time>
      </trkpt>
      <trkpt lat="47.011046" lon="9.842635">
        <ele>2509.015061</ele>
        <time>2026-09-12T10:55:31.000Z</time>
      </trkpt>
      <trkpt lat="47.011053" lon="9.842640">
        <ele>2509.214150</ele>
        <time>2026-09-12T10:55:34.000Z</time>
      </trkpt>
      <trkpt lat="47.011052" lon="9.842644">
        <ele>2509.288430</ele>
        <time>2026-09-12T10:55:41.000Z</time>
      </trkpt>
      <trkpt lat="47.011051" lon="9.842642">
        <ele>2509.331670</ele>
        <time>2026-09-12T10:55:42.000Z</time>
      </trkpt>
      <trkpt lat="47.011049" lon="9.842641">
        <ele>2509.385700</ele>
        <time>2026-09-12T10:55:43.000Z</time>
      </trkpt>
      <trkpt lat="47.011047" lon="9.842643">
        <ele>2509.447597</ele>
        <time>2026-09-12T10:55:45.000Z</time>
      </trkpt>
      <trkpt lat="47.011048" lon="9.842645">
        <ele>2509.490837</ele>
        <time>2026-09-12T10:55:49.000Z</time>
      </trkpt>
      <trkpt lat="47.011049" lon="9.842633">
        <ele>2509.701614</ele>
        <time>2026-09-12T10:55:57.000Z</time>
      </trkpt>
      <trkpt lat="47.011052" lon="9.842643">
        <ele>2509.892093</ele>
        <time>2026-09-12T10:56:07.000Z</time>
      </trkpt>
      <trkpt lat="47.011052" lon="9.842643">
        <ele>2509.892093</ele>
        <time>2026-09-12T10:56:11.000Z</time>
      </trkpt>
      <trkpt lat="47.011058" lon="9.842607">
        <ele>2510.538231</ele>
        <time>2026-09-12T10:56:25.000Z</time>
      </trkpt>
      <trkpt lat="47.011059" lon="9.842607">
        <ele>2510.563801</ele>
        <time>2026-09-12T10:56:29.000Z</time>
      </trkpt>
      <trkpt lat="47.011068" lon="9.842610">
        <ele>2510.799799</ele>
        <time>2026-09-12T10:56:37.000Z</time>
      </trkpt>
      <trkpt lat="47.011070" lon="9.842593">
        <ele>2511.100573</ele>
        <time>2026-09-12T10:56:44.000Z</time>
      </trkpt>
      <trkpt lat="47.011072" lon="9.842584">
        <ele>2511.265611</ele>
        <time>2026-09-12T10:56:47.000Z</time>
      </trkpt>
      <trkpt lat="47.011076" lon="9.842591">
        <ele>2511.424847</ele>
        <time>2026-09-12T10:56:55.000Z</time>
      </trkpt>
      <trkpt lat="47.011076" lon="9.842606">
        <ele>2511.686372</ele>
        <time>2026-09-12T10:57:00.000Z</time>
      </trkpt>
      <trkpt lat="47.011081" lon="9.842588">
        <ele>2512.025244</ele>
        <time>2026-09-12T10:57:08.000Z</time>
      </trkpt>
      <trkpt lat="47.011079" lon="9.842589">
        <ele>2512.079275</ele>
        <time>2026-09-12T10:57:15.000Z</time>
      </trkpt>
      <trkpt lat="47.011085" lon="9.842582">
        <ele>2512.275316</ele>
        <time>2026-09-12T10:57:18.000Z</time>
      </trkpt>
      <trkpt lat="47.011080" lon="9.842583">
        <ele>2512.404349</ele>
        <time>2026-09-12T10:57:24.000Z</time>
      </trkpt>
      <trkpt lat="47.011081" lon="9.842586">
        <ele>2512.462570</ele>
        <time>2026-09-12T10:57:26.000Z</time>
      </trkpt>
      <trkpt lat="47.011079" lon="9.842591">
        <ele>2512.563638</ele>
        <time>2026-09-12T10:57:27.000Z</time>
      </trkpt>
      <trkpt lat="47.011080" lon="9.842585">
        <ele>2512.671327</ele>
        <time>2026-09-12T10:57:34.000Z</time>
      </trkpt>
      <trkpt lat="47.011081" lon="9.842589">
        <ele>2512.745607</ele>
        <time>2026-09-12T10:57:36.000Z</time>
      </trkpt>
      <trkpt lat="47.011084" lon="9.842582">
        <ele>2512.889757</ele>
        <time>2026-09-12T10:57:45.000Z</time>
      </trkpt>
      <trkpt lat="47.011084" lon="9.842581">
        <ele>2512.907192</ele>
        <time>2026-09-12T10:57:56.000Z</time>
      </trkpt>
      <trkpt lat="47.011081" lon="9.842575">
        <ele>2513.036913</ele>
        <time>2026-09-12T10:58:00.000Z</time>
      </trkpt>
      <trkpt lat="47.011083" lon="9.842573">
        <ele>2513.098810</ele>
        <time>2026-09-12T10:58:02.000Z</time>
      </trkpt>
      <trkpt lat="47.011077" lon="9.842574">
        <ele>2513.253217</ele>
        <time>2026-09-12T10:58:06.000Z</time>
      </trkpt>
      <trkpt lat="47.011070" lon="9.842573">
        <ele>2513.433053</ele>
        <time>2026-09-12T10:58:09.000Z</time>
      </trkpt>
      <trkpt lat="47.011073" lon="9.842570">
        <ele>2513.525898</ele>
        <time>2026-09-12T10:58:10.000Z</time>
      </trkpt>
      <trkpt lat="47.011074" lon="9.842571">
        <ele>2513.556846</ele>
        <time>2026-09-12T10:58:12.000Z</time>
      </trkpt>
      <trkpt lat="47.011074" lon="9.842563">
        <ele>2513.696326</ele>
        <time>2026-09-12T10:58:17.000Z</time>
      </trkpt>
      <trkpt lat="47.011074" lon="9.842566">
        <ele>2513.748631</ele>
        <time>2026-09-12T10:58:21.000Z</time>
      </trkpt>
      <trkpt lat="47.011079" lon="9.842567">
        <ele>2513.877664</ele>
        <time>2026-09-12T10:58:31.000Z</time>
      </trkpt>
      <trkpt lat="47.011084" lon="9.842582">
        <ele>2514.168766</ele>
        <time>2026-09-12T10:58:38.000Z</time>
      </trkpt>
      <trkpt lat="47.011086" lon="9.842578">
        <ele>2514.255247</ele>
        <time>2026-09-12T10:58:42.000Z</time>
      </trkpt>
      <trkpt lat="47.011084" lon="9.842582">
        <ele>2514.341728</ele>
        <time>2026-09-12T10:58:47.000Z</time>
      </trkpt>
      <trkpt lat="47.011084" lon="9.842582">
        <ele>2514.341728</ele>
        <time>2026-09-12T10:58:49.000Z</time>
      </trkpt>
      <trkpt lat="47.011087" lon="9.842590">
        <ele>2514.500910</ele>
        <time>2026-09-12T10:58:54.000Z</time>
      </trkpt>
      <trkpt lat="47.011087" lon="9.842586">
        <ele>2514.570650</ele>
        <time>2026-09-12T10:58:56.000Z</time>
      </trkpt>
      <trkpt lat="47.011091" lon="9.842594">
        <ele>2514.743612</ele>
        <time>2026-09-12T10:59:01.000Z</time>
      </trkpt>
      <trkpt lat="47.011105" lon="9.842605">
        <ele>2515.149727</ele>
        <time>2026-09-12T10:59:10.000Z</time>
      </trkpt>
      <trkpt lat="47.011109" lon="9.842596">
        <ele>2515.337032</ele>
        <time>2026-09-12T10:59:11.000Z</time>
      </trkpt>
      <trkpt lat="47.011129" lon="9.842566">
        <ele>2516.068543</ele>
        <time>2026-09-12T10:59:14.000Z</time>
      </trkpt>
      <trkpt lat="47.011136" lon="9.842573">
        <ele>2516.285181</ele>
        <time>2026-09-12T10:59:17.000Z</time>
      </trkpt>
      <trkpt lat="47.011135" lon="9.842570">
        <ele>2516.343401</ele>
        <time>2026-09-12T10:59:19.000Z</time>
      </trkpt>
      <trkpt lat="47.011158" lon="9.842527">
        <ele>2517.296252</ele>
        <time>2026-09-12T10:59:25.000Z</time>
      </trkpt>
      <trkpt lat="47.011148" lon="9.842522">
        <ele>2517.566403</ele>
        <time>2026-09-12T10:59:32.000Z</time>
      </trkpt>
      <trkpt lat="47.011159" lon="9.842529">
        <ele>2517.873008</ele>
        <time>2026-09-12T10:59:41.000Z</time>
      </trkpt>
      <trkpt lat="47.011177" lon="9.842524">
        <ele>2518.341449</ele>
        <time>2026-09-12T10:59:46.000Z</time>
      </trkpt>
      <trkpt lat="47.011194" lon="9.842518">
        <ele>2518.788547</ele>
        <time>2026-09-12T10:59:49.000Z</time>
      </trkpt>
      <trkpt lat="47.011199" lon="9.842524">
        <ele>2518.953739</ele>
        <time>2026-09-12T10:59:51.000Z</time>
      </trkpt>
      <trkpt lat="47.011207" lon="9.842522">
        <ele>2519.161249</ele>
        <time>2026-09-12T10:59:55.000Z</time>
      </trkpt>
      <trkpt lat="47.011210" lon="9.842526">
        <ele>2519.264922</ele>
        <time>2026-09-12T10:59:59.000Z</time>
      </trkpt>
      <trkpt lat="47.011232" lon="9.842563">
        <ele>2520.120838</ele>
        <time>2026-09-12T11:00:06.000Z</time>
      </trkpt>
      <trkpt lat="47.011248" lon="9.842571">
        <ele>2520.553078</ele>
        <time>2026-09-12T11:00:15.000Z</time>
      </trkpt>
      <trkpt lat="47.011262" lon="9.842583">
        <ele>2520.967712</ele>
        <time>2026-09-12T11:00:21.000Z</time>
      </trkpt>
      <trkpt lat="47.011246" lon="9.842563">
        <ele>2521.505269</ele>
        <time>2026-09-12T11:00:29.000Z</time>
      </trkpt>
      <trkpt lat="47.011289" lon="9.842551">
        <ele>2522.624502</ele>
        <time>2026-09-12T11:00:38.000Z</time>
      </trkpt>
      <trkpt lat="47.011314" lon="9.842552">
        <ele>2523.263986</ele>
        <time>2026-09-12T11:00:42.000Z</time>
      </trkpt>
      <trkpt lat="47.011320" lon="9.842553">
        <ele>2523.418393</ele>
        <time>2026-09-12T11:00:44.000Z</time>
      </trkpt>
      <trkpt lat="47.011330" lon="9.842558">
        <ele>2523.688543</ele>
        <time>2026-09-12T11:00:47.000Z</time>
      </trkpt>
      <trkpt lat="47.011305" lon="9.842543">
        <ele>2524.379217</ele>
        <time>2026-09-12T11:00:52.000Z</time>
      </trkpt>
      <trkpt lat="47.011297" lon="9.842532">
        <ele>2524.659620</ele>
        <time>2026-09-12T11:00:54.000Z</time>
      </trkpt>
      <trkpt lat="47.011304" lon="9.842533">
        <ele>2524.839456</ele>
        <time>2026-09-12T11:00:58.000Z</time>
      </trkpt>
      <trkpt lat="47.011314" lon="9.842545">
        <ele>2525.169841</ele>
        <time>2026-09-12T11:01:02.000Z</time>
      </trkpt>
      <trkpt lat="47.011309" lon="9.842548">
        <ele>2525.307976</ele>
        <time>2026-09-12T11:01:06.000Z</time>
      </trkpt>
      <trkpt lat="47.011306" lon="9.842574">
        <ele>2525.767728</ele>
        <time>2026-09-12T11:01:19.000Z</time>
      </trkpt>
      <trkpt lat="47.011275" lon="9.842571">
        <ele>2526.562118</ele>
        <time>2026-09-12T11:01:23.000Z</time>
      </trkpt>
      <trkpt lat="47.011254" lon="9.842546">
        <ele>2527.253724</ele>
        <time>2026-09-12T11:01:33.000Z</time>
      </trkpt>
      <trkpt lat="47.011258" lon="9.842543">
        <ele>2527.368602</ele>
        <time>2026-09-12T11:01:37.000Z</time>
      </trkpt>
      <trkpt lat="47.011284" lon="9.842532">
        <ele>2528.060528</ele>
        <time>2026-09-12T11:01:44.000Z</time>
      </trkpt>
      <trkpt lat="47.011278" lon="9.842531">
        <ele>2528.214935</ele>
        <time>2026-09-12T11:01:45.000Z</time>
      </trkpt>
      <trkpt lat="47.011265" lon="9.842530">
        <ele>2528.547800</ele>
        <time>2026-09-12T11:01:47.000Z</time>
      </trkpt>
      <trkpt lat="47.011262" lon="9.842529">
        <ele>2528.626466</ele>
        <time>2026-09-12T11:01:50.000Z</time>
      </trkpt>
      <trkpt lat="47.011262" lon="9.842511">
        <ele>2528.940295</ele>
        <time>2026-09-12T11:01:53.000Z</time>
      </trkpt>
      <trkpt lat="47.011238" lon="9.842510">
        <ele>2529.554219</ele>
        <time>2026-09-12T11:02:01.000Z</time>
      </trkpt>
      <trkpt lat="47.011249" lon="9.842533">
        <ele>2530.044031</ele>
        <time>2026-09-12T11:02:05.000Z</time>
      </trkpt>
      <trkpt lat="47.011250" lon="9.842535">
        <ele>2530.087271</ele>
        <time>2026-09-12T11:02:08.000Z</time>
      </trkpt>
      <trkpt lat="47.011250" lon="9.842535">
        <ele>2530.087271</ele>
        <time>2026-09-12T11:02:10.000Z</time>
      </trkpt>
      <trkpt lat="47.011250" lon="9.842535">
        <ele>2530.087271</ele>
        <time>2026-09-12T11:02:22.000Z</time>
      </trkpt>
      <trkpt lat="47.011250" lon="9.842535">
        <ele>2530.087271</ele>
        <time>2026-09-12T11:02:36.000Z</time>
      </trkpt>
      <trkpt lat="47.011235" lon="9.842495">
        <ele>2530.883181</ele>
        <time>2026-09-12T11:02:42.000Z</time>
      </trkpt>
      <trkpt lat="47.011235" lon="9.842506">
        <ele>2531.074965</ele>
        <time>2026-09-12T11:02:45.000Z</time>
      </trkpt>
      <trkpt lat="47.011238" lon="9.842514">
        <ele>2531.234147</ele>
        <time>2026-09-12T11:02:47.000Z</time>
      </trkpt>
      <trkpt lat="47.011244" lon="9.842524">
        <ele>2531.466387</ele>
        <time>2026-09-12T11:02:49.000Z</time>
      </trkpt>
      <trkpt lat="47.011244" lon="9.842540">
        <ele>2531.745345</ele>
        <time>2026-09-12T11:02:56.000Z</time>
      </trkpt>
      <trkpt lat="47.011250" lon="9.842535">
        <ele>2531.921802</ele>
        <time>2026-09-12T11:03:06.000Z</time>
      </trkpt>
      <trkpt lat="47.011234" lon="9.842530">
        <ele>2532.340104</ele>
        <time>2026-09-12T11:03:11.000Z</time>
      </trkpt>
      <trkpt lat="47.011217" lon="9.842521">
        <ele>2532.802246</ele>
        <time>2026-09-12T11:03:13.000Z</time>
      </trkpt>
      <trkpt lat="47.011209" lon="9.842520">
        <ele>2533.007547</ele>
        <time>2026-09-12T11:03:14.000Z</time>
      </trkpt>
      <trkpt lat="47.011199" lon="9.842541">
        <ele>2533.454129</ele>
        <time>2026-09-12T11:03:20.000Z</time>
      </trkpt>
      <trkpt lat="47.011207" lon="9.842561">
        <ele>2533.858401</ele>
        <time>2026-09-12T11:03:26.000Z</time>
      </trkpt>
      <trkpt lat="47.011198" lon="9.842564">
        <ele>2534.094399</ele>
        <time>2026-09-12T11:03:32.000Z</time>
      </trkpt>
      <trkpt lat="47.011200" lon="9.842560">
        <ele>2534.180879</ele>
        <time>2026-09-12T11:03:33.000Z</time>
      </trkpt>
      <trkpt lat="47.011196" lon="9.842552">
        <ele>2534.353841</ele>
        <time>2026-09-12T11:03:43.000Z</time>
      </trkpt>
      <trkpt lat="47.011214" lon="9.842557">
        <ele>2534.822281</ele>
        <time>2026-09-12T11:03:49.000Z</time>
      </trkpt>
      <trkpt lat="47.011236" lon="9.842570">
        <ele>2535.428763</ele>
        <time>2026-09-12T11:03:55.000Z</time>
      </trkpt>
      <trkpt lat="47.011279" lon="9.842550">
        <ele>2536.582236</ele>
        <time>2026-09-12T11:04:00.000Z</time>
      </trkpt>
      <trkpt lat="47.011286" lon="9.842554">
        <ele>2536.774331</ele>
        <time>2026-09-12T11:04:02.000Z</time>
      </trkpt>
      <trkpt lat="47.011288" lon="9.842563">
        <ele>2536.939369</ele>
        <time>2026-09-12T11:04:09.000Z</time>
      </trkpt>
      <trkpt lat="47.011281" lon="9.842580">
        <ele>2537.285615</ele>
        <time>2026-09-12T11:04:16.000Z</time>
      </trkpt>
      <trkpt lat="47.011304" lon="9.842564">
        <ele>2537.936528</ele>
        <time>2026-09-12T11:04:24.000Z</time>
      </trkpt>
      <trkpt lat="47.011297" lon="9.842553">
        <ele>2538.198860</ele>
        <time>2026-09-12T11:04:26.000Z</time>
      </trkpt>
      <trkpt lat="47.011286" lon="9.842553">
        <ele>2538.480128</ele>
        <time>2026-09-12T11:04:28.000Z</time>
      </trkpt>
      <trkpt lat="47.011281" lon="9.842534">
        <ele>2538.835207</ele>
        <time>2026-09-12T11:04:32.000Z</time>
      </trkpt>
      <trkpt lat="47.011277" lon="9.842534">
        <ele>2538.937487</ele>
        <time>2026-09-12T11:04:42.000Z</time>
      </trkpt>
      <trkpt lat="47.011276" lon="9.842549">
        <ele>2539.200258</ele>
        <time>2026-09-12T11:04:45.000Z</time>
      </trkpt>
      <trkpt lat="47.011281" lon="9.842546">
        <ele>2539.338392</ele>
        <time>2026-09-12T11:04:47.000Z</time>
      </trkpt>
      <trkpt lat="47.011289" lon="9.842548">
        <ele>2539.545902</ele>
        <time>2026-09-12T11:04:51.000Z</time>
      </trkpt>
      <trkpt lat="47.011291" lon="9.842525">
        <ele>2539.950153</ele>
        <time>2026-09-12T11:04:59.000Z</time>
      </trkpt>
      <trkpt lat="47.011288" lon="9.842516">
        <ele>2540.124814</ele>
        <time>2026-09-12T11:05:04.000Z</time>
      </trkpt>
      <trkpt lat="47.011289" lon="9.842513">
        <ele>2540.183034</ele>
        <time>2026-09-12T11:05:05.000Z</time>
      </trkpt>
      <trkpt lat="47.011288" lon="9.842517">
        <ele>2540.257314</ele>
        <time>2026-09-12T11:05:06.000Z</time>
      </trkpt>
      <trkpt lat="47.011284" lon="9.842526">
        <ele>2540.444619</ele>
        <time>2026-09-12T11:05:09.000Z</time>
      </trkpt>
      <trkpt lat="47.011309" lon="9.842514">
        <ele>2541.117232</ele>
        <time>2026-09-12T11:05:15.000Z</time>
      </trkpt>
      <trkpt lat="47.011317" lon="9.842521">
        <ele>2541.355432</ele>
        <time>2026-09-12T11:05:18.000Z</time>
      </trkpt>
      <trkpt lat="47.011280" lon="9.842535">
        <ele>2542.332497</ele>
        <time>2026-09-12T11:05:28.000Z</time>
      </trkpt>
      <trkpt lat="47.011294" lon="9.842524">
        <ele>2542.738612</ele>
        <time>2026-09-12T11:05:33.000Z</time>
      </trkpt>
      <trkpt lat="47.011299" lon="9.842525">
        <ele>2542.867645</ele>
        <time>2026-09-12T11:05:35.000Z</time>
      </trkpt>
      <trkpt lat="47.011299" lon="9.842525">
        <ele>2542.867645</ele>
        <time>2026-09-12T11:05:39.000Z</time>
      </trkpt>
      <trkpt lat="47.011299" lon="9.842525">
        <ele>2542.867645</ele>
        <time>2026-09-12T11:05:46.000Z</time>
      </trkpt>
      <trkpt lat="47.011299" lon="9.842525">
        <ele>2542.867645</ele>
        <time>2026-09-12T11:05:59.000Z</time>
      </trkpt>
      <trkpt lat="47.011299" lon="9.842525">
        <ele>2542.867645</ele>
        <time>2026-09-12T11:06:07.000Z</time>
      </trkpt>
      <trkpt lat="47.011299" lon="9.842525">
        <ele>2542.867645</ele>
        <time>2026-09-12T11:06:16.000Z</time>
      </trkpt>
      <trkpt lat="47.011307" lon="9.842505">
        <ele>2543.271915</ele>
        <time>2026-09-12T11:06:35.000Z</time>
      </trkpt>
      <trkpt lat="47.011308" lon="9.842520">
        <ele>2543.534686</ele>
        <time>2026-09-12T11:06:43.000Z</time>
      </trkpt>
      <trkpt lat="47.011299" lon="9.842525">
        <ele>2543.780773</ele>
        <time>2026-09-12T11:06:58.000Z</time>
      </trkpt>
      <trkpt lat="47.011299" lon="9.842525">
        <ele>2543.780773</ele>
        <time>2026-09-12T11:07:00.000Z</time>
      </trkpt>
      <trkpt lat="47.011299" lon="9.842525">
        <ele>2543.780773</ele>
        <time>2026-09-12T11:07:12.000Z</time>
      </trkpt>
      <trkpt lat="47.011302" lon="9.842533">
        <ele>2543.939955</ele>
        <time>2026-09-12T11:07:15.000Z</time>
      </trkpt>
      <trkpt lat="47.011302" lon="9.842534">
        <ele>2543.957390</ele>
        <time>2026-09-12T11:07:16.000Z</time>
      </trkpt>
      <trkpt lat="47.011299" lon="9.842525">
        <ele>2544.132051</ele>
        <time>2026-09-12T11:07:22.000Z</time>
      </trkpt>
      <trkpt lat="47.011299" lon="9.842525">
        <ele>2544.132051</ele>
        <time>2026-09-12T11:07:44.000Z</time>
      </trkpt>
      <trkpt lat="47.011299" lon="9.842525">
        <ele>2544.132051</ele>
        <time>2026-09-12T11:07:57.000Z</time>
      </trkpt>
      <trkpt lat="47.011299" lon="9.842525">
        <ele>2544.132051</ele>
        <time>2026-09-12T11:08:14.000Z</time>
      </trkpt>
      <trkpt lat="47.011299" lon="9.842525">
        <ele>2544.132051</ele>
        <time>2026-09-12T11:08:20.000Z</time>
      </trkpt>
      <trkpt lat="47.011306" lon="9.842527">
        <ele>2544.314405</ele>
        <time>2026-09-12T11:08:42.000Z</time>
      </trkpt>
      <trkpt lat="47.011299" lon="9.842525">
        <ele>2544.496759</ele>
        <time>2026-09-12T11:08:46.000Z</time>
      </trkpt>
      <trkpt lat="47.011299" lon="9.842525">
        <ele>2544.496759</ele>
        <time>2026-09-12T11:08:49.000Z</time>
      </trkpt>
      <trkpt lat="47.011299" lon="9.842525">
        <ele>2544.496759</ele>
        <time>2026-09-12T11:08:51.000Z</time>
      </trkpt>
      <trkpt lat="47.011299" lon="9.842525">
        <ele>2544.496759</ele>
        <time>2026-09-12T11:08:57.000Z</time>
      </trkpt>
      <trkpt lat="47.011292" lon="9.842530">
        <ele>2544.695848</ele>
        <time>2026-09-12T11:09:04.000Z</time>
      </trkpt>
      <trkpt lat="47.011296" lon="9.842530">
        <ele>2544.798127</ele>
        <time>2026-09-12T11:09:06.000Z</time>
      </trkpt>
      <trkpt lat="47.011302" lon="9.842533">
        <ele>2544.960217</ele>
        <time>2026-09-12T11:09:11.000Z</time>
      </trkpt>
      <trkpt lat="47.011299" lon="9.842541">
        <ele>2545.119399</ele>
        <time>2026-09-12T11:09:15.000Z</time>
      </trkpt>
      <trkpt lat="47.011288" lon="9.842545">
        <ele>2545.504354</ele>
        <time>2026-09-12T11:09:17.000Z</time>
      </trkpt>
      <trkpt lat="47.011272" lon="9.842537">
        <ele>2546.081377</ele>
        <time>2026-09-12T11:09:28.000Z</time>
      </trkpt>
      <trkpt lat="47.011272" lon="9.842537">
        <ele>2546.081377</ele>
        <time>2026-09-12T11:09:46.000Z</time>
      </trkpt>
      <trkpt lat="47.011272" lon="9.842537">
        <ele>2546.081377</ele>
        <time>2026-09-12T11:10:00.000Z</time>
      </trkpt>
      <trkpt lat="47.011288" lon="9.842522">
        <ele>2546.729584</ele>
        <time>2026-09-12T11:10:06.000Z</time>
      </trkpt>
      <trkpt lat="47.011295" lon="9.842516">
        <ele>2547.006343</ele>
        <time>2026-09-12T11:10:08.000Z</time>
      </trkpt>
      <trkpt lat="47.011295" lon="9.842527">
        <ele>2547.262367</ele>
        <time>2026-09-12T11:10:15.000Z</time>
      </trkpt>
      <trkpt lat="47.011295" lon="9.842527">
        <ele>2547.262367</ele>
        <time>2026-09-12T11:10:25.000Z</time>
      </trkpt>
      <trkpt lat="47.011295" lon="9.842527">
        <ele>2547.262367</ele>
        <time>2026-09-12T11:10:32.000Z</time>
      </trkpt>
      <trkpt lat="47.011295" lon="9.842527">
        <ele>2547.262367</ele>
        <time>2026-09-12T11:10:40.000Z</time>
      </trkpt>
      <trkpt lat="47.011290" lon="9.842525">
        <ele>2547.439275</ele>
        <time>2026-09-12T11:10:42.000Z</time>
      </trkpt>
      <trkpt lat="47.011297" lon="9.842543">
        <ele>2547.921572</ele>
        <time>2026-09-12T11:10:52.000Z</time>
      </trkpt>
      <trkpt lat="47.011295" lon="9.842544">
        <ele>2547.993700</ele>
        <time>2026-09-12T11:10:54.000Z</time>
      </trkpt>
      <trkpt lat="47.011289" lon="9.842546">
        <ele>2548.203732</ele>
        <time>2026-09-12T11:11:00.000Z</time>
      </trkpt>
      <trkpt lat="47.011293" lon="9.842543">
        <ele>2548.357089</ele>
        <time>2026-09-12T11:11:02.000Z</time>
      </trkpt>
      <trkpt lat="47.011295" lon="9.842527">
        <ele>2548.735693</ele>
        <time>2026-09-12T11:11:09.000Z</time>
      </trkpt>
      <trkpt lat="47.011295" lon="9.842527">
        <ele>2548.735693</ele>
        <time>2026-09-12T11:11:17.000Z</time>
      </trkpt>
      <trkpt lat="47.011295" lon="9.842527">
        <ele>2548.735693</ele>
        <time>2026-09-12T11:11:41.000Z</time>
      </trkpt>
      <trkpt lat="47.011295" lon="9.842527">
        <ele>2548.735693</ele>
        <time>2026-09-12T11:11:57.000Z</time>
      </trkpt>
      <trkpt lat="47.011282" lon="9.842540">
        <ele>2549.272783</ele>
        <time>2026-09-12T11:12:08.000Z</time>
      </trkpt>
      <trkpt lat="47.011273" lon="9.842545">
        <ele>2549.601298</ele>
        <time>2026-09-12T11:12:17.000Z</time>
      </trkpt>
      <trkpt lat="47.011273" lon="9.842545">
        <ele>2549.601298</ele>
        <time>2026-09-12T11:12:34.000Z</time>
      </trkpt>
      <trkpt lat="47.011297" lon="9.842492">
        <ele>2551.082120</ele>
        <time>2026-09-12T11:12:47.000Z</time>
      </trkpt>
      <trkpt lat="47.011291" lon="9.842489">
        <ele>2551.298504</ele>
        <time>2026-09-12T11:12:58.000Z</time>
      </trkpt>
      <trkpt lat="47.011270" lon="9.842513">
        <ele>2552.207280</ele>
        <time>2026-09-12T11:13:10.000Z</time>
      </trkpt>
      <trkpt lat="47.011278" lon="9.842522">
        <ele>2552.551447</ele>
        <time>2026-09-12T11:13:15.000Z</time>
      </trkpt>
      <trkpt lat="47.011277" lon="9.842523">
        <ele>2552.592761</ele>
        <time>2026-09-12T11:13:23.000Z</time>
      </trkpt>
      <trkpt lat="47.011277" lon="9.842523">
        <ele>2552.592761</ele>
        <time>2026-09-12T11:13:26.000Z</time>
      </trkpt>
      <trkpt lat="47.011264" lon="9.842472">
        <ele>2553.860014</ele>
        <time>2026-09-12T11:13:34.000Z</time>
      </trkpt>
      <trkpt lat="47.011261" lon="9.842464">
        <ele>2554.072515</ele>
        <time>2026-09-12T11:13:49.000Z</time>
      </trkpt>
      <trkpt lat="47.011272" lon="9.842532">
        <ele>2555.699139</ele>
        <time>2026-09-12T11:13:58.000Z</time>
      </trkpt>
      <trkpt lat="47.011299" lon="9.842521">
        <ele>2556.655675</ele>
        <time>2026-09-12T11:14:16.000Z</time>
      </trkpt>
      <trkpt lat="47.011347" lon="9.842524">
        <ele>2558.295628</ele>
        <time>2026-09-12T11:14:25.000Z</time>
      </trkpt>
      <trkpt lat="47.011325" lon="9.842527">
        <ele>2559.049830</ele>
        <time>2026-09-12T11:14:29.000Z</time>
      </trkpt>
      <trkpt lat="47.011314" lon="9.842530">
        <ele>2559.431749</ele>
        <time>2026-09-12T11:14:34.000Z</time>
      </trkpt>
      <trkpt lat="47.011316" lon="9.842525">
        <ele>2559.566670</ele>
        <time>2026-09-12T11:14:35.000Z</time>
      </trkpt>
      <trkpt lat="47.011318" lon="9.842516">
        <ele>2559.786988</ele>
        <time>2026-09-12T11:14:43.000Z</time>
      </trkpt>
      <trkpt lat="47.011318" lon="9.842512">
        <ele>2559.880087</ele>
        <time>2026-09-12T11:14:52.000Z</time>
      </trkpt>
      <trkpt lat="47.011318" lon="9.842512">
        <ele>2559.880087</ele>
        <time>2026-09-12T11:14:54.000Z</time>
      </trkpt>
      <trkpt lat="47.011336" lon="9.842498">
        <ele>2560.575569</ele>
        <time>2026-09-12T11:14:59.000Z</time>
      </trkpt>
      <trkpt lat="47.011335" lon="9.842496">
        <ele>2560.633293</ele>
        <time>2026-09-12T11:15:00.000Z</time>
      </trkpt>
      <trkpt lat="47.011341" lon="9.842485">
        <ele>2560.961156</ele>
        <time>2026-09-12T11:15:04.000Z</time>
      </trkpt>
      <trkpt lat="47.011351" lon="9.842465">
        <ele>2561.538395</ele>
        <time>2026-09-12T11:15:07.000Z</time>
      </trkpt>
      <trkpt lat="47.011359" lon="9.842425">
        <ele>2562.508613</ele>
        <time>2026-09-12T11:15:15.000Z</time>
      </trkpt>
      <trkpt lat="47.011358" lon="9.842420">
        <ele>2562.629890</ele>
        <time>2026-09-12T11:15:16.000Z</time>
      </trkpt>
      <trkpt lat="47.011362" lon="9.842407">
        <ele>2562.961844</ele>
        <time>2026-09-12T11:15:23.000Z</time>
      </trkpt>
      <trkpt lat="47.011363" lon="9.842407">
        <ele>2562.995978</ele>
        <time>2026-09-12T11:15:24.000Z</time>
      </trkpt>
      <trkpt lat="47.011365" lon="9.842415">
        <ele>2563.194298</ele>
        <time>2026-09-12T11:15:26.000Z</time>
      </trkpt>
      <trkpt lat="47.011366" lon="9.842418">
        <ele>2563.272020</ele>
        <time>2026-09-12T11:15:27.000Z</time>
      </trkpt>
      <trkpt lat="47.011370" lon="9.842413">
        <ele>2563.451424</ele>
        <time>2026-09-12T11:15:28.000Z</time>
      </trkpt>
      <trkpt lat="47.011373" lon="9.842400">
        <ele>2563.770856</ele>
        <time>2026-09-12T11:15:30.000Z</time>
      </trkpt>
      <trkpt lat="47.011385" lon="9.842387">
        <ele>2564.280106</ele>
        <time>2026-09-12T11:15:35.000Z</time>
      </trkpt>
      <trkpt lat="47.011384" lon="9.842385">
        <ele>2564.337830</ele>
        <time>2026-09-12T11:15:39.000Z</time>
      </trkpt>
      <trkpt lat="47.011383" lon="9.842389">
        <ele>2564.436990</ele>
        <time>2026-09-12T11:15:41.000Z</time>
      </trkpt>
      <trkpt lat="47.011379" lon="9.842396">
        <ele>2564.649563</ele>
        <time>2026-09-12T11:15:45.000Z</time>
      </trkpt>
      <trkpt lat="47.011383" lon="9.842382">
        <ele>2565.002861</ele>
        <time>2026-09-12T11:15:49.000Z</time>
      </trkpt>
      <trkpt lat="47.011382" lon="9.842383">
        <ele>2565.044175</ele>
        <time>2026-09-12T11:15:51.000Z</time>
      </trkpt>
      <trkpt lat="47.011380" lon="9.842377">
        <ele>2565.199619</ele>
        <time>2026-09-12T11:15:55.000Z</time>
      </trkpt>
      <trkpt lat="47.011411" lon="9.842340">
        <ele>2566.563931</ele>
        <time>2026-09-12T11:16:01.000Z</time>
      </trkpt>
      <trkpt lat="47.011414" lon="9.842330">
        <ele>2566.818211</ele>
        <time>2026-09-12T11:16:11.000Z</time>
      </trkpt>
      <trkpt lat="47.011430" lon="9.842326">
        <ele>2567.372244</ele>
        <time>2026-09-12T11:16:20.000Z</time>
      </trkpt>
      <trkpt lat="47.011448" lon="9.842330">
        <ele>2567.993682</ele>
        <time>2026-09-12T11:16:26.000Z</time>
      </trkpt>
      <trkpt lat="47.011452" lon="9.842323">
        <ele>2568.206254</ele>
        <time>2026-09-12T11:16:29.000Z</time>
      </trkpt>
      <trkpt lat="47.011457" lon="9.842308">
        <ele>2568.594861</ele>
        <time>2026-09-12T11:16:33.000Z</time>
      </trkpt>
      <trkpt lat="47.011459" lon="9.842301">
        <ele>2568.771510</ele>
        <time>2026-09-12T11:16:35.000Z</time>
      </trkpt>
      <trkpt lat="47.011459" lon="9.842301">
        <ele>2568.771510</ele>
        <time>2026-09-12T11:16:37.000Z</time>
      </trkpt>
      <trkpt lat="47.011453" lon="9.842293">
        <ele>2569.048307</ele>
        <time>2026-09-12T11:16:42.000Z</time>
      </trkpt>
      <trkpt lat="47.011457" lon="9.842278">
        <ele>2569.423179</ele>
        <time>2026-09-12T11:16:45.000Z</time>
      </trkpt>
      <trkpt lat="47.011465" lon="9.842243">
        <ele>2570.282350</ele>
        <time>2026-09-12T11:16:48.000Z</time>
      </trkpt>
      <trkpt lat="47.011467" lon="9.842219">
        <ele>2570.845101</ele>
        <time>2026-09-12T11:16:50.000Z</time>
      </trkpt>
      <trkpt lat="47.011464" lon="9.842198">
        <ele>2571.344485</ele>
        <time>2026-09-12T11:16:53.000Z</time>
      </trkpt>
      <trkpt lat="47.011467" lon="9.842202">
        <ele>2571.482883</ele>
        <time>2026-09-12T11:16:54.000Z</time>
      </trkpt>
      <trkpt lat="47.011468" lon="9.842194">
        <ele>2571.672184</ele>
        <time>2026-09-12T11:16:58.000Z</time>
      </trkpt>
      <trkpt lat="47.011468" lon="9.842192">
        <ele>2571.718734</ele>
        <time>2026-09-12T11:17:00.000Z</time>
      </trkpt>
      <trkpt lat="47.011470" lon="9.842182">
        <ele>2571.961288</ele>
        <time>2026-09-12T11:17:03.000Z</time>
      </trkpt>
      <trkpt lat="47.011470" lon="9.842190">
        <ele>2572.147486</ele>
        <time>2026-09-12T11:17:07.000Z</time>
      </trkpt>
      <trkpt lat="47.011472" lon="9.842181">
        <ele>2572.367804</ele>
        <time>2026-09-12T11:17:11.000Z</time>
      </trkpt>
      <trkpt lat="47.011474" lon="9.842166">
        <ele>2572.723538</ele>
        <time>2026-09-12T11:17:14.000Z</time>
      </trkpt>
      <trkpt lat="47.011472" lon="9.842156">
        <ele>2572.966092</ele>
        <time>2026-09-12T11:17:18.000Z</time>
      </trkpt>
      <trkpt lat="47.011469" lon="9.842131">
        <ele>2573.556904</ele>
        <time>2026-09-12T11:17:26.000Z</time>
      </trkpt>
      <trkpt lat="47.011469" lon="9.842106">
        <ele>2574.138774</ele>
        <time>2026-09-12T11:17:31.000Z</time>
      </trkpt>
      <trkpt lat="47.011463" lon="9.842090">
        <ele>2574.563775</ele>
        <time>2026-09-12T11:17:34.000Z</time>
      </trkpt>
      <trkpt lat="47.011468" lon="9.842073">
        <ele>2574.994688</ele>
        <time>2026-09-12T11:17:39.000Z</time>
      </trkpt>
      <trkpt lat="47.011470" lon="9.842072">
        <ele>2575.066816</ele>
        <time>2026-09-12T11:17:41.000Z</time>
      </trkpt>
      <trkpt lat="47.011462" lon="9.842064">
        <ele>2575.397332</ele>
        <time>2026-09-12T11:17:45.000Z</time>
      </trkpt>
      <trkpt lat="47.011463" lon="9.842043">
        <ele>2575.887294</ele>
        <time>2026-09-12T11:17:49.000Z</time>
      </trkpt>
      <trkpt lat="47.011463" lon="9.842036">
        <ele>2576.050217</ele>
        <time>2026-09-12T11:17:50.000Z</time>
      </trkpt>
      <trkpt lat="47.011460" lon="9.842027">
        <ele>2576.283382</ele>
        <time>2026-09-12T11:17:55.000Z</time>
      </trkpt>
      <trkpt lat="47.011459" lon="9.842027">
        <ele>2576.317517</ele>
        <time>2026-09-12T11:17:57.000Z</time>
      </trkpt>
      <trkpt lat="47.011459" lon="9.842026">
        <ele>2576.340791</ele>
        <time>2026-09-12T11:17:58.000Z</time>
      </trkpt>
      <trkpt lat="47.011471" lon="9.842003">
        <ele>2577.014849</ele>
        <time>2026-09-12T11:18:06.000Z</time>
      </trkpt>
      <trkpt lat="47.011473" lon="9.842000">
        <ele>2577.112502</ele>
        <time>2026-09-12T11:18:07.000Z</time>
      </trkpt>
      <trkpt lat="47.011494" lon="9.842005">
        <ele>2577.838716</ele>
        <time>2026-09-12T11:18:13.000Z</time>
      </trkpt>
      <trkpt lat="47.011499" lon="9.842007">
        <ele>2578.015623</ele>
        <time>2026-09-12T11:18:14.000Z</time>
      </trkpt>
      <trkpt lat="47.011494" lon="9.841993">
        <ele>2578.383463</ele>
        <time>2026-09-12T11:18:20.000Z</time>
      </trkpt>
      <trkpt lat="47.011486" lon="9.841988">
        <ele>2578.680303</ele>
        <time>2026-09-12T11:18:22.000Z</time>
      </trkpt>
      <trkpt lat="47.011489" lon="9.841955">
        <ele>2579.455168</ele>
        <time>2026-09-12T11:18:28.000Z</time>
      </trkpt>
      <trkpt lat="47.011496" lon="9.841957">
        <ele>2579.698603</ele>
        <time>2026-09-12T11:18:32.000Z</time>
      </trkpt>
      <trkpt lat="47.011498" lon="9.841938">
        <ele>2580.146062</ele>
        <time>2026-09-12T11:18:37.000Z</time>
      </trkpt>
      <trkpt lat="47.011491" lon="9.841922">
        <ele>2580.588525</ele>
        <time>2026-09-12T11:18:44.000Z</time>
      </trkpt>
      <trkpt lat="47.011489" lon="9.841917">
        <ele>2580.723446</ele>
        <time>2026-09-12T11:18:46.000Z</time>
      </trkpt>
      <trkpt lat="47.011485" lon="9.841897">
        <ele>2581.208553</ele>
        <time>2026-09-12T11:18:53.000Z</time>
      </trkpt>
      <trkpt lat="47.011483" lon="9.841894">
        <ele>2581.306206</ele>
        <time>2026-09-12T11:18:54.000Z</time>
      </trkpt>
      <trkpt lat="47.011490" lon="9.841896">
        <ele>2581.549641</ele>
        <time>2026-09-12T11:18:59.000Z</time>
      </trkpt>
      <trkpt lat="47.011495" lon="9.841892">
        <ele>2581.744056</ele>
        <time>2026-09-12T11:19:01.000Z</time>
      </trkpt>
      <trkpt lat="47.011496" lon="9.841890">
        <ele>2581.801779</ele>
        <time>2026-09-12T11:19:02.000Z</time>
      </trkpt>
      <trkpt lat="47.011494" lon="9.841889">
        <ele>2581.873907</ele>
        <time>2026-09-12T11:19:04.000Z</time>
      </trkpt>
      <trkpt lat="47.011493" lon="9.841890">
        <ele>2581.915222</ele>
        <time>2026-09-12T11:19:10.000Z</time>
      </trkpt>
      <trkpt lat="47.011493" lon="9.841875">
        <ele>2582.264344</ele>
        <time>2026-09-12T11:19:13.000Z</time>
      </trkpt>
      <trkpt lat="47.011489" lon="9.841850">
        <ele>2582.862019</ele>
        <time>2026-09-12T11:19:19.000Z</time>
      </trkpt>
      <trkpt lat="47.011488" lon="9.841838">
        <ele>2583.143395</ele>
        <time>2026-09-12T11:19:23.000Z</time>
      </trkpt>
      <trkpt lat="47.011504" lon="9.841809">
        <ele>2584.011651</ele>
        <time>2026-09-12T11:19:31.000Z</time>
      </trkpt>
      <trkpt lat="47.011500" lon="9.841783">
        <ele>2584.632008</ele>
        <time>2026-09-12T11:19:39.000Z</time>
      </trkpt>
      <trkpt lat="47.011498" lon="9.841754">
        <ele>2585.310420</ele>
        <time>2026-09-12T11:19:43.000Z</time>
      </trkpt>
      <trkpt lat="47.011501" lon="9.841752">
        <ele>2585.422908</ele>
        <time>2026-09-12T11:19:44.000Z</time>
      </trkpt>
      <trkpt lat="47.011507" lon="9.841764">
        <ele>2585.769251</ele>
        <time>2026-09-12T11:19:47.000Z</time>
      </trkpt>
      <trkpt lat="47.011509" lon="9.841756">
        <ele>2585.967570</ele>
        <time>2026-09-12T11:19:55.000Z</time>
      </trkpt>
      <trkpt lat="47.011507" lon="9.841756">
        <ele>2586.035840</ele>
        <time>2026-09-12T11:19:58.000Z</time>
      </trkpt>
      <trkpt lat="47.011503" lon="9.841770">
        <ele>2586.389137</ele>
        <time>2026-09-12T11:20:09.000Z</time>
      </trkpt>
      <trkpt lat="47.011503" lon="9.841770">
        <ele>2586.389137</ele>
        <time>2026-09-12T11:20:10.000Z</time>
      </trkpt>
      <trkpt lat="47.011501" lon="9.841764">
        <ele>2586.544580</ele>
        <time>2026-09-12T11:20:14.000Z</time>
      </trkpt>
      <trkpt lat="47.011498" lon="9.841756">
        <ele>2586.757080</ele>
        <time>2026-09-12T11:20:19.000Z</time>
      </trkpt>
      <trkpt lat="47.011502" lon="9.841766">
        <ele>2587.026922</ele>
        <time>2026-09-12T11:20:27.000Z</time>
      </trkpt>
      <trkpt lat="47.011511" lon="9.841752">
        <ele>2587.474756</ele>
        <time>2026-09-12T11:20:38.000Z</time>
      </trkpt>
      <trkpt lat="47.011513" lon="9.841738">
        <ele>2587.807678</ele>
        <time>2026-09-12T11:20:45.000Z</time>
      </trkpt>
      <trkpt lat="47.011512" lon="9.841737">
        <ele>2587.848993</ele>
        <time>2026-09-12T11:20:49.000Z</time>
      </trkpt>
      <trkpt lat="47.011514" lon="9.841734">
        <ele>2587.946646</ele>
        <time>2026-09-12T11:20:53.000Z</time>
      </trkpt>
      <trkpt lat="47.011514" lon="9.841733">
        <ele>2587.969921</ele>
        <time>2026-09-12T11:20:54.000Z</time>
      </trkpt>
      <trkpt lat="47.011516" lon="9.841734">
        <ele>2588.042048</ele>
        <time>2026-09-12T11:20:56.000Z</time>
      </trkpt>
      <trkpt lat="47.011516" lon="9.841738">
        <ele>2588.135148</ele>
        <time>2026-09-12T11:21:00.000Z</time>
      </trkpt>
      <trkpt lat="47.011516" lon="9.841739">
        <ele>2588.158422</ele>
        <time>2026-09-12T11:21:04.000Z</time>
      </trkpt>
      <trkpt lat="47.011511" lon="9.841728">
        <ele>2588.466119</ele>
        <time>2026-09-12T11:21:07.000Z</time>
      </trkpt>
      <trkpt lat="47.011506" lon="9.841727">
        <ele>2588.638372</ele>
        <time>2026-09-12T11:21:11.000Z</time>
      </trkpt>
      <trkpt lat="47.011507" lon="9.841728">
        <ele>2588.679686</ele>
        <time>2026-09-12T11:21:13.000Z</time>
      </trkpt>
      <trkpt lat="47.011506" lon="9.841727">
        <ele>2588.721001</ele>
        <time>2026-09-12T11:21:14.000Z</time>
      </trkpt>
      <trkpt lat="47.011505" lon="9.841726">
        <ele>2588.762316</ele>
        <time>2026-09-12T11:21:15.000Z</time>
      </trkpt>
      <trkpt lat="47.011503" lon="9.841728">
        <ele>2588.844945</ele>
        <time>2026-09-12T11:21:16.000Z</time>
      </trkpt>
      <trkpt lat="47.011504" lon="9.841730">
        <ele>2588.902669</ele>
        <time>2026-09-12T11:21:22.000Z</time>
      </trkpt>
      <trkpt lat="47.011506" lon="9.841731">
        <ele>2588.974796</ele>
        <time>2026-09-12T11:21:23.000Z</time>
      </trkpt>
      <trkpt lat="47.011515" lon="9.841738">
        <ele>2589.322537</ele>
        <time>2026-09-12T11:21:29.000Z</time>
      </trkpt>
      <trkpt lat="47.011518" lon="9.841736">
        <ele>2589.435024</ele>
        <time>2026-09-12T11:21:31.000Z</time>
      </trkpt>
      <trkpt lat="47.011520" lon="9.841737">
        <ele>2589.507152</ele>
        <time>2026-09-12T11:21:32.000Z</time>
      </trkpt>
      <trkpt lat="47.011522" lon="9.841731">
        <ele>2589.662595</ele>
        <time>2026-09-12T11:21:33.000Z</time>
      </trkpt>
      <trkpt lat="47.011521" lon="9.841715">
        <ele>2590.036553</ele>
        <time>2026-09-12T11:21:37.000Z</time>
      </trkpt>
      <trkpt lat="47.011524" lon="9.841721">
        <ele>2590.209724</ele>
        <time>2026-09-12T11:21:40.000Z</time>
      </trkpt>
      <trkpt lat="47.011523" lon="9.841706">
        <ele>2590.560511</ele>
        <time>2026-09-12T11:21:49.000Z</time>
      </trkpt>
      <trkpt lat="47.011523" lon="9.841703">
        <ele>2590.630335</ele>
        <time>2026-09-12T11:21:53.000Z</time>
      </trkpt>
      <trkpt lat="47.011523" lon="9.841704">
        <ele>2590.653610</ele>
        <time>2026-09-12T11:21:55.000Z</time>
      </trkpt>
      <trkpt lat="47.011520" lon="9.841701">
        <ele>2590.777553</ele>
        <time>2026-09-12T11:22:00.000Z</time>
      </trkpt>
      <trkpt lat="47.011526" lon="9.841698">
        <ele>2590.993937</ele>
        <time>2026-09-12T11:22:10.000Z</time>
      </trkpt>
      <trkpt lat="47.011525" lon="9.841699">
        <ele>2591.035252</ele>
        <time>2026-09-12T11:22:11.000Z</time>
      </trkpt>
      <trkpt lat="47.011537" lon="9.841688">
        <ele>2591.518297</ele>
        <time>2026-09-12T11:22:15.000Z</time>
      </trkpt>
      <trkpt lat="47.011535" lon="9.841681">
        <ele>2591.694946</ele>
        <time>2026-09-12T11:22:18.000Z</time>
      </trkpt>
      <trkpt lat="47.011531" lon="9.841680">
        <ele>2591.833454</ele>
        <time>2026-09-12T11:22:31.000Z</time>
      </trkpt>
      <trkpt lat="47.011531" lon="9.841680">
        <ele>2591.833454</ele>
        <time>2026-09-12T11:22:37.000Z</time>
      </trkpt>
      <trkpt lat="47.011529" lon="9.841674">
        <ele>2591.988897</ele>
        <time>2026-09-12T11:22:45.000Z</time>
      </trkpt>
      <trkpt lat="47.011530" lon="9.841669">
        <ele>2592.110174</ele>
        <time>2026-09-12T11:22:48.000Z</time>
      </trkpt>
      <trkpt lat="47.011531" lon="9.841680">
        <ele>2592.368462</ele>
        <time>2026-09-12T11:22:54.000Z</time>
      </trkpt>
      <trkpt lat="47.011529" lon="9.841675">
        <ele>2592.503382</ele>
        <time>2026-09-12T11:23:00.000Z</time>
      </trkpt>
      <trkpt lat="47.011523" lon="9.841666">
        <ele>2592.796342</ele>
        <time>2026-09-12T11:23:10.000Z</time>
      </trkpt>
      <trkpt lat="47.011520" lon="9.841656">
        <ele>2593.050622</ele>
        <time>2026-09-12T11:23:14.000Z</time>
      </trkpt>
      <trkpt lat="47.011523" lon="9.841657">
        <ele>2593.155638</ele>
        <time>2026-09-12T11:23:17.000Z</time>
      </trkpt>
      <trkpt lat="47.011527" lon="9.841656">
        <ele>2593.294146</ele>
        <time>2026-09-12T11:23:18.000Z</time>
      </trkpt>
      <trkpt lat="47.011529" lon="9.841657">
        <ele>2593.366274</ele>
        <time>2026-09-12T11:23:19.000Z</time>
      </trkpt>
      <trkpt lat="47.011528" lon="9.841650">
        <ele>2593.532735</ele>
        <time>2026-09-12T11:23:24.000Z</time>
      </trkpt>
      <trkpt lat="47.011524" lon="9.841645">
        <ele>2593.712138</ele>
        <time>2026-09-12T11:23:26.000Z</time>
      </trkpt>
      <trkpt lat="47.011532" lon="9.841654">
        <ele>2594.056304</ele>
        <time>2026-09-12T11:23:32.000Z</time>
      </trkpt>
      <trkpt lat="47.011532" lon="9.841655">
        <ele>2594.079579</ele>
        <time>2026-09-12T11:23:34.000Z</time>
      </trkpt>
      <trkpt lat="47.011530" lon="9.841641">
        <ele>2594.412501</ele>
        <time>2026-09-12T11:23:39.000Z</time>
      </trkpt>
      <trkpt lat="47.011538" lon="9.841638">
        <ele>2594.694364</ele>
        <time>2026-09-12T11:23:43.000Z</time>
      </trkpt>
      <trkpt lat="47.011540" lon="9.841630">
        <ele>2594.892683</ele>
        <time>2026-09-12T11:23:51.000Z</time>
      </trkpt>
      <trkpt lat="47.011539" lon="9.841628">
        <ele>2594.950407</ele>
        <time>2026-09-12T11:23:53.000Z</time>
      </trkpt>
      <trkpt lat="47.011534" lon="9.841632">
        <ele>2595.144821</ele>
        <time>2026-09-12T11:24:02.000Z</time>
      </trkpt>
      <trkpt lat="47.011536" lon="9.841625">
        <ele>2595.321470</ele>
        <time>2026-09-12T11:24:04.000Z</time>
      </trkpt>
      <trkpt lat="47.011535" lon="9.841620">
        <ele>2595.442747</ele>
        <time>2026-09-12T11:24:08.000Z</time>
      </trkpt>
      <trkpt lat="47.011538" lon="9.841631">
        <ele>2595.718490</ele>
        <time>2026-09-12T11:24:14.000Z</time>
      </trkpt>
      <trkpt lat="47.011549" lon="9.841618">
        <ele>2596.200710</ele>
        <time>2026-09-12T11:24:22.000Z</time>
      </trkpt>
      <trkpt lat="47.011546" lon="9.841624">
        <ele>2596.373881</ele>
        <time>2026-09-12T11:24:30.000Z</time>
      </trkpt>
      <trkpt lat="47.011544" lon="9.841618">
        <ele>2596.529324</ele>
        <time>2026-09-12T11:24:33.000Z</time>
      </trkpt>
      <trkpt lat="47.011535" lon="9.841619">
        <ele>2596.837416</ele>
        <time>2026-09-12T11:24:39.000Z</time>
      </trkpt>
      <trkpt lat="47.011537" lon="9.841619">
        <ele>2596.905686</ele>
        <time>2026-09-12T11:24:40.000Z</time>
      </trkpt>
      <trkpt lat="47.011541" lon="9.841612">
        <ele>2597.118258</ele>
        <time>2026-09-12T11:24:44.000Z</time>
      </trkpt>
      <trkpt lat="47.011542" lon="9.841621">
        <ele>2597.330494</ele>
        <time>2026-09-12T11:24:48.000Z</time>
      </trkpt>
      <trkpt lat="47.011543" lon="9.841621">
        <ele>2597.364629</ele>
        <time>2026-09-12T11:24:56.000Z</time>
      </trkpt>
      <trkpt lat="47.011544" lon="9.841619">
        <ele>2597.422352</ele>
        <time>2026-09-12T11:24:57.000Z</time>
      </trkpt>
      <trkpt lat="47.011549" lon="9.841617">
        <ele>2597.599260</ele>
        <time>2026-09-12T11:25:02.000Z</time>
      </trkpt>
      <trkpt lat="47.011553" lon="9.841623">
        <ele>2597.794566</ele>
        <time>2026-09-12T11:25:05.000Z</time>
      </trkpt>
      <trkpt lat="47.011555" lon="9.841624">
        <ele>2597.866694</ele>
        <time>2026-09-12T11:25:07.000Z</time>
      </trkpt>
      <trkpt lat="47.011556" lon="9.841620">
        <ele>2597.965854</ele>
        <time>2026-09-12T11:25:12.000Z</time>
      </trkpt>
      <trkpt lat="47.011553" lon="9.841627">
        <ele>2598.158287</ele>
        <time>2026-09-12T11:25:16.000Z</time>
      </trkpt>
      <trkpt lat="47.011551" lon="9.841623">
        <ele>2598.273735</ele>
        <time>2026-09-12T11:25:18.000Z</time>
      </trkpt>
      <trkpt lat="47.011551" lon="9.841616">
        <ele>2598.436658</ele>
        <time>2026-09-12T11:25:22.000Z</time>
      </trkpt>
      <trkpt lat="47.011549" lon="9.841618">
        <ele>2598.519287</ele>
        <time>2026-09-12T11:25:25.000Z</time>
      </trkpt>
      <trkpt lat="47.011546" lon="9.841617">
        <ele>2598.624303</ele>
        <time>2026-09-12T11:25:28.000Z</time>
      </trkpt>
      <trkpt lat="47.011539" lon="9.841614">
        <ele>2598.873239</ele>
        <time>2026-09-12T11:25:35.000Z</time>
      </trkpt>
      <trkpt lat="47.011545" lon="9.841617">
        <ele>2599.089622</ele>
        <time>2026-09-12T11:25:43.000Z</time>
      </trkpt>
      <trkpt lat="47.011548" lon="9.841615">
        <ele>2599.202110</ele>
        <time>2026-09-12T11:25:44.000Z</time>
      </trkpt>
      <trkpt lat="47.011558" lon="9.841610">
        <ele>2599.562749</ele>
        <time>2026-09-12T11:25:47.000Z</time>
      </trkpt>
      <trkpt lat="47.011557" lon="9.841608">
        <ele>2599.620473</ele>
        <time>2026-09-12T11:25:49.000Z</time>
      </trkpt>
      <trkpt lat="47.011566" lon="9.841625">
        <ele>2600.121407</ele>
        <time>2026-09-12T11:25:59.000Z</time>
      </trkpt>
      <trkpt lat="47.011564" lon="9.841628">
        <ele>2600.219060</ele>
        <time>2026-09-12T11:26:00.000Z</time>
      </trkpt>
      <trkpt lat="47.011559" lon="9.841630">
        <ele>2600.395968</ele>
        <time>2026-09-12T11:26:03.000Z</time>
      </trkpt>
      <trkpt lat="47.011555" lon="9.841614">
        <ele>2600.792606</ele>
        <time>2026-09-12T11:26:13.000Z</time>
      </trkpt>
      <trkpt lat="47.011551" lon="9.841631">
        <ele>2601.211173</ele>
        <time>2026-09-12T11:26:23.000Z</time>
      </trkpt>
      <trkpt lat="47.011551" lon="9.841635">
        <ele>2601.304272</ele>
        <time>2026-09-12T11:26:25.000Z</time>
      </trkpt>
      <trkpt lat="47.011546" lon="9.841640">
        <ele>2601.510845</ele>
        <time>2026-09-12T11:26:29.000Z</time>
      </trkpt>
      <trkpt lat="47.011541" lon="9.841644">
        <ele>2601.705259</ele>
        <time>2026-09-12T11:26:33.000Z</time>
      </trkpt>
      <trkpt lat="47.011541" lon="9.841644">
        <ele>2601.705259</ele>
        <time>2026-09-12T11:26:34.000Z</time>
      </trkpt>
      <trkpt lat="47.011540" lon="9.841634">
        <ele>2601.940496</ele>
        <time>2026-09-12T11:26:45.000Z</time>
      </trkpt>
      <trkpt lat="47.011543" lon="9.841647">
        <ele>2602.259928</ele>
        <time>2026-09-12T11:26:54.000Z</time>
      </trkpt>
      <trkpt lat="47.011544" lon="9.841641">
        <ele>2602.403688</ele>
        <time>2026-09-12T11:27:01.000Z</time>
      </trkpt>
      <trkpt lat="47.011548" lon="9.841639">
        <ele>2602.547944</ele>
        <time>2026-09-12T11:27:03.000Z</time>
      </trkpt>
      <trkpt lat="47.011552" lon="9.841632">
        <ele>2602.760516</ele>
        <time>2026-09-12T11:27:12.000Z</time>
      </trkpt>
      <trkpt lat="47.011558" lon="9.841632">
        <ele>2602.965324</ele>
        <time>2026-09-12T11:27:18.000Z</time>
      </trkpt>
      <trkpt lat="47.011556" lon="9.841616">
        <ele>2603.343926</ele>
        <time>2026-09-12T11:27:23.000Z</time>
      </trkpt>
      <trkpt lat="47.011551" lon="9.841581">
        <ele>2604.176230</ele>
        <time>2026-09-12T11:27:35.000Z</time>
      </trkpt>
      <trkpt lat="47.011553" lon="9.841588">
        <ele>2604.352879</ele>
        <time>2026-09-12T11:27:41.000Z</time>
      </trkpt>
      <trkpt lat="47.011568" lon="9.841587">
        <ele>2604.865428</ele>
        <time>2026-09-12T11:27:43.000Z</time>
      </trkpt>
      <trkpt lat="47.011564" lon="9.841577">
        <ele>2605.135269</ele>
        <time>2026-09-12T11:27:48.000Z</time>
      </trkpt>
      <trkpt lat="47.011560" lon="9.841572">
        <ele>2605.314673</ele>
        <time>2026-09-12T11:27:52.000Z</time>
      </trkpt>
      <trkpt lat="47.011573" lon="9.841556">
        <ele>2605.893977</ele>
        <time>2026-09-12T11:28:02.000Z</time>
      </trkpt>
      <trkpt lat="47.011561" lon="9.841539">
        <ele>2606.463487</ele>
        <time>2026-09-12T11:28:10.000Z</time>
      </trkpt>
      <trkpt lat="47.011571" lon="9.841519">
        <ele>2606.838718</ele>
        <time>2026-09-12T11:28:17.000Z</time>
      </trkpt>
      <trkpt lat="47.011570" lon="9.841505">
        <ele>2607.038958</ele>
        <time>2026-09-12T11:28:21.000Z</time>
      </trkpt>
      <trkpt lat="47.011569" lon="9.841523">
        <ele>2607.295856</ele>
        <time>2026-09-12T11:28:25.000Z</time>
      </trkpt>
      <trkpt lat="47.011565" lon="9.841535">
        <ele>2607.485862</ele>
        <time>2026-09-12T11:28:27.000Z</time>
      </trkpt>
      <trkpt lat="47.011563" lon="9.841538">
        <ele>2607.545545</ele>
        <time>2026-09-12T11:28:33.000Z</time>
      </trkpt>
      <trkpt lat="47.011563" lon="9.841538">
        <ele>2607.545545</ele>
        <time>2026-09-12T11:28:37.000Z</time>
      </trkpt>
      <trkpt lat="47.011563" lon="9.841538">
        <ele>2607.545545</ele>
        <time>2026-09-12T11:28:43.000Z</time>
      </trkpt>
      <trkpt lat="47.011563" lon="9.841538">
        <ele>2607.545545</ele>
        <time>2026-09-12T11:28:45.000Z</time>
      </trkpt>
      <trkpt lat="47.011563" lon="9.841538">
        <ele>2607.545545</ele>
        <time>2026-09-12T11:28:51.000Z</time>
      </trkpt>
      <trkpt lat="47.011563" lon="9.841538">
        <ele>2607.545545</ele>
        <time>2026-09-12T11:29:06.000Z</time>
      </trkpt>
      <trkpt lat="47.011563" lon="9.841538">
        <ele>2607.545545</ele>
        <time>2026-09-12T11:29:37.000Z</time>
      </trkpt>
      <trkpt lat="47.011563" lon="9.841538">
        <ele>2607.545545</ele>
        <time>2026-09-12T11:29:46.000Z</time>
      </trkpt>
      <trkpt lat="47.011563" lon="9.841538">
        <ele>2607.545545</ele>
        <time>2026-09-12T11:29:47.000Z</time>
      </trkpt>
      <trkpt lat="47.011561" lon="9.841533">
        <ele>2607.628005</ele>
        <time>2026-09-12T11:29:49.000Z</time>
      </trkpt>
      <trkpt lat="47.011553" lon="9.841518">
        <ele>2607.898900</ele>
        <time>2026-09-12T11:29:53.000Z</time>
      </trkpt>
      <trkpt lat="47.011557" lon="9.841515">
        <ele>2607.992628</ele>
        <time>2026-09-12T11:30:01.000Z</time>
      </trkpt>
      <trkpt lat="47.011557" lon="9.841515">
        <ele>2607.992628</ele>
        <time>2026-09-12T11:30:06.000Z</time>
      </trkpt>
      <trkpt lat="47.011557" lon="9.841515">
        <ele>2607.992628</ele>
        <time>2026-09-12T11:30:10.000Z</time>
      </trkpt>
      <trkpt lat="47.011557" lon="9.841515">
        <ele>2607.992628</ele>
        <time>2026-09-12T11:30:12.000Z</time>
      </trkpt>
      <trkpt lat="47.011557" lon="9.841515">
        <ele>2607.992628</ele>
        <time>2026-09-12T11:30:16.000Z</time>
      </trkpt>
      <trkpt lat="47.011553" lon="9.841509">
        <ele>2608.111995</ele>
        <time>2026-09-12T11:30:21.000Z</time>
      </trkpt>
      <trkpt lat="47.011558" lon="9.841519">
        <ele>2608.288392</ele>
        <time>2026-09-12T11:30:25.000Z</time>
      </trkpt>
      <trkpt lat="47.011564" lon="9.841519">
        <ele>2608.413566</ele>
        <time>2026-09-12T11:30:29.000Z</time>
      </trkpt>
      <trkpt lat="47.011576" lon="9.841534">
        <ele>2608.742508</ele>
        <time>2026-09-12T11:30:35.000Z</time>
      </trkpt>
      <trkpt lat="47.011574" lon="9.841537">
        <ele>2608.802191</ele>
        <time>2026-09-12T11:30:38.000Z</time>
      </trkpt>
      <trkpt lat="47.011563" lon="9.841525">
        <ele>2609.088202</ele>
        <time>2026-09-12T11:30:52.000Z</time>
      </trkpt>
      <trkpt lat="47.011538" lon="9.841478">
        <ele>2609.936149</ele>
        <time>2026-09-12T11:31:03.000Z</time>
      </trkpt>
      <trkpt lat="47.011533" lon="9.841473">
        <ele>2610.062402</ele>
        <time>2026-09-12T11:31:07.000Z</time>
      </trkpt>
      <trkpt lat="47.011534" lon="9.841477">
        <ele>2610.123006</ele>
        <time>2026-09-12T11:31:10.000Z</time>
      </trkpt>
      <trkpt lat="47.011537" lon="9.841487">
        <ele>2610.278415</ele>
        <time>2026-09-12T11:31:13.000Z</time>
      </trkpt>
      <trkpt lat="47.011549" lon="9.841518">
        <ele>2610.785498</ele>
        <time>2026-09-12T11:31:24.000Z</time>
      </trkpt>
      <trkpt lat="47.011549" lon="9.841498">
        <ele>2611.069998</ele>
        <time>2026-09-12T11:31:33.000Z</time>
      </trkpt>
      <trkpt lat="47.011549" lon="9.841484">
        <ele>2611.269148</ele>
        <time>2026-09-12T11:31:36.000Z</time>
      </trkpt>
      <trkpt lat="47.011548" lon="9.841476">
        <ele>2611.384844</ele>
        <time>2026-09-12T11:31:41.000Z</time>
      </trkpt>
      <trkpt lat="47.011550" lon="9.841477">
        <ele>2611.428927</ele>
        <time>2026-09-12T11:31:43.000Z</time>
      </trkpt>
      <trkpt lat="47.011553" lon="9.841507">
        <ele>2611.860242</ele>
        <time>2026-09-12T11:31:51.000Z</time>
      </trkpt>
      <trkpt lat="47.011556" lon="9.841472">
        <ele>2612.362035</ele>
        <time>2026-09-12T11:31:57.000Z</time>
      </trkpt>
      <trkpt lat="47.011552" lon="9.841454">
        <ele>2612.631340</ele>
        <time>2026-09-12T11:32:01.000Z</time>
      </trkpt>
      <trkpt lat="47.011550" lon="9.841455">
        <ele>2612.675423</ele>
        <time>2026-09-12T11:32:02.000Z</time>
      </trkpt>
      <trkpt lat="47.011538" lon="9.841443">
        <ele>2612.978429</ele>
        <time>2026-09-12T11:32:13.000Z</time>
      </trkpt>
      <trkpt lat="47.011539" lon="9.841453">
        <ele>2613.122201</ele>
        <time>2026-09-12T11:32:21.000Z</time>
      </trkpt>
      <trkpt lat="47.011543" lon="9.841433">
        <ele>2613.418687</ele>
        <time>2026-09-12T11:32:29.000Z</time>
      </trkpt>
      <trkpt lat="47.011543" lon="9.841433">
        <ele>2613.418687</ele>
        <time>2026-09-12T11:32:34.000Z</time>
      </trkpt>
      <trkpt lat="47.011543" lon="9.841433">
        <ele>2613.418687</ele>
        <time>2026-09-12T11:32:36.000Z</time>
      </trkpt>
      <trkpt lat="47.011553" lon="9.841424">
        <ele>2613.663460</ele>
        <time>2026-09-12T11:32:45.000Z</time>
      </trkpt>
      <trkpt lat="47.011565" lon="9.841413">
        <ele>2613.958686</ele>
        <time>2026-09-12T11:32:54.000Z</time>
      </trkpt>
      <trkpt lat="47.011567" lon="9.841406">
        <ele>2614.066650</ele>
        <time>2026-09-12T11:32:56.000Z</time>
      </trkpt>
      <trkpt lat="47.011565" lon="9.841400">
        <ele>2614.161653</ele>
        <time>2026-09-12T11:32:59.000Z</time>
      </trkpt>
      <trkpt lat="47.011555" lon="9.841409">
        <ele>2614.406426</ele>
        <time>2026-09-12T11:33:04.000Z</time>
      </trkpt>
      <trkpt lat="47.011551" lon="9.841413">
        <ele>2614.507428</ele>
        <time>2026-09-12T11:33:06.000Z</time>
      </trkpt>
      <trkpt lat="47.011554" lon="9.841419">
        <ele>2614.613266</ele>
        <time>2026-09-12T11:33:14.000Z</time>
      </trkpt>
      <trkpt lat="47.011566" lon="9.841420">
        <ele>2614.864018</ele>
        <time>2026-09-12T11:33:24.000Z</time>
      </trkpt>
      <trkpt lat="47.011569" lon="9.841423">
        <ele>2614.939769</ele>
        <time>2026-09-12T11:33:26.000Z</time>
      </trkpt>
      <trkpt lat="47.011564" lon="9.841423">
        <ele>2615.044081</ele>
        <time>2026-09-12T11:33:27.000Z</time>
      </trkpt>
      <trkpt lat="47.011564" lon="9.841424">
        <ele>2615.058306</ele>
        <time>2026-09-12T11:33:28.000Z</time>
      </trkpt>
      <trkpt lat="47.011564" lon="9.841428">
        <ele>2615.115206</ele>
        <time>2026-09-12T11:33:29.000Z</time>
      </trkpt>
      <trkpt lat="47.011560" lon="9.841431">
        <ele>2615.208934</ele>
        <time>2026-09-12T11:33:31.000Z</time>
      </trkpt>
      <trkpt lat="47.011560" lon="9.841422">
        <ele>2615.336959</ele>
        <time>2026-09-12T11:33:38.000Z</time>
      </trkpt>
      <trkpt lat="47.011558" lon="9.841416">
        <ele>2615.431962</ele>
        <time>2026-09-12T11:33:41.000Z</time>
      </trkpt>
      <trkpt lat="47.011575" lon="9.841418">
        <ele>2615.787760</ele>
        <time>2026-09-12T11:33:47.000Z</time>
      </trkpt>
      <trkpt lat="47.011574" lon="9.841418">
        <ele>2615.808623</ele>
        <time>2026-09-12T11:33:48.000Z</time>
      </trkpt>
      <trkpt lat="47.011572" lon="9.841419">
        <ele>2615.852706</ele>
        <time>2026-09-12T11:33:50.000Z</time>
      </trkpt>
      <trkpt lat="47.011568" lon="9.841419">
        <ele>2615.936155</ele>
        <time>2026-09-12T11:33:52.000Z</time>
      </trkpt>
      <trkpt lat="47.011573" lon="9.841419">
        <ele>2616.040467</ele>
        <time>2026-09-12T11:33:54.000Z</time>
      </trkpt>
      <trkpt lat="47.011576" lon="9.841413">
        <ele>2616.146305</ele>
        <time>2026-09-12T11:33:57.000Z</time>
      </trkpt>
      <trkpt lat="47.011578" lon="9.841410">
        <ele>2616.205988</ele>
        <time>2026-09-12T11:33:59.000Z</time>
      </trkpt>
      <trkpt lat="47.011580" lon="9.841408">
        <ele>2616.256489</ele>
        <time>2026-09-12T11:34:07.000Z</time>
      </trkpt>
      <trkpt lat="47.011580" lon="9.841408">
        <ele>2616.256489</ele>
        <time>2026-09-12T11:34:08.000Z</time>
      </trkpt>
      <trkpt lat="47.011578" lon="9.841413">
        <ele>2616.338949</ele>
        <time>2026-09-12T11:34:13.000Z</time>
      </trkpt>
      <trkpt lat="47.011581" lon="9.841421">
        <ele>2616.468824</ele>
        <time>2026-09-12T11:34:17.000Z</time>
      </trkpt>
      <trkpt lat="47.011578" lon="9.841419">
        <ele>2616.537574</ele>
        <time>2026-09-12T11:34:24.000Z</time>
      </trkpt>
      <trkpt lat="47.011576" lon="9.841413">
        <ele>2616.632577</ele>
        <time>2026-09-12T11:34:27.000Z</time>
      </trkpt>
      <trkpt lat="47.011573" lon="9.841406">
        <ele>2616.750188</ele>
        <time>2026-09-12T11:34:30.000Z</time>
      </trkpt>
      <trkpt lat="47.011572" lon="9.841405">
        <ele>2616.775438</ele>
        <time>2026-09-12T11:34:32.000Z</time>
      </trkpt>
      <trkpt lat="47.011571" lon="9.841401">
        <ele>2616.836042</ele>
        <time>2026-09-12T11:34:35.000Z</time>
      </trkpt>
      <trkpt lat="47.011570" lon="9.841400">
        <ele>2616.861293</ele>
        <time>2026-09-12T11:34:37.000Z</time>
      </trkpt>
      <trkpt lat="47.011570" lon="9.841400">
        <ele>2616.861293</ele>
        <time>2026-09-12T11:34:43.000Z</time>
      </trkpt>
      <trkpt lat="47.011573" lon="9.841398">
        <ele>2616.930043</ele>
        <time>2026-09-12T11:34:53.000Z</time>
      </trkpt>
      <trkpt lat="47.011573" lon="9.841398">
        <ele>2616.930043</ele>
        <time>2026-09-12T11:34:54.000Z</time>
      </trkpt>
      <trkpt lat="47.011573" lon="9.841398">
        <ele>2616.930043</ele>
        <time>2026-09-12T11:34:56.000Z</time>
      </trkpt>
      <trkpt lat="47.011573" lon="9.841404">
        <ele>2617.015392</ele>
        <time>2026-09-12T11:35:08.000Z</time>
      </trkpt>
      <trkpt lat="47.011583" lon="9.841401">
        <ele>2617.228336</ele>
        <time>2026-09-12T11:35:19.000Z</time>
      </trkpt>
      <trkpt lat="47.011573" lon="9.841398">
        <ele>2617.441279</ele>
        <time>2026-09-12T11:35:22.000Z</time>
      </trkpt>
      <trkpt lat="47.011585" lon="9.841406">
        <ele>2617.716278</ele>
        <time>2026-09-12T11:35:29.000Z</time>
      </trkpt>
      <trkpt lat="47.011584" lon="9.841408">
        <ele>2617.751557</ele>
        <time>2026-09-12T11:35:31.000Z</time>
      </trkpt>
      <trkpt lat="47.011580" lon="9.841413">
        <ele>2617.861205</ele>
        <time>2026-09-12T11:35:32.000Z</time>
      </trkpt>
      <trkpt lat="47.011584" lon="9.841413">
        <ele>2617.944654</ele>
        <time>2026-09-12T11:35:36.000Z</time>
      </trkpt>
      <trkpt lat="47.011582" lon="9.841414">
        <ele>2617.988737</ele>
        <time>2026-09-12T11:35:40.000Z</time>
      </trkpt>
      <trkpt lat="47.011583" lon="9.841413">
        <ele>2618.013987</ele>
        <time>2026-09-12T11:35:41.000Z</time>
      </trkpt>
      <trkpt lat="47.011582" lon="9.841412">
        <ele>2618.039238</ele>
        <time>2026-09-12T11:35:44.000Z</time>
      </trkpt>
      <trkpt lat="47.011576" lon="9.841424">
        <ele>2618.250914</ele>
        <time>2026-09-12T11:35:52.000Z</time>
      </trkpt>
      <trkpt lat="47.011582" lon="9.841438">
        <ele>2618.486136</ele>
        <time>2026-09-12T11:35:56.000Z</time>
      </trkpt>
      <trkpt lat="47.011582" lon="9.841440">
        <ele>2618.514586</ele>
        <time>2026-09-12T11:35:57.000Z</time>
      </trkpt>
      <trkpt lat="47.011579" lon="9.841439">
        <ele>2618.578769</ele>
        <time>2026-09-12T11:35:59.000Z</time>
      </trkpt>
      <trkpt lat="47.011571" lon="9.841431">
        <ele>2618.780773</ele>
        <time>2026-09-12T11:36:02.000Z</time>
      </trkpt>
      <trkpt lat="47.011565" lon="9.841426">
        <ele>2618.924742</ele>
        <time>2026-09-12T11:36:07.000Z</time>
      </trkpt>
      <trkpt lat="47.011561" lon="9.841396">
        <ele>2619.359575</ele>
        <time>2026-09-12T11:36:17.000Z</time>
      </trkpt>
      <trkpt lat="47.011574" lon="9.841364">
        <ele>2619.889444</ele>
        <time>2026-09-12T11:36:25.000Z</time>
      </trkpt>
      <trkpt lat="47.011579" lon="9.841359">
        <ele>2620.015696</ele>
        <time>2026-09-12T11:36:32.000Z</time>
      </trkpt>
      <trkpt lat="47.011580" lon="9.841352">
        <ele>2620.117433</ele>
        <time>2026-09-12T11:36:33.000Z</time>
      </trkpt>
      <trkpt lat="47.011582" lon="9.841349">
        <ele>2620.177117</ele>
        <time>2026-09-12T11:36:34.000Z</time>
      </trkpt>
      <trkpt lat="47.011582" lon="9.841349">
        <ele>2620.177117</ele>
        <time>2026-09-12T11:36:35.000Z</time>
      </trkpt>
      <trkpt lat="47.011576" lon="9.841342">
        <ele>2620.337066</ele>
        <time>2026-09-12T11:36:40.000Z</time>
      </trkpt>
      <trkpt lat="47.011572" lon="9.841333">
        <ele>2620.489886</ele>
        <time>2026-09-12T11:36:43.000Z</time>
      </trkpt>
      <trkpt lat="47.011571" lon="9.841331">
        <ele>2620.525166</ele>
        <time>2026-09-12T11:36:44.000Z</time>
      </trkpt>
      <trkpt lat="47.011570" lon="9.841331">
        <ele>2620.546028</ele>
        <time>2026-09-12T11:36:45.000Z</time>
      </trkpt>
      <trkpt lat="47.011560" lon="9.841317">
        <ele>2620.834445</ele>
        <time>2026-09-12T11:36:52.000Z</time>
      </trkpt>
      <trkpt lat="47.011557" lon="9.841317">
        <ele>2620.897032</ele>
        <time>2026-09-12T11:36:54.000Z</time>
      </trkpt>
      <trkpt lat="47.011556" lon="9.841316">
        <ele>2620.922282</ele>
        <time>2026-09-12T11:36:56.000Z</time>
      </trkpt>
      <trkpt lat="47.011560" lon="9.841312">
        <ele>2621.023284</ele>
        <time>2026-09-12T11:37:02.000Z</time>
      </trkpt>
      <trkpt lat="47.011562" lon="9.841306">
        <ele>2621.118287</ele>
        <time>2026-09-12T11:37:04.000Z</time>
      </trkpt>
      <trkpt lat="47.011566" lon="9.841299">
        <ele>2621.248206</ele>
        <time>2026-09-12T11:37:07.000Z</time>
      </trkpt>
      <trkpt lat="47.011579" lon="9.841291">
        <ele>2621.542324</ele>
        <time>2026-09-12T11:37:13.000Z</time>
      </trkpt>
      <trkpt lat="47.011588" lon="9.841276">
        <ele>2621.826548</ele>
        <time>2026-09-12T11:37:20.000Z</time>
      </trkpt>
      <trkpt lat="47.011587" lon="9.841276">
        <ele>2621.847410</ele>
        <time>2026-09-12T11:37:21.000Z</time>
      </trkpt>
      <trkpt lat="47.011587" lon="9.841271">
        <ele>2621.918535</ele>
        <time>2026-09-12T11:37:22.000Z</time>
      </trkpt>
      <trkpt lat="47.011588" lon="9.841267">
        <ele>2621.979139</ele>
        <time>2026-09-12T11:37:23.000Z</time>
      </trkpt>
      <trkpt lat="47.011587" lon="9.841259">
        <ele>2622.094835</ele>
        <time>2026-09-12T11:37:27.000Z</time>
      </trkpt>
      <trkpt lat="47.011587" lon="9.841255">
        <ele>2622.151735</ele>
        <time>2026-09-12T11:37:29.000Z</time>
      </trkpt>
      <trkpt lat="47.011584" lon="9.841242">
        <ele>2622.346964</ele>
        <time>2026-09-12T11:37:32.000Z</time>
      </trkpt>
      <trkpt lat="47.011583" lon="9.841239">
        <ele>2622.394465</ele>
        <time>2026-09-12T11:37:39.000Z</time>
      </trkpt>
      <trkpt lat="47.011584" lon="9.841231">
        <ele>2622.510162</ele>
        <time>2026-09-12T11:37:40.000Z</time>
      </trkpt>
      <trkpt lat="47.011585" lon="9.841222">
        <ele>2622.639875</ele>
        <time>2026-09-12T11:37:43.000Z</time>
      </trkpt>
      <trkpt lat="47.011586" lon="9.841212">
        <ele>2622.783647</ele>
        <time>2026-09-12T11:37:51.000Z</time>
      </trkpt>
      <trkpt lat="47.011590" lon="9.841215">
        <ele>2622.877375</ele>
        <time>2026-09-12T11:37:54.000Z</time>
      </trkpt>
      <trkpt lat="47.011592" lon="9.841204">
        <ele>2623.039317</ele>
        <time>2026-09-12T11:38:07.000Z</time>
      </trkpt>
      <trkpt lat="47.011577" lon="9.841204">
        <ele>2623.352252</ele>
        <time>2026-09-12T11:38:18.000Z</time>
      </trkpt>
      <trkpt lat="47.011578" lon="9.841202">
        <ele>2623.387531</ele>
        <time>2026-09-12T11:38:26.000Z</time>
      </trkpt>
      <trkpt lat="47.011580" lon="9.841203">
        <ele>2623.431614</ele>
        <time>2026-09-12T11:38:27.000Z</time>
      </trkpt>
      <trkpt lat="47.011585" lon="9.841202">
        <ele>2623.536891</ele>
        <time>2026-09-12T11:38:29.000Z</time>
      </trkpt>
      <trkpt lat="47.011591" lon="9.841203">
        <ele>2623.662871</ele>
        <time>2026-09-12T11:38:33.000Z</time>
      </trkpt>
      <trkpt lat="47.011570" lon="9.841199">
        <ele>2624.104659</ele>
        <time>2026-09-12T11:38:41.000Z</time>
      </trkpt>
      <trkpt lat="47.011571" lon="9.841191">
        <ele>2624.220355</ele>
        <time>2026-09-12T11:38:53.000Z</time>
      </trkpt>
      <trkpt lat="47.011573" lon="9.841193">
        <ele>2624.270856</ele>
        <time>2026-09-12T11:38:57.000Z</time>
      </trkpt>
      <trkpt lat="47.011570" lon="9.841196">
        <ele>2624.346608</ele>
        <time>2026-09-12T11:39:05.000Z</time>
      </trkpt>
      <trkpt lat="47.011568" lon="9.841197">
        <ele>2624.390691</ele>
        <time>2026-09-12T11:39:07.000Z</time>
      </trkpt>
      <trkpt lat="47.011572" lon="9.841211">
        <ele>2624.606618</ele>
        <time>2026-09-12T11:39:18.000Z</time>
      </trkpt>
      <trkpt lat="47.011581" lon="9.841211">
        <ele>2624.794379</ele>
        <time>2026-09-12T11:39:26.000Z</time>
      </trkpt>
      <trkpt lat="47.011586" lon="9.841207">
        <ele>2624.913200</ele>
        <time>2026-09-12T11:39:30.000Z</time>
      </trkpt>
      <trkpt lat="47.011590" lon="9.841197">
        <ele>2625.078120</ele>
        <time>2026-09-12T11:39:34.000Z</time>
      </trkpt>
      <trkpt lat="47.011593" lon="9.841208">
        <ele>2625.246648</ele>
        <time>2026-09-12T11:39:48.000Z</time>
      </trkpt>
      <trkpt lat="47.011585" lon="9.841201">
        <ele>2625.440994</ele>
        <time>2026-09-12T11:39:51.000Z</time>
      </trkpt>
      <trkpt lat="47.011582" lon="9.841202">
        <ele>2625.505177</ele>
        <time>2026-09-12T11:39:53.000Z</time>
      </trkpt>
      <trkpt lat="47.011592" lon="9.841210">
        <ele>2625.742820</ele>
        <time>2026-09-12T11:40:03.000Z</time>
      </trkpt>
      <trkpt lat="47.011594" lon="9.841212">
        <ele>2625.793321</ele>
        <time>2026-09-12T11:40:06.000Z</time>
      </trkpt>
      <trkpt lat="47.011595" lon="9.841213">
        <ele>2625.818571</ele>
        <time>2026-09-12T11:40:09.000Z</time>
      </trkpt>
      <trkpt lat="47.011593" lon="9.841210">
        <ele>2625.878254</ele>
        <time>2026-09-12T11:40:11.000Z</time>
      </trkpt>
      <trkpt lat="47.011593" lon="9.841208">
        <ele>2625.906704</ele>
        <time>2026-09-12T11:40:12.000Z</time>
      </trkpt>
      <trkpt lat="47.011590" lon="9.841205">
        <ele>2625.982456</ele>
        <time>2026-09-12T11:40:15.000Z</time>
      </trkpt>
      <trkpt lat="47.011593" lon="9.841194">
        <ele>2626.150983</ele>
        <time>2026-09-12T11:40:18.000Z</time>
      </trkpt>
      <trkpt lat="47.011596" lon="9.841181">
        <ele>2626.346212</ele>
        <time>2026-09-12T11:40:21.000Z</time>
      </trkpt>
      <trkpt lat="47.011594" lon="9.841176">
        <ele>2626.428672</ele>
        <time>2026-09-12T11:40:28.000Z</time>
      </trkpt>
      <trkpt lat="47.011596" lon="9.841168">
        <ele>2626.549880</ele>
        <time>2026-09-12T11:40:31.000Z</time>
      </trkpt>
      <trkpt lat="47.011596" lon="9.841174">
        <ele>2626.635230</ele>
        <time>2026-09-12T11:40:35.000Z</time>
      </trkpt>
      <trkpt lat="47.011596" lon="9.841173">
        <ele>2626.649455</ele>
        <time>2026-09-12T11:40:53.000Z</time>
      </trkpt>
      <trkpt lat="47.011596" lon="9.841173">
        <ele>2626.649455</ele>
        <time>2026-09-12T11:41:12.000Z</time>
      </trkpt>
      <trkpt lat="47.011596" lon="9.841169">
        <ele>2626.706355</ele>
        <time>2026-09-12T11:41:20.000Z</time>
      </trkpt>
      <trkpt lat="47.011596" lon="9.841173">
        <ele>2626.763255</ele>
        <time>2026-09-12T11:41:26.000Z</time>
      </trkpt>
      <trkpt lat="47.011596" lon="9.841173">
        <ele>2626.763255</ele>
        <time>2026-09-12T11:41:36.000Z</time>
      </trkpt>
      <trkpt lat="47.011596" lon="9.841173">
        <ele>2626.763255</ele>
        <time>2026-09-12T11:41:50.000Z</time>
      </trkpt>
      <trkpt lat="47.011596" lon="9.841173">
        <ele>2626.763255</ele>
        <time>2026-09-12T11:41:55.000Z</time>
      </trkpt>
      <trkpt lat="47.011601" lon="9.841164">
        <ele>2626.928395</ele>
        <time>2026-09-12T11:42:03.000Z</time>
      </trkpt>
      <trkpt lat="47.011601" lon="9.841166">
        <ele>2626.956845</ele>
        <time>2026-09-12T11:42:06.000Z</time>
      </trkpt>
      <trkpt lat="47.011596" lon="9.841173">
        <ele>2627.101053</ele>
        <time>2026-09-12T11:42:07.000Z</time>
      </trkpt>
      <trkpt lat="47.011601" lon="9.841170">
        <ele>2627.213757</ele>
        <time>2026-09-12T11:42:17.000Z</time>
      </trkpt>
      <trkpt lat="47.011598" lon="9.841169">
        <ele>2627.277940</ele>
        <time>2026-09-12T11:42:19.000Z</time>
      </trkpt>
      <trkpt lat="47.011602" lon="9.841168">
        <ele>2627.362593</ele>
        <time>2026-09-12T11:42:27.000Z</time>
      </trkpt>
      <trkpt lat="47.011607" lon="9.841166">
        <ele>2627.470715</ele>
        <time>2026-09-12T11:42:30.000Z</time>
      </trkpt>
      <trkpt lat="47.011607" lon="9.841167">
        <ele>2627.484940</ele>
        <time>2026-09-12T11:42:31.000Z</time>
      </trkpt>
      <trkpt lat="47.011604" lon="9.841175">
        <ele>2627.614815</ele>
        <time>2026-09-12T11:42:37.000Z</time>
      </trkpt>
      <trkpt lat="47.011607" lon="9.841180">
        <ele>2627.709556</ele>
        <time>2026-09-12T11:42:44.000Z</time>
      </trkpt>
      <trkpt lat="47.011613" lon="9.841170">
        <ele>2627.899038</ele>
        <time>2026-09-12T11:42:47.000Z</time>
      </trkpt>
      <trkpt lat="47.011613" lon="9.841168">
        <ele>2627.927488</ele>
        <time>2026-09-12T11:42:48.000Z</time>
      </trkpt>
      <trkpt lat="47.011615" lon="9.841178">
        <ele>2628.075731</ele>
        <time>2026-09-12T11:42:53.000Z</time>
      </trkpt>
      <trkpt lat="47.011616" lon="9.841183">
        <ele>2628.149852</ele>
        <time>2026-09-12T11:42:57.000Z</time>
      </trkpt>
      <trkpt lat="47.011596" lon="9.841173">
        <ele>2628.590680</ele>
        <time>2026-09-12T11:43:10.000Z</time>
      </trkpt>
      <trkpt lat="47.011596" lon="9.841173">
        <ele>2628.590680</ele>
        <time>2026-09-12T11:43:12.000Z</time>
      </trkpt>
      <trkpt lat="47.011604" lon="9.841176">
        <ele>2628.762949</ele>
        <time>2026-09-12T11:43:18.000Z</time>
      </trkpt>
      <trkpt lat="47.011605" lon="9.841165">
        <ele>2628.920808</ele>
        <time>2026-09-12T11:43:24.000Z</time>
      </trkpt>
      <trkpt lat="47.011601" lon="9.841166">
        <ele>2629.005461</ele>
        <time>2026-09-12T11:43:27.000Z</time>
      </trkpt>
      <trkpt lat="47.011599" lon="9.841161">
        <ele>2629.087921</ele>
        <time>2026-09-12T11:43:39.000Z</time>
      </trkpt>
      <trkpt lat="47.011599" lon="9.841160">
        <ele>2629.102146</ele>
        <time>2026-09-12T11:43:42.000Z</time>
      </trkpt>
      <trkpt lat="47.011605" lon="9.841162">
        <ele>2629.230513</ele>
        <time>2026-09-12T11:43:47.000Z</time>
      </trkpt>
      <trkpt lat="47.011608" lon="9.841160">
        <ele>2629.299262</ele>
        <time>2026-09-12T11:43:49.000Z</time>
      </trkpt>
      <trkpt lat="47.011612" lon="9.841162">
        <ele>2629.387428</ele>
        <time>2026-09-12T11:43:52.000Z</time>
      </trkpt>
      <trkpt lat="47.011626" lon="9.841157">
        <ele>2629.688036</ele>
        <time>2026-09-12T11:43:57.000Z</time>
      </trkpt>
      <trkpt lat="47.011630" lon="9.841120">
        <ele>2630.220934</ele>
        <time>2026-09-12T11:44:05.000Z</time>
      </trkpt>
      <trkpt lat="47.011628" lon="9.841118">
        <ele>2630.271435</ele>
        <time>2026-09-12T11:44:07.000Z</time>
      </trkpt>
      <trkpt lat="47.011627" lon="9.841114">
        <ele>2630.332039</ele>
        <time>2026-09-12T11:44:08.000Z</time>
      </trkpt>
      <trkpt lat="47.011625" lon="9.841115">
        <ele>2630.376122</ele>
        <time>2026-09-12T11:44:09.000Z</time>
      </trkpt>
      <trkpt lat="47.011624" lon="9.841107">
        <ele>2630.491818</ele>
        <time>2026-09-12T11:44:14.000Z</time>
      </trkpt>
      <trkpt lat="47.011625" lon="9.841105">
        <ele>2630.527098</ele>
        <time>2026-09-12T11:44:22.000Z</time>
      </trkpt>
      <trkpt lat="47.011625" lon="9.841105">
        <ele>2630.527098</ele>
        <time>2026-09-12T11:44:24.000Z</time>
      </trkpt>
      <trkpt lat="47.011625" lon="9.841105">
        <ele>2630.527098</ele>
        <time>2026-09-12T11:44:28.000Z</time>
      </trkpt>
      <trkpt lat="47.011625" lon="9.841105">
        <ele>2630.527098</ele>
        <time>2026-09-12T11:44:32.000Z</time>
      </trkpt>
      <trkpt lat="47.011625" lon="9.841105">
        <ele>2630.527098</ele>
        <time>2026-09-12T11:44:34.000Z</time>
      </trkpt>
      <trkpt lat="47.011625" lon="9.841105">
        <ele>2630.527098</ele>
        <time>2026-09-12T11:44:38.000Z</time>
      </trkpt>
      <trkpt lat="47.011635" lon="9.841115">
        <ele>2630.779602</ele>
        <time>2026-09-12T11:44:50.000Z</time>
      </trkpt>
      <trkpt lat="47.011634" lon="9.841131">
        <ele>2631.008156</ele>
        <time>2026-09-12T11:44:54.000Z</time>
      </trkpt>
      <trkpt lat="47.011628" lon="9.841137">
        <ele>2631.159659</ele>
        <time>2026-09-12T11:44:57.000Z</time>
      </trkpt>
      <trkpt lat="47.011643" lon="9.841126">
        <ele>2631.509534</ele>
        <time>2026-09-12T11:45:02.000Z</time>
      </trkpt>
      <trkpt lat="47.011644" lon="9.841124">
        <ele>2631.544813</ele>
        <time>2026-09-12T11:45:04.000Z</time>
      </trkpt>
      <trkpt lat="47.011645" lon="9.841132">
        <ele>2631.660509</ele>
        <time>2026-09-12T11:45:10.000Z</time>
      </trkpt>
      <trkpt lat="47.011640" lon="9.841134">
        <ele>2631.768631</ele>
        <time>2026-09-12T11:45:13.000Z</time>
      </trkpt>
      <trkpt lat="47.011638" lon="9.841138">
        <ele>2631.839190</ele>
        <time>2026-09-12T11:45:19.000Z</time>
      </trkpt>
      <trkpt lat="47.011637" lon="9.841141">
        <ele>2631.886691</ele>
        <time>2026-09-12T11:45:21.000Z</time>
      </trkpt>
      <trkpt lat="47.011637" lon="9.841146">
        <ele>2631.957816</ele>
        <time>2026-09-12T11:45:24.000Z</time>
      </trkpt>
      <trkpt lat="47.011640" lon="9.841144">
        <ele>2632.026566</ele>
        <time>2026-09-12T11:45:28.000Z</time>
      </trkpt>
      <trkpt lat="47.011642" lon="9.841140">
        <ele>2632.097125</ele>
        <time>2026-09-12T11:45:37.000Z</time>
      </trkpt>
      <trkpt lat="47.011653" lon="9.841154">
        <ele>2632.400974</ele>
        <time>2026-09-12T11:45:41.000Z</time>
      </trkpt>
      <trkpt lat="47.011644" lon="9.841169">
        <ele>2632.685197</ele>
        <time>2026-09-12T11:45:46.000Z</time>
      </trkpt>
      <trkpt lat="47.011642" lon="9.841158">
        <ele>2632.847139</ele>
        <time>2026-09-12T11:45:51.000Z</time>
      </trkpt>
      <trkpt lat="47.011642" lon="9.841142">
        <ele>2633.074738</ele>
        <time>2026-09-12T11:45:53.000Z</time>
      </trkpt>
      <trkpt lat="47.011642" lon="9.841142">
        <ele>2633.074738</ele>
        <time>2026-09-12T11:45:58.000Z</time>
      </trkpt>
      <trkpt lat="47.011642" lon="9.841156">
        <ele>2633.273888</ele>
        <time>2026-09-12T11:46:03.000Z</time>
      </trkpt>
      <trkpt lat="47.011642" lon="9.841142">
        <ele>2633.473038</ele>
        <time>2026-09-12T11:46:11.000Z</time>
      </trkpt>
      <trkpt lat="47.011642" lon="9.841142">
        <ele>2633.473038</ele>
        <time>2026-09-12T11:46:13.000Z</time>
      </trkpt>
      <trkpt lat="47.011642" lon="9.841142">
        <ele>2633.473038</ele>
        <time>2026-09-12T11:46:15.000Z</time>
      </trkpt>
      <trkpt lat="47.011642" lon="9.841142">
        <ele>2633.473038</ele>
        <time>2026-09-12T11:46:18.000Z</time>
      </trkpt>
      <trkpt lat="47.011642" lon="9.841142">
        <ele>2633.473038</ele>
        <time>2026-09-12T11:46:20.000Z</time>
      </trkpt>
      <trkpt lat="47.011642" lon="9.841142">
        <ele>2633.473038</ele>
        <time>2026-09-12T11:46:22.000Z</time>
      </trkpt>
      <trkpt lat="47.011644" lon="9.841166">
        <ele>2633.816977</ele>
        <time>2026-09-12T11:46:33.000Z</time>
      </trkpt>
      <trkpt lat="47.011654" lon="9.841177">
        <ele>2634.077760</ele>
        <time>2026-09-12T11:46:41.000Z</time>
      </trkpt>
      <trkpt lat="47.011654" lon="9.841174">
        <ele>2634.120435</ele>
        <time>2026-09-12T11:46:42.000Z</time>
      </trkpt>
      <trkpt lat="47.011669" lon="9.841159">
        <ele>2634.499192</ele>
        <time>2026-09-12T11:46:50.000Z</time>
      </trkpt>
      <trkpt lat="47.011673" lon="9.841155">
        <ele>2634.600194</ele>
        <time>2026-09-12T11:46:51.000Z</time>
      </trkpt>
      <trkpt lat="47.011682" lon="9.841155">
        <ele>2634.787955</ele>
        <time>2026-09-12T11:46:56.000Z</time>
      </trkpt>
      <trkpt lat="47.011686" lon="9.841157">
        <ele>2634.876121</ele>
        <time>2026-09-12T11:47:00.000Z</time>
      </trkpt>
      <trkpt lat="47.011692" lon="9.841153">
        <ele>2635.013620</ele>
        <time>2026-09-12T11:47:11.000Z</time>
      </trkpt>
      <trkpt lat="47.011677" lon="9.841153">
        <ele>2635.326555</ele>
        <time>2026-09-12T11:47:14.000Z</time>
      </trkpt>
      <trkpt lat="47.011679" lon="9.841150">
        <ele>2635.386238</ele>
        <time>2026-09-12T11:47:18.000Z</time>
      </trkpt>
      <trkpt lat="47.011681" lon="9.841151">
        <ele>2635.430321</ele>
        <time>2026-09-12T11:47:19.000Z</time>
      </trkpt>
      <trkpt lat="47.011686" lon="9.841154">
        <ele>2635.543024</ele>
        <time>2026-09-12T11:47:21.000Z</time>
      </trkpt>
      <trkpt lat="47.011708" lon="9.841144">
        <ele>2636.023534</ele>
        <time>2026-09-12T11:47:30.000Z</time>
      </trkpt>
      <trkpt lat="47.011713" lon="9.841139">
        <ele>2636.149786</ele>
        <time>2026-09-12T11:47:39.000Z</time>
      </trkpt>
      <trkpt lat="47.011728" lon="9.841128">
        <ele>2636.499661</ele>
        <time>2026-09-12T11:47:47.000Z</time>
      </trkpt>
      <trkpt lat="47.011746" lon="9.841131">
        <ele>2636.877600</ele>
        <time>2026-09-12T11:47:53.000Z</time>
      </trkpt>
      <trkpt lat="47.011751" lon="9.841124">
        <ele>2637.021808</ele>
        <time>2026-09-12T11:47:56.000Z</time>
      </trkpt>
      <trkpt lat="47.011734" lon="9.841117">
        <ele>2637.390181</ele>
        <time>2026-09-12T11:48:07.000Z</time>
      </trkpt>
      <trkpt lat="47.011731" lon="9.841116">
        <ele>2637.454364</ele>
        <time>2026-09-12T11:48:14.000Z</time>
      </trkpt>
      <trkpt lat="47.011735" lon="9.841115">
        <ele>2637.539017</ele>
        <time>2026-09-12T11:48:16.000Z</time>
      </trkpt>
      <trkpt lat="47.011738" lon="9.841116">
        <ele>2637.603200</ele>
        <time>2026-09-12T11:48:18.000Z</time>
      </trkpt>
      <trkpt lat="47.011734" lon="9.841117">
        <ele>2637.687853</ele>
        <time>2026-09-12T11:48:25.000Z</time>
      </trkpt>
      <trkpt lat="47.011734" lon="9.841117">
        <ele>2637.687853</ele>
        <time>2026-09-12T11:48:27.000Z</time>
      </trkpt>
      <trkpt lat="47.011734" lon="9.841117">
        <ele>2637.687853</ele>
        <time>2026-09-12T11:48:38.000Z</time>
      </trkpt>
      <trkpt lat="47.011748" lon="9.841110">
        <ele>2637.996433</ele>
        <time>2026-09-12T11:48:46.000Z</time>
      </trkpt>
      <trkpt lat="47.011752" lon="9.841110">
        <ele>2638.079882</ele>
        <time>2026-09-12T11:48:49.000Z</time>
      </trkpt>
      <trkpt lat="47.011742" lon="9.841110">
        <ele>2638.288505</ele>
        <time>2026-09-12T11:48:55.000Z</time>
      </trkpt>
      <trkpt lat="47.011734" lon="9.841117">
        <ele>2638.482851</ele>
        <time>2026-09-12T11:48:59.000Z</time>
      </trkpt>
      <trkpt lat="47.011747" lon="9.841121">
        <ele>2638.759966</ele>
        <time>2026-09-12T11:49:06.000Z</time>
      </trkpt>
      <trkpt lat="47.011758" lon="9.841128">
        <ele>2639.010123</ele>
        <time>2026-09-12T11:49:10.000Z</time>
      </trkpt>
      <trkpt lat="47.011741" lon="9.841113">
        <ele>2639.424021</ele>
        <time>2026-09-12T11:49:16.000Z</time>
      </trkpt>
      <trkpt lat="47.011748" lon="9.841099">
        <ele>2639.670977</ele>
        <time>2026-09-12T11:49:29.000Z</time>
      </trkpt>
      <trkpt lat="47.011764" lon="9.841104">
        <ele>2640.012267</ele>
        <time>2026-09-12T11:49:33.000Z</time>
      </trkpt>
      <trkpt lat="47.011785" lon="9.841106">
        <ele>2640.451299</ele>
        <time>2026-09-12T11:49:38.000Z</time>
      </trkpt>
      <trkpt lat="47.011795" lon="9.841108">
        <ele>2640.661853</ele>
        <time>2026-09-12T11:49:49.000Z</time>
      </trkpt>
      <trkpt lat="47.011776" lon="9.841102">
        <ele>2641.067322</ele>
        <time>2026-09-12T11:50:02.000Z</time>
      </trkpt>
      <trkpt lat="47.011778" lon="9.841107">
        <ele>2641.149782</ele>
        <time>2026-09-12T11:50:11.000Z</time>
      </trkpt>
      <trkpt lat="47.011778" lon="9.841100">
        <ele>2641.249356</ele>
        <time>2026-09-12T11:50:15.000Z</time>
      </trkpt>
      <trkpt lat="47.011778" lon="9.841100">
        <ele>2641.249356</ele>
        <time>2026-09-12T11:50:18.000Z</time>
      </trkpt>
      <trkpt lat="47.011775" lon="9.841091">
        <ele>2641.391860</ele>
        <time>2026-09-12T11:50:26.000Z</time>
      </trkpt>
      <trkpt lat="47.011774" lon="9.841082">
        <ele>2641.521573</ele>
        <time>2026-09-12T11:50:34.000Z</time>
      </trkpt>
      <trkpt lat="47.011772" lon="9.841081">
        <ele>2641.565656</ele>
        <time>2026-09-12T11:50:35.000Z</time>
      </trkpt>
      <trkpt lat="47.011764" lon="9.841086">
        <ele>2641.747078</ele>
        <time>2026-09-12T11:50:38.000Z</time>
      </trkpt>
      <trkpt lat="47.011764" lon="9.841084">
        <ele>2641.775528</ele>
        <time>2026-09-12T11:50:40.000Z</time>
      </trkpt>
      <trkpt lat="47.011767" lon="9.841068">
        <ele>2642.011575</ele>
        <time>2026-09-12T11:50:44.000Z</time>
      </trkpt>
      <trkpt lat="47.011765" lon="9.841050">
        <ele>2642.271002</ele>
        <time>2026-09-12T11:50:51.000Z</time>
      </trkpt>
      <trkpt lat="47.011765" lon="9.841051">
        <ele>2642.285227</ele>
        <time>2026-09-12T11:50:52.000Z</time>
      </trkpt>
      <trkpt lat="47.011771" lon="9.841047">
        <ele>2642.422726</ele>
        <time>2026-09-12T11:50:59.000Z</time>
      </trkpt>
      <trkpt lat="47.011770" lon="9.841045">
        <ele>2642.458005</ele>
        <time>2026-09-12T11:51:00.000Z</time>
      </trkpt>
      <trkpt lat="47.011780" lon="9.841040">
        <ele>2642.678419</ele>
        <time>2026-09-12T11:51:09.000Z</time>
      </trkpt>
      <trkpt lat="47.011787" lon="9.841045">
        <ele>2642.840855</ele>
        <time>2026-09-12T11:51:12.000Z</time>
      </trkpt>
      <trkpt lat="47.011801" lon="9.841031">
        <ele>2643.194361</ele>
        <time>2026-09-12T11:51:20.000Z</time>
      </trkpt>
      <trkpt lat="47.011785" lon="9.841031">
        <ele>2643.528158</ele>
        <time>2026-09-12T11:51:35.000Z</time>
      </trkpt>
      <trkpt lat="47.011788" lon="9.841026">
        <ele>2643.622899</ele>
        <time>2026-09-12T11:51:41.000Z</time>
      </trkpt>
      <trkpt lat="47.011792" lon="9.841042">
        <ele>2643.865314</ele>
        <time>2026-09-12T11:51:48.000Z</time>
      </trkpt>
      <trkpt lat="47.011793" lon="9.841033">
        <ele>2643.995027</ele>
        <time>2026-09-12T11:51:52.000Z</time>
      </trkpt>
      <trkpt lat="47.011793" lon="9.841033">
        <ele>2643.995027</ele>
        <time>2026-09-12T11:51:53.000Z</time>
      </trkpt>
      <trkpt lat="47.011795" lon="9.841031">
        <ele>2644.046054</ele>
        <time>2026-09-12T11:51:58.000Z</time>
      </trkpt>
      <trkpt lat="47.011798" lon="9.841034">
        <ele>2644.207586</ele>
        <time>2026-09-12T11:52:03.000Z</time>
      </trkpt>
      <trkpt lat="47.011798" lon="9.841034">
        <ele>2644.207586</ele>
        <time>2026-09-12T11:52:07.000Z</time>
      </trkpt>
      <trkpt lat="47.011798" lon="9.841034">
        <ele>2644.207586</ele>
        <time>2026-09-12T11:52:22.000Z</time>
      </trkpt>
      <trkpt lat="47.011788" lon="9.841036">
        <ele>2644.656573</ele>
        <time>2026-09-12T11:52:30.000Z</time>
      </trkpt>
      <trkpt lat="47.011785" lon="9.841047">
        <ele>2645.015941</ele>
        <time>2026-09-12T11:52:33.000Z</time>
      </trkpt>
      <trkpt lat="47.011784" lon="9.841050">
        <ele>2645.117233</ele>
        <time>2026-09-12T11:52:36.000Z</time>
      </trkpt>
      <trkpt lat="47.011782" lon="9.841052">
        <ele>2645.224921</ele>
        <time>2026-09-12T11:52:42.000Z</time>
      </trkpt>
      <trkpt lat="47.011786" lon="9.841056">
        <ele>2645.440298</ele>
        <time>2026-09-12T11:52:45.000Z</time>
      </trkpt>
      <trkpt lat="47.011786" lon="9.841056">
        <ele>2645.440298</ele>
        <time>2026-09-12T11:52:50.000Z</time>
      </trkpt>
      <trkpt lat="47.011792" lon="9.841069">
        <ele>2645.916476</ele>
        <time>2026-09-12T11:52:54.000Z</time>
      </trkpt>
      <trkpt lat="47.011795" lon="9.841075">
        <ele>2646.142166</ele>
        <time>2026-09-12T11:53:06.000Z</time>
      </trkpt>
      <trkpt lat="47.011795" lon="9.841076">
        <ele>2646.172499</ele>
        <time>2026-09-12T11:53:07.000Z</time>
      </trkpt>
      <trkpt lat="47.011794" lon="9.841071">
        <ele>2646.330555</ele>
        <time>2026-09-12T11:53:09.000Z</time>
      </trkpt>
      <trkpt lat="47.011791" lon="9.841084">
        <ele>2646.746861</ele>
        <time>2026-09-12T11:53:15.000Z</time>
      </trkpt>
      <trkpt lat="47.011796" lon="9.841101">
        <ele>2647.308456</ele>
        <time>2026-09-12T11:53:27.000Z</time>
      </trkpt>
      <trkpt lat="47.011795" lon="9.841095">
        <ele>2647.495814</ele>
        <time>2026-09-12T11:53:31.000Z</time>
      </trkpt>
      <trkpt lat="47.011790" lon="9.841114">
        <ele>2648.113582</ele>
        <time>2026-09-12T11:53:39.000Z</time>
      </trkpt>
      <trkpt lat="47.011791" lon="9.841113">
        <ele>2648.167426</ele>
        <time>2026-09-12T11:53:41.000Z</time>
      </trkpt>
      <trkpt lat="47.011792" lon="9.841114">
        <ele>2648.221270</ele>
        <time>2026-09-12T11:53:42.000Z</time>
      </trkpt>
      <trkpt lat="47.011794" lon="9.841106">
        <ele>2648.479734</ele>
        <time>2026-09-12T11:53:46.000Z</time>
      </trkpt>
      <trkpt lat="47.011801" lon="9.841087">
        <ele>2649.134818</ele>
        <time>2026-09-12T11:53:52.000Z</time>
      </trkpt>
      <trkpt lat="47.011809" lon="9.841081">
        <ele>2649.534549</ele>
        <time>2026-09-12T11:54:02.000Z</time>
      </trkpt>
      <trkpt lat="47.011802" lon="9.841082">
        <ele>2649.847432</ele>
        <time>2026-09-12T11:54:09.000Z</time>
      </trkpt>
      <trkpt lat="47.011801" lon="9.841077">
        <ele>2650.005488</ele>
        <time>2026-09-12T11:54:12.000Z</time>
      </trkpt>
      <trkpt lat="47.011794" lon="9.841074">
        <ele>2650.329920</ele>
        <time>2026-09-12T11:54:19.000Z</time>
      </trkpt>
      <trkpt lat="47.011794" lon="9.841075">
        <ele>2650.360254</ele>
        <time>2026-09-12T11:54:21.000Z</time>
      </trkpt>
      <trkpt lat="47.011796" lon="9.841085">
        <ele>2650.676367</ele>
        <time>2026-09-12T11:54:25.000Z</time>
      </trkpt>
      <trkpt lat="47.011793" lon="9.841089">
        <ele>2650.856737</ele>
        <time>2026-09-12T11:54:27.000Z</time>
      </trkpt>
      <trkpt lat="47.011792" lon="9.841097">
        <ele>2651.103448</ele>
        <time>2026-09-12T11:54:30.000Z</time>
      </trkpt>
      <trkpt lat="47.011779" lon="9.841107">
        <ele>2651.756500</ele>
        <time>2026-09-12T11:54:39.000Z</time>
      </trkpt>
      <trkpt lat="47.011767" lon="9.841104">
        <ele>2652.298043</ele>
        <time>2026-09-12T11:54:43.000Z</time>
      </trkpt>
      <trkpt lat="47.011755" lon="9.841073">
        <ele>2653.379346</ele>
        <time>2026-09-12T11:54:49.000Z</time>
      </trkpt>
      <trkpt lat="47.011778" lon="9.841072">
        <ele>2654.402995</ele>
        <time>2026-09-12T11:54:55.000Z</time>
      </trkpt>
      <trkpt lat="47.011794" lon="9.841076">
        <ele>2655.125053</ele>
        <time>2026-09-12T11:54:58.000Z</time>
      </trkpt>
      <trkpt lat="47.011806" lon="9.841077">
        <ele>2655.659757</ele>
        <time>2026-09-12T11:55:03.000Z</time>
      </trkpt>
      <trkpt lat="47.011795" lon="9.841067">
        <ele>2656.235501</ele>
        <time>2026-09-12T11:55:12.000Z</time>
      </trkpt>
      <trkpt lat="47.011794" lon="9.841074">
        <ele>2656.452444</ele>
        <time>2026-09-12T11:55:21.000Z</time>
      </trkpt>
      <trkpt lat="47.011794" lon="9.841077">
        <ele>2656.543444</ele>
        <time>2026-09-12T11:55:23.000Z</time>
      </trkpt>
      <trkpt lat="47.011795" lon="9.841077">
        <ele>2656.587931</ele>
        <time>2026-09-12T11:55:24.000Z</time>
      </trkpt>
      <trkpt lat="47.011810" lon="9.841075">
        <ele>2657.257987</ele>
        <time>2026-09-12T11:55:32.000Z</time>
      </trkpt>
      <trkpt lat="47.011814" lon="9.841073">
        <ele>2657.445992</ele>
        <time>2026-09-12T11:55:34.000Z</time>
      </trkpt>
      <trkpt lat="47.011810" lon="9.841069">
        <ele>2657.661368</ele>
        <time>2026-09-12T11:55:41.000Z</time>
      </trkpt>
      <trkpt lat="47.011809" lon="9.841060">
        <ele>2657.937969</ele>
        <time>2026-09-12T11:55:46.000Z</time>
      </trkpt>
      <trkpt lat="47.011800" lon="9.841060">
        <ele>2658.338352</ele>
        <time>2026-09-12T11:55:49.000Z</time>
      </trkpt>
      <trkpt lat="47.011805" lon="9.841053">
        <ele>2658.645862</ele>
        <time>2026-09-12T11:55:58.000Z</time>
      </trkpt>
      <trkpt lat="47.011805" lon="9.841038">
        <ele>2659.100861</ele>
        <time>2026-09-12T11:56:06.000Z</time>
      </trkpt>
      <trkpt lat="47.011812" lon="9.841035">
        <ele>2659.425294</ele>
        <time>2026-09-12T11:56:08.000Z</time>
      </trkpt>
      <trkpt lat="47.011814" lon="9.841034">
        <ele>2659.519296</ele>
        <time>2026-09-12T11:56:14.000Z</time>
      </trkpt>
      <trkpt lat="47.011817" lon="9.841020">
        <ele>2659.964440</ele>
        <time>2026-09-12T11:56:20.000Z</time>
      </trkpt>
      <trkpt lat="47.011824" lon="9.840981">
        <ele>2661.187739</ele>
        <time>2026-09-12T11:56:27.000Z</time>
      </trkpt>
      <trkpt lat="47.011831" lon="9.840988">
        <ele>2661.564649</ele>
        <time>2026-09-12T11:56:36.000Z</time>
      </trkpt>
      <trkpt lat="47.011829" lon="9.840972">
        <ele>2662.058070</ele>
        <time>2026-09-12T11:56:39.000Z</time>
      </trkpt>
      <trkpt lat="47.011828" lon="9.840968">
        <ele>2662.187301</ele>
        <time>2026-09-12T11:56:40.000Z</time>
      </trkpt>
      <trkpt lat="47.011828" lon="9.840964">
        <ele>2662.308634</ele>
        <time>2026-09-12T11:56:41.000Z</time>
      </trkpt>
      <trkpt lat="47.011826" lon="9.840963">
        <ele>2662.402637</ele>
        <time>2026-09-12T11:56:43.000Z</time>
      </trkpt>
      <trkpt lat="47.011827" lon="9.840965">
        <ele>2662.477867</ele>
        <time>2026-09-12T11:56:44.000Z</time>
      </trkpt>
      <trkpt lat="47.011837" lon="9.840966">
        <ele>2662.923769</ele>
        <time>2026-09-12T11:56:54.000Z</time>
      </trkpt>
      <trkpt lat="47.011872" lon="9.840947">
        <ele>2664.584052</ele>
        <time>2026-09-12T11:57:03.000Z</time>
      </trkpt>
      <trkpt lat="47.011866" lon="9.840961">
        <ele>2665.085638</ele>
        <time>2026-09-12T11:57:13.000Z</time>
      </trkpt>
      <trkpt lat="47.011873" lon="9.840964">
        <ele>2665.410070</ele>
        <time>2026-09-12T11:57:25.000Z</time>
      </trkpt>
      <trkpt lat="47.011876" lon="9.840964">
        <ele>2665.543531</ele>
        <time>2026-09-12T11:57:28.000Z</time>
      </trkpt>
      <trkpt lat="47.011878" lon="9.840962">
        <ele>2665.651219</ele>
        <time>2026-09-12T11:57:29.000Z</time>
      </trkpt>
      <trkpt lat="47.011880" lon="9.840962">
        <ele>2665.740193</ele>
        <time>2026-09-12T11:57:30.000Z</time>
      </trkpt>
      <trkpt lat="47.011881" lon="9.840962">
        <ele>2665.784680</ele>
        <time>2026-09-12T11:57:31.000Z</time>
      </trkpt>
      <trkpt lat="47.011873" lon="9.840958">
        <ele>2666.160690</ele>
        <time>2026-09-12T11:57:35.000Z</time>
      </trkpt>
      <trkpt lat="47.011876" lon="9.840949">
        <ele>2666.464565</ele>
        <time>2026-09-12T11:57:43.000Z</time>
      </trkpt>
      <trkpt lat="47.011876" lon="9.840939">
        <ele>2666.767898</ele>
        <time>2026-09-12T11:57:46.000Z</time>
      </trkpt>
      <trkpt lat="47.011881" lon="9.840931">
        <ele>2667.097085</ele>
        <time>2026-09-12T11:57:52.000Z</time>
      </trkpt>
      <trkpt lat="47.011913" lon="9.840905">
        <ele>2668.724530</ele>
        <time>2026-09-12T11:58:00.000Z</time>
      </trkpt>
      <trkpt lat="47.011916" lon="9.840908">
        <ele>2668.886062</ele>
        <time>2026-09-12T11:58:02.000Z</time>
      </trkpt>
      <trkpt lat="47.011917" lon="9.840900">
        <ele>2669.132772</ele>
        <time>2026-09-12T11:58:06.000Z</time>
      </trkpt>
      <trkpt lat="47.011919" lon="9.840900">
        <ele>2669.221746</ele>
        <time>2026-09-12T11:58:09.000Z</time>
      </trkpt>
      <trkpt lat="47.011916" lon="9.840894">
        <ele>2669.447435</ele>
        <time>2026-09-12T11:58:10.000Z</time>
      </trkpt>
      <trkpt lat="47.011922" lon="9.840883">
        <ele>2669.874729</ele>
        <time>2026-09-12T11:58:18.000Z</time>
      </trkpt>
      <trkpt lat="47.011921" lon="9.840883">
        <ele>2669.919216</ele>
        <time>2026-09-12T11:58:28.000Z</time>
      </trkpt>
      <trkpt lat="47.011918" lon="9.840870">
        <ele>2670.335521</ele>
        <time>2026-09-12T11:58:33.000Z</time>
      </trkpt>
      <trkpt lat="47.011922" lon="9.840883">
        <ele>2670.768144</ele>
        <time>2026-09-12T11:58:37.000Z</time>
      </trkpt>
      <trkpt lat="47.011922" lon="9.840883">
        <ele>2670.768144</ele>
        <time>2026-09-12T11:58:54.000Z</time>
      </trkpt>
      <trkpt lat="47.011922" lon="9.840883">
        <ele>2670.768144</ele>
        <time>2026-09-12T11:59:03.000Z</time>
      </trkpt>
      <trkpt lat="47.011922" lon="9.840883">
        <ele>2670.768144</ele>
        <time>2026-09-12T11:59:05.000Z</time>
      </trkpt>
      <trkpt lat="47.011922" lon="9.840883">
        <ele>2670.768144</ele>
        <time>2026-09-12T11:59:07.000Z</time>
      </trkpt>
      <trkpt lat="47.011922" lon="9.840883">
        <ele>2670.768144</ele>
        <time>2026-09-12T11:59:17.000Z</time>
      </trkpt>
      <trkpt lat="47.011922" lon="9.840883">
        <ele>2670.768144</ele>
        <time>2026-09-12T11:59:20.000Z</time>
      </trkpt>
      <trkpt lat="47.011922" lon="9.840883">
        <ele>2670.768144</ele>
        <time>2026-09-12T11:59:50.000Z</time>
      </trkpt>
      <trkpt lat="47.011922" lon="9.840883">
        <ele>2670.768144</ele>
        <time>2026-09-12T11:59:54.000Z</time>
      </trkpt>
      <trkpt lat="47.011922" lon="9.840883">
        <ele>2670.768144</ele>
        <time>2026-09-12T11:59:58.000Z</time>
      </trkpt>
      <trkpt lat="47.011922" lon="9.840883">
        <ele>2670.768144</ele>
        <time>2026-09-12T12:00:04.000Z</time>
      </trkpt>
      <trkpt lat="47.011922" lon="9.840883">
        <ele>2670.768144</ele>
        <time>2026-09-12T12:00:13.000Z</time>
      </trkpt>
      <trkpt lat="47.011922" lon="9.840883">
        <ele>2670.768144</ele>
        <time>2026-09-12T12:00:23.000Z</time>
      </trkpt>
      <trkpt lat="47.011922" lon="9.840883">
        <ele>2670.768144</ele>
        <time>2026-09-12T12:00:40.000Z</time>
      </trkpt>
      <trkpt lat="47.011922" lon="9.840883">
        <ele>2670.768144</ele>
        <time>2026-09-12T12:00:45.000Z</time>
      </trkpt>
      <trkpt lat="47.011922" lon="9.840883">
        <ele>2670.768144</ele>
        <time>2026-09-12T12:00:46.000Z</time>
      </trkpt>
      <trkpt lat="47.011922" lon="9.840883">
        <ele>2670.768144</ele>
        <time>2026-09-12T12:00:48.000Z</time>
      </trkpt>
      <trkpt lat="47.011922" lon="9.840883">
        <ele>2670.768144</ele>
        <time>2026-09-12T12:00:54.000Z</time>
      </trkpt>
      <trkpt lat="47.011922" lon="9.840883">
        <ele>2670.768144</ele>
        <time>2026-09-12T12:01:00.000Z</time>
      </trkpt>
      <trkpt lat="47.011922" lon="9.840883">
        <ele>2670.768144</ele>
        <time>2026-09-12T12:01:06.000Z</time>
      </trkpt>
      <trkpt lat="47.011922" lon="9.840883">
        <ele>2670.768144</ele>
        <time>2026-09-12T12:01:11.000Z</time>
      </trkpt>
      <trkpt lat="47.011922" lon="9.840883">
        <ele>2670.768144</ele>
        <time>2026-09-12T12:01:15.000Z</time>
      </trkpt>
      <trkpt lat="47.011922" lon="9.840883">
        <ele>2670.768144</ele>
        <time>2026-09-12T12:01:18.000Z</time>
      </trkpt>
      <trkpt lat="47.011922" lon="9.840883">
        <ele>2670.768144</ele>
        <time>2026-09-12T12:01:19.000Z</time>
      </trkpt>
      <trkpt lat="47.011922" lon="9.840883">
        <ele>2670.768144</ele>
        <time>2026-09-12T12:01:21.000Z</time>
      </trkpt>
      <trkpt lat="47.011922" lon="9.840883">
        <ele>2670.768144</ele>
        <time>2026-09-12T12:01:27.000Z</time>
      </trkpt>
      <trkpt lat="47.011918" lon="9.840882">
        <ele>2670.948659</ele>
        <time>2026-09-12T12:01:39.000Z</time>
      </trkpt>
      <trkpt lat="47.011922" lon="9.840883">
        <ele>2671.129173</ele>
        <time>2026-09-12T12:01:41.000Z</time>
      </trkpt>
      <trkpt lat="47.011922" lon="9.840883">
        <ele>2671.129173</ele>
        <time>2026-09-12T12:01:49.000Z</time>
      </trkpt>
      <trkpt lat="47.011922" lon="9.840883">
        <ele>2671.129173</ele>
        <time>2026-09-12T12:01:55.000Z</time>
      </trkpt>
      <trkpt lat="47.011922" lon="9.840883">
        <ele>2671.129173</ele>
        <time>2026-09-12T12:02:01.000Z</time>
      </trkpt>
      <trkpt lat="47.011922" lon="9.840883">
        <ele>2671.129173</ele>
        <time>2026-09-12T12:02:08.000Z</time>
      </trkpt>
      <trkpt lat="47.011922" lon="9.840883">
        <ele>2671.129173</ele>
        <time>2026-09-12T12:02:12.000Z</time>
      </trkpt>
      <trkpt lat="47.011922" lon="9.840883">
        <ele>2671.129173</ele>
        <time>2026-09-12T12:02:16.000Z</time>
      </trkpt>
      <trkpt lat="47.011907" lon="9.840880">
        <ele>2671.802654</ele>
        <time>2026-09-12T12:02:28.000Z</time>
      </trkpt>
      <trkpt lat="47.011894" lon="9.840878">
        <ele>2672.384157</ele>
        <time>2026-09-12T12:02:31.000Z</time>
      </trkpt>
      <trkpt lat="47.011891" lon="9.840873">
        <ele>2672.586183</ele>
        <time>2026-09-12T12:02:35.000Z</time>
      </trkpt>
      <trkpt lat="47.011891" lon="9.840873">
        <ele>2672.586183</ele>
        <time>2026-09-12T12:02:50.000Z</time>
      </trkpt>
      <trkpt lat="47.011891" lon="9.840873">
        <ele>2672.586183</ele>
        <time>2026-09-12T12:02:55.000Z</time>
      </trkpt>
      <trkpt lat="47.011891" lon="9.840873">
        <ele>2672.586183</ele>
        <time>2026-09-12T12:02:59.000Z</time>
      </trkpt>
      <trkpt lat="47.011891" lon="9.840873">
        <ele>2672.586183</ele>
        <time>2026-09-12T12:03:00.000Z</time>
      </trkpt>
      <trkpt lat="47.011891" lon="9.840873">
        <ele>2672.586183</ele>
        <time>2026-09-12T12:03:06.000Z</time>
      </trkpt>
      <trkpt lat="47.011891" lon="9.840873">
        <ele>2672.586183</ele>
        <time>2026-09-12T12:03:08.000Z</time>
      </trkpt>
      <trkpt lat="47.011891" lon="9.840873">
        <ele>2672.586183</ele>
        <time>2026-09-12T12:03:11.000Z</time>
      </trkpt>
      <trkpt lat="47.011891" lon="9.840873">
        <ele>2672.586183</ele>
        <time>2026-09-12T12:03:20.000Z</time>
      </trkpt>
      <trkpt lat="47.011891" lon="9.840873">
        <ele>2672.586183</ele>
        <time>2026-09-12T12:03:30.000Z</time>
      </trkpt>
      <trkpt lat="47.011905" lon="9.840869">
        <ele>2673.220708</ele>
        <time>2026-09-12T12:03:37.000Z</time>
      </trkpt>
      <trkpt lat="47.011905" lon="9.840869">
        <ele>2673.220708</ele>
        <time>2026-09-12T12:03:38.000Z</time>
      </trkpt>
      <trkpt lat="47.011905" lon="9.840869">
        <ele>2673.220708</ele>
        <time>2026-09-12T12:03:43.000Z</time>
      </trkpt>
      <trkpt lat="47.011905" lon="9.840869">
        <ele>2673.220708</ele>
        <time>2026-09-12T12:03:47.000Z</time>
      </trkpt>
      <trkpt lat="47.011905" lon="9.840869">
        <ele>2673.220708</ele>
        <time>2026-09-12T12:04:01.000Z</time>
      </trkpt>
      <trkpt lat="47.011905" lon="9.840869">
        <ele>2673.220708</ele>
        <time>2026-09-12T12:04:10.000Z</time>
      </trkpt>
      <trkpt lat="47.011905" lon="9.840869">
        <ele>2673.220708</ele>
        <time>2026-09-12T12:04:12.000Z</time>
      </trkpt>
      <trkpt lat="47.011905" lon="9.840869">
        <ele>2673.220708</ele>
        <time>2026-09-12T12:04:14.000Z</time>
      </trkpt>
      <trkpt lat="47.011905" lon="9.840869">
        <ele>2673.220708</ele>
        <time>2026-09-12T12:04:19.000Z</time>
      </trkpt>
      <trkpt lat="47.011905" lon="9.840869">
        <ele>2673.220708</ele>
        <time>2026-09-12T12:04:22.000Z</time>
      </trkpt>
      <trkpt lat="47.011905" lon="9.840869">
        <ele>2673.220708</ele>
        <time>2026-09-12T12:04:32.000Z</time>
      </trkpt>
      <trkpt lat="47.011905" lon="9.840872">
        <ele>2673.311708</ele>
        <time>2026-09-12T12:04:34.000Z</time>
      </trkpt>
      <trkpt lat="47.011905" lon="9.840869">
        <ele>2673.402708</ele>
        <time>2026-09-12T12:04:38.000Z</time>
      </trkpt>
      <trkpt lat="47.011905" lon="9.840869">
        <ele>2673.402708</ele>
        <time>2026-09-12T12:04:42.000Z</time>
      </trkpt>
      <trkpt lat="47.011905" lon="9.840869">
        <ele>2673.402708</ele>
        <time>2026-09-12T12:04:44.000Z</time>
      </trkpt>
      <trkpt lat="47.011905" lon="9.840869">
        <ele>2673.402708</ele>
        <time>2026-09-12T12:04:54.000Z</time>
      </trkpt>
      <trkpt lat="47.011905" lon="9.840869">
        <ele>2673.402708</ele>
        <time>2026-09-12T12:05:01.000Z</time>
      </trkpt>
      <trkpt lat="47.011905" lon="9.840869">
        <ele>2673.402708</ele>
        <time>2026-09-12T12:05:04.000Z</time>
      </trkpt>
      <trkpt lat="47.011905" lon="9.840869">
        <ele>2673.402708</ele>
        <time>2026-09-12T12:05:10.000Z</time>
      </trkpt>
      <trkpt lat="47.011905" lon="9.840869">
        <ele>2673.402708</ele>
        <time>2026-09-12T12:05:14.000Z</time>
      </trkpt>
      <trkpt lat="47.011898" lon="9.840898">
        <ele>2674.335866</ele>
        <time>2026-09-12T12:05:20.000Z</time>
      </trkpt>
      <trkpt lat="47.011898" lon="9.840898">
        <ele>2674.335866</ele>
        <time>2026-09-12T12:05:30.000Z</time>
      </trkpt>
      <trkpt lat="47.011898" lon="9.840898">
        <ele>2674.335866</ele>
        <time>2026-09-12T12:05:39.000Z</time>
      </trkpt>
      <trkpt lat="47.011898" lon="9.840898">
        <ele>2674.335866</ele>
        <time>2026-09-12T12:05:50.000Z</time>
      </trkpt>
      <trkpt lat="47.011898" lon="9.840927">
        <ele>2675.215531</ele>
        <time>2026-09-12T12:05:59.000Z</time>
      </trkpt>
      <trkpt lat="47.011898" lon="9.840927">
        <ele>2675.215531</ele>
        <time>2026-09-12T12:06:07.000Z</time>
      </trkpt>
      <trkpt lat="47.011898" lon="9.840927">
        <ele>2675.215531</ele>
        <time>2026-09-12T12:06:13.000Z</time>
      </trkpt>
      <trkpt lat="47.011898" lon="9.840927">
        <ele>2675.215531</ele>
        <time>2026-09-12T12:06:14.000Z</time>
      </trkpt>
      <trkpt lat="47.011898" lon="9.840927">
        <ele>2675.215531</ele>
        <time>2026-09-12T12:06:19.000Z</time>
      </trkpt>
      <trkpt lat="47.011898" lon="9.840927">
        <ele>2675.215531</ele>
        <time>2026-09-12T12:06:26.000Z</time>
      </trkpt>
      <trkpt lat="47.011907" lon="9.840931">
        <ele>2675.633894</ele>
        <time>2026-09-12T12:06:29.000Z</time>
      </trkpt>
      <trkpt lat="47.011913" lon="9.840923">
        <ele>2675.994635</ele>
        <time>2026-09-12T12:06:37.000Z</time>
      </trkpt>
      <trkpt lat="47.011908" lon="9.840922">
        <ele>2676.219128</ele>
        <time>2026-09-12T12:06:42.000Z</time>
      </trkpt>
      <trkpt lat="47.011910" lon="9.840915">
        <ele>2676.449349</ele>
        <time>2026-09-12T12:06:49.000Z</time>
      </trkpt>
      <trkpt lat="47.011909" lon="9.840913">
        <ele>2676.524578</ele>
        <time>2026-09-12T12:06:52.000Z</time>
      </trkpt>
      <trkpt lat="47.011916" lon="9.840912">
        <ele>2676.837461</ele>
        <time>2026-09-12T12:07:00.000Z</time>
      </trkpt>
      <trkpt lat="47.011913" lon="9.840913">
        <ele>2676.974325</ele>
        <time>2026-09-12T12:07:02.000Z</time>
      </trkpt>
      <trkpt lat="47.011898" lon="9.840916">
        <ele>2677.647805</ele>
        <time>2026-09-12T12:07:13.000Z</time>
      </trkpt>
      <trkpt lat="47.011898" lon="9.840917">
        <ele>2677.678139</ele>
        <time>2026-09-12T12:07:14.000Z</time>
      </trkpt>
      <trkpt lat="47.011899" lon="9.840917">
        <ele>2677.722626</ele>
        <time>2026-09-12T12:07:15.000Z</time>
      </trkpt>
      <trkpt lat="47.011901" lon="9.840917">
        <ele>2677.811599</ele>
        <time>2026-09-12T12:07:16.000Z</time>
      </trkpt>
      <trkpt lat="47.011907" lon="9.840914">
        <ele>2678.093607</ele>
        <time>2026-09-12T12:07:20.000Z</time>
      </trkpt>
      <trkpt lat="47.011903" lon="9.840911">
        <ele>2678.293473</ele>
        <time>2026-09-12T12:07:23.000Z</time>
      </trkpt>
      <trkpt lat="47.011899" lon="9.840910">
        <ele>2678.473987</ele>
        <time>2026-09-12T12:07:34.000Z</time>
      </trkpt>
      <trkpt lat="47.011899" lon="9.840901">
        <ele>2678.746986</ele>
        <time>2026-09-12T12:07:45.000Z</time>
      </trkpt>
      <trkpt lat="47.011893" lon="9.840880">
        <ele>2679.437648</ele>
        <time>2026-09-12T12:07:53.000Z</time>
      </trkpt>
      <trkpt lat="47.011893" lon="9.840868">
        <ele>2679.801648</ele>
        <time>2026-09-12T12:07:54.000Z</time>
      </trkpt>
      <trkpt lat="47.011897" lon="9.840854">
        <ele>2680.262089</ele>
        <time>2026-09-12T12:07:58.000Z</time>
      </trkpt>
      <trkpt lat="47.011897" lon="9.840854">
        <ele>2680.262089</ele>
        <time>2026-09-12T12:08:07.000Z</time>
      </trkpt>
      <trkpt lat="47.011897" lon="9.840854">
        <ele>2680.262089</ele>
        <time>2026-09-12T12:08:14.000Z</time>
      </trkpt>
      <trkpt lat="47.011897" lon="9.840854">
        <ele>2680.262089</ele>
        <time>2026-09-12T12:08:18.000Z</time>
      </trkpt>
      <trkpt lat="47.011896" lon="9.840851">
        <ele>2680.363381</ele>
        <time>2026-09-12T12:08:20.000Z</time>
      </trkpt>
      <trkpt lat="47.011897" lon="9.840854">
        <ele>2680.464673</ele>
        <time>2026-09-12T12:08:28.000Z</time>
      </trkpt>
      <trkpt lat="47.011897" lon="9.840854">
        <ele>2680.464673</ele>
        <time>2026-09-12T12:08:34.000Z</time>
      </trkpt>
      <trkpt lat="47.011897" lon="9.840854">
        <ele>2680.464673</ele>
        <time>2026-09-12T12:08:46.000Z</time>
      </trkpt>
      <trkpt lat="47.011897" lon="9.840854">
        <ele>2680.464673</ele>
        <time>2026-09-12T12:08:57.000Z</time>
      </trkpt>
      <trkpt lat="47.011897" lon="9.840854">
        <ele>2680.464673</ele>
        <time>2026-09-12T12:09:03.000Z</time>
      </trkpt>
      <trkpt lat="47.011908" lon="9.840846">
        <ele>2681.010893</ele>
        <time>2026-09-12T12:09:08.000Z</time>
      </trkpt>
      <trkpt lat="47.011910" lon="9.840848">
        <ele>2681.118581</ele>
        <time>2026-09-12T12:09:16.000Z</time>
      </trkpt>
      <trkpt lat="47.011910" lon="9.840848">
        <ele>2681.118581</ele>
        <time>2026-09-12T12:09:24.000Z</time>
      </trkpt>
      <trkpt lat="47.011910" lon="9.840848">
        <ele>2681.118581</ele>
        <time>2026-09-12T12:09:37.000Z</time>
      </trkpt>
      <trkpt lat="47.011910" lon="9.840848">
        <ele>2681.118581</ele>
        <time>2026-09-12T12:09:42.000Z</time>
      </trkpt>
      <trkpt lat="47.011910" lon="9.840848">
        <ele>2681.118581</ele>
        <time>2026-09-12T12:09:46.000Z</time>
      </trkpt>
      <trkpt lat="47.011910" lon="9.840848">
        <ele>2681.118581</ele>
        <time>2026-09-12T12:09:56.000Z</time>
      </trkpt>
      <trkpt lat="47.011910" lon="9.840848">
        <ele>2681.118581</ele>
        <time>2026-09-12T12:10:03.000Z</time>
      </trkpt>
      <trkpt lat="47.011910" lon="9.840848">
        <ele>2681.118581</ele>
        <time>2026-09-12T12:10:11.000Z</time>
      </trkpt>
      <trkpt lat="47.011910" lon="9.840848">
        <ele>2681.118581</ele>
        <time>2026-09-12T12:10:18.000Z</time>
      </trkpt>
      <trkpt lat="47.011910" lon="9.840848">
        <ele>2681.118581</ele>
        <time>2026-09-12T12:10:23.000Z</time>
      </trkpt>
      <trkpt lat="47.011910" lon="9.840848">
        <ele>2681.118581</ele>
        <time>2026-09-12T12:10:30.000Z</time>
      </trkpt>
      <trkpt lat="47.011910" lon="9.840848">
        <ele>2681.118581</ele>
        <time>2026-09-12T12:10:35.000Z</time>
      </trkpt>
      <trkpt lat="47.011920" lon="9.840864">
        <ele>2681.776955</ele>
        <time>2026-09-12T12:10:41.000Z</time>
      </trkpt>
      <trkpt lat="47.011917" lon="9.840865">
        <ele>2681.913819</ele>
        <time>2026-09-12T12:10:45.000Z</time>
      </trkpt>
      <trkpt lat="47.011917" lon="9.840865">
        <ele>2681.913819</ele>
        <time>2026-09-12T12:10:56.000Z</time>
      </trkpt>
      <trkpt lat="47.011918" lon="9.840861">
        <ele>2682.043051</ele>
        <time>2026-09-12T12:11:00.000Z</time>
      </trkpt>
      <trkpt lat="47.011917" lon="9.840865">
        <ele>2682.172282</ele>
        <time>2026-09-12T12:11:02.000Z</time>
      </trkpt>
      <trkpt lat="47.011917" lon="9.840865">
        <ele>2682.172282</ele>
        <time>2026-09-12T12:11:04.000Z</time>
      </trkpt>
      <trkpt lat="47.011917" lon="9.840865">
        <ele>2682.172282</ele>
        <time>2026-09-12T12:11:07.000Z</time>
      </trkpt>
      <trkpt lat="47.011917" lon="9.840865">
        <ele>2682.172282</ele>
        <time>2026-09-12T12:11:21.000Z</time>
      </trkpt>
      <trkpt lat="47.011917" lon="9.840865">
        <ele>2682.172282</ele>
        <time>2026-09-12T12:11:28.000Z</time>
      </trkpt>
      <trkpt lat="47.011917" lon="9.840865">
        <ele>2682.172282</ele>
        <time>2026-09-12T12:11:30.000Z</time>
      </trkpt>
      <trkpt lat="47.011917" lon="9.840865">
        <ele>2682.172282</ele>
        <time>2026-09-12T12:11:37.000Z</time>
      </trkpt>
      <trkpt lat="47.011917" lon="9.840865">
        <ele>2682.172282</ele>
        <time>2026-09-12T12:11:40.000Z</time>
      </trkpt>
      <trkpt lat="47.011917" lon="9.840865">
        <ele>2682.172282</ele>
        <time>2026-09-12T12:11:43.000Z</time>
      </trkpt>
      <trkpt lat="47.011917" lon="9.840865">
        <ele>2682.172282</ele>
        <time>2026-09-12T12:11:51.000Z</time>
      </trkpt>
      <trkpt lat="47.011934" lon="9.840876">
        <ele>2682.998895</ele>
        <time>2026-09-12T12:11:56.000Z</time>
      </trkpt>
      <trkpt lat="47.011944" lon="9.840879">
        <ele>2683.452976</ele>
        <time>2026-09-12T12:11:59.000Z</time>
      </trkpt>
      <trkpt lat="47.011953" lon="9.840889">
        <ele>2683.955287</ele>
        <time>2026-09-12T12:12:07.000Z</time>
      </trkpt>
      <trkpt lat="47.011958" lon="9.840863">
        <ele>2684.774719</ele>
        <time>2026-09-12T12:12:14.000Z</time>
      </trkpt>
      <trkpt lat="47.011969" lon="9.840864">
        <ele>2685.265014</ele>
        <time>2026-09-12T12:12:25.000Z</time>
      </trkpt>
      <trkpt lat="47.011965" lon="9.840854">
        <ele>2685.616690</ele>
        <time>2026-09-12T12:12:28.000Z</time>
      </trkpt>
      <trkpt lat="47.011966" lon="9.840849">
        <ele>2685.774746</ele>
        <time>2026-09-12T12:12:34.000Z</time>
      </trkpt>
      <trkpt lat="47.011963" lon="9.840849">
        <ele>2685.908206</ele>
        <time>2026-09-12T12:12:43.000Z</time>
      </trkpt>
      <trkpt lat="47.011962" lon="9.840854">
        <ele>2686.066262</ele>
        <time>2026-09-12T12:12:50.000Z</time>
      </trkpt>
      <trkpt lat="47.011962" lon="9.840857">
        <ele>2686.157262</ele>
        <time>2026-09-12T12:12:56.000Z</time>
      </trkpt>
      <trkpt lat="47.011966" lon="9.840857">
        <ele>2686.335210</ele>
        <time>2026-09-12T12:13:01.000Z</time>
      </trkpt>
      <trkpt lat="47.011972" lon="9.840858">
        <ele>2686.603849</ele>
        <time>2026-09-12T12:13:04.000Z</time>
      </trkpt>
      <trkpt lat="47.011962" lon="9.840854">
        <ele>2687.064968</ele>
        <time>2026-09-12T12:13:09.000Z</time>
      </trkpt>
      <trkpt lat="47.011975" lon="9.840860">
        <ele>2687.671260</ele>
        <time>2026-09-12T12:13:10.000Z</time>
      </trkpt>
      <trkpt lat="47.011977" lon="9.840861">
        <ele>2687.765262</ele>
        <time>2026-09-12T12:13:20.000Z</time>
      </trkpt>
      <trkpt lat="47.011982" lon="9.840862">
        <ele>2687.989755</ele>
        <time>2026-09-12T12:13:22.000Z</time>
      </trkpt>
      <trkpt lat="47.011984" lon="9.840868">
        <ele>2688.192339</ele>
        <time>2026-09-12T12:13:26.000Z</time>
      </trkpt>
      <trkpt lat="47.011990" lon="9.840883">
        <ele>2688.719852</ele>
        <time>2026-09-12T12:13:31.000Z</time>
      </trkpt>
      <trkpt lat="47.011993" lon="9.840882">
        <ele>2688.856717</ele>
        <time>2026-09-12T12:13:39.000Z</time>
      </trkpt>
      <trkpt lat="47.011993" lon="9.840884">
        <ele>2688.917383</ele>
        <time>2026-09-12T12:13:40.000Z</time>
      </trkpt>
      <trkpt lat="47.011994" lon="9.840868">
        <ele>2689.404749</ele>
        <time>2026-09-12T12:13:46.000Z</time>
      </trkpt>
      <trkpt lat="47.011997" lon="9.840873">
        <ele>2689.606775</ele>
        <time>2026-09-12T12:13:47.000Z</time>
      </trkpt>
      <trkpt lat="47.012001" lon="9.840867">
        <ele>2689.861312</ele>
        <time>2026-09-12T12:13:50.000Z</time>
      </trkpt>
      <trkpt lat="47.012006" lon="9.840871">
        <ele>2690.114687</ele>
        <time>2026-09-12T12:13:54.000Z</time>
      </trkpt>
      <trkpt lat="47.012022" lon="9.840875">
        <ele>2690.836745</ele>
        <time>2026-09-12T12:14:03.000Z</time>
      </trkpt>
      <trkpt lat="47.012023" lon="9.840872">
        <ele>2690.938036</ele>
        <time>2026-09-12T12:14:04.000Z</time>
      </trkpt>
      <trkpt lat="47.012027" lon="9.840877">
        <ele>2691.171848</ele>
        <time>2026-09-12T12:14:11.000Z</time>
      </trkpt>
      <trkpt lat="47.012027" lon="9.840877">
        <ele>2691.171848</ele>
        <time>2026-09-12T12:14:15.000Z</time>
      </trkpt>
      <trkpt lat="47.012033" lon="9.840879">
        <ele>2691.445577</ele>
        <time>2026-09-12T12:14:23.000Z</time>
      </trkpt>
      <trkpt lat="47.012025" lon="9.840876">
        <ele>2691.812922</ele>
        <time>2026-09-12T12:14:25.000Z</time>
      </trkpt>
      <trkpt lat="47.012027" lon="9.840877">
        <ele>2691.906925</ele>
        <time>2026-09-12T12:14:27.000Z</time>
      </trkpt>
      <trkpt lat="47.012027" lon="9.840877">
        <ele>2691.906925</ele>
        <time>2026-09-12T12:14:41.000Z</time>
      </trkpt>
      <trkpt lat="47.012027" lon="9.840877">
        <ele>2691.906925</ele>
        <time>2026-09-12T12:14:42.000Z</time>
      </trkpt>
      <trkpt lat="47.012027" lon="9.840877">
        <ele>2691.906925</ele>
        <time>2026-09-12T12:14:43.000Z</time>
      </trkpt>
      <trkpt lat="47.012027" lon="9.840877">
        <ele>2691.906925</ele>
        <time>2026-09-12T12:14:51.000Z</time>
      </trkpt>
      <trkpt lat="47.012027" lon="9.840877">
        <ele>2691.906925</ele>
        <time>2026-09-12T12:14:53.000Z</time>
      </trkpt>
      <trkpt lat="47.012019" lon="9.840880">
        <ele>2692.274270</ele>
        <time>2026-09-12T12:15:00.000Z</time>
      </trkpt>
      <trkpt lat="47.012027" lon="9.840877">
        <ele>2692.641615</ele>
        <time>2026-09-12T12:15:07.000Z</time>
      </trkpt>
      <trkpt lat="47.012027" lon="9.840877">
        <ele>2692.641615</ele>
        <time>2026-09-12T12:15:11.000Z</time>
      </trkpt>
      <trkpt lat="47.012027" lon="9.840877">
        <ele>2692.641615</ele>
        <time>2026-09-12T12:15:13.000Z</time>
      </trkpt>
      <trkpt lat="47.012027" lon="9.840877">
        <ele>2692.641615</ele>
        <time>2026-09-12T12:15:15.000Z</time>
      </trkpt>
      <trkpt lat="47.012027" lon="9.840877">
        <ele>2692.641615</ele>
        <time>2026-09-12T12:15:17.000Z</time>
      </trkpt>
      <trkpt lat="47.012027" lon="9.840877">
        <ele>2692.641615</ele>
        <time>2026-09-12T12:15:20.000Z</time>
      </trkpt>
      <trkpt lat="47.012027" lon="9.840877">
        <ele>2692.641615</ele>
        <time>2026-09-12T12:15:26.000Z</time>
      </trkpt>
      <trkpt lat="47.012027" lon="9.840877">
        <ele>2692.641615</ele>
        <time>2026-09-12T12:15:31.000Z</time>
      </trkpt>
      <trkpt lat="47.012027" lon="9.840877">
        <ele>2692.641615</ele>
        <time>2026-09-12T12:15:33.000Z</time>
      </trkpt>
      <trkpt lat="47.012039" lon="9.840857">
        <ele>2693.449717</ele>
        <time>2026-09-12T12:15:38.000Z</time>
      </trkpt>
      <trkpt lat="47.012040" lon="9.840850">
        <ele>2693.666660</ele>
        <time>2026-09-12T12:15:39.000Z</time>
      </trkpt>
      <trkpt lat="47.012053" lon="9.840845">
        <ele>2694.264546</ele>
        <time>2026-09-12T12:15:45.000Z</time>
      </trkpt>
      <trkpt lat="47.012053" lon="9.840845">
        <ele>2694.264546</ele>
        <time>2026-09-12T12:15:47.000Z</time>
      </trkpt>
      <trkpt lat="47.012056" lon="9.840855">
        <ele>2694.595940</ele>
        <time>2026-09-12T12:15:57.000Z</time>
      </trkpt>
      <trkpt lat="47.012056" lon="9.840855">
        <ele>2694.595940</ele>
        <time>2026-09-12T12:16:00.000Z</time>
      </trkpt>
      <trkpt lat="47.012055" lon="9.840866">
        <ele>2694.932557</ele>
        <time>2026-09-12T12:16:05.000Z</time>
      </trkpt>
      <trkpt lat="47.012056" lon="9.840860">
        <ele>2695.119915</ele>
        <time>2026-09-12T12:16:08.000Z</time>
      </trkpt>
      <trkpt lat="47.012056" lon="9.840855">
        <ele>2695.271580</ele>
        <time>2026-09-12T12:16:09.000Z</time>
      </trkpt>
      <trkpt lat="47.012056" lon="9.840855">
        <ele>2695.271580</ele>
        <time>2026-09-12T12:16:19.000Z</time>
      </trkpt>
      <trkpt lat="47.012068" lon="9.840834">
        <ele>2696.102696</ele>
        <time>2026-09-12T12:16:23.000Z</time>
      </trkpt>
      <trkpt lat="47.012070" lon="9.840834">
        <ele>2696.191670</ele>
        <time>2026-09-12T12:16:27.000Z</time>
      </trkpt>
      <trkpt lat="47.012070" lon="9.840834">
        <ele>2696.191670</ele>
        <time>2026-09-12T12:16:29.000Z</time>
      </trkpt>
      <trkpt lat="47.012070" lon="9.840834">
        <ele>2696.191670</ele>
        <time>2026-09-12T12:16:35.000Z</time>
      </trkpt>
      <trkpt lat="47.012077" lon="9.840825">
        <ele>2696.605800</ele>
        <time>2026-09-12T12:16:41.000Z</time>
      </trkpt>
      <trkpt lat="47.012077" lon="9.840825">
        <ele>2696.605800</ele>
        <time>2026-09-12T12:16:42.000Z</time>
      </trkpt>
      <trkpt lat="47.012079" lon="9.840814">
        <ele>2696.951123</ele>
        <time>2026-09-12T12:16:44.000Z</time>
      </trkpt>
      <trkpt lat="47.012088" lon="9.840806">
        <ele>2697.419303</ele>
        <time>2026-09-12T12:16:47.000Z</time>
      </trkpt>
      <trkpt lat="47.012091" lon="9.840801">
        <ele>2697.621329</ele>
        <time>2026-09-12T12:16:48.000Z</time>
      </trkpt>
      <trkpt lat="47.012092" lon="9.840801">
        <ele>2697.665816</ele>
        <time>2026-09-12T12:16:49.000Z</time>
      </trkpt>
      <trkpt lat="47.012096" lon="9.840796">
        <ele>2697.899627</ele>
        <time>2026-09-12T12:16:53.000Z</time>
      </trkpt>
      <trkpt lat="47.012098" lon="9.840801">
        <ele>2698.075465</ele>
        <time>2026-09-12T12:16:58.000Z</time>
      </trkpt>
      <trkpt lat="47.012100" lon="9.840796">
        <ele>2698.251302</ele>
        <time>2026-09-12T12:17:03.000Z</time>
      </trkpt>
      <trkpt lat="47.012094" lon="9.840794">
        <ele>2698.525031</ele>
        <time>2026-09-12T12:17:08.000Z</time>
      </trkpt>
      <trkpt lat="47.012088" lon="9.840793">
        <ele>2698.793671</ele>
        <time>2026-09-12T12:17:19.000Z</time>
      </trkpt>
      <trkpt lat="47.012094" lon="9.840794">
        <ele>2699.062310</ele>
        <time>2026-09-12T12:17:30.000Z</time>
      </trkpt>
      <trkpt lat="47.012108" lon="9.840792">
        <ele>2699.688075</ele>
        <time>2026-09-12T12:17:56.000Z</time>
      </trkpt>
      <trkpt lat="47.012108" lon="9.840799">
        <ele>2699.900407</ele>
        <time>2026-09-12T12:17:59.000Z</time>
      </trkpt>
      <trkpt lat="47.012108" lon="9.840808">
        <ele>2700.173405</ele>
        <time>2026-09-12T12:18:03.000Z</time>
      </trkpt>
      <trkpt lat="47.012109" lon="9.840811">
        <ele>2700.274697</ele>
        <time>2026-09-12T12:18:06.000Z</time>
      </trkpt>
      <trkpt lat="47.012109" lon="9.840811">
        <ele>2700.274697</ele>
        <time>2026-09-12T12:18:16.000Z</time>
      </trkpt>
      <trkpt lat="47.012109" lon="9.840809">
        <ele>2700.335363</ele>
        <time>2026-09-12T12:18:25.000Z</time>
      </trkpt>
      <trkpt lat="47.012108" lon="9.840804">
        <ele>2700.493419</ele>
        <time>2026-09-12T12:18:27.000Z</time>
      </trkpt>
      <trkpt lat="47.012103" lon="9.840790">
        <ele>2700.972811</ele>
        <time>2026-09-12T12:18:30.000Z</time>
      </trkpt>
      <trkpt lat="47.012095" lon="9.840791">
        <ele>2701.329996</ele>
        <time>2026-09-12T12:18:37.000Z</time>
      </trkpt>
      <trkpt lat="47.012099" lon="9.840783">
        <ele>2701.630914</ele>
        <time>2026-09-12T12:18:40.000Z</time>
      </trkpt>
      <trkpt lat="47.012108" lon="9.840781">
        <ele>2702.035867</ele>
        <time>2026-09-12T12:18:47.000Z</time>
      </trkpt>
      <trkpt lat="47.012110" lon="9.840784">
        <ele>2702.163135</ele>
        <time>2026-09-12T12:18:49.000Z</time>
      </trkpt>
      <trkpt lat="47.012108" lon="9.840791">
        <ele>2702.393355</ele>
        <time>2026-09-12T12:18:56.000Z</time>
      </trkpt>
      <trkpt lat="47.012108" lon="9.840791">
        <ele>2702.393355</ele>
        <time>2026-09-12T12:19:06.000Z</time>
      </trkpt>
      <trkpt lat="47.012108" lon="9.840791">
        <ele>2702.393355</ele>
        <time>2026-09-12T12:19:14.000Z</time>
      </trkpt>
      <trkpt lat="47.012099" lon="9.840775">
        <ele>2703.022522</ele>
        <time>2026-09-12T12:19:21.000Z</time>
      </trkpt>
      <trkpt lat="47.012100" lon="9.840764">
        <ele>2703.359140</ele>
        <time>2026-09-12T12:19:25.000Z</time>
      </trkpt>
      <trkpt lat="47.012099" lon="9.840764">
        <ele>2703.403627</ele>
        <time>2026-09-12T12:19:31.000Z</time>
      </trkpt>
      <trkpt lat="47.012101" lon="9.840762">
        <ele>2703.511315</ele>
        <time>2026-09-12T12:19:34.000Z</time>
      </trkpt>
      <trkpt lat="47.012100" lon="9.840763">
        <ele>2703.565159</ele>
        <time>2026-09-12T12:19:41.000Z</time>
      </trkpt>
      <trkpt lat="47.012100" lon="9.840763">
        <ele>2703.565159</ele>
        <time>2026-09-12T12:19:43.000Z</time>
      </trkpt>
      <trkpt lat="47.012099" lon="9.840734">
        <ele>2704.445944</ele>
        <time>2026-09-12T12:19:50.000Z</time>
      </trkpt>
      <trkpt lat="47.012088" lon="9.840714">
        <ele>2705.225373</ele>
        <time>2026-09-12T12:19:58.000Z</time>
      </trkpt>
      <trkpt lat="47.012086" lon="9.840715">
        <ele>2705.319375</ele>
        <time>2026-09-12T12:20:01.000Z</time>
      </trkpt>
      <trkpt lat="47.012091" lon="9.840715">
        <ele>2705.541810</ele>
        <time>2026-09-12T12:20:06.000Z</time>
      </trkpt>
      <trkpt lat="47.012096" lon="9.840715">
        <ele>2705.764245</ele>
        <time>2026-09-12T12:20:14.000Z</time>
      </trkpt>
      <trkpt lat="47.012105" lon="9.840690">
        <ele>2706.621781</ele>
        <time>2026-09-12T12:20:19.000Z</time>
      </trkpt>
      <trkpt lat="47.012106" lon="9.840686">
        <ele>2706.751012</ele>
        <time>2026-09-12T12:20:21.000Z</time>
      </trkpt>
      <trkpt lat="47.012107" lon="9.840679">
        <ele>2706.967954</ele>
        <time>2026-09-12T12:20:24.000Z</time>
      </trkpt>
      <trkpt lat="47.012108" lon="9.840678">
        <ele>2707.021798</ele>
        <time>2026-09-12T12:20:29.000Z</time>
      </trkpt>
      <trkpt lat="47.012108" lon="9.840678">
        <ele>2707.021798</ele>
        <time>2026-09-12T12:20:30.000Z</time>
      </trkpt>
      <trkpt lat="47.012108" lon="9.840678">
        <ele>2707.021798</ele>
        <time>2026-09-12T12:20:34.000Z</time>
      </trkpt>
      <trkpt lat="47.012108" lon="9.840678">
        <ele>2707.021798</ele>
        <time>2026-09-12T12:20:38.000Z</time>
      </trkpt>
      <trkpt lat="47.012108" lon="9.840678">
        <ele>2707.021798</ele>
        <time>2026-09-12T12:20:46.000Z</time>
      </trkpt>
      <trkpt lat="47.012118" lon="9.840674">
        <ele>2707.482917</ele>
        <time>2026-09-12T12:20:53.000Z</time>
      </trkpt>
      <trkpt lat="47.012108" lon="9.840678">
        <ele>2707.944035</ele>
        <time>2026-09-12T12:20:56.000Z</time>
      </trkpt>
      <trkpt lat="47.012137" lon="9.840670">
        <ele>2709.256780</ele>
        <time>2026-09-12T12:21:01.000Z</time>
      </trkpt>
      <trkpt lat="47.012142" lon="9.840666">
        <ele>2709.510155</ele>
        <time>2026-09-12T12:21:03.000Z</time>
      </trkpt>
      <trkpt lat="47.012147" lon="9.840664">
        <ele>2709.740714</ele>
        <time>2026-09-12T12:21:06.000Z</time>
      </trkpt>
      <trkpt lat="47.012153" lon="9.840643">
        <ele>2710.431373</ele>
        <time>2026-09-12T12:21:23.000Z</time>
      </trkpt>
      <trkpt lat="47.012152" lon="9.840634">
        <ele>2710.707972</ele>
        <time>2026-09-12T12:21:25.000Z</time>
      </trkpt>
      <trkpt lat="47.012158" lon="9.840625">
        <ele>2711.089777</ele>
        <time>2026-09-12T12:21:26.000Z</time>
      </trkpt>
      <trkpt lat="47.012160" lon="9.840623">
        <ele>2711.197465</ele>
        <time>2026-09-12T12:21:28.000Z</time>
      </trkpt>
      <trkpt lat="47.012158" lon="9.840625">
        <ele>2711.305153</ele>
        <time>2026-09-12T12:21:29.000Z</time>
      </trkpt>
      <trkpt lat="47.012159" lon="9.840605">
        <ele>2711.913444</ele>
        <time>2026-09-12T12:21:37.000Z</time>
      </trkpt>
      <trkpt lat="47.012161" lon="9.840596">
        <ele>2712.200576</ele>
        <time>2026-09-12T12:21:38.000Z</time>
      </trkpt>
      <trkpt lat="47.012171" lon="9.840555">
        <ele>2713.521406</ele>
        <time>2026-09-12T12:21:42.000Z</time>
      </trkpt>
      <trkpt lat="47.012167" lon="9.840554">
        <ele>2713.701920</ele>
        <time>2026-09-12T12:21:45.000Z</time>
      </trkpt>
      <trkpt lat="47.012163" lon="9.840525">
        <ele>2714.599398</ele>
        <time>2026-09-12T12:21:51.000Z</time>
      </trkpt>
      <trkpt lat="47.012161" lon="9.840527">
        <ele>2714.707086</ele>
        <time>2026-09-12T12:21:52.000Z</time>
      </trkpt>
      <trkpt lat="47.012155" lon="9.840523">
        <ele>2715.000291</ele>
        <time>2026-09-12T12:21:58.000Z</time>
      </trkpt>
      <trkpt lat="47.012155" lon="9.840520">
        <ele>2715.091290</ele>
        <time>2026-09-12T12:21:59.000Z</time>
      </trkpt>
      <trkpt lat="47.012158" lon="9.840513">
        <ele>2715.342082</ele>
        <time>2026-09-12T12:22:05.000Z</time>
      </trkpt>
      <trkpt lat="47.012158" lon="9.840513">
        <ele>2715.342082</ele>
        <time>2026-09-12T12:22:12.000Z</time>
      </trkpt>
      <trkpt lat="47.012166" lon="9.840514">
        <ele>2715.699268</ele>
        <time>2026-09-12T12:22:26.000Z</time>
      </trkpt>
      <trkpt lat="47.012169" lon="9.840510">
        <ele>2715.879638</ele>
        <time>2026-09-12T12:22:27.000Z</time>
      </trkpt>
      <trkpt lat="47.012176" lon="9.840508">
        <ele>2716.196900</ele>
        <time>2026-09-12T12:22:29.000Z</time>
      </trkpt>
      <trkpt lat="47.012181" lon="9.840461">
        <ele>2717.639804</ele>
        <time>2026-09-12T12:22:34.000Z</time>
      </trkpt>
      <trkpt lat="47.012175" lon="9.840416">
        <ele>2719.030647</ele>
        <time>2026-09-12T12:22:40.000Z</time>
      </trkpt>
      <trkpt lat="47.012178" lon="9.840405">
        <ele>2719.390012</ele>
        <time>2026-09-12T12:22:42.000Z</time>
      </trkpt>
      <trkpt lat="47.012179" lon="9.840400">
        <ele>2719.548067</ele>
        <time>2026-09-12T12:22:44.000Z</time>
      </trkpt>
      <trkpt lat="47.012182" lon="9.840383">
        <ele>2720.080721</ele>
        <time>2026-09-12T12:22:46.000Z</time>
      </trkpt>
      <trkpt lat="47.012177" lon="9.840338">
        <ele>2721.463715</ele>
        <time>2026-09-12T12:22:53.000Z</time>
      </trkpt>
      <trkpt lat="47.012179" lon="9.840308">
        <ele>2722.378047</ele>
        <time>2026-09-12T12:22:58.000Z</time>
      </trkpt>
      <trkpt lat="47.012176" lon="9.840307">
        <ele>2722.514912</ele>
        <time>2026-09-12T12:23:01.000Z</time>
      </trkpt>
      <trkpt lat="47.012175" lon="9.840302">
        <ele>2722.672967</ele>
        <time>2026-09-12T12:23:06.000Z</time>
      </trkpt>
      <trkpt lat="47.012175" lon="9.840331">
        <ele>2723.552627</ele>
        <time>2026-09-12T12:23:13.000Z</time>
      </trkpt>
      <trkpt lat="47.012182" lon="9.840341">
        <ele>2723.987351</ele>
        <time>2026-09-12T12:23:24.000Z</time>
      </trkpt>
      <trkpt lat="47.012187" lon="9.840333">
        <ele>2724.113207</ele>
        <time>2026-09-12T12:23:31.000Z</time>
      </trkpt>
      <trkpt lat="47.012188" lon="9.840339">
        <ele>2724.151381</ele>
        <time>2026-09-12T12:23:34.000Z</time>
      </trkpt>
      <trkpt lat="47.012186" lon="9.840343">
        <ele>2724.182036</ele>
        <time>2026-09-12T12:23:36.000Z</time>
      </trkpt>
      <trkpt lat="47.012182" lon="9.840349">
        <ele>2724.233898</ele>
        <time>2026-09-12T12:23:40.000Z</time>
      </trkpt>
      <trkpt lat="47.012188" lon="9.840367">
        <ele>2724.357726</ele>
        <time>2026-09-12T12:23:42.000Z</time>
      </trkpt>
      <trkpt lat="47.012194" lon="9.840375">
        <ele>2724.431226</ele>
        <time>2026-09-12T12:23:46.000Z</time>
      </trkpt>
      <trkpt lat="47.012199" lon="9.840373">
        <ele>2724.478202</ele>
        <time>2026-09-12T12:23:52.000Z</time>
      </trkpt>
      <trkpt lat="47.012207" lon="9.840365">
        <ele>2724.565967</ele>
        <time>2026-09-12T12:23:58.000Z</time>
      </trkpt>
      <trkpt lat="47.012222" lon="9.840341">
        <ele>2724.767181</ele>
        <time>2026-09-12T12:24:01.000Z</time>
      </trkpt>
      <trkpt lat="47.012227" lon="9.840304">
        <ele>2725.000301</ele>
        <time>2026-09-12T12:24:05.000Z</time>
      </trkpt>
      <trkpt lat="47.012227" lon="9.840305">
        <ele>2725.006481</ele>
        <time>2026-09-12T12:24:06.000Z</time>
      </trkpt>
      <trkpt lat="47.012242" lon="9.840308">
        <ele>2725.143701</ele>
        <time>2026-09-12T12:24:09.000Z</time>
      </trkpt>
      <trkpt lat="47.012249" lon="9.840304">
        <ele>2725.211796</ele>
        <time>2026-09-12T12:24:12.000Z</time>
      </trkpt>
      <trkpt lat="47.012242" lon="9.840302">
        <ele>2725.276438</ele>
        <time>2026-09-12T12:24:13.000Z</time>
      </trkpt>
      <trkpt lat="47.012244" lon="9.840336">
        <ele>2725.487350</ele>
        <time>2026-09-12T12:24:17.000Z</time>
      </trkpt>
      <trkpt lat="47.012243" lon="9.840353">
        <ele>2725.592805</ele>
        <time>2026-09-12T12:24:19.000Z</time>
      </trkpt>
      <trkpt lat="47.012252" lon="9.840375">
        <ele>2725.751367</ele>
        <time>2026-09-12T12:24:21.000Z</time>
      </trkpt>
      <trkpt lat="47.012256" lon="9.840378">
        <ele>2725.792090</ele>
        <time>2026-09-12T12:24:22.000Z</time>
      </trkpt>
      <trkpt lat="47.012258" lon="9.840378">
        <ele>2725.810218</ele>
        <time>2026-09-12T12:24:23.000Z</time>
      </trkpt>
      <trkpt lat="47.012270" lon="9.840377">
        <ele>2725.919163</ele>
        <time>2026-09-12T12:24:29.000Z</time>
      </trkpt>
      <trkpt lat="47.012270" lon="9.840364">
        <ele>2725.999507</ele>
        <time>2026-09-12T12:24:31.000Z</time>
      </trkpt>
      <trkpt lat="47.012268" lon="9.840355">
        <ele>2726.058010</ele>
        <time>2026-09-12T12:24:35.000Z</time>
      </trkpt>
      <trkpt lat="47.012268" lon="9.840355">
        <ele>2726.058010</ele>
        <time>2026-09-12T12:24:42.000Z</time>
      </trkpt>
      <trkpt lat="47.012268" lon="9.840355">
        <ele>2726.058010</ele>
        <time>2026-09-12T12:24:58.000Z</time>
      </trkpt>
      <trkpt lat="47.012277" lon="9.840355">
        <ele>2726.139587</ele>
        <time>2026-09-12T12:25:03.000Z</time>
      </trkpt>
      <trkpt lat="47.012275" lon="9.840349">
        <ele>2726.180863</ele>
        <time>2026-09-12T12:25:04.000Z</time>
      </trkpt>
      <trkpt lat="47.012283" lon="9.840323">
        <ele>2726.357155</ele>
        <time>2026-09-12T12:25:08.000Z</time>
      </trkpt>
      <trkpt lat="47.012281" lon="9.840323">
        <ele>2726.375283</ele>
        <time>2026-09-12T12:25:09.000Z</time>
      </trkpt>
      <trkpt lat="47.012305" lon="9.840342">
        <ele>2726.622492</ele>
        <time>2026-09-12T12:25:14.000Z</time>
      </trkpt>
      <trkpt lat="47.012309" lon="9.840339">
        <ele>2726.663214</ele>
        <time>2026-09-12T12:25:15.000Z</time>
      </trkpt>
      <trkpt lat="47.012319" lon="9.840340">
        <ele>2726.754066</ele>
        <time>2026-09-12T12:25:17.000Z</time>
      </trkpt>
      <trkpt lat="47.012324" lon="9.840346">
        <ele>2726.812624</ele>
        <time>2026-09-12T12:25:19.000Z</time>
      </trkpt>
      <trkpt lat="47.012325" lon="9.840329">
        <ele>2726.918080</ele>
        <time>2026-09-12T12:25:21.000Z</time>
      </trkpt>
      <trkpt lat="47.012331" lon="9.840301">
        <ele>2727.099473</ele>
        <time>2026-09-12T12:25:24.000Z</time>
      </trkpt>
      <trkpt lat="47.012334" lon="9.840280">
        <ele>2727.232078</ele>
        <time>2026-09-12T12:25:27.000Z</time>
      </trkpt>
      <trkpt lat="47.012334" lon="9.840272">
        <ele>2727.281520</ele>
        <time>2026-09-12T12:25:31.000Z</time>
      </trkpt>
      <trkpt lat="47.012336" lon="9.840268">
        <ele>2727.312176</ele>
        <time>2026-09-12T12:25:37.000Z</time>
      </trkpt>
      <trkpt lat="47.012334" lon="9.840267">
        <ele>2727.331329</ele>
        <time>2026-09-12T12:25:40.000Z</time>
      </trkpt>
      <trkpt lat="47.012334" lon="9.840267">
        <ele>2727.331329</ele>
        <time>2026-09-12T12:25:43.000Z</time>
      </trkpt>
      <trkpt lat="47.012350" lon="9.840258">
        <ele>2727.486656</ele>
        <time>2026-09-12T12:26:06.000Z</time>
      </trkpt>
      <trkpt lat="47.012360" lon="9.840235">
        <ele>2727.655243</ele>
        <time>2026-09-12T12:26:14.000Z</time>
      </trkpt>
      <trkpt lat="47.012364" lon="9.840234">
        <ele>2727.692023</ele>
        <time>2026-09-12T12:26:15.000Z</time>
      </trkpt>
      <trkpt lat="47.012370" lon="9.840236">
        <ele>2727.747795</ele>
        <time>2026-09-12T12:26:18.000Z</time>
      </trkpt>
      <trkpt lat="47.012382" lon="9.840234">
        <ele>2727.857265</ele>
        <time>2026-09-12T12:26:21.000Z</time>
      </trkpt>
      <trkpt lat="47.012390" lon="9.840236">
        <ele>2727.930824</ele>
        <time>2026-09-12T12:26:22.000Z</time>
      </trkpt>
      <trkpt lat="47.012412" lon="9.840229">
        <ele>2728.134874</ele>
        <time>2026-09-12T12:26:25.000Z</time>
      </trkpt>
      <trkpt lat="47.012410" lon="9.840212">
        <ele>2728.241491</ele>
        <time>2026-09-12T12:26:27.000Z</time>
      </trkpt>
      <trkpt lat="47.012406" lon="9.840193">
        <ele>2728.364387</ele>
        <time>2026-09-12T12:26:29.000Z</time>
      </trkpt>
      <trkpt lat="47.012409" lon="9.840150">
        <ele>2728.631528</ele>
        <time>2026-09-12T12:26:34.000Z</time>
      </trkpt>
      <trkpt lat="47.012409" lon="9.840128">
        <ele>2728.767494</ele>
        <time>2026-09-12T12:26:36.000Z</time>
      </trkpt>
      <trkpt lat="47.012429" lon="9.840054">
        <ele>2729.259455</ele>
        <time>2026-09-12T12:26:42.000Z</time>
      </trkpt>
      <trkpt lat="47.012436" lon="9.840021">
        <ele>2729.473046</ele>
        <time>2026-09-12T12:26:46.000Z</time>
      </trkpt>
      <trkpt lat="47.012443" lon="9.840004">
        <ele>2729.595783</ele>
        <time>2026-09-12T12:26:48.000Z</time>
      </trkpt>
      <trkpt lat="47.012455" lon="9.839976">
        <ele>2729.800177</ele>
        <time>2026-09-12T12:26:51.000Z</time>
      </trkpt>
      <trkpt lat="47.012475" lon="9.839933">
        <ele>2730.121872</ele>
        <time>2026-09-12T12:26:56.000Z</time>
      </trkpt>
      <trkpt lat="47.012479" lon="9.839924">
        <ele>2730.188268</ele>
        <time>2026-09-12T12:26:57.000Z</time>
      </trkpt>
      <trkpt lat="47.012502" lon="9.839897">
        <ele>2730.455301</ele>
        <time>2026-09-12T12:27:01.000Z</time>
      </trkpt>
      <trkpt lat="47.012510" lon="9.839888">
        <ele>2730.546691</ele>
        <time>2026-09-12T12:27:03.000Z</time>
      </trkpt>
      <trkpt lat="47.012522" lon="9.839882">
        <ele>2730.661608</ele>
        <time>2026-09-12T12:27:07.000Z</time>
      </trkpt>
      <trkpt lat="47.012528" lon="9.839868">
        <ele>2730.763804</ele>
        <time>2026-09-12T12:27:09.000Z</time>
      </trkpt>
      <trkpt lat="47.012543" lon="9.839837">
        <ele>2730.998734</ele>
        <time>2026-09-12T12:27:14.000Z</time>
      </trkpt>
      <trkpt lat="47.012546" lon="9.839833">
        <ele>2731.035484</ele>
        <time>2026-09-12T12:27:15.000Z</time>
      </trkpt>
      <trkpt lat="47.012567" lon="9.839800">
        <ele>2731.314460</ele>
        <time>2026-09-12T12:27:20.000Z</time>
      </trkpt>
      <trkpt lat="47.012583" lon="9.839774">
        <ele>2731.530915</ele>
        <time>2026-09-12T12:27:24.000Z</time>
      </trkpt>
      <trkpt lat="47.012596" lon="9.839753">
        <ele>2731.706213</ele>
        <time>2026-09-12T12:27:27.000Z</time>
      </trkpt>
      <trkpt lat="47.012585" lon="9.839734">
        <ele>2731.860258</ele>
        <time>2026-09-12T12:27:32.000Z</time>
      </trkpt>
      <trkpt lat="47.012583" lon="9.839729">
        <ele>2731.896084</ele>
        <time>2026-09-12T12:27:38.000Z</time>
      </trkpt>
      <trkpt lat="47.012594" lon="9.839720">
        <ele>2732.010256</ele>
        <time>2026-09-12T12:27:43.000Z</time>
      </trkpt>
      <trkpt lat="47.012607" lon="9.839710">
        <ele>2732.143314</ele>
        <time>2026-09-12T12:27:46.000Z</time>
      </trkpt>
      <trkpt lat="47.012606" lon="9.839669">
        <ele>2732.396867</ele>
        <time>2026-09-12T12:27:52.000Z</time>
      </trkpt>
      <trkpt lat="47.012626" lon="9.839640">
        <ele>2732.651791</ele>
        <time>2026-09-12T12:27:58.000Z</time>
      </trkpt>
      <trkpt lat="47.012634" lon="9.839628">
        <ele>2732.755513</ele>
        <time>2026-09-12T12:28:02.000Z</time>
      </trkpt>
      <trkpt lat="47.012628" lon="9.839626">
        <ele>2732.811285</ele>
        <time>2026-09-12T12:28:04.000Z</time>
      </trkpt>
      <trkpt lat="47.012622" lon="9.839640">
        <ele>2732.913482</ele>
        <time>2026-09-12T12:28:10.000Z</time>
      </trkpt>
      <trkpt lat="47.012626" lon="9.839650">
        <ele>2732.985134</ele>
        <time>2026-09-12T12:28:18.000Z</time>
      </trkpt>
      <trkpt lat="47.012635" lon="9.839650">
        <ele>2733.066712</ele>
        <time>2026-09-12T12:28:24.000Z</time>
      </trkpt>
      <trkpt lat="47.012642" lon="9.839658">
        <ele>2733.147150</ele>
        <time>2026-09-12T12:28:28.000Z</time>
      </trkpt>
      <trkpt lat="47.012638" lon="9.839659">
        <ele>2733.183930</ele>
        <time>2026-09-12T12:28:29.000Z</time>
      </trkpt>
      <trkpt lat="47.012630" lon="9.839655">
        <ele>2733.260541</ele>
        <time>2026-09-12T12:28:31.000Z</time>
      </trkpt>
      <trkpt lat="47.012630" lon="9.839659">
        <ele>2733.285262</ele>
        <time>2026-09-12T12:28:34.000Z</time>
      </trkpt>
      <trkpt lat="47.012626" lon="9.839693">
        <ele>2733.498496</ele>
        <time>2026-09-12T12:28:39.000Z</time>
      </trkpt>
      <trkpt lat="47.012632" lon="9.839680">
        <ele>2733.595516</ele>
        <time>2026-09-12T12:28:43.000Z</time>
      </trkpt>
      <trkpt lat="47.012643" lon="9.839670">
        <ele>2733.712822</ele>
        <time>2026-09-12T12:28:45.000Z</time>
      </trkpt>
      <trkpt lat="47.012642" lon="9.839662">
        <ele>2733.763088</ele>
        <time>2026-09-12T12:28:46.000Z</time>
      </trkpt>
      <trkpt lat="47.012642" lon="9.839659">
        <ele>2733.781629</ele>
        <time>2026-09-12T12:28:47.000Z</time>
      </trkpt>
      <trkpt lat="47.012640" lon="9.839662">
        <ele>2733.807560</ele>
        <time>2026-09-12T12:28:48.000Z</time>
      </trkpt>
      <trkpt lat="47.012637" lon="9.839667">
        <ele>2733.848722</ele>
        <time>2026-09-12T12:28:50.000Z</time>
      </trkpt>
      <trkpt lat="47.012638" lon="9.839671">
        <ele>2733.875052</ele>
        <time>2026-09-12T12:28:51.000Z</time>
      </trkpt>
      <trkpt lat="47.012644" lon="9.839652">
        <ele>2734.004460</ele>
        <time>2026-09-12T12:28:55.000Z</time>
      </trkpt>
      <trkpt lat="47.012629" lon="9.839629">
        <ele>2734.201161</ele>
        <time>2026-09-12T12:29:01.000Z</time>
      </trkpt>
      <trkpt lat="47.012645" lon="9.839674">
        <ele>2734.514816</ele>
        <time>2026-09-12T12:29:06.000Z</time>
      </trkpt>
      <trkpt lat="47.012655" lon="9.839685">
        <ele>2734.628119</ele>
        <time>2026-09-12T12:29:07.000Z</time>
      </trkpt>
      <trkpt lat="47.012672" lon="9.839681">
        <ele>2734.784180</ele>
        <time>2026-09-12T12:29:09.000Z</time>
      </trkpt>
      <trkpt lat="47.012669" lon="9.839682">
        <ele>2734.812066</ele>
        <time>2026-09-12T12:29:13.000Z</time>
      </trkpt>
      <trkpt lat="47.012660" lon="9.839672">
        <ele>2734.914410</ele>
        <time>2026-09-12T12:29:18.000Z</time>
      </trkpt>
      <trkpt lat="47.012660" lon="9.839672">
        <ele>2734.914410</ele>
        <time>2026-09-12T12:29:23.000Z</time>
      </trkpt>
      <trkpt lat="47.012650" lon="9.839641">
        <ele>2735.126358</ele>
        <time>2026-09-12T12:29:31.000Z</time>
      </trkpt>
      <trkpt lat="47.012648" lon="9.839640">
        <ele>2735.145511</ele>
        <time>2026-09-12T12:29:32.000Z</time>
      </trkpt>
      <trkpt lat="47.012652" lon="9.839641">
        <ele>2735.182291</ele>
        <time>2026-09-12T12:29:40.000Z</time>
      </trkpt>
      <trkpt lat="47.012660" lon="9.839663">
        <ele>2735.336385</ele>
        <time>2026-09-12T12:29:48.000Z</time>
      </trkpt>
      <trkpt lat="47.012660" lon="9.839663">
        <ele>2735.336385</ele>
        <time>2026-09-12T12:29:54.000Z</time>
      </trkpt>
      <trkpt lat="47.012660" lon="9.839661">
        <ele>2735.348745</ele>
        <time>2026-09-12T12:29:58.000Z</time>
      </trkpt>
      <trkpt lat="47.012648" lon="9.839656">
        <ele>2735.461819</ele>
        <time>2026-09-12T12:30:01.000Z</time>
      </trkpt>
      <trkpt lat="47.012636" lon="9.839667">
        <ele>2735.590087</ele>
        <time>2026-09-12T12:30:04.000Z</time>
      </trkpt>
      <trkpt lat="47.012632" lon="9.839678">
        <ele>2735.667134</ele>
        <time>2026-09-12T12:30:12.000Z</time>
      </trkpt>
      <trkpt lat="47.012628" lon="9.839682">
        <ele>2735.711016</ele>
        <time>2026-09-12T12:30:13.000Z</time>
      </trkpt>
      <trkpt lat="47.012631" lon="9.839646">
        <ele>2735.935162</ele>
        <time>2026-09-12T12:30:19.000Z</time>
      </trkpt>
      <trkpt lat="47.012645" lon="9.839647">
        <ele>2736.062210</ele>
        <time>2026-09-12T12:30:24.000Z</time>
      </trkpt>
      <trkpt lat="47.012647" lon="9.839660">
        <ele>2736.144573</ele>
        <time>2026-09-12T12:30:32.000Z</time>
      </trkpt>
      <trkpt lat="47.012650" lon="9.839644">
        <ele>2736.247129</ele>
        <time>2026-09-12T12:30:39.000Z</time>
      </trkpt>
      <trkpt lat="47.012647" lon="9.839661">
        <ele>2736.355655</ele>
        <time>2026-09-12T12:30:42.000Z</time>
      </trkpt>
      <trkpt lat="47.012641" lon="9.839640">
        <ele>2736.496375</ele>
        <time>2026-09-12T12:30:47.000Z</time>
      </trkpt>
      <trkpt lat="47.012654" lon="9.839641">
        <ele>2736.614371</ele>
        <time>2026-09-12T12:30:56.000Z</time>
      </trkpt>
      <trkpt lat="47.012641" lon="9.839649">
        <ele>2736.742157</ele>
        <time>2026-09-12T12:31:06.000Z</time>
      </trkpt>
      <trkpt lat="47.012636" lon="9.839640">
        <ele>2736.813905</ele>
        <time>2026-09-12T12:31:09.000Z</time>
      </trkpt>
      <trkpt lat="47.012640" lon="9.839639">
        <ele>2736.850685</ele>
        <time>2026-09-12T12:31:15.000Z</time>
      </trkpt>
      <trkpt lat="47.012640" lon="9.839644">
        <ele>2736.881586</ele>
        <time>2026-09-12T12:31:16.000Z</time>
      </trkpt>
      <trkpt lat="47.012648" lon="9.839656">
        <ele>2736.985309</ele>
        <time>2026-09-12T12:31:24.000Z</time>
      </trkpt>
      <trkpt lat="47.012646" lon="9.839654">
        <ele>2737.007250</ele>
        <time>2026-09-12T12:31:32.000Z</time>
      </trkpt>
      <trkpt lat="47.012645" lon="9.839649">
        <ele>2737.039453</ele>
        <time>2026-09-12T12:31:34.000Z</time>
      </trkpt>
      <trkpt lat="47.012645" lon="9.839650">
        <ele>2737.045634</ele>
        <time>2026-09-12T12:31:35.000Z</time>
      </trkpt>
      <trkpt lat="47.012634" lon="9.839645">
        <ele>2737.150018</ele>
        <time>2026-09-12T12:31:42.000Z</time>
      </trkpt>
      <trkpt lat="47.012632" lon="9.839653">
        <ele>2737.202679</ele>
        <time>2026-09-12T12:31:49.000Z</time>
      </trkpt>
      <trkpt lat="47.012631" lon="9.839641">
        <ele>2737.277394</ele>
        <time>2026-09-12T12:31:59.000Z</time>
      </trkpt>
      <trkpt lat="47.012628" lon="9.839637">
        <ele>2737.314144</ele>
        <time>2026-09-12T12:32:00.000Z</time>
      </trkpt>
      <trkpt lat="47.012628" lon="9.839638">
        <ele>2737.320324</ele>
        <time>2026-09-12T12:32:10.000Z</time>
      </trkpt>
      <trkpt lat="47.012625" lon="9.839635">
        <ele>2737.353236</ele>
        <time>2026-09-12T12:32:13.000Z</time>
      </trkpt>
      <trkpt lat="47.012633" lon="9.839656">
        <ele>2737.501905</ele>
        <time>2026-09-12T12:32:21.000Z</time>
      </trkpt>
      <trkpt lat="47.012633" lon="9.839656">
        <ele>2737.501905</ele>
        <time>2026-09-12T12:32:25.000Z</time>
      </trkpt>
      <trkpt lat="47.012633" lon="9.839656">
        <ele>2737.501905</ele>
        <time>2026-09-12T12:32:33.000Z</time>
      </trkpt>
      <trkpt lat="47.012628" lon="9.839643">
        <ele>2737.594150</ele>
        <time>2026-09-12T12:32:38.000Z</time>
      </trkpt>
      <trkpt lat="47.012628" lon="9.839641">
        <ele>2737.606510</ele>
        <time>2026-09-12T12:32:39.000Z</time>
      </trkpt>
      <trkpt lat="47.012629" lon="9.839639">
        <ele>2737.621838</ele>
        <time>2026-09-12T12:32:42.000Z</time>
      </trkpt>
      <trkpt lat="47.012630" lon="9.839652">
        <ele>2737.702692</ele>
        <time>2026-09-12T12:32:50.000Z</time>
      </trkpt>
      <trkpt lat="47.012633" lon="9.839643">
        <ele>2737.764605</ele>
        <time>2026-09-12T12:32:58.000Z</time>
      </trkpt>
      <trkpt lat="47.012634" lon="9.839640">
        <ele>2737.785243</ele>
        <time>2026-09-12T12:32:59.000Z</time>
      </trkpt>
      <trkpt lat="47.012638" lon="9.839650">
        <ele>2737.856896</ele>
        <time>2026-09-12T12:33:03.000Z</time>
      </trkpt>
      <trkpt lat="47.012639" lon="9.839653">
        <ele>2737.877534</ele>
        <time>2026-09-12T12:33:04.000Z</time>
      </trkpt>
      <trkpt lat="47.012638" lon="9.839652">
        <ele>2737.888504</ele>
        <time>2026-09-12T12:33:05.000Z</time>
      </trkpt>
      <trkpt lat="47.012639" lon="9.839653">
        <ele>2737.899475</ele>
        <time>2026-09-12T12:33:06.000Z</time>
      </trkpt>
      <trkpt lat="47.012638" lon="9.839653">
        <ele>2737.908539</ele>
        <time>2026-09-12T12:33:08.000Z</time>
      </trkpt>
      <trkpt lat="47.012633" lon="9.839656">
        <ele>2737.957506</ele>
        <time>2026-09-12T12:33:18.000Z</time>
      </trkpt>
      <trkpt lat="47.012633" lon="9.839656">
        <ele>2737.957506</ele>
        <time>2026-09-12T12:33:30.000Z</time>
      </trkpt>
      <trkpt lat="47.012633" lon="9.839656">
        <ele>2737.957506</ele>
        <time>2026-09-12T12:33:34.000Z</time>
      </trkpt>
      <trkpt lat="47.012633" lon="9.839656">
        <ele>2737.957506</ele>
        <time>2026-09-12T12:33:39.000Z</time>
      </trkpt>
      <trkpt lat="47.012633" lon="9.839656">
        <ele>2737.957506</ele>
        <time>2026-09-12T12:33:44.000Z</time>
      </trkpt>
      <trkpt lat="47.012633" lon="9.839656">
        <ele>2737.957506</ele>
        <time>2026-09-12T12:33:50.000Z</time>
      </trkpt>
      <trkpt lat="47.012633" lon="9.839656">
        <ele>2737.957506</ele>
        <time>2026-09-12T12:34:00.000Z</time>
      </trkpt>
      <trkpt lat="47.012626" lon="9.839628">
        <ele>2738.141819</ele>
        <time>2026-09-12T12:34:07.000Z</time>
      </trkpt>
      <trkpt lat="47.012626" lon="9.839628">
        <ele>2738.141819</ele>
        <time>2026-09-12T12:34:29.000Z</time>
      </trkpt>
      <trkpt lat="47.012626" lon="9.839628">
        <ele>2738.141819</ele>
        <time>2026-09-12T12:34:33.000Z</time>
      </trkpt>
      <trkpt lat="47.012626" lon="9.839628">
        <ele>2738.141819</ele>
        <time>2026-09-12T12:34:43.000Z</time>
      </trkpt>
      <trkpt lat="47.012626" lon="9.839628">
        <ele>2738.141819</ele>
        <time>2026-09-12T12:34:49.000Z</time>
      </trkpt>
      <trkpt lat="47.012626" lon="9.839628">
        <ele>2738.141819</ele>
        <time>2026-09-12T12:34:58.000Z</time>
      </trkpt>
      <trkpt lat="47.012629" lon="9.839630">
        <ele>2738.171688</ele>
        <time>2026-09-12T12:35:10.000Z</time>
      </trkpt>
      <trkpt lat="47.012629" lon="9.839633">
        <ele>2738.190229</ele>
        <time>2026-09-12T12:35:11.000Z</time>
      </trkpt>
      <trkpt lat="47.012638" lon="9.839616">
        <ele>2738.323246</ele>
        <time>2026-09-12T12:35:18.000Z</time>
      </trkpt>
      <trkpt lat="47.012629" lon="9.839622">
        <ele>2738.412856</ele>
        <time>2026-09-12T12:35:26.000Z</time>
      </trkpt>
      <trkpt lat="47.012626" lon="9.839628">
        <ele>2738.458839</ele>
        <time>2026-09-12T12:35:39.000Z</time>
      </trkpt>
      <trkpt lat="47.012630" lon="9.839636">
        <ele>2738.520150</ele>
        <time>2026-09-12T12:35:44.000Z</time>
      </trkpt>
      <trkpt lat="47.012630" lon="9.839633">
        <ele>2738.538691</ele>
        <time>2026-09-12T12:35:50.000Z</time>
      </trkpt>
      <trkpt lat="47.012626" lon="9.839628">
        <ele>2738.586330</ele>
        <time>2026-09-12T12:35:58.000Z</time>
      </trkpt>
      <trkpt lat="47.012626" lon="9.839628">
        <ele>2738.586330</ele>
        <time>2026-09-12T12:36:03.000Z</time>
      </trkpt>
      <trkpt lat="47.012626" lon="9.839628">
        <ele>2738.586330</ele>
        <time>2026-09-12T12:36:05.000Z</time>
      </trkpt>
      <trkpt lat="47.012627" lon="9.839620">
        <ele>2738.636596</ele>
        <time>2026-09-12T12:36:07.000Z</time>
      </trkpt>
      <trkpt lat="47.012636" lon="9.839617">
        <ele>2738.720254</ele>
        <time>2026-09-12T12:36:11.000Z</time>
      </trkpt>
      <trkpt lat="47.012642" lon="9.839622">
        <ele>2738.782805</ele>
        <time>2026-09-12T12:36:14.000Z</time>
      </trkpt>
      <trkpt lat="47.012646" lon="9.839624">
        <ele>2738.821110</ele>
        <time>2026-09-12T12:36:16.000Z</time>
      </trkpt>
      <trkpt lat="47.012645" lon="9.839624">
        <ele>2738.830175</ele>
        <time>2026-09-12T12:36:17.000Z</time>
      </trkpt>
      <trkpt lat="47.012645" lon="9.839622">
        <ele>2738.842535</ele>
        <time>2026-09-12T12:36:18.000Z</time>
      </trkpt>
      <trkpt lat="47.012643" lon="9.839623">
        <ele>2738.861688</ele>
        <time>2026-09-12T12:36:21.000Z</time>
      </trkpt>
      <trkpt lat="47.012643" lon="9.839623">
        <ele>2738.861688</ele>
        <time>2026-09-12T12:36:26.000Z</time>
      </trkpt>
      <trkpt lat="47.012643" lon="9.839623">
        <ele>2738.861688</ele>
        <time>2026-09-12T12:36:40.000Z</time>
      </trkpt>
      <trkpt lat="47.012644" lon="9.839621">
        <ele>2738.877016</ele>
        <time>2026-09-12T12:36:50.000Z</time>
      </trkpt>
      <trkpt lat="47.012628" lon="9.839640">
        <ele>2739.063620</ele>
        <time>2026-09-12T12:36:57.000Z</time>
      </trkpt>
      <trkpt lat="47.012630" lon="9.839639">
        <ele>2739.082773</ele>
        <time>2026-09-12T12:36:59.000Z</time>
      </trkpt>
      <trkpt lat="47.012632" lon="9.839633">
        <ele>2739.124049</ele>
        <time>2026-09-12T12:37:07.000Z</time>
      </trkpt>
      <trkpt lat="47.012634" lon="9.839643">
        <ele>2739.188456</ele>
        <time>2026-09-12T12:37:17.000Z</time>
      </trkpt>
      <trkpt lat="47.012634" lon="9.839642">
        <ele>2739.194636</ele>
        <time>2026-09-12T12:37:22.000Z</time>
      </trkpt>
      <trkpt lat="47.012632" lon="9.839630">
        <ele>2739.270983</ele>
        <time>2026-09-12T12:37:26.000Z</time>
      </trkpt>
      <trkpt lat="47.012634" lon="9.839642">
        <ele>2739.347329</ele>
        <time>2026-09-12T12:37:33.000Z</time>
      </trkpt>
      <trkpt lat="47.012634" lon="9.839642">
        <ele>2739.347329</ele>
        <time>2026-09-12T12:37:37.000Z</time>
      </trkpt>
      <trkpt lat="47.012634" lon="9.839621">
        <ele>2739.477115</ele>
        <time>2026-09-12T12:37:44.000Z</time>
      </trkpt>
      <trkpt lat="47.012637" lon="9.839625">
        <ele>2739.513865</ele>
        <time>2026-09-12T12:37:47.000Z</time>
      </trkpt>
      <trkpt lat="47.012634" lon="9.839642">
        <ele>2739.622392</ele>
        <time>2026-09-12T12:37:53.000Z</time>
      </trkpt>
      <trkpt lat="47.012634" lon="9.839634">
        <ele>2739.671834</ele>
        <time>2026-09-12T12:38:03.000Z</time>
      </trkpt>
      <trkpt lat="47.012626" lon="9.839637">
        <ele>2739.746680</ele>
        <time>2026-09-12T12:38:11.000Z</time>
      </trkpt>
      <trkpt lat="47.012634" lon="9.839642">
        <ele>2739.825503</ele>
        <time>2026-09-12T12:38:14.000Z</time>
      </trkpt>
      <trkpt lat="47.012634" lon="9.839642">
        <ele>2739.825503</ele>
        <time>2026-09-12T12:38:22.000Z</time>
      </trkpt>
      <trkpt lat="47.012634" lon="9.839642">
        <ele>2739.825503</ele>
        <time>2026-09-12T12:38:33.000Z</time>
      </trkpt>
      <trkpt lat="47.012633" lon="9.839637">
        <ele>2739.857706</ele>
        <time>2026-09-12T12:38:42.000Z</time>
      </trkpt>
      <trkpt lat="47.012634" lon="9.839642">
        <ele>2739.889909</ele>
        <time>2026-09-12T12:38:50.000Z</time>
      </trkpt>
      <trkpt lat="47.012634" lon="9.839642">
        <ele>2739.889909</ele>
        <time>2026-09-12T12:39:04.000Z</time>
      </trkpt>
      <trkpt lat="47.012635" lon="9.839633">
        <ele>2739.946266</ele>
        <time>2026-09-12T12:39:07.000Z</time>
      </trkpt>
      <trkpt lat="47.012636" lon="9.839641">
        <ele>2739.996532</ele>
        <time>2026-09-12T12:39:14.000Z</time>
      </trkpt>
      <trkpt lat="47.012634" lon="9.839642">
        <ele>2740.015685</ele>
        <time>2026-09-12T12:39:27.000Z</time>
      </trkpt>
      <trkpt lat="47.012634" lon="9.839642">
        <ele>2740.015685</ele>
        <time>2026-09-12T12:39:46.000Z</time>
      </trkpt>
      <trkpt lat="47.012634" lon="9.839642">
        <ele>2740.015685</ele>
        <time>2026-09-12T12:39:50.000Z</time>
      </trkpt>
      <trkpt lat="47.012634" lon="9.839642">
        <ele>2740.015685</ele>
        <time>2026-09-12T12:39:57.000Z</time>
      </trkpt>
      <trkpt lat="47.012634" lon="9.839642">
        <ele>2740.015685</ele>
        <time>2026-09-12T12:40:01.000Z</time>
      </trkpt>
      <trkpt lat="47.012634" lon="9.839642">
        <ele>2740.015685</ele>
        <time>2026-09-12T12:40:13.000Z</time>
      </trkpt>
      <trkpt lat="47.012634" lon="9.839642">
        <ele>2740.015685</ele>
        <time>2026-09-12T12:40:14.000Z</time>
      </trkpt>
      <trkpt lat="47.012643" lon="9.839634">
        <ele>2740.111075</ele>
        <time>2026-09-12T12:40:18.000Z</time>
      </trkpt>
      <trkpt lat="47.012626" lon="9.839641">
        <ele>2740.271124</ele>
        <time>2026-09-12T12:40:21.000Z</time>
      </trkpt>
      <trkpt lat="47.012633" lon="9.839619">
        <ele>2740.276434</ele>
        <time>2026-09-12T12:40:30.000Z</time>
      </trkpt>
      <trkpt lat="47.012635" lon="9.839644">
        <ele>2740.035722</ele>
        <time>2026-09-12T12:40:36.000Z</time>
      </trkpt>
      <trkpt lat="47.012639" lon="9.839657">
        <ele>2739.899333</ele>
        <time>2026-09-12T12:40:42.000Z</time>
      </trkpt>
      <trkpt lat="47.012640" lon="9.839667">
        <ele>2739.802681</ele>
        <time>2026-09-12T12:40:49.000Z</time>
      </trkpt>
      <trkpt lat="47.012637" lon="9.839658">
        <ele>2739.706881</ele>
        <time>2026-09-12T12:40:58.000Z</time>
      </trkpt>
      <trkpt lat="47.012634" lon="9.839642">
        <ele>2739.548195</ele>
        <time>2026-09-12T12:41:11.000Z</time>
      </trkpt>
      <trkpt lat="47.012634" lon="9.839642">
        <ele>2739.548195</ele>
        <time>2026-09-12T12:41:17.000Z</time>
      </trkpt>
      <trkpt lat="47.012634" lon="9.839642">
        <ele>2739.548195</ele>
        <time>2026-09-12T12:41:41.000Z</time>
      </trkpt>
      <trkpt lat="47.012634" lon="9.839642">
        <ele>2739.548195</ele>
        <time>2026-09-12T12:43:30.000Z</time>
      </trkpt>
      <trkpt lat="47.012641" lon="9.839654">
        <ele>2739.397174</ele>
        <time>2026-09-12T12:43:39.000Z</time>
      </trkpt>
      <trkpt lat="47.012632" lon="9.839642">
        <ele>2739.226582</ele>
        <time>2026-09-12T12:43:49.000Z</time>
      </trkpt>
      <trkpt lat="47.012634" lon="9.839642">
        <ele>2739.198531</ele>
        <time>2026-09-12T12:43:54.000Z</time>
      </trkpt>
      <trkpt lat="47.012627" lon="9.839684">
        <ele>2738.785066</ele>
        <time>2026-09-12T12:43:58.000Z</time>
      </trkpt>
      <trkpt lat="47.012632" lon="9.839695">
        <ele>2738.658642</ele>
        <time>2026-09-12T12:43:59.000Z</time>
      </trkpt>
      <trkpt lat="47.012651" lon="9.839719">
        <ele>2738.306953</ele>
        <time>2026-09-12T12:44:02.000Z</time>
      </trkpt>
      <trkpt lat="47.012664" lon="9.839716">
        <ele>2738.122382</ele>
        <time>2026-09-12T12:44:04.000Z</time>
      </trkpt>
      <trkpt lat="47.012674" lon="9.839701">
        <ele>2737.921767</ele>
        <time>2026-09-12T12:44:08.000Z</time>
      </trkpt>
      <trkpt lat="47.012678" lon="9.839696">
        <ele>2737.848055</ele>
        <time>2026-09-12T12:44:10.000Z</time>
      </trkpt>
      <trkpt lat="47.012675" lon="9.839692">
        <ele>2737.791191</ele>
        <time>2026-09-12T12:44:12.000Z</time>
      </trkpt>
      <trkpt lat="47.012664" lon="9.839645">
        <ele>2737.315995</ele>
        <time>2026-09-12T12:44:17.000Z</time>
      </trkpt>
      <trkpt lat="47.012659" lon="9.839660">
        <ele>2737.156328</ele>
        <time>2026-09-12T12:44:25.000Z</time>
      </trkpt>
      <trkpt lat="47.012659" lon="9.839660">
        <ele>2737.156328</ele>
        <time>2026-09-12T12:44:28.000Z</time>
      </trkpt>
      <trkpt lat="47.012662" lon="9.839670">
        <ele>2737.051852</ele>
        <time>2026-09-12T12:44:31.000Z</time>
      </trkpt>
      <trkpt lat="47.012663" lon="9.839669">
        <ele>2737.034877</ele>
        <time>2026-09-12T12:44:32.000Z</time>
      </trkpt>
      <trkpt lat="47.012662" lon="9.839669">
        <ele>2737.020852</ele>
        <time>2026-09-12T12:44:39.000Z</time>
      </trkpt>
      <trkpt lat="47.012659" lon="9.839660">
        <ele>2736.925051</ele>
        <time>2026-09-12T12:44:41.000Z</time>
      </trkpt>
      <trkpt lat="47.012662" lon="9.839662">
        <ele>2736.878833</ele>
        <time>2026-09-12T12:44:47.000Z</time>
      </trkpt>
      <trkpt lat="47.012659" lon="9.839660">
        <ele>2736.832614</ele>
        <time>2026-09-12T12:44:53.000Z</time>
      </trkpt>
      <trkpt lat="47.012670" lon="9.839672">
        <ele>2736.640339</ele>
        <time>2026-09-12T12:44:57.000Z</time>
      </trkpt>
      <trkpt lat="47.012672" lon="9.839674">
        <ele>2736.606388</ele>
        <time>2026-09-12T12:45:00.000Z</time>
      </trkpt>
      <trkpt lat="47.012671" lon="9.839671">
        <ele>2736.574455</ele>
        <time>2026-09-12T12:45:03.000Z</time>
      </trkpt>
      <trkpt lat="47.012671" lon="9.839677">
        <ele>2736.517078</ele>
        <time>2026-09-12T12:45:07.000Z</time>
      </trkpt>
      <trkpt lat="47.012671" lon="9.839682">
        <ele>2736.469263</ele>
        <time>2026-09-12T12:45:09.000Z</time>
      </trkpt>
      <trkpt lat="47.012664" lon="9.839668">
        <ele>2736.303244</ele>
        <time>2026-09-12T12:45:17.000Z</time>
      </trkpt>
      <trkpt lat="47.012658" lon="9.839671">
        <ele>2736.214337</ele>
        <time>2026-09-12T12:45:29.000Z</time>
      </trkpt>
      <trkpt lat="47.012657" lon="9.839698">
        <ele>2735.955759</ele>
        <time>2026-09-12T12:45:36.000Z</time>
      </trkpt>
      <trkpt lat="47.012659" lon="9.839712">
        <ele>2735.818971</ele>
        <time>2026-09-12T12:45:38.000Z</time>
      </trkpt>
      <trkpt lat="47.012664" lon="9.839713">
        <ele>2735.748197</ele>
        <time>2026-09-12T12:45:43.000Z</time>
      </trkpt>
      <trkpt lat="47.012663" lon="9.839715">
        <ele>2735.724479</ele>
        <time>2026-09-12T12:45:45.000Z</time>
      </trkpt>
      <trkpt lat="47.012668" lon="9.839703">
        <ele>2735.589994</ele>
        <time>2026-09-12T12:45:52.000Z</time>
      </trkpt>
      <trkpt lat="47.012665" lon="9.839685">
        <ele>2735.412795</ele>
        <time>2026-09-12T12:45:54.000Z</time>
      </trkpt>
      <trkpt lat="47.012661" lon="9.839683">
        <ele>2735.353524</ele>
        <time>2026-09-12T12:46:00.000Z</time>
      </trkpt>
      <trkpt lat="47.012662" lon="9.839675">
        <ele>2735.275746</ele>
        <time>2026-09-12T12:46:01.000Z</time>
      </trkpt>
      <trkpt lat="47.012657" lon="9.839659">
        <ele>2735.107435</ele>
        <time>2026-09-12T12:46:06.000Z</time>
      </trkpt>
      <trkpt lat="47.012656" lon="9.839662">
        <ele>2735.075501</ele>
        <time>2026-09-12T12:46:09.000Z</time>
      </trkpt>
      <trkpt lat="47.012651" lon="9.839646">
        <ele>2734.907191</ele>
        <time>2026-09-12T12:46:15.000Z</time>
      </trkpt>
      <trkpt lat="47.012654" lon="9.839652">
        <ele>2734.836039</ele>
        <time>2026-09-12T12:46:21.000Z</time>
      </trkpt>
      <trkpt lat="47.012653" lon="9.839647">
        <ele>2734.786211</ele>
        <time>2026-09-12T12:46:22.000Z</time>
      </trkpt>
      <trkpt lat="47.012652" lon="9.839648">
        <ele>2734.769235</ele>
        <time>2026-09-12T12:46:23.000Z</time>
      </trkpt>
      <trkpt lat="47.012650" lon="9.839658">
        <ele>2734.669578</ele>
        <time>2026-09-12T12:46:24.000Z</time>
      </trkpt>
      <trkpt lat="47.012649" lon="9.839675">
        <ele>2734.506405</ele>
        <time>2026-09-12T12:46:26.000Z</time>
      </trkpt>
      <trkpt lat="47.012636" lon="9.839657">
        <ele>2734.255661</ele>
        <time>2026-09-12T12:46:31.000Z</time>
      </trkpt>
      <trkpt lat="47.012636" lon="9.839650">
        <ele>2734.188721</ele>
        <time>2026-09-12T12:46:33.000Z</time>
      </trkpt>
      <trkpt lat="47.012635" lon="9.839641">
        <ele>2734.101519</ele>
        <time>2026-09-12T12:46:40.000Z</time>
      </trkpt>
      <trkpt lat="47.012631" lon="9.839640">
        <ele>2734.044609</ele>
        <time>2026-09-12T12:46:42.000Z</time>
      </trkpt>
      <trkpt lat="47.012631" lon="9.839639">
        <ele>2734.035047</ele>
        <time>2026-09-12T12:46:49.000Z</time>
      </trkpt>
      <trkpt lat="47.012629" lon="9.839640">
        <ele>2734.005411</ele>
        <time>2026-09-12T12:46:50.000Z</time>
      </trkpt>
      <trkpt lat="47.012625" lon="9.839640">
        <ele>2733.949310</ele>
        <time>2026-09-12T12:46:52.000Z</time>
      </trkpt>
      <trkpt lat="47.012630" lon="9.839638">
        <ele>2733.876623</ele>
        <time>2026-09-12T12:46:59.000Z</time>
      </trkpt>
      <trkpt lat="47.012631" lon="9.839635">
        <ele>2733.844690</ele>
        <time>2026-09-12T12:47:02.000Z</time>
      </trkpt>
      <trkpt lat="47.012629" lon="9.839633">
        <ele>2733.810739</ele>
        <time>2026-09-12T12:47:09.000Z</time>
      </trkpt>
      <trkpt lat="47.012629" lon="9.839633">
        <ele>2733.810739</ele>
        <time>2026-09-12T12:47:21.000Z</time>
      </trkpt>
      <trkpt lat="47.012629" lon="9.839633">
        <ele>2733.810739</ele>
        <time>2026-09-12T12:47:23.000Z</time>
      </trkpt>
      <trkpt lat="47.012629" lon="9.839648">
        <ele>2733.667296</ele>
        <time>2026-09-12T12:48:00.000Z</time>
      </trkpt>
      <trkpt lat="47.012629" lon="9.839633">
        <ele>2733.523853</ele>
        <time>2026-09-12T12:48:10.000Z</time>
      </trkpt>
      <trkpt lat="47.012629" lon="9.839633">
        <ele>2733.523853</ele>
        <time>2026-09-12T12:48:11.000Z</time>
      </trkpt>
      <trkpt lat="47.012629" lon="9.839633">
        <ele>2733.523853</ele>
        <time>2026-09-12T12:48:14.000Z</time>
      </trkpt>
      <trkpt lat="47.012629" lon="9.839633">
        <ele>2733.523853</ele>
        <time>2026-09-12T12:48:20.000Z</time>
      </trkpt>
      <trkpt lat="47.012629" lon="9.839633">
        <ele>2733.523853</ele>
        <time>2026-09-12T12:48:24.000Z</time>
      </trkpt>
      <trkpt lat="47.012629" lon="9.839633">
        <ele>2733.523853</ele>
        <time>2026-09-12T12:48:30.000Z</time>
      </trkpt>
      <trkpt lat="47.012629" lon="9.839633">
        <ele>2733.523853</ele>
        <time>2026-09-12T12:48:38.000Z</time>
      </trkpt>
      <trkpt lat="47.012629" lon="9.839633">
        <ele>2733.523853</ele>
        <time>2026-09-12T12:48:39.000Z</time>
      </trkpt>
      <trkpt lat="47.012626" lon="9.839655">
        <ele>2733.309303</ele>
        <time>2026-09-12T12:48:55.000Z</time>
      </trkpt>
      <trkpt lat="47.012621" lon="9.839654">
        <ele>2733.238528</ele>
        <time>2026-09-12T12:49:05.000Z</time>
      </trkpt>
      <trkpt lat="47.012623" lon="9.839653">
        <ele>2733.208893</ele>
        <time>2026-09-12T12:49:07.000Z</time>
      </trkpt>
      <trkpt lat="47.012622" lon="9.839657">
        <ele>2733.168151</ele>
        <time>2026-09-12T12:49:11.000Z</time>
      </trkpt>
      <trkpt lat="47.012627" lon="9.839655">
        <ele>2733.095464</ele>
        <time>2026-09-12T12:49:16.000Z</time>
      </trkpt>
      <trkpt lat="47.012635" lon="9.839649">
        <ele>2732.969443</ele>
        <time>2026-09-12T12:49:26.000Z</time>
      </trkpt>
      <trkpt lat="47.012638" lon="9.839675">
        <ele>2732.717273</ele>
        <time>2026-09-12T12:49:34.000Z</time>
      </trkpt>
      <trkpt lat="47.012639" lon="9.839673">
        <ele>2732.693556</ele>
        <time>2026-09-12T12:49:35.000Z</time>
      </trkpt>
      <trkpt lat="47.012638" lon="9.839668">
        <ele>2732.643727</ele>
        <time>2026-09-12T12:49:44.000Z</time>
      </trkpt>
      <trkpt lat="47.012640" lon="9.839661">
        <ele>2732.571147</ele>
        <time>2026-09-12T12:49:50.000Z</time>
      </trkpt>
      <trkpt lat="47.012641" lon="9.839660">
        <ele>2732.554172</ele>
        <time>2026-09-12T12:49:58.000Z</time>
      </trkpt>
      <trkpt lat="47.012642" lon="9.839664">
        <ele>2732.513430</ele>
        <time>2026-09-12T12:50:06.000Z</time>
      </trkpt>
      <trkpt lat="47.012636" lon="9.839660">
        <ele>2732.420994</ele>
        <time>2026-09-12T12:50:19.000Z</time>
      </trkpt>
      <trkpt lat="47.012645" lon="9.839662">
        <ele>2732.293326</ele>
        <time>2026-09-12T12:50:27.000Z</time>
      </trkpt>
      <trkpt lat="47.012646" lon="9.839664">
        <ele>2732.269609</ele>
        <time>2026-09-12T12:50:28.000Z</time>
      </trkpt>
      <trkpt lat="47.012644" lon="9.839665">
        <ele>2732.239974</ele>
        <time>2026-09-12T12:50:34.000Z</time>
      </trkpt>
      <trkpt lat="47.012636" lon="9.839660">
        <ele>2732.118009</ele>
        <time>2026-09-12T12:50:47.000Z</time>
      </trkpt>
      <trkpt lat="47.012633" lon="9.839660">
        <ele>2732.075933</ele>
        <time>2026-09-12T12:51:10.000Z</time>
      </trkpt>
      <trkpt lat="47.012632" lon="9.839661">
        <ele>2732.058958</ele>
        <time>2026-09-12T12:51:12.000Z</time>
      </trkpt>
      <trkpt lat="47.012627" lon="9.839674">
        <ele>2731.916226</ele>
        <time>2026-09-12T12:51:17.000Z</time>
      </trkpt>
      <trkpt lat="47.012637" lon="9.839669">
        <ele>2731.768048</ele>
        <time>2026-09-12T12:51:26.000Z</time>
      </trkpt>
      <trkpt lat="47.012637" lon="9.839701">
        <ele>2731.462036</ele>
        <time>2026-09-12T12:51:31.000Z</time>
      </trkpt>
      <trkpt lat="47.012655" lon="9.839711">
        <ele>2731.192078</ele>
        <time>2026-09-12T12:51:39.000Z</time>
      </trkpt>
      <trkpt lat="47.012661" lon="9.839690">
        <ele>2730.974339</ele>
        <time>2026-09-12T12:51:44.000Z</time>
      </trkpt>
      <trkpt lat="47.012654" lon="9.839694">
        <ele>2730.868974</ele>
        <time>2026-09-12T12:51:49.000Z</time>
      </trkpt>
      <trkpt lat="47.012655" lon="9.839694">
        <ele>2730.854949</ele>
        <time>2026-09-12T12:51:53.000Z</time>
      </trkpt>
      <trkpt lat="47.012655" lon="9.839694">
        <ele>2730.854949</ele>
        <time>2026-09-12T12:52:04.000Z</time>
      </trkpt>
      <trkpt lat="47.012655" lon="9.839694">
        <ele>2730.854949</ele>
        <time>2026-09-12T12:52:12.000Z</time>
      </trkpt>
      <trkpt lat="47.012662" lon="9.839705">
        <ele>2730.711060</ele>
        <time>2026-09-12T12:52:31.000Z</time>
      </trkpt>
      <trkpt lat="47.012669" lon="9.839702">
        <ele>2730.608778</ele>
        <time>2026-09-12T12:52:34.000Z</time>
      </trkpt>
      <trkpt lat="47.012673" lon="9.839693">
        <ele>2730.506043</ele>
        <time>2026-09-12T12:52:42.000Z</time>
      </trkpt>
      <trkpt lat="47.012673" lon="9.839693">
        <ele>2730.506043</ele>
        <time>2026-09-12T12:52:45.000Z</time>
      </trkpt>
      <trkpt lat="47.012641" lon="9.839669">
        <ele>2730.001959</ele>
        <time>2026-09-12T12:52:52.000Z</time>
      </trkpt>
      <trkpt lat="47.012643" lon="9.839665">
        <ele>2729.954524</ele>
        <time>2026-09-12T12:52:54.000Z</time>
      </trkpt>
      <trkpt lat="47.012644" lon="9.839668">
        <ele>2729.922591</ele>
        <time>2026-09-12T12:53:02.000Z</time>
      </trkpt>
      <trkpt lat="47.012644" lon="9.839668">
        <ele>2729.922591</ele>
        <time>2026-09-12T12:53:11.000Z</time>
      </trkpt>
      <trkpt lat="47.012629" lon="9.839617">
        <ele>2729.391444</ele>
        <time>2026-09-12T12:53:17.000Z</time>
      </trkpt>
      <trkpt lat="47.012610" lon="9.839590">
        <ele>2729.020396</ele>
        <time>2026-09-12T12:53:25.000Z</time>
      </trkpt>
      <trkpt lat="47.012598" lon="9.839583">
        <ele>2728.839270</ele>
        <time>2026-09-12T12:53:28.000Z</time>
      </trkpt>
      <trkpt lat="47.012590" lon="9.839581">
        <ele>2728.725450</ele>
        <time>2026-09-12T12:53:32.000Z</time>
      </trkpt>
      <trkpt lat="47.012583" lon="9.839555">
        <ele>2728.458134</ele>
        <time>2026-09-12T12:53:36.000Z</time>
      </trkpt>
      <trkpt lat="47.012572" lon="9.839531">
        <ele>2728.181591</ele>
        <time>2026-09-12T12:53:39.000Z</time>
      </trkpt>
      <trkpt lat="47.012572" lon="9.839531">
        <ele>2728.181591</ele>
        <time>2026-09-12T12:53:40.000Z</time>
      </trkpt>
      <trkpt lat="47.012572" lon="9.839509">
        <ele>2727.971208</ele>
        <time>2026-09-12T12:53:47.000Z</time>
      </trkpt>
      <trkpt lat="47.012582" lon="9.839445">
        <ele>2727.343318</ele>
        <time>2026-09-12T12:53:52.000Z</time>
      </trkpt>
      <trkpt lat="47.012596" lon="9.839426">
        <ele>2727.075797</ele>
        <time>2026-09-12T12:53:54.000Z</time>
      </trkpt>
      <trkpt lat="47.012625" lon="9.839386">
        <ele>2726.517454</ele>
        <time>2026-09-12T12:54:01.000Z</time>
      </trkpt>
      <trkpt lat="47.012632" lon="9.839383">
        <ele>2726.415172</ele>
        <time>2026-09-12T12:54:08.000Z</time>
      </trkpt>
      <trkpt lat="47.012633" lon="9.839384">
        <ele>2726.398197</ele>
        <time>2026-09-12T12:54:11.000Z</time>
      </trkpt>
      <trkpt lat="47.012633" lon="9.839369">
        <ele>2726.254754</ele>
        <time>2026-09-12T12:54:19.000Z</time>
      </trkpt>
      <trkpt lat="47.012628" lon="9.839353">
        <ele>2726.086443</ele>
        <time>2026-09-12T12:54:21.000Z</time>
      </trkpt>
      <trkpt lat="47.012628" lon="9.839326">
        <ele>2725.828245</ele>
        <time>2026-09-12T12:54:25.000Z</time>
      </trkpt>
      <trkpt lat="47.012618" lon="9.839294">
        <ele>2725.491624</ele>
        <time>2026-09-12T12:54:29.000Z</time>
      </trkpt>
      <trkpt lat="47.012614" lon="9.839289">
        <ele>2725.417911</ele>
        <time>2026-09-12T12:54:30.000Z</time>
      </trkpt>
      <trkpt lat="47.012604" lon="9.839278">
        <ele>2725.242595</ele>
        <time>2026-09-12T12:54:36.000Z</time>
      </trkpt>
      <trkpt lat="47.012604" lon="9.839270">
        <ele>2725.166092</ele>
        <time>2026-09-12T12:54:37.000Z</time>
      </trkpt>
      <trkpt lat="47.012608" lon="9.839228">
        <ele>2724.760551</ele>
        <time>2026-09-12T12:54:43.000Z</time>
      </trkpt>
      <trkpt lat="47.012609" lon="9.839221">
        <ele>2724.692158</ele>
        <time>2026-09-12T12:54:44.000Z</time>
      </trkpt>
      <trkpt lat="47.012594" lon="9.839202">
        <ele>2724.414180</ele>
        <time>2026-09-12T12:54:52.000Z</time>
      </trkpt>
      <trkpt lat="47.012583" lon="9.839182">
        <ele>2724.168454</ele>
        <time>2026-09-12T12:54:55.000Z</time>
      </trkpt>
      <trkpt lat="47.012577" lon="9.839145">
        <ele>2723.804758</ele>
        <time>2026-09-12T12:54:59.000Z</time>
      </trkpt>
      <trkpt lat="47.012590" lon="9.839092">
        <ele>2723.266127</ele>
        <time>2026-09-12T12:55:03.000Z</time>
      </trkpt>
      <trkpt lat="47.012594" lon="9.839024">
        <ele>2722.613435</ele>
        <time>2026-09-12T12:55:06.000Z</time>
      </trkpt>
      <trkpt lat="47.012592" lon="9.838999">
        <ele>2722.372723</ele>
        <time>2026-09-12T12:55:07.000Z</time>
      </trkpt>
      <trkpt lat="47.012573" lon="9.838931">
        <ele>2721.669964</ele>
        <time>2026-09-12T12:55:10.000Z</time>
      </trkpt>
      <trkpt lat="47.012562" lon="9.838897">
        <ele>2721.310080</ele>
        <time>2026-09-12T12:55:12.000Z</time>
      </trkpt>
      <trkpt lat="47.012562" lon="9.838878">
        <ele>2721.128385</ele>
        <time>2026-09-12T12:55:13.000Z</time>
      </trkpt>
      <trkpt lat="47.012568" lon="9.838826">
        <ele>2720.624045</ele>
        <time>2026-09-12T12:55:16.000Z</time>
      </trkpt>
      <trkpt lat="47.012558" lon="9.838769">
        <ele>2720.061205</ele>
        <time>2026-09-12T12:55:20.000Z</time>
      </trkpt>
      <trkpt lat="47.012548" lon="9.838762">
        <ele>2719.905798</ele>
        <time>2026-09-12T12:55:21.000Z</time>
      </trkpt>
      <trkpt lat="47.012541" lon="9.838755">
        <ele>2719.786972</ele>
        <time>2026-09-12T12:55:23.000Z</time>
      </trkpt>
      <trkpt lat="47.012535" lon="9.838756">
        <ele>2719.702279</ele>
        <time>2026-09-12T12:55:26.000Z</time>
      </trkpt>
      <trkpt lat="47.012533" lon="9.838756">
        <ele>2719.674229</ele>
        <time>2026-09-12T12:55:27.000Z</time>
      </trkpt>
      <trkpt lat="47.012531" lon="9.838742">
        <ele>2719.537441</ele>
        <time>2026-09-12T12:55:33.000Z</time>
      </trkpt>
      <trkpt lat="47.012542" lon="9.838708">
        <ele>2719.177557</ele>
        <time>2026-09-12T12:55:40.000Z</time>
      </trkpt>
      <trkpt lat="47.012537" lon="9.838705">
        <ele>2719.101790</ele>
        <time>2026-09-12T12:55:48.000Z</time>
      </trkpt>
      <trkpt lat="47.012537" lon="9.838702">
        <ele>2719.073101</ele>
        <time>2026-09-12T12:55:56.000Z</time>
      </trkpt>
      <trkpt lat="47.012537" lon="9.838702">
        <ele>2719.073101</ele>
        <time>2026-09-12T12:56:03.000Z</time>
      </trkpt>
      <trkpt lat="47.012537" lon="9.838702">
        <ele>2719.073101</ele>
        <time>2026-09-12T12:56:04.000Z</time>
      </trkpt>
      <trkpt lat="47.012538" lon="9.838700">
        <ele>2719.049384</ele>
        <time>2026-09-12T12:56:06.000Z</time>
      </trkpt>
      <trkpt lat="47.012541" lon="9.838685">
        <ele>2718.899897</ele>
        <time>2026-09-12T12:56:07.000Z</time>
      </trkpt>
      <trkpt lat="47.012540" lon="9.838646">
        <ele>2718.526681</ele>
        <time>2026-09-12T12:56:11.000Z</time>
      </trkpt>
      <trkpt lat="47.012542" lon="9.838628">
        <ele>2718.352278</ele>
        <time>2026-09-12T12:56:13.000Z</time>
      </trkpt>
      <trkpt lat="47.012540" lon="9.838585">
        <ele>2717.940118</ele>
        <time>2026-09-12T12:56:18.000Z</time>
      </trkpt>
      <trkpt lat="47.012518" lon="9.838535">
        <ele>2717.371059</ele>
        <time>2026-09-12T12:56:22.000Z</time>
      </trkpt>
      <trkpt lat="47.012519" lon="9.838519">
        <ele>2717.217411</ele>
        <time>2026-09-12T12:56:24.000Z</time>
      </trkpt>
      <trkpt lat="47.012515" lon="9.838476">
        <ele>2716.802397</ele>
        <time>2026-09-12T12:56:31.000Z</time>
      </trkpt>
      <trkpt lat="47.012518" lon="9.838419">
        <ele>2716.255690</ele>
        <time>2026-09-12T12:56:38.000Z</time>
      </trkpt>
      <trkpt lat="47.012520" lon="9.838409">
        <ele>2716.156032</ele>
        <time>2026-09-12T12:56:39.000Z</time>
      </trkpt>
      <trkpt lat="47.012541" lon="9.838376">
        <ele>2715.724366</ele>
        <time>2026-09-12T12:56:45.000Z</time>
      </trkpt>
      <trkpt lat="47.012541" lon="9.838378">
        <ele>2715.705240</ele>
        <time>2026-09-12T12:56:47.000Z</time>
      </trkpt>
      <trkpt lat="47.012556" lon="9.838406">
        <ele>2715.364719</ele>
        <time>2026-09-12T12:56:51.000Z</time>
      </trkpt>
      <trkpt lat="47.012581" lon="9.838389">
        <ele>2714.836692</ele>
        <time>2026-09-12T12:56:56.000Z</time>
      </trkpt>
      <trkpt lat="47.012583" lon="9.838332">
        <ele>2713.807538</ele>
        <time>2026-09-12T12:57:02.000Z</time>
      </trkpt>
      <trkpt lat="47.012583" lon="9.838319">
        <ele>2713.573129</ele>
        <time>2026-09-12T12:57:03.000Z</time>
      </trkpt>
      <trkpt lat="47.012585" lon="9.838281">
        <ele>2712.885895</ele>
        <time>2026-09-12T12:57:07.000Z</time>
      </trkpt>
      <trkpt lat="47.012592" lon="9.838261">
        <ele>2712.480528</ele>
        <time>2026-09-12T12:57:10.000Z</time>
      </trkpt>
      <trkpt lat="47.012597" lon="9.838245">
        <ele>2712.163167</ele>
        <time>2026-09-12T12:57:12.000Z</time>
      </trkpt>
      <trkpt lat="47.012599" lon="9.838179">
        <ele>2710.971915</ele>
        <time>2026-09-12T12:57:17.000Z</time>
      </trkpt>
      <trkpt lat="47.012596" lon="9.838157">
        <ele>2710.567367</ele>
        <time>2026-09-12T12:57:18.000Z</time>
      </trkpt>
      <trkpt lat="47.012607" lon="9.838039">
        <ele>2708.419861</ele>
        <time>2026-09-12T12:57:25.000Z</time>
      </trkpt>
      <trkpt lat="47.012621" lon="9.838020">
        <ele>2707.915433</ele>
        <time>2026-09-12T12:57:28.000Z</time>
      </trkpt>
      <trkpt lat="47.012638" lon="9.838031">
        <ele>2707.424051</ele>
        <time>2026-09-12T12:57:32.000Z</time>
      </trkpt>
      <trkpt lat="47.012639" lon="9.838044">
        <ele>2707.188155</ele>
        <time>2026-09-12T12:57:33.000Z</time>
      </trkpt>
      <trkpt lat="47.012668" lon="9.838078">
        <ele>2706.206313</ele>
        <time>2026-09-12T12:57:38.000Z</time>
      </trkpt>
      <trkpt lat="47.012692" lon="9.838090">
        <ele>2705.535753</ele>
        <time>2026-09-12T12:57:40.000Z</time>
      </trkpt>
      <trkpt lat="47.012710" lon="9.838103">
        <ele>2705.005150</ele>
        <time>2026-09-12T12:57:45.000Z</time>
      </trkpt>
      <trkpt lat="47.012706" lon="9.838094">
        <ele>2704.811435</ele>
        <time>2026-09-12T12:57:47.000Z</time>
      </trkpt>
      <trkpt lat="47.012699" lon="9.838093">
        <ele>2704.625441</ele>
        <time>2026-09-12T12:57:55.000Z</time>
      </trkpt>
      <trkpt lat="47.012721" lon="9.838100">
        <ele>2704.030108</ele>
        <time>2026-09-12T12:58:02.000Z</time>
      </trkpt>
      <trkpt lat="47.012728" lon="9.838156">
        <ele>2703.003520</ele>
        <time>2026-09-12T12:58:09.000Z</time>
      </trkpt>
      <trkpt lat="47.012744" lon="9.838133">
        <ele>2702.411041</ele>
        <time>2026-09-12T12:58:13.000Z</time>
      </trkpt>
      <trkpt lat="47.012751" lon="9.838112">
        <ele>2701.989554</ele>
        <time>2026-09-12T12:58:15.000Z</time>
      </trkpt>
      <trkpt lat="47.012749" lon="9.838085">
        <ele>2701.499841</ele>
        <time>2026-09-12T12:58:21.000Z</time>
      </trkpt>
      <trkpt lat="47.012748" lon="9.838088">
        <ele>2701.439629</ele>
        <time>2026-09-12T12:58:28.000Z</time>
      </trkpt>
      <trkpt lat="47.012746" lon="9.838087">
        <ele>2701.383749</ele>
        <time>2026-09-12T12:58:35.000Z</time>
      </trkpt>
      <trkpt lat="47.012753" lon="9.838100">
        <ele>2701.085058</ele>
        <time>2026-09-12T12:58:44.000Z</time>
      </trkpt>
      <trkpt lat="47.012772" lon="9.838117">
        <ele>2700.496474</ele>
        <time>2026-09-12T12:58:55.000Z</time>
      </trkpt>
      <trkpt lat="47.012773" lon="9.838119">
        <ele>2700.451754</ele>
        <time>2026-09-12T12:58:56.000Z</time>
      </trkpt>
      <trkpt lat="47.012770" lon="9.838118">
        <ele>2700.370394</ele>
        <time>2026-09-12T12:58:59.000Z</time>
      </trkpt>
      <trkpt lat="47.012752" lon="9.838105">
        <ele>2699.839791</ele>
        <time>2026-09-12T12:59:05.000Z</time>
      </trkpt>
      <trkpt lat="47.012766" lon="9.838106">
        <ele>2699.469117</ele>
        <time>2026-09-12T12:59:09.000Z</time>
      </trkpt>
      <trkpt lat="47.012764" lon="9.838105">
        <ele>2699.413237</ele>
        <time>2026-09-12T12:59:12.000Z</time>
      </trkpt>
      <trkpt lat="47.012764" lon="9.838105">
        <ele>2699.413237</ele>
        <time>2026-09-12T12:59:13.000Z</time>
      </trkpt>
      <trkpt lat="47.012762" lon="9.838110">
        <ele>2699.308711</ele>
        <time>2026-09-12T12:59:19.000Z</time>
      </trkpt>
      <trkpt lat="47.012759" lon="9.838112">
        <ele>2699.221563</ele>
        <time>2026-09-12T12:59:21.000Z</time>
      </trkpt>
      <trkpt lat="47.012763" lon="9.838107">
        <ele>2699.082573</ele>
        <time>2026-09-12T12:59:31.000Z</time>
      </trkpt>
      <trkpt lat="47.012762" lon="9.838088">
        <ele>2698.738957</ele>
        <time>2026-09-12T12:59:37.000Z</time>
      </trkpt>
      <trkpt lat="47.012762" lon="9.838085">
        <ele>2698.684863</ele>
        <time>2026-09-12T12:59:46.000Z</time>
      </trkpt>
      <trkpt lat="47.012762" lon="9.838085">
        <ele>2698.684863</ele>
        <time>2026-09-12T13:00:06.000Z</time>
      </trkpt>
      <trkpt lat="47.012762" lon="9.838085">
        <ele>2698.684863</ele>
        <time>2026-09-12T13:00:07.000Z</time>
      </trkpt>
      <trkpt lat="47.012762" lon="9.838085">
        <ele>2698.684863</ele>
        <time>2026-09-12T13:00:10.000Z</time>
      </trkpt>
      <trkpt lat="47.012762" lon="9.838085">
        <ele>2698.684863</ele>
        <time>2026-09-12T13:00:16.000Z</time>
      </trkpt>
      <trkpt lat="47.012762" lon="9.838085">
        <ele>2698.684863</ele>
        <time>2026-09-12T13:00:40.000Z</time>
      </trkpt>
      <trkpt lat="47.012762" lon="9.838085">
        <ele>2698.684863</ele>
        <time>2026-09-12T13:00:45.000Z</time>
      </trkpt>
      <trkpt lat="47.012762" lon="9.838085">
        <ele>2698.684863</ele>
        <time>2026-09-12T13:00:53.000Z</time>
      </trkpt>
      <trkpt lat="47.012762" lon="9.838085">
        <ele>2698.684863</ele>
        <time>2026-09-12T13:02:49.000Z</time>
      </trkpt>
      <trkpt lat="47.012762" lon="9.838085">
        <ele>2698.684863</ele>
        <time>2026-09-12T13:03:02.000Z</time>
      </trkpt>
      <trkpt lat="47.012762" lon="9.838085">
        <ele>2698.684863</ele>
        <time>2026-09-12T13:03:25.000Z</time>
      </trkpt>
      <trkpt lat="47.012762" lon="9.838085">
        <ele>2698.684863</ele>
        <time>2026-09-12T13:03:45.000Z</time>
      </trkpt>
      <trkpt lat="47.012775" lon="9.838049">
        <ele>2697.950314</ele>
        <time>2026-09-12T13:03:53.000Z</time>
      </trkpt>
      <trkpt lat="47.012779" lon="9.838034">
        <ele>2697.659893</ele>
        <time>2026-09-12T13:04:01.000Z</time>
      </trkpt>
      <trkpt lat="47.012777" lon="9.838039">
        <ele>2697.555367</ele>
        <time>2026-09-12T13:04:11.000Z</time>
      </trkpt>
      <trkpt lat="47.012785" lon="9.838029">
        <ele>2697.277388</ele>
        <time>2026-09-12T13:04:20.000Z</time>
      </trkpt>
      <trkpt lat="47.012802" lon="9.838061">
        <ele>2696.545917</ele>
        <time>2026-09-12T13:04:24.000Z</time>
      </trkpt>
      <trkpt lat="47.012810" lon="9.838069">
        <ele>2696.289856</ele>
        <time>2026-09-12T13:04:27.000Z</time>
      </trkpt>
      <trkpt lat="47.012823" lon="9.838082">
        <ele>2695.873757</ele>
        <time>2026-09-12T13:04:29.000Z</time>
      </trkpt>
      <trkpt lat="47.012829" lon="9.838080">
        <ele>2695.711038</ele>
        <time>2026-09-12T13:04:30.000Z</time>
      </trkpt>
      <trkpt lat="47.012834" lon="9.838077">
        <ele>2695.568173</ele>
        <time>2026-09-12T13:04:31.000Z</time>
      </trkpt>
      <trkpt lat="47.012865" lon="9.838086">
        <ele>2694.732458</ele>
        <time>2026-09-12T13:04:36.000Z</time>
      </trkpt>
      <trkpt lat="47.012867" lon="9.838091">
        <ele>2694.627932</ele>
        <time>2026-09-12T13:04:37.000Z</time>
      </trkpt>
      <trkpt lat="47.012871" lon="9.838108">
        <ele>2694.303660</ele>
        <time>2026-09-12T13:04:39.000Z</time>
      </trkpt>
      <trkpt lat="47.012870" lon="9.838118">
        <ele>2694.121417</ele>
        <time>2026-09-12T13:04:41.000Z</time>
      </trkpt>
      <trkpt lat="47.012876" lon="9.838139">
        <ele>2693.710857</ele>
        <time>2026-09-12T13:04:43.000Z</time>
      </trkpt>
      <trkpt lat="47.012883" lon="9.838157">
        <ele>2693.337212</ele>
        <time>2026-09-12T13:04:45.000Z</time>
      </trkpt>
      <trkpt lat="47.012887" lon="9.838143">
        <ele>2693.063506</ele>
        <time>2026-09-12T13:04:47.000Z</time>
      </trkpt>
      <trkpt lat="47.012902" lon="9.838112">
        <ele>2692.378082</ele>
        <time>2026-09-12T13:04:53.000Z</time>
      </trkpt>
      <trkpt lat="47.012910" lon="9.838105">
        <ele>2692.131728</ele>
        <time>2026-09-12T13:04:55.000Z</time>
      </trkpt>
      <trkpt lat="47.012922" lon="9.838095">
        <ele>2691.766733</ele>
        <time>2026-09-12T13:04:59.000Z</time>
      </trkpt>
      <trkpt lat="47.012924" lon="9.838067">
        <ele>2691.259093</ele>
        <time>2026-09-12T13:05:02.000Z</time>
      </trkpt>
      <trkpt lat="47.012924" lon="9.838046">
        <ele>2690.880434</ele>
        <time>2026-09-12T13:05:05.000Z</time>
      </trkpt>
      <trkpt lat="47.012941" lon="9.838018">
        <ele>2690.204404</ele>
        <time>2026-09-12T13:05:10.000Z</time>
      </trkpt>
      <trkpt lat="47.012946" lon="9.838023">
        <ele>2690.044366</ele>
        <time>2026-09-12T13:05:11.000Z</time>
      </trkpt>
      <trkpt lat="47.012972" lon="9.838079">
        <ele>2688.822739</ele>
        <time>2026-09-12T13:05:17.000Z</time>
      </trkpt>
      <trkpt lat="47.012979" lon="9.838085">
        <ele>2688.608325</ele>
        <time>2026-09-12T13:05:18.000Z</time>
      </trkpt>
      <trkpt lat="47.012987" lon="9.838092">
        <ele>2688.361971</ele>
        <time>2026-09-12T13:05:21.000Z</time>
      </trkpt>
      <trkpt lat="47.012994" lon="9.838098">
        <ele>2688.147557</ele>
        <time>2026-09-12T13:05:24.000Z</time>
      </trkpt>
      <trkpt lat="47.013019" lon="9.838131">
        <ele>2687.258083</ele>
        <time>2026-09-12T13:05:30.000Z</time>
      </trkpt>
      <trkpt lat="47.013029" lon="9.838141">
        <ele>2686.938007</ele>
        <time>2026-09-12T13:05:34.000Z</time>
      </trkpt>
      <trkpt lat="47.013038" lon="9.838159">
        <ele>2686.535527</ele>
        <time>2026-09-12T13:05:37.000Z</time>
      </trkpt>
      <trkpt lat="47.013044" lon="9.838172">
        <ele>2686.252466</ele>
        <time>2026-09-12T13:05:39.000Z</time>
      </trkpt>
      <trkpt lat="47.013054" lon="9.838210">
        <ele>2685.518013</ele>
        <time>2026-09-12T13:05:44.000Z</time>
      </trkpt>
      <trkpt lat="47.013057" lon="9.838229">
        <ele>2685.166352</ele>
        <time>2026-09-12T13:05:45.000Z</time>
      </trkpt>
      <trkpt lat="47.013068" lon="9.838278">
        <ele>2684.236161</ele>
        <time>2026-09-12T13:05:49.000Z</time>
      </trkpt>
      <trkpt lat="47.013069" lon="9.838288">
        <ele>2684.053919</ele>
        <time>2026-09-12T13:05:50.000Z</time>
      </trkpt>
      <trkpt lat="47.013082" lon="9.838332">
        <ele>2683.189258</ele>
        <time>2026-09-12T13:05:53.000Z</time>
      </trkpt>
      <trkpt lat="47.013099" lon="9.838352">
        <ele>2682.612919</ele>
        <time>2026-09-12T13:05:56.000Z</time>
      </trkpt>
      <trkpt lat="47.013121" lon="9.838333">
        <ele>2681.937745</ele>
        <time>2026-09-12T13:06:03.000Z</time>
      </trkpt>
      <trkpt lat="47.013148" lon="9.838324">
        <ele>2681.205510</ele>
        <time>2026-09-12T13:06:09.000Z</time>
      </trkpt>
      <trkpt lat="47.013153" lon="9.838331">
        <ele>2681.022711</ele>
        <time>2026-09-12T13:06:10.000Z</time>
      </trkpt>
      <trkpt lat="47.013170" lon="9.838350">
        <ele>2680.457481</ele>
        <time>2026-09-12T13:06:14.000Z</time>
      </trkpt>
      <trkpt lat="47.013171" lon="9.838364">
        <ele>2680.203662</ele>
        <time>2026-09-12T13:06:16.000Z</time>
      </trkpt>
      <trkpt lat="47.013175" lon="9.838383">
        <ele>2679.845108</ele>
        <time>2026-09-12T13:06:18.000Z</time>
      </trkpt>
      <trkpt lat="47.013187" lon="9.838418">
        <ele>2679.138717</ele>
        <time>2026-09-12T13:06:21.000Z</time>
      </trkpt>
      <trkpt lat="47.013191" lon="9.838432">
        <ele>2678.865012</ele>
        <time>2026-09-12T13:06:22.000Z</time>
      </trkpt>
      <trkpt lat="47.013194" lon="9.838445">
        <ele>2678.617544</ele>
        <time>2026-09-12T13:06:23.000Z</time>
      </trkpt>
      <trkpt lat="47.013196" lon="9.838458">
        <ele>2678.377244</ele>
        <time>2026-09-12T13:06:24.000Z</time>
      </trkpt>
      <trkpt lat="47.013199" lon="9.838471">
        <ele>2678.129776</ele>
        <time>2026-09-12T13:06:25.000Z</time>
      </trkpt>
      <trkpt lat="47.013208" lon="9.838482">
        <ele>2677.819956</ele>
        <time>2026-09-12T13:06:26.000Z</time>
      </trkpt>
      <trkpt lat="47.013221" lon="9.838499">
        <ele>2677.359355</ele>
        <time>2026-09-12T13:06:28.000Z</time>
      </trkpt>
      <trkpt lat="47.013232" lon="9.838516">
        <ele>2676.936763</ele>
        <time>2026-09-12T13:06:31.000Z</time>
      </trkpt>
      <trkpt lat="47.013245" lon="9.838542">
        <ele>2676.355406</ele>
        <time>2026-09-12T13:06:34.000Z</time>
      </trkpt>
      <trkpt lat="47.013250" lon="9.838548">
        <ele>2676.184559</ele>
        <time>2026-09-12T13:06:35.000Z</time>
      </trkpt>
      <trkpt lat="47.013255" lon="9.838540">
        <ele>2675.988876</ele>
        <time>2026-09-12T13:06:36.000Z</time>
      </trkpt>
      <trkpt lat="47.013279" lon="9.838516">
        <ele>2675.220694</ele>
        <time>2026-09-12T13:06:40.000Z</time>
      </trkpt>
      <trkpt lat="47.013281" lon="9.838519">
        <ele>2675.145040</ele>
        <time>2026-09-12T13:06:41.000Z</time>
      </trkpt>
      <trkpt lat="47.013287" lon="9.838528">
        <ele>2674.918077</ele>
        <time>2026-09-12T13:06:42.000Z</time>
      </trkpt>
      <trkpt lat="47.013295" lon="9.838563">
        <ele>2674.252466</ele>
        <time>2026-09-12T13:06:45.000Z</time>
      </trkpt>
      <trkpt lat="47.013314" lon="9.838590">
        <ele>2673.552834</ele>
        <time>2026-09-12T13:06:47.000Z</time>
      </trkpt>
      <trkpt lat="47.013325" lon="9.838619">
        <ele>2672.954459</ele>
        <time>2026-09-12T13:06:49.000Z</time>
      </trkpt>
      <trkpt lat="47.013345" lon="9.838664">
        <ele>2671.985893</ele>
        <time>2026-09-12T13:06:55.000Z</time>
      </trkpt>
      <trkpt lat="47.013348" lon="9.838662">
        <ele>2671.898745</ele>
        <time>2026-09-12T13:06:56.000Z</time>
      </trkpt>
      <trkpt lat="47.013356" lon="9.838668">
        <ele>2671.661124</ele>
        <time>2026-09-12T13:06:59.000Z</time>
      </trkpt>
      <trkpt lat="47.013365" lon="9.838679">
        <ele>2671.351305</ele>
        <time>2026-09-12T13:07:03.000Z</time>
      </trkpt>
      <trkpt lat="47.013368" lon="9.838689">
        <ele>2671.154311</ele>
        <time>2026-09-12T13:07:04.000Z</time>
      </trkpt>
      <trkpt lat="47.013374" lon="9.838720">
        <ele>2670.573259</ele>
        <time>2026-09-12T13:07:07.000Z</time>
      </trkpt>
      <trkpt lat="47.013381" lon="9.838731">
        <ele>2670.301950</ele>
        <time>2026-09-12T13:07:09.000Z</time>
      </trkpt>
      <trkpt lat="47.013387" lon="9.838756">
        <ele>2669.824059</ele>
        <time>2026-09-12T13:07:13.000Z</time>
      </trkpt>
      <trkpt lat="47.013384" lon="9.838779">
        <ele>2669.401821</ele>
        <time>2026-09-12T13:07:16.000Z</time>
      </trkpt>
      <trkpt lat="47.013394" lon="9.838773">
        <ele>2669.116093</ele>
        <time>2026-09-12T13:07:18.000Z</time>
      </trkpt>
      <trkpt lat="47.013395" lon="9.838746">
        <ele>2668.628533</ele>
        <time>2026-09-12T13:07:21.000Z</time>
      </trkpt>
      <trkpt lat="47.013399" lon="9.838703">
        <ele>2667.846009</ele>
        <time>2026-09-12T13:07:28.000Z</time>
      </trkpt>
      <trkpt lat="47.013415" lon="9.838707">
        <ele>2667.436211</ele>
        <time>2026-09-12T13:07:35.000Z</time>
      </trkpt>
      <trkpt lat="47.013420" lon="9.838688">
        <ele>2667.114891</ele>
        <time>2026-09-12T13:07:38.000Z</time>
      </trkpt>
      <trkpt lat="47.013444" lon="9.838697">
        <ele>2666.541674</ele>
        <time>2026-09-12T13:07:42.000Z</time>
      </trkpt>
      <trkpt lat="47.013458" lon="9.838737">
        <ele>2665.832294</ele>
        <time>2026-09-12T13:07:47.000Z</time>
      </trkpt>
      <trkpt lat="47.013466" lon="9.838752">
        <ele>2665.531835</ele>
        <time>2026-09-12T13:07:49.000Z</time>
      </trkpt>
      <trkpt lat="47.013472" lon="9.838785">
        <ele>2664.992993</ele>
        <time>2026-09-12T13:07:53.000Z</time>
      </trkpt>
      <trkpt lat="47.013468" lon="9.838831">
        <ele>2664.261363</ele>
        <time>2026-09-12T13:07:57.000Z</time>
      </trkpt>
      <trkpt lat="47.013469" lon="9.838842">
        <ele>2664.086277</ele>
        <time>2026-09-12T13:07:58.000Z</time>
      </trkpt>
      <trkpt lat="47.013487" lon="9.838867">
        <ele>2663.512641</ele>
        <time>2026-09-12T13:08:02.000Z</time>
      </trkpt>
      <trkpt lat="47.013499" lon="9.838871">
        <ele>2663.227884</ele>
        <time>2026-09-12T13:08:05.000Z</time>
      </trkpt>
      <trkpt lat="47.013515" lon="9.838887">
        <ele>2662.779780</ele>
        <time>2026-09-12T13:08:11.000Z</time>
      </trkpt>
      <trkpt lat="47.013524" lon="9.838891">
        <ele>2662.562171</ele>
        <time>2026-09-12T13:08:12.000Z</time>
      </trkpt>
      <trkpt lat="47.013534" lon="9.838911">
        <ele>2662.170875</ele>
        <time>2026-09-12T13:08:15.000Z</time>
      </trkpt>
      <trkpt lat="47.013540" lon="9.838942">
        <ele>2661.662458</ele>
        <time>2026-09-12T13:08:18.000Z</time>
      </trkpt>
      <trkpt lat="47.013546" lon="9.838950">
        <ele>2661.474823</ele>
        <time>2026-09-12T13:08:19.000Z</time>
      </trkpt>
      <trkpt lat="47.013567" lon="9.838976">
        <ele>2660.838899</ele>
        <time>2026-09-12T13:08:23.000Z</time>
      </trkpt>
      <trkpt lat="47.013573" lon="9.838992">
        <ele>2660.550802</ele>
        <time>2026-09-12T13:08:24.000Z</time>
      </trkpt>
      <trkpt lat="47.013600" lon="9.839009">
        <ele>2659.870894</ele>
        <time>2026-09-12T13:08:28.000Z</time>
      </trkpt>
      <trkpt lat="47.013617" lon="9.839000">
        <ele>2659.452677</ele>
        <time>2026-09-12T13:08:30.000Z</time>
      </trkpt>
      <trkpt lat="47.013632" lon="9.838992">
        <ele>2659.083345</ele>
        <time>2026-09-12T13:08:32.000Z</time>
      </trkpt>
      <trkpt lat="47.013661" lon="9.839002">
        <ele>2658.393998</ele>
        <time>2026-09-12T13:08:37.000Z</time>
      </trkpt>
      <trkpt lat="47.013659" lon="9.839012">
        <ele>2658.229579</ele>
        <time>2026-09-12T13:08:38.000Z</time>
      </trkpt>
      <trkpt lat="47.013657" lon="9.839021">
        <ele>2658.080233</ele>
        <time>2026-09-12T13:08:39.000Z</time>
      </trkpt>
      <trkpt lat="47.013661" lon="9.839048">
        <ele>2657.644310</ele>
        <time>2026-09-12T13:08:43.000Z</time>
      </trkpt>
      <trkpt lat="47.013661" lon="9.839055">
        <ele>2657.533870</ele>
        <time>2026-09-12T13:08:44.000Z</time>
      </trkpt>
      <trkpt lat="47.013682" lon="9.839087">
        <ele>2656.833139</ele>
        <time>2026-09-12T13:08:49.000Z</time>
      </trkpt>
      <trkpt lat="47.013688" lon="9.839079">
        <ele>2656.645505</ele>
        <time>2026-09-12T13:08:50.000Z</time>
      </trkpt>
      <trkpt lat="47.013734" lon="9.839095">
        <ele>2655.551558</ele>
        <time>2026-09-12T13:08:55.000Z</time>
      </trkpt>
      <trkpt lat="47.013737" lon="9.839103">
        <ele>2655.407510</ele>
        <time>2026-09-12T13:08:56.000Z</time>
      </trkpt>
      <trkpt lat="47.013743" lon="9.839124">
        <ele>2655.048276</ele>
        <time>2026-09-12T13:08:58.000Z</time>
      </trkpt>
      <trkpt lat="47.013761" lon="9.839139">
        <ele>2654.569225</ele>
        <time>2026-09-12T13:09:02.000Z</time>
      </trkpt>
      <trkpt lat="47.013768" lon="9.839147">
        <ele>2654.363878</ele>
        <time>2026-09-12T13:09:04.000Z</time>
      </trkpt>
      <trkpt lat="47.013764" lon="9.839149">
        <ele>2654.266088</ele>
        <time>2026-09-12T13:09:06.000Z</time>
      </trkpt>
      <trkpt lat="47.013758" lon="9.839153">
        <ele>2654.113580</ele>
        <time>2026-09-12T13:09:10.000Z</time>
      </trkpt>
      <trkpt lat="47.013757" lon="9.839153">
        <ele>2654.090441</ele>
        <time>2026-09-12T13:09:11.000Z</time>
      </trkpt>
      <trkpt lat="47.013754" lon="9.839166">
        <ele>2653.873909</ele>
        <time>2026-09-12T13:09:13.000Z</time>
      </trkpt>
      <trkpt lat="47.013760" lon="9.839187">
        <ele>2653.514675</ele>
        <time>2026-09-12T13:09:15.000Z</time>
      </trkpt>
      <trkpt lat="47.013783" lon="9.839202">
        <ele>2652.932218</ele>
        <time>2026-09-12T13:09:18.000Z</time>
      </trkpt>
      <trkpt lat="47.013820" lon="9.839215">
        <ele>2652.051827</ele>
        <time>2026-09-12T13:09:22.000Z</time>
      </trkpt>
      <trkpt lat="47.013823" lon="9.839201">
        <ele>2651.820296</ele>
        <time>2026-09-12T13:09:24.000Z</time>
      </trkpt>
      <trkpt lat="47.013846" lon="9.839174">
        <ele>2651.138599</ele>
        <time>2026-09-12T13:09:30.000Z</time>
      </trkpt>
      <trkpt lat="47.013844" lon="9.839181">
        <ele>2651.018855</ele>
        <time>2026-09-12T13:09:32.000Z</time>
      </trkpt>
      <trkpt lat="47.013843" lon="9.839184">
        <ele>2650.966170</ele>
        <time>2026-09-12T13:09:33.000Z</time>
      </trkpt>
      <trkpt lat="47.013842" lon="9.839174">
        <ele>2650.806711</ele>
        <time>2026-09-12T13:09:34.000Z</time>
      </trkpt>
      <trkpt lat="47.013856" lon="9.839141">
        <ele>2650.193508</ele>
        <time>2026-09-12T13:09:38.000Z</time>
      </trkpt>
      <trkpt lat="47.013899" lon="9.839128">
        <ele>2649.177584</ele>
        <time>2026-09-12T13:09:44.000Z</time>
      </trkpt>
      <trkpt lat="47.013905" lon="9.839138">
        <ele>2648.967424</ele>
        <time>2026-09-12T13:09:45.000Z</time>
      </trkpt>
      <trkpt lat="47.013917" lon="9.839242">
        <ele>2647.303277</ele>
        <time>2026-09-12T13:09:50.000Z</time>
      </trkpt>
      <trkpt lat="47.013922" lon="9.839261">
        <ele>2646.981959</ele>
        <time>2026-09-12T13:09:51.000Z</time>
      </trkpt>
      <trkpt lat="47.013967" lon="9.839353">
        <ele>2645.195594</ele>
        <time>2026-09-12T13:09:58.000Z</time>
      </trkpt>
      <trkpt lat="47.013970" lon="9.839353">
        <ele>2645.126175</ele>
        <time>2026-09-12T13:09:59.000Z</time>
      </trkpt>
      <trkpt lat="47.013978" lon="9.839339">
        <ele>2644.837981</ele>
        <time>2026-09-12T13:10:08.000Z</time>
      </trkpt>
      <trkpt lat="47.014004" lon="9.839394">
        <ele>2643.782079</ele>
        <time>2026-09-12T13:10:13.000Z</time>
      </trkpt>
      <trkpt lat="47.014023" lon="9.839459">
        <ele>2642.666300</ele>
        <time>2026-09-12T13:10:17.000Z</time>
      </trkpt>
      <trkpt lat="47.014029" lon="9.839471">
        <ele>2642.431523</ele>
        <time>2026-09-12T13:10:18.000Z</time>
      </trkpt>
      <trkpt lat="47.014086" lon="9.839535">
        <ele>2640.770436</ele>
        <time>2026-09-12T13:10:24.000Z</time>
      </trkpt>
      <trkpt lat="47.014124" lon="9.839558">
        <ele>2639.819197</ele>
        <time>2026-09-12T13:10:31.000Z</time>
      </trkpt>
      <trkpt lat="47.014159" lon="9.839554">
        <ele>2639.006855</ele>
        <time>2026-09-12T13:10:36.000Z</time>
      </trkpt>
      <trkpt lat="47.014181" lon="9.839578">
        <ele>2638.372403</ele>
        <time>2026-09-12T13:10:39.000Z</time>
      </trkpt>
      <trkpt lat="47.014195" lon="9.839581">
        <ele>2638.045008</ele>
        <time>2026-09-12T13:10:41.000Z</time>
      </trkpt>
      <trkpt lat="47.014203" lon="9.839577">
        <ele>2637.849430</ele>
        <time>2026-09-12T13:10:42.000Z</time>
      </trkpt>
      <trkpt lat="47.014212" lon="9.839580">
        <ele>2637.635862</ele>
        <time>2026-09-12T13:10:43.000Z</time>
      </trkpt>
      <trkpt lat="47.014223" lon="9.839602">
        <ele>2637.205441</ele>
        <time>2026-09-12T13:10:45.000Z</time>
      </trkpt>
      <trkpt lat="47.014238" lon="9.839624">
        <ele>2636.714575</ele>
        <time>2026-09-12T13:10:48.000Z</time>
      </trkpt>
      <trkpt lat="47.014262" lon="9.839612">
        <ele>2636.127840</ele>
        <time>2026-09-12T13:10:51.000Z</time>
      </trkpt>
      <trkpt lat="47.014281" lon="9.839614">
        <ele>2635.687055</ele>
        <time>2026-09-12T13:10:53.000Z</time>
      </trkpt>
      <trkpt lat="47.014314" lon="9.839609">
        <ele>2634.919383</ele>
        <time>2026-09-12T13:10:56.000Z</time>
      </trkpt>
      <trkpt lat="47.014336" lon="9.839614">
        <ele>2634.404236</ele>
        <time>2026-09-12T13:10:59.000Z</time>
      </trkpt>
      <trkpt lat="47.014349" lon="9.839653">
        <ele>2633.719337</ele>
        <time>2026-09-12T13:11:03.000Z</time>
      </trkpt>
      <trkpt lat="47.014356" lon="9.839677">
        <ele>2633.307499</ele>
        <time>2026-09-12T13:11:05.000Z</time>
      </trkpt>
      <trkpt lat="47.014373" lon="9.839716">
        <ele>2632.577199</ele>
        <time>2026-09-12T13:11:08.000Z</time>
      </trkpt>
      <trkpt lat="47.014381" lon="9.839721">
        <ele>2632.375975</ele>
        <time>2026-09-12T13:11:12.000Z</time>
      </trkpt>
      <trkpt lat="47.014411" lon="9.839711">
        <ele>2631.664083</ele>
        <time>2026-09-12T13:11:18.000Z</time>
      </trkpt>
      <trkpt lat="47.014422" lon="9.839713">
        <ele>2631.407599</ele>
        <time>2026-09-12T13:11:26.000Z</time>
      </trkpt>
      <trkpt lat="47.014417" lon="9.839784">
        <ele>2630.281477</ele>
        <time>2026-09-12T13:11:32.000Z</time>
      </trkpt>
      <trkpt lat="47.014416" lon="9.839803">
        <ele>2629.980823</ele>
        <time>2026-09-12T13:11:34.000Z</time>
      </trkpt>
      <trkpt lat="47.014417" lon="9.839826">
        <ele>2629.617216</ele>
        <time>2026-09-12T13:11:36.000Z</time>
      </trkpt>
      <trkpt lat="47.014422" lon="9.839835">
        <ele>2629.434055</ele>
        <time>2026-09-12T13:11:37.000Z</time>
      </trkpt>
      <trkpt lat="47.014427" lon="9.839855">
        <ele>2629.097974</ele>
        <time>2026-09-12T13:11:39.000Z</time>
      </trkpt>
      <trkpt lat="47.014428" lon="9.839898">
        <ele>2628.419171</ele>
        <time>2026-09-12T13:11:42.000Z</time>
      </trkpt>
      <trkpt lat="47.014425" lon="9.839926">
        <ele>2627.971996</ele>
        <time>2026-09-12T13:11:44.000Z</time>
      </trkpt>
      <trkpt lat="47.014436" lon="9.839966">
        <ele>2627.291520</ele>
        <time>2026-09-12T13:11:47.000Z</time>
      </trkpt>
      <trkpt lat="47.014479" lon="9.840016">
        <ele>2626.021751</ele>
        <time>2026-09-12T13:11:52.000Z</time>
      </trkpt>
      <trkpt lat="47.014488" lon="9.840044">
        <ele>2625.617783</ele>
        <time>2026-09-12T13:11:54.000Z</time>
      </trkpt>
      <trkpt lat="47.014507" lon="9.840103">
        <ele>2624.795785</ele>
        <time>2026-09-12T13:11:58.000Z</time>
      </trkpt>
      <trkpt lat="47.014538" lon="9.840118">
        <ele>2624.192642</ele>
        <time>2026-09-12T13:12:01.000Z</time>
      </trkpt>
      <trkpt lat="47.014599" lon="9.840169">
        <ele>2622.895303</ele>
        <time>2026-09-12T13:12:08.000Z</time>
      </trkpt>
      <trkpt lat="47.014607" lon="9.840188">
        <ele>2622.613986</ele>
        <time>2026-09-12T13:12:10.000Z</time>
      </trkpt>
      <trkpt lat="47.014617" lon="9.840225">
        <ele>2622.112588</ele>
        <time>2026-09-12T13:12:15.000Z</time>
      </trkpt>
      <trkpt lat="47.014637" lon="9.840260">
        <ele>2621.537294</ele>
        <time>2026-09-12T13:12:19.000Z</time>
      </trkpt>
      <trkpt lat="47.014645" lon="9.840278">
        <ele>2621.266614</ele>
        <time>2026-09-12T13:12:21.000Z</time>
      </trkpt>
      <trkpt lat="47.014644" lon="9.840315">
        <ele>2620.800136</ele>
        <time>2026-09-12T13:12:25.000Z</time>
      </trkpt>
      <trkpt lat="47.014642" lon="9.840332">
        <ele>2620.582811</ele>
        <time>2026-09-12T13:12:26.000Z</time>
      </trkpt>
      <trkpt lat="47.014654" lon="9.840355">
        <ele>2620.217966</ele>
        <time>2026-09-12T13:12:30.000Z</time>
      </trkpt>
      <trkpt lat="47.014666" lon="9.840373">
        <ele>2619.900824</ele>
        <time>2026-09-12T13:12:33.000Z</time>
      </trkpt>
      <trkpt lat="47.014683" lon="9.840389">
        <ele>2619.527610</ele>
        <time>2026-09-12T13:12:35.000Z</time>
      </trkpt>
      <trkpt lat="47.014698" lon="9.840410">
        <ele>2619.144467</ele>
        <time>2026-09-12T13:12:38.000Z</time>
      </trkpt>
      <trkpt lat="47.014702" lon="9.840451">
        <ele>2618.622704</ele>
        <time>2026-09-12T13:12:45.000Z</time>
      </trkpt>
      <trkpt lat="47.014710" lon="9.840470">
        <ele>2618.341386</ele>
        <time>2026-09-12T13:12:50.000Z</time>
      </trkpt>
      <trkpt lat="47.014715" lon="9.840479">
        <ele>2618.195135</ele>
        <time>2026-09-12T13:12:51.000Z</time>
      </trkpt>
      <trkpt lat="47.014718" lon="9.840533">
        <ele>2617.512610</ele>
        <time>2026-09-12T13:12:58.000Z</time>
      </trkpt>
      <trkpt lat="47.014719" lon="9.840553">
        <ele>2617.259981</ele>
        <time>2026-09-12T13:13:00.000Z</time>
      </trkpt>
      <trkpt lat="47.014720" lon="9.840570">
        <ele>2617.045026</ele>
        <time>2026-09-12T13:13:04.000Z</time>
      </trkpt>
      <trkpt lat="47.014724" lon="9.840576">
        <ele>2616.939312</ele>
        <time>2026-09-12T13:13:06.000Z</time>
      </trkpt>
      <trkpt lat="47.014730" lon="9.840624">
        <ele>2616.324549</ele>
        <time>2026-09-12T13:13:12.000Z</time>
      </trkpt>
      <trkpt lat="47.014736" lon="9.840623">
        <ele>2616.212975</ele>
        <time>2026-09-12T13:13:13.000Z</time>
      </trkpt>
      <trkpt lat="47.014747" lon="9.840595">
        <ele>2615.805878</ele>
        <time>2026-09-12T13:13:18.000Z</time>
      </trkpt>
      <trkpt lat="47.014764" lon="9.840586">
        <ele>2615.471938</ele>
        <time>2026-09-12T13:13:20.000Z</time>
      </trkpt>
      <trkpt lat="47.014786" lon="9.840579">
        <ele>2615.055995</ele>
        <time>2026-09-12T13:13:23.000Z</time>
      </trkpt>
      <trkpt lat="47.014804" lon="9.840581">
        <ele>2614.722461</ele>
        <time>2026-09-12T13:13:26.000Z</time>
      </trkpt>
      <trkpt lat="47.014826" lon="9.840612">
        <ele>2614.158775</ele>
        <time>2026-09-12T13:13:34.000Z</time>
      </trkpt>
      <trkpt lat="47.014826" lon="9.840626">
        <ele>2613.982409</ele>
        <time>2026-09-12T13:13:40.000Z</time>
      </trkpt>
      <trkpt lat="47.014826" lon="9.840629">
        <ele>2613.944617</ele>
        <time>2026-09-12T13:13:41.000Z</time>
      </trkpt>
      <trkpt lat="47.014853" lon="9.840628">
        <ele>2613.445587</ele>
        <time>2026-09-12T13:13:47.000Z</time>
      </trkpt>
      <trkpt lat="47.014876" lon="9.840637">
        <ele>2613.005758</ele>
        <time>2026-09-12T13:13:50.000Z</time>
      </trkpt>
      <trkpt lat="47.014896" lon="9.840688">
        <ele>2612.264590</ele>
        <time>2026-09-12T13:13:53.000Z</time>
      </trkpt>
      <trkpt lat="47.014907" lon="9.840718">
        <ele>2611.835478</ele>
        <time>2026-09-12T13:13:54.000Z</time>
      </trkpt>
      <trkpt lat="47.014935" lon="9.840770">
        <ele>2611.000751</ele>
        <time>2026-09-12T13:13:58.000Z</time>
      </trkpt>
      <trkpt lat="47.015036" lon="9.840815">
        <ele>2609.050400</ele>
        <time>2026-09-12T13:14:07.000Z</time>
      </trkpt>
      <trkpt lat="47.015080" lon="9.840900">
        <ele>2607.705960</ele>
        <time>2026-09-12T13:14:13.000Z</time>
      </trkpt>
      <trkpt lat="47.015077" lon="9.840913">
        <ele>2607.533066</ele>
        <time>2026-09-12T13:14:14.000Z</time>
      </trkpt>
      <trkpt lat="47.015083" lon="9.840955">
        <ele>2606.992481</ele>
        <time>2026-09-12T13:14:19.000Z</time>
      </trkpt>
      <trkpt lat="47.015081" lon="9.840995">
        <ele>2606.487227</ele>
        <time>2026-09-12T13:14:23.000Z</time>
      </trkpt>
      <trkpt lat="47.015084" lon="9.841023">
        <ele>2606.130167</ele>
        <time>2026-09-12T13:14:26.000Z</time>
      </trkpt>
      <trkpt lat="47.015077" lon="9.841065">
        <ele>2605.585493</ele>
        <time>2026-09-12T13:14:30.000Z</time>
      </trkpt>
      <trkpt lat="47.015084" lon="9.841117">
        <ele>2604.917775</ele>
        <time>2026-09-12T13:14:34.000Z</time>
      </trkpt>
      <trkpt lat="47.015095" lon="9.841141">
        <ele>2604.553471</ele>
        <time>2026-09-12T13:14:40.000Z</time>
      </trkpt>
      <trkpt lat="47.015093" lon="9.841221">
        <ele>2603.544992</ele>
        <time>2026-09-12T13:14:46.000Z</time>
      </trkpt>
      <trkpt lat="47.015080" lon="9.841279">
        <ele>2602.775867</ele>
        <time>2026-09-12T13:14:52.000Z</time>
      </trkpt>
      <trkpt lat="47.015086" lon="9.841384">
        <ele>2601.448490</ele>
        <time>2026-09-12T13:15:01.000Z</time>
      </trkpt>
      <trkpt lat="47.015101" lon="9.841467">
        <ele>2600.366788</ele>
        <time>2026-09-12T13:15:08.000Z</time>
      </trkpt>
      <trkpt lat="47.015103" lon="9.841483">
        <ele>2600.161868</ele>
        <time>2026-09-12T13:15:09.000Z</time>
      </trkpt>
      <trkpt lat="47.015116" lon="9.841603">
        <ele>2598.631202</ele>
        <time>2026-09-12T13:15:17.000Z</time>
      </trkpt>
      <trkpt lat="47.015107" lon="9.841617">
        <ele>2598.388804</ele>
        <time>2026-09-12T13:15:21.000Z</time>
      </trkpt>
      <trkpt lat="47.015101" lon="9.841634">
        <ele>2598.147653</ele>
        <time>2026-09-12T13:15:23.000Z</time>
      </trkpt>
      <trkpt lat="47.015091" lon="9.841692">
        <ele>2597.393997</ele>
        <time>2026-09-12T13:15:29.000Z</time>
      </trkpt>
      <trkpt lat="47.015094" lon="9.841735">
        <ele>2596.849475</ele>
        <time>2026-09-12T13:15:33.000Z</time>
      </trkpt>
      <trkpt lat="47.015089" lon="9.841755">
        <ele>2596.581122</ele>
        <time>2026-09-12T13:15:35.000Z</time>
      </trkpt>
      <trkpt lat="47.015087" lon="9.841766">
        <ele>2596.437706</ele>
        <time>2026-09-12T13:15:36.000Z</time>
      </trkpt>
      <trkpt lat="47.015096" lon="9.841783">
        <ele>2596.166568</ele>
        <time>2026-09-12T13:15:38.000Z</time>
      </trkpt>
      <trkpt lat="47.015105" lon="9.841782">
        <ele>2595.999801</ele>
        <time>2026-09-12T13:15:40.000Z</time>
      </trkpt>
      <trkpt lat="47.015110" lon="9.841784">
        <ele>2595.904044</ele>
        <time>2026-09-12T13:15:41.000Z</time>
      </trkpt>
      <trkpt lat="47.015120" lon="9.841785">
        <ele>2595.718848</ele>
        <time>2026-09-12T13:15:43.000Z</time>
      </trkpt>
      <trkpt lat="47.015135" lon="9.841803">
        <ele>2595.360755</ele>
        <time>2026-09-12T13:15:46.000Z</time>
      </trkpt>
      <trkpt lat="47.015138" lon="9.841814">
        <ele>2595.211507</ele>
        <time>2026-09-12T13:15:47.000Z</time>
      </trkpt>
      <trkpt lat="47.015137" lon="9.841822">
        <ele>2595.109048</ele>
        <time>2026-09-12T13:15:48.000Z</time>
      </trkpt>
      <trkpt lat="47.015146" lon="9.841890">
        <ele>2594.236426</ele>
        <time>2026-09-12T13:15:53.000Z</time>
      </trkpt>
      <trkpt lat="47.015154" lon="9.841899">
        <ele>2594.050138</ele>
        <time>2026-09-12T13:15:55.000Z</time>
      </trkpt>
      <trkpt lat="47.015156" lon="9.841908">
        <ele>2593.930890</ele>
        <time>2026-09-12T13:15:57.000Z</time>
      </trkpt>
      <trkpt lat="47.015170" lon="9.841943">
        <ele>2593.419699</ele>
        <time>2026-09-12T13:16:02.000Z</time>
      </trkpt>
      <trkpt lat="47.015173" lon="9.841956">
        <ele>2593.246805</ele>
        <time>2026-09-12T13:16:03.000Z</time>
      </trkpt>
      <trkpt lat="47.015174" lon="9.842026">
        <ele>2592.558120</ele>
        <time>2026-09-12T13:16:11.000Z</time>
      </trkpt>
      <trkpt lat="47.015177" lon="9.842076">
        <ele>2592.270664</ele>
        <time>2026-09-12T13:16:14.000Z</time>
      </trkpt>
      <trkpt lat="47.015171" lon="9.842130">
        <ele>2591.957327</ele>
        <time>2026-09-12T13:16:18.000Z</time>
      </trkpt>
      <trkpt lat="47.015176" lon="9.842160">
        <ele>2591.780459</ele>
        <time>2026-09-12T13:16:21.000Z</time>
      </trkpt>
      <trkpt lat="47.015179" lon="9.842214">
        <ele>2591.470176</ele>
        <time>2026-09-12T13:16:26.000Z</time>
      </trkpt>
      <trkpt lat="47.015181" lon="9.842221">
        <ele>2591.426709</ele>
        <time>2026-09-12T13:16:27.000Z</time>
      </trkpt>
      <trkpt lat="47.015189" lon="9.842258">
        <ele>2591.204411</ele>
        <time>2026-09-12T13:16:31.000Z</time>
      </trkpt>
      <trkpt lat="47.015190" lon="9.842272">
        <ele>2591.123794</ele>
        <time>2026-09-12T13:16:32.000Z</time>
      </trkpt>
      <trkpt lat="47.015190" lon="9.842286">
        <ele>2591.043617</ele>
        <time>2026-09-12T13:16:33.000Z</time>
      </trkpt>
      <trkpt lat="47.015187" lon="9.842335">
        <ele>2590.761865</ele>
        <time>2026-09-12T13:16:38.000Z</time>
      </trkpt>
      <trkpt lat="47.015186" lon="9.842348">
        <ele>2590.686942</ele>
        <time>2026-09-12T13:16:40.000Z</time>
      </trkpt>
      <trkpt lat="47.015193" lon="9.842403">
        <ele>2590.366516</ele>
        <time>2026-09-12T13:16:47.000Z</time>
      </trkpt>
      <trkpt lat="47.015184" lon="9.842480">
        <ele>2589.919105</ele>
        <time>2026-09-12T13:16:53.000Z</time>
      </trkpt>
      <trkpt lat="47.015183" lon="9.842509">
        <ele>2589.752810</ele>
        <time>2026-09-12T13:16:55.000Z</time>
      </trkpt>
      <trkpt lat="47.015184" lon="9.842521">
        <ele>2589.683575</ele>
        <time>2026-09-12T13:17:00.000Z</time>
      </trkpt>
      <trkpt lat="47.015186" lon="9.842523">
        <ele>2589.663242</ele>
        <time>2026-09-12T13:17:04.000Z</time>
      </trkpt>
      <trkpt lat="47.015182" lon="9.842513">
        <ele>2589.596844</ele>
        <time>2026-09-12T13:17:12.000Z</time>
      </trkpt>
      <trkpt lat="47.015182" lon="9.842527">
        <ele>2589.516666</ele>
        <time>2026-09-12T13:17:19.000Z</time>
      </trkpt>
      <trkpt lat="47.015186" lon="9.842530">
        <ele>2589.478929</ele>
        <time>2026-09-12T13:17:27.000Z</time>
      </trkpt>
      <trkpt lat="47.015186" lon="9.842540">
        <ele>2589.421659</ele>
        <time>2026-09-12T13:17:28.000Z</time>
      </trkpt>
      <trkpt lat="47.015189" lon="9.842588">
        <ele>2589.145611</ele>
        <time>2026-09-12T13:17:32.000Z</time>
      </trkpt>
      <trkpt lat="47.015192" lon="9.842612">
        <ele>2589.005872</ele>
        <time>2026-09-12T13:17:36.000Z</time>
      </trkpt>
      <trkpt lat="47.015195" lon="9.842624">
        <ele>2588.932674</ele>
        <time>2026-09-12T13:17:39.000Z</time>
      </trkpt>
      <trkpt lat="47.015192" lon="9.842627">
        <ele>2588.902175</ele>
        <time>2026-09-12T13:17:40.000Z</time>
      </trkpt>
      <trkpt lat="47.015187" lon="9.842632">
        <ele>2588.851344</ele>
        <time>2026-09-12T13:17:41.000Z</time>
      </trkpt>
      <trkpt lat="47.015184" lon="9.842652">
        <ele>2588.734065</ele>
        <time>2026-09-12T13:17:43.000Z</time>
      </trkpt>
      <trkpt lat="47.015181" lon="9.842696">
        <ele>2588.480820</ele>
        <time>2026-09-12T13:17:46.000Z</time>
      </trkpt>
      <trkpt lat="47.015199" lon="9.842784">
        <ele>2587.954654</ele>
        <time>2026-09-12T13:17:52.000Z</time>
      </trkpt>
      <trkpt lat="47.015200" lon="9.842795">
        <ele>2587.891100</ele>
        <time>2026-09-12T13:17:53.000Z</time>
      </trkpt>
      <trkpt lat="47.015207" lon="9.842882">
        <ele>2587.389394</ele>
        <time>2026-09-12T13:17:58.000Z</time>
      </trkpt>
      <trkpt lat="47.015215" lon="9.842973">
        <ele>2586.863924</ele>
        <time>2026-09-12T13:18:05.000Z</time>
      </trkpt>
      <trkpt lat="47.015245" lon="9.843046">
        <ele>2586.375782</ele>
        <time>2026-09-12T13:18:11.000Z</time>
      </trkpt>
      <trkpt lat="47.015257" lon="9.843092">
        <ele>2586.093716</ele>
        <time>2026-09-12T13:18:15.000Z</time>
      </trkpt>
      <trkpt lat="47.015249" lon="9.843124">
        <ele>2585.898521</ele>
        <time>2026-09-12T13:18:17.000Z</time>
      </trkpt>
      <trkpt lat="47.015251" lon="9.843136">
        <ele>2585.827774</ele>
        <time>2026-09-12T13:18:22.000Z</time>
      </trkpt>
      <trkpt lat="47.015260" lon="9.843141">
        <ele>2585.746934</ele>
        <time>2026-09-12T13:18:23.000Z</time>
      </trkpt>
      <trkpt lat="47.015292" lon="9.843160">
        <ele>2585.456953</ele>
        <time>2026-09-12T13:18:26.000Z</time>
      </trkpt>
      <trkpt lat="47.015314" lon="9.843171">
        <ele>2585.261715</ele>
        <time>2026-09-12T13:18:27.000Z</time>
      </trkpt>
      <trkpt lat="47.015338" lon="9.843185">
        <ele>2585.044762</ele>
        <time>2026-09-12T13:18:29.000Z</time>
      </trkpt>
      <trkpt lat="47.015348" lon="9.843192">
        <ele>2584.951689</ele>
        <time>2026-09-12T13:18:30.000Z</time>
      </trkpt>
      <trkpt lat="47.015360" lon="9.843199">
        <ele>2584.843212</ele>
        <time>2026-09-12T13:18:31.000Z</time>
      </trkpt>
      <trkpt lat="47.015427" lon="9.843224">
        <ele>2584.262502</ele>
        <time>2026-09-12T13:18:37.000Z</time>
      </trkpt>
      <trkpt lat="47.015466" lon="9.843254">
        <ele>2583.892592</ele>
        <time>2026-09-12T13:18:42.000Z</time>
      </trkpt>
      <trkpt lat="47.015488" lon="9.843365">
        <ele>2583.230584</ele>
        <time>2026-09-12T13:18:50.000Z</time>
      </trkpt>
      <trkpt lat="47.015514" lon="9.843465">
        <ele>2582.617660</ele>
        <time>2026-09-12T13:18:56.000Z</time>
      </trkpt>
      <trkpt lat="47.015518" lon="9.843477">
        <ele>2582.541163</ele>
        <time>2026-09-12T13:18:57.000Z</time>
      </trkpt>
      <trkpt lat="47.015541" lon="9.843621">
        <ele>2581.694155</ele>
        <time>2026-09-12T13:19:06.000Z</time>
      </trkpt>
      <trkpt lat="47.015538" lon="9.843769">
        <ele>2580.846191</ele>
        <time>2026-09-12T13:19:14.000Z</time>
      </trkpt>
      <trkpt lat="47.015546" lon="9.843869">
        <ele>2580.269567</ele>
        <time>2026-09-12T13:19:20.000Z</time>
      </trkpt>
      <trkpt lat="47.015546" lon="9.843911">
        <ele>2580.029035</ele>
        <time>2026-09-12T13:19:23.000Z</time>
      </trkpt>
      <trkpt lat="47.015553" lon="9.843968">
        <ele>2579.697346</ele>
        <time>2026-09-12T13:19:26.000Z</time>
      </trkpt>
      <trkpt lat="47.015557" lon="9.843992">
        <ele>2579.555852</ele>
        <time>2026-09-12T13:19:27.000Z</time>
      </trkpt>
      <trkpt lat="47.015567" lon="9.844032">
        <ele>2579.311860</ele>
        <time>2026-09-12T13:19:29.000Z</time>
      </trkpt>
      <trkpt lat="47.015593" lon="9.844100">
        <ele>2578.865370</ele>
        <time>2026-09-12T13:19:33.000Z</time>
      </trkpt>
      <trkpt lat="47.015599" lon="9.844114">
        <ele>2578.770668</ele>
        <time>2026-09-12T13:19:34.000Z</time>
      </trkpt>
      <trkpt lat="47.015606" lon="9.844127">
        <ele>2578.675799</ele>
        <time>2026-09-12T13:19:35.000Z</time>
      </trkpt>
      <trkpt lat="47.015627" lon="9.844163">
        <ele>2578.404467</ele>
        <time>2026-09-12T13:19:37.000Z</time>
      </trkpt>
      <trkpt lat="47.015639" lon="9.844213">
        <ele>2578.100897</ele>
        <time>2026-09-12T13:19:40.000Z</time>
      </trkpt>
      <trkpt lat="47.015654" lon="9.844220">
        <ele>2577.968677</ele>
        <time>2026-09-12T13:19:42.000Z</time>
      </trkpt>
      <trkpt lat="47.015661" lon="9.844227">
        <ele>2577.897513</ele>
        <time>2026-09-12T13:19:43.000Z</time>
      </trkpt>
      <trkpt lat="47.015718" lon="9.844269">
        <ele>2577.417581</ele>
        <time>2026-09-12T13:19:49.000Z</time>
      </trkpt>
      <trkpt lat="47.015732" lon="9.844297">
        <ele>2577.263279</ele>
        <time>2026-09-12T13:19:52.000Z</time>
      </trkpt>
      <trkpt lat="47.015758" lon="9.844321">
        <ele>2577.063046</ele>
        <time>2026-09-12T13:19:55.000Z</time>
      </trkpt>
      <trkpt lat="47.015769" lon="9.844340">
        <ele>2576.952278</ele>
        <time>2026-09-12T13:19:57.000Z</time>
      </trkpt>
      <trkpt lat="47.015774" lon="9.844380">
        <ele>2576.771560</ele>
        <time>2026-09-12T13:20:00.000Z</time>
      </trkpt>
      <trkpt lat="47.015778" lon="9.844456">
        <ele>2576.432820</ele>
        <time>2026-09-12T13:20:07.000Z</time>
      </trkpt>
      <trkpt lat="47.015772" lon="9.844474">
        <ele>2576.343782</ele>
        <time>2026-09-12T13:20:14.000Z</time>
      </trkpt>
      <trkpt lat="47.015782" lon="9.844490">
        <ele>2576.247326</ele>
        <time>2026-09-12T13:20:17.000Z</time>
      </trkpt>
      <trkpt lat="47.015783" lon="9.844492">
        <ele>2576.236304</ele>
        <time>2026-09-12T13:20:18.000Z</time>
      </trkpt>
      <trkpt lat="47.015790" lon="9.844485">
        <ele>2576.181084</ele>
        <time>2026-09-12T13:20:27.000Z</time>
      </trkpt>
      <trkpt lat="47.015823" lon="9.844529">
        <ele>2575.890401</ele>
        <time>2026-09-12T13:20:30.000Z</time>
      </trkpt>
      <trkpt lat="47.015855" lon="9.844585">
        <ele>2575.565698</ele>
        <time>2026-09-12T13:20:34.000Z</time>
      </trkpt>
      <trkpt lat="47.015864" lon="9.844589">
        <ele>2575.504402</ele>
        <time>2026-09-12T13:20:37.000Z</time>
      </trkpt>
      <trkpt lat="47.015844" lon="9.844548">
        <ele>2575.280372</ele>
        <time>2026-09-12T13:20:41.000Z</time>
      </trkpt>
      <trkpt lat="47.015825" lon="9.844525">
        <ele>2575.119801</ele>
        <time>2026-09-12T13:20:44.000Z</time>
      </trkpt>
      <trkpt lat="47.015810" lon="9.844520">
        <ele>2575.019539</ele>
        <time>2026-09-12T13:20:48.000Z</time>
      </trkpt>
      <trkpt lat="47.015793" lon="9.844503">
        <ele>2574.885432</ele>
        <time>2026-09-12T13:20:54.000Z</time>
      </trkpt>
      <trkpt lat="47.015793" lon="9.844501">
        <ele>2574.876544</ele>
        <time>2026-09-12T13:20:56.000Z</time>
      </trkpt>
      <trkpt lat="47.015798" lon="9.844497">
        <ele>2574.839422</ele>
        <time>2026-09-12T13:20:58.000Z</time>
      </trkpt>
      <trkpt lat="47.015818" lon="9.844506">
        <ele>2574.703067</ele>
        <time>2026-09-12T13:21:01.000Z</time>
      </trkpt>
      <trkpt lat="47.015844" lon="9.844543">
        <ele>2574.466945</ele>
        <time>2026-09-12T13:21:05.000Z</time>
      </trkpt>
      <trkpt lat="47.015902" lon="9.844601">
        <ele>2574.009403</ele>
        <time>2026-09-12T13:21:13.000Z</time>
      </trkpt>
      <trkpt lat="47.015932" lon="9.844652">
        <ele>2573.710071</ele>
        <time>2026-09-12T13:21:18.000Z</time>
      </trkpt>
      <trkpt lat="47.015960" lon="9.844682">
        <ele>2573.484063</ele>
        <time>2026-09-12T13:21:21.000Z</time>
      </trkpt>
      <trkpt lat="47.015990" lon="9.844719">
        <ele>2573.228584</ele>
        <time>2026-09-12T13:21:26.000Z</time>
      </trkpt>
      <trkpt lat="47.015993" lon="9.844732">
        <ele>2573.167594</ele>
        <time>2026-09-12T13:21:27.000Z</time>
      </trkpt>
      <trkpt lat="47.016012" lon="9.844874">
        <ele>2572.524528</ele>
        <time>2026-09-12T13:21:35.000Z</time>
      </trkpt>
      <trkpt lat="47.016025" lon="9.844912">
        <ele>2572.335595</ele>
        <time>2026-09-12T13:21:38.000Z</time>
      </trkpt>
      <trkpt lat="47.016041" lon="9.844970">
        <ele>2572.057553</ele>
        <time>2026-09-12T13:21:42.000Z</time>
      </trkpt>
      <trkpt lat="47.016049" lon="9.844991">
        <ele>2571.950652</ele>
        <time>2026-09-12T13:21:44.000Z</time>
      </trkpt>
      <trkpt lat="47.016087" lon="9.845064">
        <ele>2571.542508</ele>
        <time>2026-09-12T13:21:49.000Z</time>
      </trkpt>
      <trkpt lat="47.016092" lon="9.845077">
        <ele>2571.476180</ele>
        <time>2026-09-12T13:21:50.000Z</time>
      </trkpt>
      <trkpt lat="47.016116" lon="9.845103">
        <ele>2571.281707</ele>
        <time>2026-09-12T13:21:54.000Z</time>
      </trkpt>
      <trkpt lat="47.016119" lon="9.845114">
        <ele>2571.229058</ele>
        <time>2026-09-12T13:21:55.000Z</time>
      </trkpt>
      <trkpt lat="47.016121" lon="9.845128">
        <ele>2571.165493</ele>
        <time>2026-09-12T13:21:56.000Z</time>
      </trkpt>
      <trkpt lat="47.016145" lon="9.845226">
        <ele>2570.702753</ele>
        <time>2026-09-12T13:22:04.000Z</time>
      </trkpt>
      <trkpt lat="47.016151" lon="9.845251">
        <ele>2570.584975</ele>
        <time>2026-09-12T13:22:06.000Z</time>
      </trkpt>
      <trkpt lat="47.016168" lon="9.845355">
        <ele>2570.109717</ele>
        <time>2026-09-12T13:22:12.000Z</time>
      </trkpt>
      <trkpt lat="47.016165" lon="9.845494">
        <ele>2569.491713</ele>
        <time>2026-09-12T13:22:22.000Z</time>
      </trkpt>
      <trkpt lat="47.016169" lon="9.845587">
        <ele>2569.077613</ele>
        <time>2026-09-12T13:22:30.000Z</time>
      </trkpt>
      <trkpt lat="47.016195" lon="9.845646">
        <ele>2568.765426</ele>
        <time>2026-09-12T13:22:36.000Z</time>
      </trkpt>
      <trkpt lat="47.016205" lon="9.845676">
        <ele>2568.617031</ele>
        <time>2026-09-12T13:22:38.000Z</time>
      </trkpt>
      <trkpt lat="47.016204" lon="9.845723">
        <ele>2568.408068</ele>
        <time>2026-09-12T13:22:41.000Z</time>
      </trkpt>
      <trkpt lat="47.016217" lon="9.845777">
        <ele>2568.153580</ele>
        <time>2026-09-12T13:22:46.000Z</time>
      </trkpt>
      <trkpt lat="47.016221" lon="9.845802">
        <ele>2568.039466</ele>
        <time>2026-09-12T13:22:48.000Z</time>
      </trkpt>
      <trkpt lat="47.016231" lon="9.845862">
        <ele>2567.764984</ele>
        <time>2026-09-12T13:22:52.000Z</time>
      </trkpt>
      <trkpt lat="47.016236" lon="9.845874">
        <ele>2567.702488</ele>
        <time>2026-09-12T13:22:53.000Z</time>
      </trkpt>
      <trkpt lat="47.016247" lon="9.845971">
        <ele>2567.265513</ele>
        <time>2026-09-12T13:23:00.000Z</time>
      </trkpt>
      <trkpt lat="47.016258" lon="9.846060">
        <ele>2566.863565</ele>
        <time>2026-09-12T13:23:05.000Z</time>
      </trkpt>
      <trkpt lat="47.016268" lon="9.846140">
        <ele>2566.502132</ele>
        <time>2026-09-12T13:23:09.000Z</time>
      </trkpt>
      <trkpt lat="47.016277" lon="9.846231">
        <ele>2566.093510</ele>
        <time>2026-09-12T13:23:16.000Z</time>
      </trkpt>
      <trkpt lat="47.016281" lon="9.846322">
        <ele>2565.512848</ele>
        <time>2026-09-12T13:23:23.000Z</time>
      </trkpt>
      <trkpt lat="47.016283" lon="9.846341">
        <ele>2565.352273</ele>
        <time>2026-09-12T13:23:24.000Z</time>
      </trkpt>
      <trkpt lat="47.016287" lon="9.846385">
        <ele>2564.981520</ele>
        <time>2026-09-12T13:23:26.000Z</time>
      </trkpt>
      <trkpt lat="47.016286" lon="9.846423">
        <ele>2564.663896</ele>
        <time>2026-09-12T13:23:28.000Z</time>
      </trkpt>
      <trkpt lat="47.016286" lon="9.846470">
        <ele>2564.271338</ele>
        <time>2026-09-12T13:23:31.000Z</time>
      </trkpt>
      <trkpt lat="47.016303" lon="9.846535">
        <ele>2563.689864</ele>
        <time>2026-09-12T13:23:37.000Z</time>
      </trkpt>
      <trkpt lat="47.016308" lon="9.846544">
        <ele>2563.592897</ele>
        <time>2026-09-12T13:23:38.000Z</time>
      </trkpt>
      <trkpt lat="47.016312" lon="9.846590">
        <ele>2563.205579</ele>
        <time>2026-09-12T13:23:42.000Z</time>
      </trkpt>
      <trkpt lat="47.016318" lon="9.846598">
        <ele>2563.106244</ele>
        <time>2026-09-12T13:23:43.000Z</time>
      </trkpt>
      <trkpt lat="47.016324" lon="9.846608">
        <ele>2562.994984</ele>
        <time>2026-09-12T13:23:44.000Z</time>
      </trkpt>
      <trkpt lat="47.016324" lon="9.846628">
        <ele>2562.827938</ele>
        <time>2026-09-12T13:23:46.000Z</time>
      </trkpt>
      <trkpt lat="47.016317" lon="9.846654">
        <ele>2562.594460</ele>
        <time>2026-09-12T13:23:48.000Z</time>
      </trkpt>
      <trkpt lat="47.016310" lon="9.846691">
        <ele>2562.273747</ele>
        <time>2026-09-12T13:23:50.000Z</time>
      </trkpt>
      <trkpt lat="47.016307" lon="9.846725">
        <ele>2561.987401</ele>
        <time>2026-09-12T13:23:52.000Z</time>
      </trkpt>
      <trkpt lat="47.016331" lon="9.846814">
        <ele>2561.188014</ele>
        <time>2026-09-12T13:23:58.000Z</time>
      </trkpt>
      <trkpt lat="47.016336" lon="9.846851">
        <ele>2560.872967</ele>
        <time>2026-09-12T13:24:00.000Z</time>
      </trkpt>
      <trkpt lat="47.016337" lon="9.846933">
        <ele>2560.187969</ele>
        <time>2026-09-12T13:24:04.000Z</time>
      </trkpt>
      <trkpt lat="47.016345" lon="9.847006">
        <ele>2559.570426</ele>
        <time>2026-09-12T13:24:09.000Z</time>
      </trkpt>
      <trkpt lat="47.016338" lon="9.847031">
        <ele>2559.344695</ele>
        <time>2026-09-12T13:24:11.000Z</time>
      </trkpt>
      <trkpt lat="47.016334" lon="9.847132">
        <ele>2558.499691</ele>
        <time>2026-09-12T13:24:18.000Z</time>
      </trkpt>
      <trkpt lat="47.016325" lon="9.847251">
        <ele>2557.499672</ele>
        <time>2026-09-12T13:24:25.000Z</time>
      </trkpt>
      <trkpt lat="47.016335" lon="9.847328">
        <ele>2556.844981</ele>
        <time>2026-09-12T13:24:32.000Z</time>
      </trkpt>
      <trkpt lat="47.016331" lon="9.847343">
        <ele>2556.710454</ele>
        <time>2026-09-12T13:24:34.000Z</time>
      </trkpt>
      <trkpt lat="47.016328" lon="9.847352">
        <ele>2556.626781</ele>
        <time>2026-09-12T13:24:35.000Z</time>
      </trkpt>
      <trkpt lat="47.016322" lon="9.847404">
        <ele>2556.186285</ele>
        <time>2026-09-12T13:24:39.000Z</time>
      </trkpt>
      <trkpt lat="47.016318" lon="9.847447">
        <ele>2555.823809</ele>
        <time>2026-09-12T13:24:42.000Z</time>
      </trkpt>
      <trkpt lat="47.016308" lon="9.847509">
        <ele>2555.291673</ele>
        <time>2026-09-12T13:24:46.000Z</time>
      </trkpt>
      <trkpt lat="47.016306" lon="9.847542">
        <ele>2555.014960</ele>
        <time>2026-09-12T13:24:49.000Z</time>
      </trkpt>
      <trkpt lat="47.016304" lon="9.847585">
        <ele>2554.654977</ele>
        <time>2026-09-12T13:24:52.000Z</time>
      </trkpt>
      <trkpt lat="47.016308" lon="9.847628">
        <ele>2554.292500</ele>
        <time>2026-09-12T13:24:55.000Z</time>
      </trkpt>
      <trkpt lat="47.016321" lon="9.847721">
        <ele>2553.499579</ele>
        <time>2026-09-12T13:25:01.000Z</time>
      </trkpt>
      <trkpt lat="47.016322" lon="9.847730">
        <ele>2553.423416</ele>
        <time>2026-09-12T13:25:02.000Z</time>
      </trkpt>
      <trkpt lat="47.016318" lon="9.847787">
        <ele>2552.944820</ele>
        <time>2026-09-12T13:25:06.000Z</time>
      </trkpt>
      <trkpt lat="47.016312" lon="9.847851">
        <ele>2552.405243</ele>
        <time>2026-09-12T13:25:10.000Z</time>
      </trkpt>
      <trkpt lat="47.016298" lon="9.847937">
        <ele>2551.666754</ele>
        <time>2026-09-12T13:25:15.000Z</time>
      </trkpt>
      <trkpt lat="47.016303" lon="9.847986">
        <ele>2551.252933</ele>
        <time>2026-09-12T13:25:18.000Z</time>
      </trkpt>
      <trkpt lat="47.016310" lon="9.848050">
        <ele>2550.711551</ele>
        <time>2026-09-12T13:25:22.000Z</time>
      </trkpt>
      <trkpt lat="47.016300" lon="9.848088">
        <ele>2550.371341</ele>
        <time>2026-09-12T13:25:25.000Z</time>
      </trkpt>
      <trkpt lat="47.016283" lon="9.848151">
        <ele>2549.805432</ele>
        <time>2026-09-12T13:25:30.000Z</time>
      </trkpt>
      <trkpt lat="47.016281" lon="9.848182">
        <ele>2549.545354</ele>
        <time>2026-09-12T13:25:32.000Z</time>
      </trkpt>
      <trkpt lat="47.016291" lon="9.848294">
        <ele>2548.601909</ele>
        <time>2026-09-12T13:25:39.000Z</time>
      </trkpt>
      <trkpt lat="47.016286" lon="9.848361">
        <ele>2548.038962</ele>
        <time>2026-09-12T13:25:45.000Z</time>
      </trkpt>
      <trkpt lat="47.016285" lon="9.848374">
        <ele>2547.929694</ele>
        <time>2026-09-12T13:25:46.000Z</time>
      </trkpt>
      <trkpt lat="47.016262" lon="9.848503">
        <ele>2546.816014</ele>
        <time>2026-09-12T13:25:53.000Z</time>
      </trkpt>
      <trkpt lat="47.016233" lon="9.848598">
        <ele>2545.946642</ele>
        <time>2026-09-12T13:25:59.000Z</time>
      </trkpt>
      <trkpt lat="47.016234" lon="9.848632">
        <ele>2545.662399</ele>
        <time>2026-09-12T13:26:01.000Z</time>
      </trkpt>
      <trkpt lat="47.016263" lon="9.848745">
        <ele>2544.653938</ele>
        <time>2026-09-12T13:26:08.000Z</time>
      </trkpt>
      <trkpt lat="47.016295" lon="9.848792">
        <ele>2544.099160</ele>
        <time>2026-09-12T13:26:12.000Z</time>
      </trkpt>
      <trkpt lat="47.016298" lon="9.848869">
        <ele>2543.412616</ele>
        <time>2026-09-12T13:26:16.000Z</time>
      </trkpt>
      <trkpt lat="47.016306" lon="9.848957">
        <ele>2542.592255</ele>
        <time>2026-09-12T13:26:22.000Z</time>
      </trkpt>
      <trkpt lat="47.016317" lon="9.849023">
        <ele>2541.964425</ele>
        <time>2026-09-12T13:26:26.000Z</time>
      </trkpt>
      <trkpt lat="47.016320" lon="9.849067">
        <ele>2541.555815</ele>
        <time>2026-09-12T13:26:29.000Z</time>
      </trkpt>
      <trkpt lat="47.016321" lon="9.849187">
        <ele>2540.446873</ele>
        <time>2026-09-12T13:26:35.000Z</time>
      </trkpt>
      <trkpt lat="47.016321" lon="9.849207">
        <ele>2540.262063</ele>
        <time>2026-09-12T13:26:36.000Z</time>
      </trkpt>
      <trkpt lat="47.016335" lon="9.849313">
        <ele>2539.264361</ele>
        <time>2026-09-12T13:26:43.000Z</time>
      </trkpt>
      <trkpt lat="47.016337" lon="9.849329">
        <ele>2539.114049</ele>
        <time>2026-09-12T13:26:44.000Z</time>
      </trkpt>
      <trkpt lat="47.016355" lon="9.849453">
        <ele>2537.942545</ele>
        <time>2026-09-12T13:26:52.000Z</time>
      </trkpt>
      <trkpt lat="47.016356" lon="9.849567">
        <ele>2536.889042</ele>
        <time>2026-09-12T13:26:59.000Z</time>
      </trkpt>
      <trkpt lat="47.016389" lon="9.849636">
        <ele>2536.110219</ele>
        <time>2026-09-12T13:27:05.000Z</time>
      </trkpt>
      <trkpt lat="47.016376" lon="9.849660">
        <ele>2535.826976</ele>
        <time>2026-09-12T13:27:07.000Z</time>
      </trkpt>
      <trkpt lat="47.016365" lon="9.849737">
        <ele>2535.100008</ele>
        <time>2026-09-12T13:27:12.000Z</time>
      </trkpt>
      <trkpt lat="47.016376" lon="9.849820">
        <ele>2534.318692</ele>
        <time>2026-09-12T13:27:18.000Z</time>
      </trkpt>
      <trkpt lat="47.016375" lon="9.849865">
        <ele>2533.902649</ele>
        <time>2026-09-12T13:27:21.000Z</time>
      </trkpt>
      <trkpt lat="47.016379" lon="9.849915">
        <ele>2533.437455</ele>
        <time>2026-09-12T13:27:24.000Z</time>
      </trkpt>
      <trkpt lat="47.016401" lon="9.849990">
        <ele>2532.682998</ele>
        <time>2026-09-12T13:27:29.000Z</time>
      </trkpt>
      <trkpt lat="47.016377" lon="9.850099">
        <ele>2531.624563</ele>
        <time>2026-09-12T13:27:36.000Z</time>
      </trkpt>
      <trkpt lat="47.016371" lon="9.850131">
        <ele>2531.317890</ele>
        <time>2026-09-12T13:27:38.000Z</time>
      </trkpt>
      <trkpt lat="47.016364" lon="9.850203">
        <ele>2530.645844</ele>
        <time>2026-09-12T13:27:43.000Z</time>
      </trkpt>
      <trkpt lat="47.016363" lon="9.850223">
        <ele>2530.460538</ele>
        <time>2026-09-12T13:27:45.000Z</time>
      </trkpt>
      <trkpt lat="47.016363" lon="9.850297">
        <ele>2529.776742</ele>
        <time>2026-09-12T13:27:50.000Z</time>
      </trkpt>
      <trkpt lat="47.016360" lon="9.850346">
        <ele>2529.322136</ele>
        <time>2026-09-12T13:27:53.000Z</time>
      </trkpt>
      <trkpt lat="47.016368" lon="9.850440">
        <ele>2528.446789</ele>
        <time>2026-09-12T13:27:59.000Z</time>
      </trkpt>
      <trkpt lat="47.016397" lon="9.850520">
        <ele>2527.609557</ele>
        <time>2026-09-12T13:28:05.000Z</time>
      </trkpt>
      <trkpt lat="47.016395" lon="9.850549">
        <ele>2527.340216</ele>
        <time>2026-09-12T13:28:07.000Z</time>
      </trkpt>
      <trkpt lat="47.016393" lon="9.850609">
        <ele>2526.785124</ele>
        <time>2026-09-12T13:28:13.000Z</time>
      </trkpt>
      <trkpt lat="47.016388" lon="9.850631">
        <ele>2526.570836</ele>
        <time>2026-09-12T13:28:15.000Z</time>
      </trkpt>
      <trkpt lat="47.016379" lon="9.850677">
        <ele>2526.128618</ele>
        <time>2026-09-12T13:28:24.000Z</time>
      </trkpt>
      <trkpt lat="47.016379" lon="9.850694">
        <ele>2525.971530</ele>
        <time>2026-09-12T13:28:29.000Z</time>
      </trkpt>
      <trkpt lat="47.016386" lon="9.850720">
        <ele>2525.713224</ele>
        <time>2026-09-12T13:28:32.000Z</time>
      </trkpt>
      <trkpt lat="47.016382" lon="9.850713">
        <ele>2525.628826</ele>
        <time>2026-09-12T13:28:39.000Z</time>
      </trkpt>
      <trkpt lat="47.016375" lon="9.850775">
        <ele>2525.048113</ele>
        <time>2026-09-12T13:28:47.000Z</time>
      </trkpt>
      <trkpt lat="47.016375" lon="9.850834">
        <ele>2524.502925</ele>
        <time>2026-09-12T13:28:52.000Z</time>
      </trkpt>
      <trkpt lat="47.016375" lon="9.850872">
        <ele>2524.151786</ele>
        <time>2026-09-12T13:28:54.000Z</time>
      </trkpt>
      <trkpt lat="47.016381" lon="9.850898">
        <ele>2523.898145</ele>
        <time>2026-09-12T13:28:56.000Z</time>
      </trkpt>
      <trkpt lat="47.016387" lon="9.850943">
        <ele>2523.474446</ele>
        <time>2026-09-12T13:28:59.000Z</time>
      </trkpt>
      <trkpt lat="47.016397" lon="9.850972">
        <ele>2523.174147</ele>
        <time>2026-09-12T13:29:01.000Z</time>
      </trkpt>
      <trkpt lat="47.016433" lon="9.851056">
        <ele>2522.257332</ele>
        <time>2026-09-12T13:29:08.000Z</time>
      </trkpt>
      <trkpt lat="47.016440" lon="9.851071">
        <ele>2522.089365</ele>
        <time>2026-09-12T13:29:09.000Z</time>
      </trkpt>
      <trkpt lat="47.016460" lon="9.851197">
        <ele>2520.893928</ele>
        <time>2026-09-12T13:29:16.000Z</time>
      </trkpt>
      <trkpt lat="47.016454" lon="9.851212">
        <ele>2520.733227</ele>
        <time>2026-09-12T13:29:17.000Z</time>
      </trkpt>
      <trkpt lat="47.016448" lon="9.851304">
        <ele>2519.879223</ele>
        <time>2026-09-12T13:29:22.000Z</time>
      </trkpt>
      <trkpt lat="47.016441" lon="9.851414">
        <ele>2518.658597</ele>
        <time>2026-09-12T13:29:28.000Z</time>
      </trkpt>
      <trkpt lat="47.016444" lon="9.851435">
        <ele>2518.396198</ele>
        <time>2026-09-12T13:29:29.000Z</time>
      </trkpt>
      <trkpt lat="47.016472" lon="9.851563">
        <ele>2516.752208</ele>
        <time>2026-09-12T13:29:36.000Z</time>
      </trkpt>
      <trkpt lat="47.016498" lon="9.851616">
        <ele>2515.953690</ele>
        <time>2026-09-12T13:29:40.000Z</time>
      </trkpt>
      <trkpt lat="47.016503" lon="9.851631">
        <ele>2515.749495</ele>
        <time>2026-09-12T13:29:42.000Z</time>
      </trkpt>
      <trkpt lat="47.016505" lon="9.851639">
        <ele>2515.645289</ele>
        <time>2026-09-12T13:29:43.000Z</time>
      </trkpt>
      <trkpt lat="47.016509" lon="9.851667">
        <ele>2515.295423</ele>
        <time>2026-09-12T13:29:45.000Z</time>
      </trkpt>
      <trkpt lat="47.016499" lon="9.851718">
        <ele>2514.646432</ele>
        <time>2026-09-12T13:29:48.000Z</time>
      </trkpt>
      <trkpt lat="47.016500" lon="9.851822">
        <ele>2513.374427</ele>
        <time>2026-09-12T13:29:54.000Z</time>
      </trkpt>
      <trkpt lat="47.016502" lon="9.851832">
        <ele>2513.246978</ele>
        <time>2026-09-12T13:29:55.000Z</time>
      </trkpt>
      <trkpt lat="47.016522" lon="9.851893">
        <ele>2512.419193</ele>
        <time>2026-09-12T13:29:59.000Z</time>
      </trkpt>
      <trkpt lat="47.016524" lon="9.851912">
        <ele>2512.184078</ele>
        <time>2026-09-12T13:30:00.000Z</time>
      </trkpt>
      <trkpt lat="47.016528" lon="9.851966">
        <ele>2511.519793</ele>
        <time>2026-09-12T13:30:03.000Z</time>
      </trkpt>
      <trkpt lat="47.016546" lon="9.852009">
        <ele>2510.902711</ele>
        <time>2026-09-12T13:30:06.000Z</time>
      </trkpt>
      <trkpt lat="47.016547" lon="9.852050">
        <ele>2510.400977</ele>
        <time>2026-09-12T13:30:09.000Z</time>
      </trkpt>
      <trkpt lat="47.016534" lon="9.852087">
        <ele>2509.891930</ele>
        <time>2026-09-12T13:30:12.000Z</time>
      </trkpt>
      <trkpt lat="47.016534" lon="9.852098">
        <ele>2509.757405</ele>
        <time>2026-09-12T13:30:13.000Z</time>
      </trkpt>
      <trkpt lat="47.016520" lon="9.852155">
        <ele>2509.016463</ele>
        <time>2026-09-12T13:30:18.000Z</time>
      </trkpt>
      <trkpt lat="47.016513" lon="9.852169">
        <ele>2508.804142</ele>
        <time>2026-09-12T13:30:20.000Z</time>
      </trkpt>
      <trkpt lat="47.016498" lon="9.852184">
        <ele>2508.478493</ele>
        <time>2026-09-12T13:30:22.000Z</time>
      </trkpt>
      <trkpt lat="47.016495" lon="9.852205">
        <ele>2508.216094</ele>
        <time>2026-09-12T13:30:24.000Z</time>
      </trkpt>
      <trkpt lat="47.016496" lon="9.852230">
        <ele>2507.909829</ele>
        <time>2026-09-12T13:30:26.000Z</time>
      </trkpt>
      <trkpt lat="47.016493" lon="9.852240">
        <ele>2507.776217</ele>
        <time>2026-09-12T13:30:27.000Z</time>
      </trkpt>
      <trkpt lat="47.016490" lon="9.852285">
        <ele>2507.223260</ele>
        <time>2026-09-12T13:30:31.000Z</time>
      </trkpt>
      <trkpt lat="47.016489" lon="9.852293">
        <ele>2507.123792</ele>
        <time>2026-09-12T13:30:32.000Z</time>
      </trkpt>
      <trkpt lat="47.016477" lon="9.852310">
        <ele>2506.824532</ele>
        <time>2026-09-12T13:30:35.000Z</time>
      </trkpt>
      <trkpt lat="47.016492" lon="9.852347">
        <ele>2506.298084</ele>
        <time>2026-09-12T13:30:39.000Z</time>
      </trkpt>
      <trkpt lat="47.016498" lon="9.852360">
        <ele>2506.106096</ele>
        <time>2026-09-12T13:30:40.000Z</time>
      </trkpt>
      <trkpt lat="47.016519" lon="9.852430">
        <ele>2505.170814</ele>
        <time>2026-09-12T13:30:44.000Z</time>
      </trkpt>
      <trkpt lat="47.016520" lon="9.852448">
        <ele>2504.949951</ele>
        <time>2026-09-12T13:30:45.000Z</time>
      </trkpt>
      <trkpt lat="47.016514" lon="9.852462">
        <ele>2504.747720</ele>
        <time>2026-09-12T13:30:47.000Z</time>
      </trkpt>
      <trkpt lat="47.016496" lon="9.852485">
        <ele>2504.319505</ele>
        <time>2026-09-12T13:30:51.000Z</time>
      </trkpt>
      <trkpt lat="47.016478" lon="9.852505">
        <ele>2503.914444</ele>
        <time>2026-09-12T13:30:53.000Z</time>
      </trkpt>
      <trkpt lat="47.016446" lon="9.852535">
        <ele>2503.233206</ele>
        <time>2026-09-12T13:30:56.000Z</time>
      </trkpt>
      <trkpt lat="47.016438" lon="9.852557">
        <ele>2502.928278</ele>
        <time>2026-09-12T13:30:58.000Z</time>
      </trkpt>
      <trkpt lat="47.016420" lon="9.852652">
        <ele>2501.722434</ele>
        <time>2026-09-12T13:31:03.000Z</time>
      </trkpt>
      <trkpt lat="47.016430" lon="9.852662">
        <ele>2501.505335</ele>
        <time>2026-09-12T13:31:04.000Z</time>
      </trkpt>
      <trkpt lat="47.016470" lon="9.852709">
        <ele>2500.585990</ele>
        <time>2026-09-12T13:31:09.000Z</time>
      </trkpt>
      <trkpt lat="47.016489" lon="9.852741">
        <ele>2500.067043</ele>
        <time>2026-09-12T13:31:11.000Z</time>
      </trkpt>
      <trkpt lat="47.016506" lon="9.852767">
        <ele>2499.626484</ele>
        <time>2026-09-12T13:31:13.000Z</time>
      </trkpt>
      <trkpt lat="47.016523" lon="9.852802">
        <ele>2499.100934</ele>
        <time>2026-09-12T13:31:15.000Z</time>
      </trkpt>
      <trkpt lat="47.016544" lon="9.852840">
        <ele>2498.502717</ele>
        <time>2026-09-12T13:31:17.000Z</time>
      </trkpt>
      <trkpt lat="47.016596" lon="9.852921">
        <ele>2497.142089</ele>
        <time>2026-09-12T13:31:22.000Z</time>
      </trkpt>
      <trkpt lat="47.016625" lon="9.852987">
        <ele>2496.181833</ele>
        <time>2026-09-12T13:31:25.000Z</time>
      </trkpt>
      <trkpt lat="47.016633" lon="9.853017">
        <ele>2495.787881</ele>
        <time>2026-09-12T13:31:27.000Z</time>
      </trkpt>
      <trkpt lat="47.016656" lon="9.853168">
        <ele>2493.895691</ele>
        <time>2026-09-12T13:31:34.000Z</time>
      </trkpt>
      <trkpt lat="47.016697" lon="9.853206">
        <ele>2493.025726</ele>
        <time>2026-09-12T13:31:38.000Z</time>
      </trkpt>
      <trkpt lat="47.016721" lon="9.853207">
        <ele>2492.595051</ele>
        <time>2026-09-12T13:31:40.000Z</time>
      </trkpt>
      <trkpt lat="47.016730" lon="9.853207">
        <ele>2492.433613</ele>
        <time>2026-09-12T13:31:41.000Z</time>
      </trkpt>
      <trkpt lat="47.016777" lon="9.853206">
        <ele>2491.590459</ele>
        <time>2026-09-12T13:31:44.000Z</time>
      </trkpt>
      <trkpt lat="47.016830" lon="9.853211">
        <ele>2490.637805</ele>
        <time>2026-09-12T13:31:47.000Z</time>
      </trkpt>
      <trkpt lat="47.016831" lon="9.853234">
        <ele>2490.355954</ele>
        <time>2026-09-12T13:31:48.000Z</time>
      </trkpt>
      <trkpt lat="47.016852" lon="9.853270">
        <ele>2489.776536</ele>
        <time>2026-09-12T13:31:51.000Z</time>
      </trkpt>
      <trkpt lat="47.016859" lon="9.853274">
        <ele>2489.641780</ele>
        <time>2026-09-12T13:31:52.000Z</time>
      </trkpt>
      <trkpt lat="47.016910" lon="9.853297">
        <ele>2488.684699</ele>
        <time>2026-09-12T13:31:56.000Z</time>
      </trkpt>
      <trkpt lat="47.016924" lon="9.853303">
        <ele>2488.423073</ele>
        <time>2026-09-12T13:31:57.000Z</time>
      </trkpt>
      <trkpt lat="47.016956" lon="9.853366">
        <ele>2487.462300</ele>
        <time>2026-09-12T13:32:01.000Z</time>
      </trkpt>
      <trkpt lat="47.016977" lon="9.853425">
        <ele>2486.610818</ele>
        <time>2026-09-12T13:32:04.000Z</time>
      </trkpt>
      <trkpt lat="47.016991" lon="9.853451">
        <ele>2486.178693</ele>
        <time>2026-09-12T13:32:05.000Z</time>
      </trkpt>
      <trkpt lat="47.017021" lon="9.853459">
        <ele>2485.595365</ele>
        <time>2026-09-12T13:32:07.000Z</time>
      </trkpt>
      <trkpt lat="47.017063" lon="9.853441">
        <ele>2484.758280</ele>
        <time>2026-09-12T13:32:09.000Z</time>
      </trkpt>
      <trkpt lat="47.017083" lon="9.853446">
        <ele>2484.370149</ele>
        <time>2026-09-12T13:32:10.000Z</time>
      </trkpt>
      <trkpt lat="47.017147" lon="9.853494">
        <ele>2482.995007</ele>
        <time>2026-09-12T13:32:14.000Z</time>
      </trkpt>
      <trkpt lat="47.017177" lon="9.853504">
        <ele>2482.406453</ele>
        <time>2026-09-12T13:32:16.000Z</time>
      </trkpt>
      <trkpt lat="47.017243" lon="9.853536">
        <ele>2481.076634</ele>
        <time>2026-09-12T13:32:20.000Z</time>
      </trkpt>
      <trkpt lat="47.017264" lon="9.853551">
        <ele>2480.629785</ele>
        <time>2026-09-12T13:32:21.000Z</time>
      </trkpt>
      <trkpt lat="47.017313" lon="9.853627">
        <ele>2479.265485</ele>
        <time>2026-09-12T13:32:27.000Z</time>
      </trkpt>
      <trkpt lat="47.017344" lon="9.853676">
        <ele>2478.393615</ele>
        <time>2026-09-12T13:32:32.000Z</time>
      </trkpt>
      <trkpt lat="47.017382" lon="9.853757">
        <ele>2477.111192</ele>
        <time>2026-09-12T13:32:38.000Z</time>
      </trkpt>
      <trkpt lat="47.017384" lon="9.853815">
        <ele>2476.353741</ele>
        <time>2026-09-12T13:32:43.000Z</time>
      </trkpt>
      <trkpt lat="47.017374" lon="9.853850">
        <ele>2475.858776</ele>
        <time>2026-09-12T13:32:45.000Z</time>
      </trkpt>
      <trkpt lat="47.017371" lon="9.853866">
        <ele>2475.642343</ele>
        <time>2026-09-12T13:32:46.000Z</time>
      </trkpt>
      <trkpt lat="47.017372" lon="9.853953">
        <ele>2474.507455</ele>
        <time>2026-09-12T13:32:51.000Z</time>
      </trkpt>
      <trkpt lat="47.017382" lon="9.853961">
        <ele>2474.289543</ele>
        <time>2026-09-12T13:32:52.000Z</time>
      </trkpt>
      <trkpt lat="47.017414" lon="9.854019">
        <ele>2473.316386</ele>
        <time>2026-09-12T13:32:56.000Z</time>
      </trkpt>
      <trkpt lat="47.017433" lon="9.854065">
        <ele>2472.614899</ele>
        <time>2026-09-12T13:32:58.000Z</time>
      </trkpt>
      <trkpt lat="47.017445" lon="9.854080">
        <ele>2472.313275</ele>
        <time>2026-09-12T13:32:59.000Z</time>
      </trkpt>
      <trkpt lat="47.017476" lon="9.854141">
        <ele>2471.320950</ele>
        <time>2026-09-12T13:33:03.000Z</time>
      </trkpt>
      <trkpt lat="47.017495" lon="9.854210">
        <ele>2470.350365</ele>
        <time>2026-09-12T13:33:07.000Z</time>
      </trkpt>
      <trkpt lat="47.017497" lon="9.854268">
        <ele>2469.592915</ele>
        <time>2026-09-12T13:33:10.000Z</time>
      </trkpt>
      <trkpt lat="47.017498" lon="9.854283">
        <ele>2469.396340</ele>
        <time>2026-09-12T13:33:11.000Z</time>
      </trkpt>
      <trkpt lat="47.017520" lon="9.854406">
        <ele>2467.737785</ele>
        <time>2026-09-12T13:33:17.000Z</time>
      </trkpt>
      <trkpt lat="47.017528" lon="9.854425">
        <ele>2467.446522</ele>
        <time>2026-09-12T13:33:18.000Z</time>
      </trkpt>
      <trkpt lat="47.017549" lon="9.854493">
        <ele>2466.472865</ele>
        <time>2026-09-12T13:33:22.000Z</time>
      </trkpt>
      <trkpt lat="47.017561" lon="9.854498">
        <ele>2466.234214</ele>
        <time>2026-09-12T13:33:23.000Z</time>
      </trkpt>
      <trkpt lat="47.017586" lon="9.854532">
        <ele>2465.581994</ele>
        <time>2026-09-12T13:33:26.000Z</time>
      </trkpt>
      <trkpt lat="47.017614" lon="9.854551">
        <ele>2464.991789</ele>
        <time>2026-09-12T13:33:29.000Z</time>
      </trkpt>
      <trkpt lat="47.017627" lon="9.854569">
        <ele>2464.649784</ele>
        <time>2026-09-12T13:33:30.000Z</time>
      </trkpt>
      <trkpt lat="47.017627" lon="9.854587">
        <ele>2464.415014</ele>
        <time>2026-09-12T13:33:31.000Z</time>
      </trkpt>
      <trkpt lat="47.017628" lon="9.854604">
        <ele>2464.192463</ele>
        <time>2026-09-12T13:33:32.000Z</time>
      </trkpt>
      <trkpt lat="47.017642" lon="9.854668">
        <ele>2463.315810</ele>
        <time>2026-09-12T13:33:35.000Z</time>
      </trkpt>
      <trkpt lat="47.017667" lon="9.854721">
        <ele>2462.475222</ele>
        <time>2026-09-12T13:33:40.000Z</time>
      </trkpt>
      <trkpt lat="47.017673" lon="9.854727">
        <ele>2462.336299</ele>
        <time>2026-09-12T13:33:41.000Z</time>
      </trkpt>
      <trkpt lat="47.017671" lon="9.854759">
        <ele>2461.917181</ele>
        <time>2026-09-12T13:33:43.000Z</time>
      </trkpt>
      <trkpt lat="47.017676" lon="9.854805">
        <ele>2461.309636</ele>
        <time>2026-09-12T13:33:46.000Z</time>
      </trkpt>
      <trkpt lat="47.017684" lon="9.854826">
        <ele>2460.995880</ele>
        <time>2026-09-12T13:33:48.000Z</time>
      </trkpt>
      <trkpt lat="47.017690" lon="9.854843">
        <ele>2460.746204</ele>
        <time>2026-09-12T13:33:51.000Z</time>
      </trkpt>
      <trkpt lat="47.017689" lon="9.854841">
        <ele>2460.713855</ele>
        <time>2026-09-12T13:33:53.000Z</time>
      </trkpt>
      <trkpt lat="47.017732" lon="9.854809">
        <ele>2459.791414</ele>
        <time>2026-09-12T13:33:57.000Z</time>
      </trkpt>
      <trkpt lat="47.017741" lon="9.854807">
        <ele>2459.617273</ele>
        <time>2026-09-12T13:33:58.000Z</time>
      </trkpt>
      <trkpt lat="47.017757" lon="9.854811">
        <ele>2459.306769</ele>
        <time>2026-09-12T13:34:00.000Z</time>
      </trkpt>
      <trkpt lat="47.017771" lon="9.854831">
        <ele>2458.932900</ele>
        <time>2026-09-12T13:34:02.000Z</time>
      </trkpt>
      <trkpt lat="47.017778" lon="9.854862">
        <ele>2458.506975</ele>
        <time>2026-09-12T13:34:04.000Z</time>
      </trkpt>
      <trkpt lat="47.017783" lon="9.854875">
        <ele>2458.312299</ele>
        <time>2026-09-12T13:34:05.000Z</time>
      </trkpt>
      <trkpt lat="47.017775" lon="9.854963">
        <ele>2457.154380</ele>
        <time>2026-09-12T13:34:09.000Z</time>
      </trkpt>
      <trkpt lat="47.017769" lon="9.854981">
        <ele>2456.893052</ele>
        <time>2026-09-12T13:34:10.000Z</time>
      </trkpt>
      <trkpt lat="47.017757" lon="9.855029">
        <ele>2456.226237</ele>
        <time>2026-09-12T13:34:13.000Z</time>
      </trkpt>
      <trkpt lat="47.017768" lon="9.855051">
        <ele>2455.870402</ele>
        <time>2026-09-12T13:34:15.000Z</time>
      </trkpt>
      <trkpt lat="47.017769" lon="9.855068">
        <ele>2455.647852</ele>
        <time>2026-09-12T13:34:16.000Z</time>
      </trkpt>
      <trkpt lat="47.017766" lon="9.855093">
        <ele>2455.316771</ele>
        <time>2026-09-12T13:34:18.000Z</time>
      </trkpt>
      <trkpt lat="47.017778" lon="9.855156">
        <ele>2454.463612</ele>
        <time>2026-09-12T13:34:21.000Z</time>
      </trkpt>
      <trkpt lat="47.017779" lon="9.855182">
        <ele>2454.123961</ele>
        <time>2026-09-12T13:34:22.000Z</time>
      </trkpt>
      <trkpt lat="47.017808" lon="9.855242">
        <ele>2453.164692</ele>
        <time>2026-09-12T13:34:27.000Z</time>
      </trkpt>
      <trkpt lat="47.017853" lon="9.855260">
        <ele>2452.028462</ele>
        <time>2026-09-12T13:34:31.000Z</time>
      </trkpt>
      <trkpt lat="47.017873" lon="9.855279">
        <ele>2451.363210</ele>
        <time>2026-09-12T13:34:33.000Z</time>
      </trkpt>
      <trkpt lat="47.017881" lon="9.855291">
        <ele>2451.043752</ele>
        <time>2026-09-12T13:34:34.000Z</time>
      </trkpt>
      <trkpt lat="47.017889" lon="9.855299">
        <ele>2450.773437</ele>
        <time>2026-09-12T13:34:35.000Z</time>
      </trkpt>
      <trkpt lat="47.017923" lon="9.855341">
        <ele>2449.532428</ele>
        <time>2026-09-12T13:34:40.000Z</time>
      </trkpt>
      <trkpt lat="47.017925" lon="9.855343">
        <ele>2449.464850</ele>
        <time>2026-09-12T13:34:41.000Z</time>
      </trkpt>
      <trkpt lat="47.017935" lon="9.855359">
        <ele>2449.051704</ele>
        <time>2026-09-12T13:34:44.000Z</time>
      </trkpt>
      <trkpt lat="47.017961" lon="9.855383">
        <ele>2448.194048</ele>
        <time>2026-09-12T13:34:47.000Z</time>
      </trkpt>
      <trkpt lat="47.017973" lon="9.855442">
        <ele>2447.022142</ele>
        <time>2026-09-12T13:34:51.000Z</time>
      </trkpt>
      <trkpt lat="47.017987" lon="9.855428">
        <ele>2446.549091</ele>
        <time>2026-09-12T13:34:53.000Z</time>
      </trkpt>
      <trkpt lat="47.017991" lon="9.855418">
        <ele>2446.328411</ele>
        <time>2026-09-12T13:34:54.000Z</time>
      </trkpt>
      <trkpt lat="47.018000" lon="9.855402">
        <ele>2445.933595</ele>
        <time>2026-09-12T13:34:55.000Z</time>
      </trkpt>
      <trkpt lat="47.018022" lon="9.855406">
        <ele>2445.314691</ele>
        <time>2026-09-12T13:34:57.000Z</time>
      </trkpt>
      <trkpt lat="47.018043" lon="9.855416">
        <ele>2444.698283</ele>
        <time>2026-09-12T13:34:59.000Z</time>
      </trkpt>
      <trkpt lat="47.018063" lon="9.855460">
        <ele>2443.691724</ele>
        <time>2026-09-12T13:35:03.000Z</time>
      </trkpt>
      <trkpt lat="47.018075" lon="9.855499">
        <ele>2442.877306</ele>
        <time>2026-09-12T13:35:06.000Z</time>
      </trkpt>
      <trkpt lat="47.018078" lon="9.855508">
        <ele>2442.686623</ele>
        <time>2026-09-12T13:35:07.000Z</time>
      </trkpt>
      <trkpt lat="47.018102" lon="9.855557">
        <ele>2441.538232</ele>
        <time>2026-09-12T13:35:11.000Z</time>
      </trkpt>
      <trkpt lat="47.018121" lon="9.855594">
        <ele>2440.656560</ele>
        <time>2026-09-12T13:35:13.000Z</time>
      </trkpt>
      <trkpt lat="47.018143" lon="9.855600">
        <ele>2440.031829</ele>
        <time>2026-09-12T13:35:15.000Z</time>
      </trkpt>
      <trkpt lat="47.018175" lon="9.855577">
        <ele>2439.036948</ele>
        <time>2026-09-12T13:35:18.000Z</time>
      </trkpt>
      <trkpt lat="47.018184" lon="9.855567">
        <ele>2438.721730</ele>
        <time>2026-09-12T13:35:20.000Z</time>
      </trkpt>
      <trkpt lat="47.018210" lon="9.855563">
        <ele>2437.991871</ele>
        <time>2026-09-12T13:35:24.000Z</time>
      </trkpt>
      <trkpt lat="47.018240" lon="9.855549">
        <ele>2437.112952</ele>
        <time>2026-09-12T13:35:29.000Z</time>
      </trkpt>
      <trkpt lat="47.018243" lon="9.855551">
        <ele>2437.020952</ele>
        <time>2026-09-12T13:35:31.000Z</time>
      </trkpt>
      <trkpt lat="47.018246" lon="9.855548">
        <ele>2436.919584</ele>
        <time>2026-09-12T13:35:32.000Z</time>
      </trkpt>
      <trkpt lat="47.018242" lon="9.855539">
        <ele>2436.715095</ele>
        <time>2026-09-12T13:35:33.000Z</time>
      </trkpt>
      <trkpt lat="47.018248" lon="9.855542">
        <ele>2436.538120</ele>
        <time>2026-09-12T13:35:36.000Z</time>
      </trkpt>
      <trkpt lat="47.018257" lon="9.855535">
        <ele>2436.253715</ele>
        <time>2026-09-12T13:35:38.000Z</time>
      </trkpt>
      <trkpt lat="47.018273" lon="9.855530">
        <ele>2435.796996</ele>
        <time>2026-09-12T13:35:41.000Z</time>
      </trkpt>
      <trkpt lat="47.018288" lon="9.855510">
        <ele>2435.231058</ele>
        <time>2026-09-12T13:35:46.000Z</time>
      </trkpt>
      <trkpt lat="47.018308" lon="9.855499">
        <ele>2434.634728</ele>
        <time>2026-09-12T13:35:49.000Z</time>
      </trkpt>
      <trkpt lat="47.018323" lon="9.855518">
        <ele>2434.081413</ele>
        <time>2026-09-12T13:35:51.000Z</time>
      </trkpt>
      <trkpt lat="47.018330" lon="9.855532">
        <ele>2433.750960</ele>
        <time>2026-09-12T13:35:52.000Z</time>
      </trkpt>
      <trkpt lat="47.018352" lon="9.855543">
        <ele>2433.102051</ele>
        <time>2026-09-12T13:35:55.000Z</time>
      </trkpt>
      <trkpt lat="47.018361" lon="9.855560">
        <ele>2432.692376</ele>
        <time>2026-09-12T13:35:57.000Z</time>
      </trkpt>
      <trkpt lat="47.018363" lon="9.855601">
        <ele>2431.909998</ele>
        <time>2026-09-12T13:36:03.000Z</time>
      </trkpt>
      <trkpt lat="47.018366" lon="9.855606">
        <ele>2431.783223</ele>
        <time>2026-09-12T13:36:04.000Z</time>
      </trkpt>
      <trkpt lat="47.018385" lon="9.855627">
        <ele>2431.119038</ele>
        <time>2026-09-12T13:36:08.000Z</time>
      </trkpt>
      <trkpt lat="47.018413" lon="9.855648">
        <ele>2430.241062</ele>
        <time>2026-09-12T13:36:11.000Z</time>
      </trkpt>
      <trkpt lat="47.018428" lon="9.855696">
        <ele>2429.236040</ele>
        <time>2026-09-12T13:36:13.000Z</time>
      </trkpt>
      <trkpt lat="47.018431" lon="9.855737">
        <ele>2428.451176</ele>
        <time>2026-09-12T13:36:15.000Z</time>
      </trkpt>
      <trkpt lat="47.018430" lon="9.855767">
        <ele>2427.879484</ele>
        <time>2026-09-12T13:36:16.000Z</time>
      </trkpt>
      <trkpt lat="47.018419" lon="9.855864">
        <ele>2426.007848</ele>
        <time>2026-09-12T13:36:20.000Z</time>
      </trkpt>
      <trkpt lat="47.018411" lon="9.855907">
        <ele>2425.159472</ele>
        <time>2026-09-12T13:36:22.000Z</time>
      </trkpt>
      <trkpt lat="47.018407" lon="9.855956">
        <ele>2424.220159</ele>
        <time>2026-09-12T13:36:25.000Z</time>
      </trkpt>
      <trkpt lat="47.018415" lon="9.855999">
        <ele>2423.371782</ele>
        <time>2026-09-12T13:36:27.000Z</time>
      </trkpt>
      <trkpt lat="47.018432" lon="9.856012">
        <ele>2422.836542</ele>
        <time>2026-09-12T13:36:29.000Z</time>
      </trkpt>
      <trkpt lat="47.018461" lon="9.856020">
        <ele>2422.012716</ele>
        <time>2026-09-12T13:36:33.000Z</time>
      </trkpt>
      <trkpt lat="47.018488" lon="9.856024">
        <ele>2421.255085</ele>
        <time>2026-09-12T13:36:36.000Z</time>
      </trkpt>
      <trkpt lat="47.018529" lon="9.856034">
        <ele>2420.094716</ele>
        <time>2026-09-12T13:36:40.000Z</time>
      </trkpt>
      <trkpt lat="47.018552" lon="9.856044">
        <ele>2419.424979</ele>
        <time>2026-09-12T13:36:44.000Z</time>
      </trkpt>
      <trkpt lat="47.018568" lon="9.856044">
        <ele>2418.978285</ele>
        <time>2026-09-12T13:36:46.000Z</time>
      </trkpt>
      <trkpt lat="47.018580" lon="9.856043">
        <ele>2418.642725</ele>
        <time>2026-09-12T13:36:47.000Z</time>
      </trkpt>
      <trkpt lat="47.018598" lon="9.856050">
        <ele>2418.122833</ele>
        <time>2026-09-12T13:36:49.000Z</time>
      </trkpt>
      <trkpt lat="47.018599" lon="9.856075">
        <ele>2417.646173</ele>
        <time>2026-09-12T13:36:51.000Z</time>
      </trkpt>
      <trkpt lat="47.018608" lon="9.856091">
        <ele>2417.251360</ele>
        <time>2026-09-12T13:36:53.000Z</time>
      </trkpt>
      <trkpt lat="47.018612" lon="9.856094">
        <ele>2417.125935</ele>
        <time>2026-09-12T13:36:54.000Z</time>
      </trkpt>
      <trkpt lat="47.018637" lon="9.856115">
        <ele>2416.321627</ele>
        <time>2026-09-12T13:36:58.000Z</time>
      </trkpt>
      <trkpt lat="47.018659" lon="9.856137">
        <ele>2415.578264</ele>
        <time>2026-09-12T13:37:01.000Z</time>
      </trkpt>
      <trkpt lat="47.018669" lon="9.856148">
        <ele>2415.229295</ele>
        <time>2026-09-12T13:37:02.000Z</time>
      </trkpt>
      <trkpt lat="47.018690" lon="9.856197">
        <ele>2414.127678</ele>
        <time>2026-09-12T13:37:06.000Z</time>
      </trkpt>
      <trkpt lat="47.018710" lon="9.856214">
        <ele>2413.482332</ele>
        <time>2026-09-12T13:37:08.000Z</time>
      </trkpt>
      <trkpt lat="47.018714" lon="9.856234">
        <ele>2413.085618</ele>
        <time>2026-09-12T13:37:10.000Z</time>
      </trkpt>
      <trkpt lat="47.018710" lon="9.856245">
        <ele>2412.848328</ele>
        <time>2026-09-12T13:37:11.000Z</time>
      </trkpt>
      <trkpt lat="47.018699" lon="9.856274">
        <ele>2412.216674</ele>
        <time>2026-09-12T13:37:13.000Z</time>
      </trkpt>
      <trkpt lat="47.018702" lon="9.856312">
        <ele>2411.488564</ele>
        <time>2026-09-12T13:37:17.000Z</time>
      </trkpt>
      <trkpt lat="47.018701" lon="9.856329">
        <ele>2411.163791</ele>
        <time>2026-09-12T13:37:19.000Z</time>
      </trkpt>
      <trkpt lat="47.018690" lon="9.856382">
        <ele>2410.109300</ele>
        <time>2026-09-12T13:37:24.000Z</time>
      </trkpt>
      <trkpt lat="47.018710" lon="9.856407">
        <ele>2409.375681</ele>
        <time>2026-09-12T13:37:28.000Z</time>
      </trkpt>
      <trkpt lat="47.018713" lon="9.856418">
        <ele>2409.150181</ele>
        <time>2026-09-12T13:37:29.000Z</time>
      </trkpt>
      <trkpt lat="47.018723" lon="9.856456">
        <ele>2408.374892</ele>
        <time>2026-09-12T13:37:34.000Z</time>
      </trkpt>
      <trkpt lat="47.018732" lon="9.856457">
        <ele>2408.122907</ele>
        <time>2026-09-12T13:37:36.000Z</time>
      </trkpt>
      <trkpt lat="47.018761" lon="9.856447">
        <ele>2407.291203</ele>
        <time>2026-09-12T13:37:42.000Z</time>
      </trkpt>
      <trkpt lat="47.018762" lon="9.856454">
        <ele>2407.155075</ele>
        <time>2026-09-12T13:37:43.000Z</time>
      </trkpt>
      <trkpt lat="47.018771" lon="9.856507">
        <ele>2406.115474</ele>
        <time>2026-09-12T13:37:48.000Z</time>
      </trkpt>
      <trkpt lat="47.018774" lon="9.856512">
        <ele>2405.988699</ele>
        <time>2026-09-12T13:37:49.000Z</time>
      </trkpt>
      <trkpt lat="47.018781" lon="9.856518">
        <ele>2405.762349</ele>
        <time>2026-09-12T13:37:52.000Z</time>
      </trkpt>
      <trkpt lat="47.018778" lon="9.856537">
        <ele>2405.391139</ele>
        <time>2026-09-12T13:37:56.000Z</time>
      </trkpt>
      <trkpt lat="47.018782" lon="9.856550">
        <ele>2405.119670</ele>
        <time>2026-09-12T13:37:58.000Z</time>
      </trkpt>
      <trkpt lat="47.018802" lon="9.856588">
        <ele>2404.205941</ele>
        <time>2026-09-12T13:38:04.000Z</time>
      </trkpt>
      <trkpt lat="47.018829" lon="9.856613">
        <ele>2403.314520</ele>
        <time>2026-09-12T13:38:08.000Z</time>
      </trkpt>
      <trkpt lat="47.018851" lon="9.856595">
        <ele>2402.611226</ele>
        <time>2026-09-12T13:38:11.000Z</time>
      </trkpt>
      <trkpt lat="47.018861" lon="9.856576">
        <ele>2402.207512</ele>
        <time>2026-09-12T13:38:13.000Z</time>
      </trkpt>
      <trkpt lat="47.018888" lon="9.856550">
        <ele>2401.416251</ele>
        <time>2026-09-12T13:38:17.000Z</time>
      </trkpt>
      <trkpt lat="47.018892" lon="9.856545">
        <ele>2401.287502</ele>
        <time>2026-09-12T13:38:18.000Z</time>
      </trkpt>
      <trkpt lat="47.018913" lon="9.856526">
        <ele>2400.683039</ele>
        <time>2026-09-12T13:38:21.000Z</time>
      </trkpt>
      <trkpt lat="47.018940" lon="9.856487">
        <ele>2399.754703</ele>
        <time>2026-09-12T13:38:25.000Z</time>
      </trkpt>
      <trkpt lat="47.018951" lon="9.856473">
        <ele>2399.397919</ele>
        <time>2026-09-12T13:38:26.000Z</time>
      </trkpt>
      <trkpt lat="47.018970" lon="9.856466">
        <ele>2398.917993</ele>
        <time>2026-09-12T13:38:28.000Z</time>
      </trkpt>
      <trkpt lat="47.019000" lon="9.856452">
        <ele>2398.146745</ele>
        <time>2026-09-12T13:38:32.000Z</time>
      </trkpt>
      <trkpt lat="47.019026" lon="9.856459">
        <ele>2397.499148</ele>
        <time>2026-09-12T13:38:37.000Z</time>
      </trkpt>
      <trkpt lat="47.019031" lon="9.856451">
        <ele>2397.317883</ele>
        <time>2026-09-12T13:38:38.000Z</time>
      </trkpt>
      <trkpt lat="47.019032" lon="9.856461">
        <ele>2397.149078</ele>
        <time>2026-09-12T13:38:43.000Z</time>
      </trkpt>
      <trkpt lat="47.019039" lon="9.856460">
        <ele>2396.976778</ele>
        <time>2026-09-12T13:38:44.000Z</time>
      </trkpt>
      <trkpt lat="47.019066" lon="9.856496">
        <ele>2396.082887</ele>
        <time>2026-09-12T13:38:50.000Z</time>
      </trkpt>
      <trkpt lat="47.019090" lon="9.856512">
        <ele>2395.437048</ele>
        <time>2026-09-12T13:38:54.000Z</time>
      </trkpt>
      <trkpt lat="47.019104" lon="9.856525">
        <ele>2395.031123</ele>
        <time>2026-09-12T13:38:58.000Z</time>
      </trkpt>
      <trkpt lat="47.019122" lon="9.856556">
        <ele>2394.351031</ele>
        <time>2026-09-12T13:39:01.000Z</time>
      </trkpt>
      <trkpt lat="47.019141" lon="9.856553">
        <ele>2393.882874</ele>
        <time>2026-09-12T13:39:04.000Z</time>
      </trkpt>
      <trkpt lat="47.019143" lon="9.856561">
        <ele>2393.740560</ele>
        <time>2026-09-12T13:39:05.000Z</time>
      </trkpt>
      <trkpt lat="47.019153" lon="9.856597">
        <ele>2393.091301</ele>
        <time>2026-09-12T13:39:10.000Z</time>
      </trkpt>
      <trkpt lat="47.019157" lon="9.856596">
        <ele>2392.991895</ele>
        <time>2026-09-12T13:39:11.000Z</time>
      </trkpt>
      <trkpt lat="47.019166" lon="9.856587">
        <ele>2392.725046</ele>
        <time>2026-09-12T13:39:17.000Z</time>
      </trkpt>
      <trkpt lat="47.019174" lon="9.856586">
        <ele>2392.528349</ele>
        <time>2026-09-12T13:39:19.000Z</time>
      </trkpt>
      <trkpt lat="47.019185" lon="9.856602">
        <ele>2392.148835</ele>
        <time>2026-09-12T13:39:25.000Z</time>
      </trkpt>
      <trkpt lat="47.019198" lon="9.856607">
        <ele>2391.819591</ele>
        <time>2026-09-12T13:39:28.000Z</time>
      </trkpt>
      <trkpt lat="47.019210" lon="9.856612">
        <ele>2391.513980</ele>
        <time>2026-09-12T13:39:31.000Z</time>
      </trkpt>
      <trkpt lat="47.019210" lon="9.856612">
        <ele>2391.513980</ele>
        <time>2026-09-12T13:39:32.000Z</time>
      </trkpt>
      <trkpt lat="47.019218" lon="9.856605">
        <ele>2391.285772</ele>
        <time>2026-09-12T13:39:38.000Z</time>
      </trkpt>
      <trkpt lat="47.019227" lon="9.856603">
        <ele>2391.062771</ele>
        <time>2026-09-12T13:39:41.000Z</time>
      </trkpt>
      <trkpt lat="47.019230" lon="9.856606">
        <ele>2390.973821</ele>
        <time>2026-09-12T13:39:45.000Z</time>
      </trkpt>
      <trkpt lat="47.019212" lon="9.856622">
        <ele>2390.458200</ele>
        <time>2026-09-12T13:39:51.000Z</time>
      </trkpt>
      <trkpt lat="47.019235" lon="9.856579">
        <ele>2389.545367</ele>
        <time>2026-09-12T13:39:59.000Z</time>
      </trkpt>
      <trkpt lat="47.019238" lon="9.856574">
        <ele>2389.434123</ele>
        <time>2026-09-12T13:40:00.000Z</time>
      </trkpt>
      <trkpt lat="47.019255" lon="9.856523">
        <ele>2388.485969</ele>
        <time>2026-09-12T13:40:06.000Z</time>
      </trkpt>
      <trkpt lat="47.019266" lon="9.856520">
        <ele>2388.211869</ele>
        <time>2026-09-12T13:40:08.000Z</time>
      </trkpt>
      <trkpt lat="47.019268" lon="9.856532">
        <ele>2388.005546</ele>
        <time>2026-09-12T13:40:14.000Z</time>
      </trkpt>
      <trkpt lat="47.019279" lon="9.856515">
        <ele>2387.614092</ele>
        <time>2026-09-12T13:40:17.000Z</time>
      </trkpt>
      <trkpt lat="47.019310" lon="9.856470">
        <ele>2386.545621</ele>
        <time>2026-09-12T13:40:21.000Z</time>
      </trkpt>
      <trkpt lat="47.019325" lon="9.856427">
        <ele>2385.738891</ele>
        <time>2026-09-12T13:40:24.000Z</time>
      </trkpt>
      <trkpt lat="47.019330" lon="9.856411">
        <ele>2385.444926</ele>
        <time>2026-09-12T13:40:25.000Z</time>
      </trkpt>
      <trkpt lat="47.019349" lon="9.856342">
        <ele>2384.202054</ele>
        <time>2026-09-12T13:40:29.000Z</time>
      </trkpt>
      <trkpt lat="47.019368" lon="9.856310">
        <ele>2383.493320</ele>
        <time>2026-09-12T13:40:31.000Z</time>
      </trkpt>
      <trkpt lat="47.019385" lon="9.856286">
        <ele>2382.915288</ele>
        <time>2026-09-12T13:40:33.000Z</time>
      </trkpt>
      <trkpt lat="47.019401" lon="9.856258">
        <ele>2382.305093</ele>
        <time>2026-09-12T13:40:36.000Z</time>
      </trkpt>
      <trkpt lat="47.019407" lon="9.856251">
        <ele>2382.117278</ele>
        <time>2026-09-12T13:40:37.000Z</time>
      </trkpt>
      <trkpt lat="47.019433" lon="9.856249">
        <ele>2381.479447</ele>
        <time>2026-09-12T13:40:41.000Z</time>
      </trkpt>
      <trkpt lat="47.019453" lon="9.856244">
        <ele>2380.982416</ele>
        <time>2026-09-12T13:40:45.000Z</time>
      </trkpt>
      <trkpt lat="47.019456" lon="9.856237">
        <ele>2380.844322</ele>
        <time>2026-09-12T13:40:46.000Z</time>
      </trkpt>
      <trkpt lat="47.019490" lon="9.856208">
        <ele>2379.880794</ele>
        <time>2026-09-12T13:40:51.000Z</time>
      </trkpt>
      <trkpt lat="47.019504" lon="9.856200">
        <ele>2379.512711</ele>
        <time>2026-09-12T13:40:53.000Z</time>
      </trkpt>
      <trkpt lat="47.019519" lon="9.856187">
        <ele>2379.085886</ele>
        <time>2026-09-12T13:40:55.000Z</time>
      </trkpt>
      <trkpt lat="47.019535" lon="9.856152">
        <ele>2378.382074</ele>
        <time>2026-09-12T13:40:59.000Z</time>
      </trkpt>
      <trkpt lat="47.019539" lon="9.856123">
        <ele>2377.887911</ele>
        <time>2026-09-12T13:41:01.000Z</time>
      </trkpt>
      <trkpt lat="47.019537" lon="9.856089">
        <ele>2377.317944</ele>
        <time>2026-09-12T13:41:03.000Z</time>
      </trkpt>
      <trkpt lat="47.019534" lon="9.856022">
        <ele>2376.196521</ele>
        <time>2026-09-12T13:41:08.000Z</time>
      </trkpt>
      <trkpt lat="47.019538" lon="9.855993">
        <ele>2375.702358</ele>
        <time>2026-09-12T13:41:11.000Z</time>
      </trkpt>
      <trkpt lat="47.019548" lon="9.855988">
        <ele>2375.443533</ele>
        <time>2026-09-12T13:41:13.000Z</time>
      </trkpt>
      <trkpt lat="47.019553" lon="9.855969">
        <ele>2375.103381</ele>
        <time>2026-09-12T13:41:14.000Z</time>
      </trkpt>
      <trkpt lat="47.019550" lon="9.855950">
        <ele>2374.777649</ele>
        <time>2026-09-12T13:41:15.000Z</time>
      </trkpt>
      <trkpt lat="47.019536" lon="9.855892">
        <ele>2373.750027</ele>
        <time>2026-09-12T13:41:19.000Z</time>
      </trkpt>
      <trkpt lat="47.019535" lon="9.855881">
        <ele>2373.564683</ele>
        <time>2026-09-12T13:41:20.000Z</time>
      </trkpt>
      <trkpt lat="47.019541" lon="9.855823">
        <ele>2372.584896</ele>
        <time>2026-09-12T13:41:23.000Z</time>
      </trkpt>
      <trkpt lat="47.019537" lon="9.855813">
        <ele>2372.391254</ele>
        <time>2026-09-12T13:41:25.000Z</time>
      </trkpt>
      <trkpt lat="47.019537" lon="9.855809">
        <ele>2372.324447</ele>
        <time>2026-09-12T13:41:26.000Z</time>
      </trkpt>
      <trkpt lat="47.019545" lon="9.855804">
        <ele>2372.111412</ele>
        <time>2026-09-12T13:41:29.000Z</time>
      </trkpt>
      <trkpt lat="47.019548" lon="9.855805">
        <ele>2372.036043</ele>
        <time>2026-09-12T13:41:32.000Z</time>
      </trkpt>
      <trkpt lat="47.019550" lon="9.855807">
        <ele>2371.976743</ele>
        <time>2026-09-12T13:41:33.000Z</time>
      </trkpt>
      <trkpt lat="47.019568" lon="9.855719">
        <ele>2370.442269</ele>
        <time>2026-09-12T13:41:40.000Z</time>
      </trkpt>
      <trkpt lat="47.019574" lon="9.855634">
        <ele>2369.015037</ele>
        <time>2026-09-12T13:41:42.000Z</time>
      </trkpt>
      <trkpt lat="47.019575" lon="9.855607">
        <ele>2368.563427</ele>
        <time>2026-09-12T13:41:43.000Z</time>
      </trkpt>
      <trkpt lat="47.019583" lon="9.855552">
        <ele>2367.624161</ele>
        <time>2026-09-12T13:41:48.000Z</time>
      </trkpt>
      <trkpt lat="47.019582" lon="9.855539">
        <ele>2367.405661</ele>
        <time>2026-09-12T13:41:49.000Z</time>
      </trkpt>
      <trkpt lat="47.019546" lon="9.855448">
        <ele>2365.648457</ele>
        <time>2026-09-12T13:41:55.000Z</time>
      </trkpt>
      <trkpt lat="47.019551" lon="9.855372">
        <ele>2364.373233</ele>
        <time>2026-09-12T13:42:00.000Z</time>
      </trkpt>
      <trkpt lat="47.019558" lon="9.855349">
        <ele>2363.952554</ele>
        <time>2026-09-12T13:42:02.000Z</time>
      </trkpt>
      <trkpt lat="47.019552" lon="9.855268">
        <ele>2362.591756</ele>
        <time>2026-09-12T13:42:07.000Z</time>
      </trkpt>
      <trkpt lat="47.019577" lon="9.855142">
        <ele>2360.400033</ele>
        <time>2026-09-12T13:42:14.000Z</time>
      </trkpt>
      <trkpt lat="47.019607" lon="9.855078">
        <ele>2359.102840</ele>
        <time>2026-09-12T13:42:20.000Z</time>
      </trkpt>
      <trkpt lat="47.019636" lon="9.855049">
        <ele>2358.359106</ele>
        <time>2026-09-12T13:42:24.000Z</time>
      </trkpt>
      <trkpt lat="47.019668" lon="9.855043">
        <ele>2357.894701</ele>
        <time>2026-09-12T13:42:27.000Z</time>
      </trkpt>
      <trkpt lat="47.019676" lon="9.855052">
        <ele>2357.749565</ele>
        <time>2026-09-12T13:42:28.000Z</time>
      </trkpt>
      <trkpt lat="47.019683" lon="9.855055">
        <ele>2357.644583</ele>
        <time>2026-09-12T13:42:29.000Z</time>
      </trkpt>
      <trkpt lat="47.019725" lon="9.855033">
        <ele>2357.002576</ele>
        <time>2026-09-12T13:42:33.000Z</time>
      </trkpt>
      <trkpt lat="47.019755" lon="9.855040">
        <ele>2356.565280</ele>
        <time>2026-09-12T13:42:37.000Z</time>
      </trkpt>
      <trkpt lat="47.019771" lon="9.855057">
        <ele>2356.280874</ele>
        <time>2026-09-12T13:42:39.000Z</time>
      </trkpt>
      <trkpt lat="47.019805" lon="9.855076">
        <ele>2355.757109</ele>
        <time>2026-09-12T13:42:42.000Z</time>
      </trkpt>
      <trkpt lat="47.019831" lon="9.855088">
        <ele>2355.364735</ele>
        <time>2026-09-12T13:42:44.000Z</time>
      </trkpt>
      <trkpt lat="47.019850" lon="9.855080">
        <ele>2355.080174</ele>
        <time>2026-09-12T13:42:45.000Z</time>
      </trkpt>
      <trkpt lat="47.019869" lon="9.855069">
        <ele>2354.786125</ele>
        <time>2026-09-12T13:42:47.000Z</time>
      </trkpt>
      <trkpt lat="47.019906" lon="9.855058">
        <ele>2354.242660</ele>
        <time>2026-09-12T13:42:51.000Z</time>
      </trkpt>
      <trkpt lat="47.019954" lon="9.855042">
        <ele>2353.534058</ele>
        <time>2026-09-12T13:42:55.000Z</time>
      </trkpt>
      <trkpt lat="47.019972" lon="9.855031">
        <ele>2353.253350</ele>
        <time>2026-09-12T13:42:57.000Z</time>
      </trkpt>
      <trkpt lat="47.019983" lon="9.855019">
        <ele>2353.056006</ele>
        <time>2026-09-12T13:42:59.000Z</time>
      </trkpt>
      <trkpt lat="47.020023" lon="9.855005">
        <ele>2352.464020</ele>
        <time>2026-09-12T13:43:04.000Z</time>
      </trkpt>
      <trkpt lat="47.020049" lon="9.855011">
        <ele>2352.085132</ele>
        <time>2026-09-12T13:43:07.000Z</time>
      </trkpt>
      <trkpt lat="47.020072" lon="9.855025">
        <ele>2351.726659</ele>
        <time>2026-09-12T13:43:10.000Z</time>
      </trkpt>
      <trkpt lat="47.020109" lon="9.855049">
        <ele>2351.144270</ele>
        <time>2026-09-12T13:43:15.000Z</time>
      </trkpt>
      <trkpt lat="47.020127" lon="9.855050">
        <ele>2350.884964</ele>
        <time>2026-09-12T13:43:18.000Z</time>
      </trkpt>
      <trkpt lat="47.020143" lon="9.855024">
        <ele>2350.541220</ele>
        <time>2026-09-12T13:43:20.000Z</time>
      </trkpt>
      <trkpt lat="47.020167" lon="9.855014">
        <ele>2350.182059</ele>
        <time>2026-09-12T13:43:23.000Z</time>
      </trkpt>
      <trkpt lat="47.020186" lon="9.855035">
        <ele>2349.839589</ele>
        <time>2026-09-12T13:43:29.000Z</time>
      </trkpt>
      <trkpt lat="47.020192" lon="9.855036">
        <ele>2349.752660</ele>
        <time>2026-09-12T13:43:30.000Z</time>
      </trkpt>
      <trkpt lat="47.020214" lon="9.855053">
        <ele>2349.394701</ele>
        <time>2026-09-12T13:43:33.000Z</time>
      </trkpt>
      <trkpt lat="47.020231" lon="9.855061">
        <ele>2349.137691</ele>
        <time>2026-09-12T13:43:35.000Z</time>
      </trkpt>
      <trkpt lat="47.020244" lon="9.855081">
        <ele>2348.866494</ele>
        <time>2026-09-12T13:43:37.000Z</time>
      </trkpt>
      <trkpt lat="47.020255" lon="9.855176">
        <ele>2347.920811</ele>
        <time>2026-09-12T13:43:43.000Z</time>
      </trkpt>
      <trkpt lat="47.020272" lon="9.855290">
        <ele>2346.775562</ele>
        <time>2026-09-12T13:43:50.000Z</time>
      </trkpt>
      <trkpt lat="47.020292" lon="9.855326">
        <ele>2346.319803</ele>
        <time>2026-09-12T13:43:54.000Z</time>
      </trkpt>
      <trkpt lat="47.020322" lon="9.855338">
        <ele>2345.872168</ele>
        <time>2026-09-12T13:43:57.000Z</time>
      </trkpt>
      <trkpt lat="47.020331" lon="9.855348">
        <ele>2345.709634</ele>
        <time>2026-09-12T13:43:58.000Z</time>
      </trkpt>
      <trkpt lat="47.020367" lon="9.855444">
        <ele>2344.634365</ele>
        <time>2026-09-12T13:44:04.000Z</time>
      </trkpt>
      <trkpt lat="47.020386" lon="9.855517">
        <ele>2343.867508</ele>
        <time>2026-09-12T13:44:09.000Z</time>
      </trkpt>
      <trkpt lat="47.020393" lon="9.855531">
        <ele>2343.697121</ele>
        <time>2026-09-12T13:44:10.000Z</time>
      </trkpt>
      <trkpt lat="47.020394" lon="9.855565">
        <ele>2343.363135</ele>
        <time>2026-09-12T13:44:12.000Z</time>
      </trkpt>
      <trkpt lat="47.020381" lon="9.855626">
        <ele>2342.735913</ele>
        <time>2026-09-12T13:44:17.000Z</time>
      </trkpt>
      <trkpt lat="47.020358" lon="9.855714">
        <ele>2341.810990</ele>
        <time>2026-09-12T13:44:24.000Z</time>
      </trkpt>
      <trkpt lat="47.020347" lon="9.855750">
        <ele>2341.423823</ele>
        <time>2026-09-12T13:44:26.000Z</time>
      </trkpt>
      <trkpt lat="47.020341" lon="9.855854">
        <ele>2340.399520</ele>
        <time>2026-09-12T13:44:31.000Z</time>
      </trkpt>
      <trkpt lat="47.020337" lon="9.855975">
        <ele>2339.210632</ele>
        <time>2026-09-12T13:44:38.000Z</time>
      </trkpt>
      <trkpt lat="47.020362" lon="9.856064">
        <ele>2338.265949</ele>
        <time>2026-09-12T13:44:43.000Z</time>
      </trkpt>
      <trkpt lat="47.020370" lon="9.856123">
        <ele>2337.675582</ele>
        <time>2026-09-12T13:44:47.000Z</time>
      </trkpt>
      <trkpt lat="47.020372" lon="9.856139">
        <ele>2337.515941</ele>
        <time>2026-09-12T13:44:48.000Z</time>
      </trkpt>
      <trkpt lat="47.020368" lon="9.856152">
        <ele>2337.375966</ele>
        <time>2026-09-12T13:44:49.000Z</time>
      </trkpt>
      <trkpt lat="47.020364" lon="9.856170">
        <ele>2337.190167</ele>
        <time>2026-09-12T13:44:50.000Z</time>
      </trkpt>
      <trkpt lat="47.020370" lon="9.856203">
        <ele>2336.854985</ele>
        <time>2026-09-12T13:44:52.000Z</time>
      </trkpt>
      <trkpt lat="47.020377" lon="9.856226">
        <ele>2336.607792</ele>
        <time>2026-09-12T13:44:54.000Z</time>
      </trkpt>
      <trkpt lat="47.020419" lon="9.856315">
        <ele>2335.545502</ele>
        <time>2026-09-12T13:45:01.000Z</time>
      </trkpt>
      <trkpt lat="47.020441" lon="9.856330">
        <ele>2335.196259</ele>
        <time>2026-09-12T13:45:04.000Z</time>
      </trkpt>
      <trkpt lat="47.020475" lon="9.856363">
        <ele>2334.609364</ele>
        <time>2026-09-12T13:45:08.000Z</time>
      </trkpt>
      <trkpt lat="47.020496" lon="9.856375">
        <ele>2334.284929</ele>
        <time>2026-09-12T13:45:10.000Z</time>
      </trkpt>
      <trkpt lat="47.020520" lon="9.856388">
        <ele>2333.916633</ele>
        <time>2026-09-12T13:45:13.000Z</time>
      </trkpt>
      <trkpt lat="47.020563" lon="9.856405">
        <ele>2333.275536</ele>
        <time>2026-09-12T13:45:16.000Z</time>
      </trkpt>
      <trkpt lat="47.020596" lon="9.856440">
        <ele>2332.689311</ele>
        <time>2026-09-12T13:45:19.000Z</time>
      </trkpt>
      <trkpt lat="47.020626" lon="9.856470">
        <ele>2332.201894</ele>
        <time>2026-09-12T13:45:22.000Z</time>
      </trkpt>
      <trkpt lat="47.020649" lon="9.856509">
        <ele>2331.734145</ele>
        <time>2026-09-12T13:45:25.000Z</time>
      </trkpt>
      <trkpt lat="47.020695" lon="9.856581">
        <ele>2330.839100</ele>
        <time>2026-09-12T13:45:31.000Z</time>
      </trkpt>
      <trkpt lat="47.020705" lon="9.856615">
        <ele>2330.503223</ele>
        <time>2026-09-12T13:45:33.000Z</time>
      </trkpt>
      <trkpt lat="47.020728" lon="9.856661">
        <ele>2329.985785</ele>
        <time>2026-09-12T13:45:37.000Z</time>
      </trkpt>
      <trkpt lat="47.020779" lon="9.856724">
        <ele>2329.098655</ele>
        <time>2026-09-12T13:45:42.000Z</time>
      </trkpt>
      <trkpt lat="47.020784" lon="9.856734">
        <ele>2328.986169</ele>
        <time>2026-09-12T13:45:43.000Z</time>
      </trkpt>
      <trkpt lat="47.020792" lon="9.856786">
        <ele>2328.502638</ele>
        <time>2026-09-12T13:45:46.000Z</time>
      </trkpt>
      <trkpt lat="47.020796" lon="9.856837">
        <ele>2328.036988</ele>
        <time>2026-09-12T13:45:49.000Z</time>
      </trkpt>
      <trkpt lat="47.020821" lon="9.856899">
        <ele>2327.383606</ele>
        <time>2026-09-12T13:45:52.000Z</time>
      </trkpt>
      <trkpt lat="47.020847" lon="9.856939">
        <ele>2326.882298</ele>
        <time>2026-09-12T13:45:55.000Z</time>
      </trkpt>
      <trkpt lat="47.020864" lon="9.856962">
        <ele>2326.574589</ele>
        <time>2026-09-12T13:45:57.000Z</time>
      </trkpt>
      <trkpt lat="47.020881" lon="9.857028">
        <ele>2325.934628</ele>
        <time>2026-09-12T13:46:02.000Z</time>
      </trkpt>
      <trkpt lat="47.020925" lon="9.857135">
        <ele>2324.801187</ele>
        <time>2026-09-12T13:46:09.000Z</time>
      </trkpt>
      <trkpt lat="47.020975" lon="9.857200">
        <ele>2323.912267</ele>
        <time>2026-09-12T13:46:14.000Z</time>
      </trkpt>
      <trkpt lat="47.020980" lon="9.857203">
        <ele>2323.840391</ele>
        <time>2026-09-12T13:46:16.000Z</time>
      </trkpt>
      <trkpt lat="47.020971" lon="9.857211">
        <ele>2323.700374</ele>
        <time>2026-09-12T13:46:18.000Z</time>
      </trkpt>
      <trkpt lat="47.020971" lon="9.857224">
        <ele>2323.582457</ele>
        <time>2026-09-12T13:46:19.000Z</time>
      </trkpt>
      <trkpt lat="47.020969" lon="9.857263">
        <ele>2323.227706</ele>
        <time>2026-09-12T13:46:22.000Z</time>
      </trkpt>
      <trkpt lat="47.020984" lon="9.857286">
        <ele>2322.938995</ele>
        <time>2026-09-12T13:46:24.000Z</time>
      </trkpt>
      <trkpt lat="47.020993" lon="9.857314">
        <ele>2322.658206</ele>
        <time>2026-09-12T13:46:26.000Z</time>
      </trkpt>
      <trkpt lat="47.021024" lon="9.857395">
        <ele>2321.815634</ele>
        <time>2026-09-12T13:46:31.000Z</time>
      </trkpt>
      <trkpt lat="47.021028" lon="9.857404">
        <ele>2321.718183</ele>
        <time>2026-09-12T13:46:32.000Z</time>
      </trkpt>
      <trkpt lat="47.021040" lon="9.857475">
        <ele>2321.054680</ele>
        <time>2026-09-12T13:46:37.000Z</time>
      </trkpt>
      <trkpt lat="47.021051" lon="9.857505">
        <ele>2320.745702</ele>
        <time>2026-09-12T13:46:39.000Z</time>
      </trkpt>
      <trkpt lat="47.021083" lon="9.857558">
        <ele>2320.103530</ele>
        <time>2026-09-12T13:46:45.000Z</time>
      </trkpt>
      <trkpt lat="47.021086" lon="9.857579">
        <ele>2319.908912</ele>
        <time>2026-09-12T13:46:47.000Z</time>
      </trkpt>
      <trkpt lat="47.021072" lon="9.857597">
        <ele>2319.661214</ele>
        <time>2026-09-12T13:46:51.000Z</time>
      </trkpt>
      <trkpt lat="47.021076" lon="9.857607">
        <ele>2319.556048</ele>
        <time>2026-09-12T13:46:52.000Z</time>
      </trkpt>
      <trkpt lat="47.021111" lon="9.857636">
        <ele>2319.021211</ele>
        <time>2026-09-12T13:46:56.000Z</time>
      </trkpt>
      <trkpt lat="47.021115" lon="9.857636">
        <ele>2318.967990</ele>
        <time>2026-09-12T13:46:58.000Z</time>
      </trkpt>
      <trkpt lat="47.021111" lon="9.857626">
        <ele>2318.862824</ele>
        <time>2026-09-12T13:47:02.000Z</time>
      </trkpt>
      <trkpt lat="47.021113" lon="9.857626">
        <ele>2318.836214</ele>
        <time>2026-09-12T13:47:04.000Z</time>
      </trkpt>
      <trkpt lat="47.021101" lon="9.857692">
        <ele>2318.216635</ele>
        <time>2026-09-12T13:47:10.000Z</time>
      </trkpt>
      <trkpt lat="47.021119" lon="9.857773">
        <ele>2317.443875</ele>
        <time>2026-09-12T13:47:17.000Z</time>
      </trkpt>
      <trkpt lat="47.021134" lon="9.857775">
        <ele>2317.243475</ele>
        <time>2026-09-12T13:47:23.000Z</time>
      </trkpt>
      <trkpt lat="47.021131" lon="9.857785">
        <ele>2317.144375</ele>
        <time>2026-09-12T13:47:24.000Z</time>
      </trkpt>
      <trkpt lat="47.021134" lon="9.857808">
        <ele>2316.931970</ele>
        <time>2026-09-12T13:47:26.000Z</time>
      </trkpt>
      <trkpt lat="47.021126" lon="9.857841">
        <ele>2316.614281</ele>
        <time>2026-09-12T13:47:30.000Z</time>
      </trkpt>
      <trkpt lat="47.021108" lon="9.857918">
        <ele>2315.875931</ele>
        <time>2026-09-12T13:47:38.000Z</time>
      </trkpt>
      <trkpt lat="47.021103" lon="9.857968">
        <ele>2315.417552</ele>
        <time>2026-09-12T13:47:43.000Z</time>
      </trkpt>
      <trkpt lat="47.021101" lon="9.857987">
        <ele>2315.243170</ele>
        <time>2026-09-12T13:47:45.000Z</time>
      </trkpt>
      <trkpt lat="47.021124" lon="9.858050">
        <ele>2314.594946</ele>
        <time>2026-09-12T13:47:51.000Z</time>
      </trkpt>
      <trkpt lat="47.021131" lon="9.858112">
        <ele>2314.024915</ele>
        <time>2026-09-12T13:47:56.000Z</time>
      </trkpt>
      <trkpt lat="47.021142" lon="9.858141">
        <ele>2313.723895</ele>
        <time>2026-09-12T13:47:58.000Z</time>
      </trkpt>
      <trkpt lat="47.021143" lon="9.858206">
        <ele>2313.134162</ele>
        <time>2026-09-12T13:48:02.000Z</time>
      </trkpt>
      <trkpt lat="47.021134" lon="9.858207">
        <ele>2313.014072</ele>
        <time>2026-09-12T13:48:03.000Z</time>
      </trkpt>
      <trkpt lat="47.021125" lon="9.858208">
        <ele>2312.893983</ele>
        <time>2026-09-12T13:48:04.000Z</time>
      </trkpt>
      <trkpt lat="47.021109" lon="9.858205">
        <ele>2312.679368</ele>
        <time>2026-09-12T13:48:07.000Z</time>
      </trkpt>
      <trkpt lat="47.021107" lon="9.858218">
        <ele>2312.558486</ele>
        <time>2026-09-12T13:48:08.000Z</time>
      </trkpt>
      <trkpt lat="47.021105" lon="9.858231">
        <ele>2312.437604</ele>
        <time>2026-09-12T13:48:09.000Z</time>
      </trkpt>
      <trkpt lat="47.021109" lon="9.858295">
        <ele>2311.854657</ele>
        <time>2026-09-12T13:48:14.000Z</time>
      </trkpt>
      <trkpt lat="47.021117" lon="9.858324">
        <ele>2311.570892</ele>
        <time>2026-09-12T13:48:16.000Z</time>
      </trkpt>
      <trkpt lat="47.021133" lon="9.858362">
        <ele>2311.165772</ele>
        <time>2026-09-12T13:48:20.000Z</time>
      </trkpt>
      <trkpt lat="47.021128" lon="9.858376">
        <ele>2311.022414</ele>
        <time>2026-09-12T13:48:21.000Z</time>
      </trkpt>
      <trkpt lat="47.021115" lon="9.858379">
        <ele>2310.847320</ele>
        <time>2026-09-12T13:48:22.000Z</time>
      </trkpt>
      <trkpt lat="47.021092" lon="9.858430">
        <ele>2310.292664</ele>
        <time>2026-09-12T13:48:27.000Z</time>
      </trkpt>
      <trkpt lat="47.021099" lon="9.858442">
        <ele>2310.149410</ele>
        <time>2026-09-12T13:48:28.000Z</time>
      </trkpt>
      <trkpt lat="47.021103" lon="9.858452">
        <ele>2310.044244</ele>
        <time>2026-09-12T13:48:29.000Z</time>
      </trkpt>
      <trkpt lat="47.021100" lon="9.858462">
        <ele>2309.945144</ele>
        <time>2026-09-12T13:48:30.000Z</time>
      </trkpt>
      <trkpt lat="47.021087" lon="9.858474">
        <ele>2309.740779</ele>
        <time>2026-09-12T13:48:33.000Z</time>
      </trkpt>
      <trkpt lat="47.021087" lon="9.858485">
        <ele>2309.641004</ele>
        <time>2026-09-12T13:48:34.000Z</time>
      </trkpt>
      <trkpt lat="47.021088" lon="9.858513">
        <ele>2309.386681</ele>
        <time>2026-09-12T13:48:37.000Z</time>
      </trkpt>
      <trkpt lat="47.021091" lon="9.858523">
        <ele>2309.287582</ele>
        <time>2026-09-12T13:48:38.000Z</time>
      </trkpt>
      <trkpt lat="47.021121" lon="9.858570">
        <ele>2308.703571</ele>
        <time>2026-09-12T13:48:43.000Z</time>
      </trkpt>
      <trkpt lat="47.021121" lon="9.858581">
        <ele>2308.531357</ele>
        <time>2026-09-12T13:48:44.000Z</time>
      </trkpt>
      <trkpt lat="47.021125" lon="9.858645">
        <ele>2307.513512</ele>
        <time>2026-09-12T13:48:50.000Z</time>
      </trkpt>
      <trkpt lat="47.021133" lon="9.858670">
        <ele>2307.076129</ele>
        <time>2026-09-12T13:48:52.000Z</time>
      </trkpt>
      <trkpt lat="47.021137" lon="9.858683">
        <ele>2306.850243</ele>
        <time>2026-09-12T13:48:53.000Z</time>
      </trkpt>
      <trkpt lat="47.021142" lon="9.858725">
        <ele>2306.175007</ele>
        <time>2026-09-12T13:48:57.000Z</time>
      </trkpt>
      <trkpt lat="47.021157" lon="9.858785">
        <ele>2305.162884</ele>
        <time>2026-09-12T13:49:00.000Z</time>
      </trkpt>
      <trkpt lat="47.021163" lon="9.858819">
        <ele>2304.606664</ele>
        <time>2026-09-12T13:49:02.000Z</time>
      </trkpt>
      <trkpt lat="47.021159" lon="9.858836">
        <ele>2304.321844</ele>
        <time>2026-09-12T13:49:03.000Z</time>
      </trkpt>
      <trkpt lat="47.021156" lon="9.858886">
        <ele>2303.526913</ele>
        <time>2026-09-12T13:49:08.000Z</time>
      </trkpt>
      <trkpt lat="47.021152" lon="9.858888">
        <ele>2303.428738</ele>
        <time>2026-09-12T13:49:09.000Z</time>
      </trkpt>
      <trkpt lat="47.021146" lon="9.858881">
        <ele>2303.250639</ele>
        <time>2026-09-12T13:49:10.000Z</time>
      </trkpt>
      <trkpt lat="47.021124" lon="9.858885">
        <ele>2302.735641</ele>
        <time>2026-09-12T13:49:13.000Z</time>
      </trkpt>
      <trkpt lat="47.021123" lon="9.858898">
        <ele>2302.528448</ele>
        <time>2026-09-12T13:49:14.000Z</time>
      </trkpt>
      <trkpt lat="47.021135" lon="9.858949">
        <ele>2301.673986</ele>
        <time>2026-09-12T13:49:19.000Z</time>
      </trkpt>
      <trkpt lat="47.021132" lon="9.858967">
        <ele>2301.380517</ele>
        <time>2026-09-12T13:49:22.000Z</time>
      </trkpt>
      <trkpt lat="47.021136" lon="9.858990">
        <ele>2301.004591</ele>
        <time>2026-09-12T13:49:24.000Z</time>
      </trkpt>
      <trkpt lat="47.021137" lon="9.858997">
        <ele>2300.891321</ele>
        <time>2026-09-12T13:49:25.000Z</time>
      </trkpt>
      <trkpt lat="47.021138" lon="9.859024">
        <ele>2300.463081</ele>
        <time>2026-09-12T13:49:27.000Z</time>
      </trkpt>
      <trkpt lat="47.021142" lon="9.859037">
        <ele>2300.237195</ele>
        <time>2026-09-12T13:49:28.000Z</time>
      </trkpt>
      <trkpt lat="47.021143" lon="9.859060">
        <ele>2299.872195</ele>
        <time>2026-09-12T13:49:30.000Z</time>
      </trkpt>
      <trkpt lat="47.021147" lon="9.859096">
        <ele>2299.294526</ele>
        <time>2026-09-12T13:49:33.000Z</time>
      </trkpt>
      <trkpt lat="47.021139" lon="9.859145">
        <ele>2298.496550</ele>
        <time>2026-09-12T13:49:37.000Z</time>
      </trkpt>
      <trkpt lat="47.021176" lon="9.859207">
        <ele>2297.191559</ele>
        <time>2026-09-12T13:49:41.000Z</time>
      </trkpt>
      <trkpt lat="47.021180" lon="9.859250">
        <ele>2296.504241</ele>
        <time>2026-09-12T13:49:43.000Z</time>
      </trkpt>
      <trkpt lat="47.021173" lon="9.859300">
        <ele>2295.695847</ele>
        <time>2026-09-12T13:49:47.000Z</time>
      </trkpt>
      <trkpt lat="47.021164" lon="9.859320">
        <ele>2295.316315</ele>
        <time>2026-09-12T13:49:48.000Z</time>
      </trkpt>
      <trkpt lat="47.021158" lon="9.859342">
        <ele>2294.941046</ele>
        <time>2026-09-12T13:49:49.000Z</time>
      </trkpt>
      <trkpt lat="47.021139" lon="9.859366">
        <ele>2294.358549</ele>
        <time>2026-09-12T13:49:52.000Z</time>
      </trkpt>
      <trkpt lat="47.021134" lon="9.859376">
        <ele>2294.162145</ele>
        <time>2026-09-12T13:49:53.000Z</time>
      </trkpt>
      <trkpt lat="47.021125" lon="9.859386">
        <ele>2293.899853</ele>
        <time>2026-09-12T13:49:54.000Z</time>
      </trkpt>
      <trkpt lat="47.021121" lon="9.859395">
        <ele>2293.729701</ele>
        <time>2026-09-12T13:49:57.000Z</time>
      </trkpt>
      <trkpt lat="47.021120" lon="9.859381">
        <ele>2293.506764</ele>
        <time>2026-09-12T13:49:58.000Z</time>
      </trkpt>
      <trkpt lat="47.021116" lon="9.859404">
        <ele>2293.130837</ele>
        <time>2026-09-12T13:49:59.000Z</time>
      </trkpt>
      <trkpt lat="47.021121" lon="9.859438">
        <ele>2292.579980</ele>
        <time>2026-09-12T13:50:02.000Z</time>
      </trkpt>
      <trkpt lat="47.021148" lon="9.859448">
        <ele>2291.933051</ele>
        <time>2026-09-12T13:50:05.000Z</time>
      </trkpt>
      <trkpt lat="47.021153" lon="9.859460">
        <ele>2291.710317</ele>
        <time>2026-09-12T13:50:06.000Z</time>
      </trkpt>
      <trkpt lat="47.021152" lon="9.859474">
        <ele>2291.487379</ele>
        <time>2026-09-12T13:50:09.000Z</time>
      </trkpt>
      <trkpt lat="47.021151" lon="9.859497">
        <ele>2291.122379</ele>
        <time>2026-09-12T13:50:12.000Z</time>
      </trkpt>
      <trkpt lat="47.021169" lon="9.859547">
        <ele>2290.226881</ele>
        <time>2026-09-12T13:50:17.000Z</time>
      </trkpt>
      <trkpt lat="47.021127" lon="9.859588">
        <ele>2289.054854</ele>
        <time>2026-09-12T13:50:23.000Z</time>
      </trkpt>
      <trkpt lat="47.021085" lon="9.859599">
        <ele>2288.063712</ele>
        <time>2026-09-12T13:50:26.000Z</time>
      </trkpt>
      <trkpt lat="47.021068" lon="9.859585">
        <ele>2287.610797</ele>
        <time>2026-09-12T13:50:28.000Z</time>
      </trkpt>
      <trkpt lat="47.021059" lon="9.859574">
        <ele>2287.338649</ele>
        <time>2026-09-12T13:50:29.000Z</time>
      </trkpt>
      <trkpt lat="47.020996" lon="9.859575">
        <ele>2285.874995</ele>
        <time>2026-09-12T13:50:34.000Z</time>
      </trkpt>
      <trkpt lat="47.020992" lon="9.859615">
        <ele>2285.234719</ele>
        <time>2026-09-12T13:50:36.000Z</time>
      </trkpt>
      <trkpt lat="47.020994" lon="9.859658">
        <ele>2284.552126</ele>
        <time>2026-09-12T13:50:39.000Z</time>
      </trkpt>
      <trkpt lat="47.020978" lon="9.859705">
        <ele>2283.720121</ele>
        <time>2026-09-12T13:50:43.000Z</time>
      </trkpt>
      <trkpt lat="47.020959" lon="9.859720">
        <ele>2283.218859</ele>
        <time>2026-09-12T13:50:47.000Z</time>
      </trkpt>
      <trkpt lat="47.020955" lon="9.859724">
        <ele>2283.106394</ele>
        <time>2026-09-12T13:50:48.000Z</time>
      </trkpt>
      <trkpt lat="47.020918" lon="9.859720">
        <ele>2282.244507</ele>
        <time>2026-09-12T13:50:52.000Z</time>
      </trkpt>
      <trkpt lat="47.020907" lon="9.859706">
        <ele>2281.906181</ele>
        <time>2026-09-12T13:50:54.000Z</time>
      </trkpt>
      <trkpt lat="47.020892" lon="9.859711">
        <ele>2281.548829</ele>
        <time>2026-09-12T13:50:57.000Z</time>
      </trkpt>
      <trkpt lat="47.020877" lon="9.859729">
        <ele>2281.098609</ele>
        <time>2026-09-12T13:51:00.000Z</time>
      </trkpt>
      <trkpt lat="47.020871" lon="9.859731">
        <ele>2280.955668</ele>
        <time>2026-09-12T13:51:01.000Z</time>
      </trkpt>
      <trkpt lat="47.020842" lon="9.859741">
        <ele>2280.263597</ele>
        <time>2026-09-12T13:51:04.000Z</time>
      </trkpt>
      <trkpt lat="47.020822" lon="9.859748">
        <ele>2279.785929</ele>
        <time>2026-09-12T13:51:07.000Z</time>
      </trkpt>
      <trkpt lat="47.020814" lon="9.859755">
        <ele>2279.569525</ele>
        <time>2026-09-12T13:51:08.000Z</time>
      </trkpt>
      <trkpt lat="47.020786" lon="9.859767">
        <ele>2278.891856</ele>
        <time>2026-09-12T13:51:11.000Z</time>
      </trkpt>
      <trkpt lat="47.020753" lon="9.859774">
        <ele>2278.117250</ele>
        <time>2026-09-12T13:51:14.000Z</time>
      </trkpt>
      <trkpt lat="47.020747" lon="9.859774">
        <ele>2277.977863</ele>
        <time>2026-09-12T13:51:15.000Z</time>
      </trkpt>
      <trkpt lat="47.020711" lon="9.859770">
        <ele>2277.139143</ele>
        <time>2026-09-12T13:51:19.000Z</time>
      </trkpt>
      <trkpt lat="47.020676" lon="9.859777">
        <ele>2276.318526</ele>
        <time>2026-09-12T13:51:22.000Z</time>
      </trkpt>
      <trkpt lat="47.020662" lon="9.859787">
        <ele>2275.956778</ele>
        <time>2026-09-12T13:51:26.000Z</time>
      </trkpt>
      <trkpt lat="47.020662" lon="9.859786">
        <ele>2275.940940</ele>
        <time>2026-09-12T13:51:30.000Z</time>
      </trkpt>
      <trkpt lat="47.020669" lon="9.859774">
        <ele>2275.690812</ele>
        <time>2026-09-12T13:51:35.000Z</time>
      </trkpt>
      <trkpt lat="47.020672" lon="9.859775">
        <ele>2275.619342</ele>
        <time>2026-09-12T13:51:36.000Z</time>
      </trkpt>
      <trkpt lat="47.020674" lon="9.859773">
        <ele>2275.563109</ele>
        <time>2026-09-12T13:51:37.000Z</time>
      </trkpt>
      <trkpt lat="47.020672" lon="9.859773">
        <ele>2275.516647</ele>
        <time>2026-09-12T13:51:39.000Z</time>
      </trkpt>
      <trkpt lat="47.020669" lon="9.859772">
        <ele>2275.445176</ele>
        <time>2026-09-12T13:51:42.000Z</time>
      </trkpt>
      <trkpt lat="47.020667" lon="9.859771">
        <ele>2275.396089</ele>
        <time>2026-09-12T13:51:43.000Z</time>
      </trkpt>
      <trkpt lat="47.020658" lon="9.859773">
        <ele>2275.184622</ele>
        <time>2026-09-12T13:51:49.000Z</time>
      </trkpt>
      <trkpt lat="47.020643" lon="9.859780">
        <ele>2274.818943</ele>
        <time>2026-09-12T13:51:54.000Z</time>
      </trkpt>
      <trkpt lat="47.020627" lon="9.859776">
        <ele>2274.441884</ele>
        <time>2026-09-12T13:51:58.000Z</time>
      </trkpt>
      <trkpt lat="47.020621" lon="9.859772">
        <ele>2274.288775</ele>
        <time>2026-09-12T13:51:59.000Z</time>
      </trkpt>
      <trkpt lat="47.020577" lon="9.859776">
        <ele>2273.264640</ele>
        <time>2026-09-12T13:52:04.000Z</time>
      </trkpt>
      <trkpt lat="47.020570" lon="9.859777">
        <ele>2273.101252</ele>
        <time>2026-09-12T13:52:05.000Z</time>
      </trkpt>
      <trkpt lat="47.020553" lon="9.859781">
        <ele>2272.701272</ele>
        <time>2026-09-12T13:52:08.000Z</time>
      </trkpt>
      <trkpt lat="47.020538" lon="9.859776">
        <ele>2272.343919</ele>
        <time>2026-09-12T13:52:12.000Z</time>
      </trkpt>
      <trkpt lat="47.020533" lon="9.859777">
        <ele>2272.226688</ele>
        <time>2026-09-12T13:52:13.000Z</time>
      </trkpt>
      <trkpt lat="47.020480" lon="9.859786">
        <ele>2270.987210</ele>
        <time>2026-09-12T13:52:18.000Z</time>
      </trkpt>
      <trkpt lat="47.020474" lon="9.859792">
        <ele>2270.818513</ele>
        <time>2026-09-12T13:52:19.000Z</time>
      </trkpt>
      <trkpt lat="47.020487" lon="9.859824">
        <ele>2270.228549</ele>
        <time>2026-09-12T13:52:23.000Z</time>
      </trkpt>
      <trkpt lat="47.020503" lon="9.859859">
        <ele>2269.561146</ele>
        <time>2026-09-12T13:52:27.000Z</time>
      </trkpt>
      <trkpt lat="47.020510" lon="9.859868">
        <ele>2269.344901</ele>
        <time>2026-09-12T13:52:29.000Z</time>
      </trkpt>
      <trkpt lat="47.020513" lon="9.859911">
        <ele>2268.660328</ele>
        <time>2026-09-12T13:52:34.000Z</time>
      </trkpt>
      <trkpt lat="47.020506" lon="9.859905">
        <ele>2268.471981</ele>
        <time>2026-09-12T13:52:35.000Z</time>
      </trkpt>
      <trkpt lat="47.020480" lon="9.859912">
        <ele>2267.857879</ele>
        <time>2026-09-12T13:52:38.000Z</time>
      </trkpt>
      <trkpt lat="47.020457" lon="9.859913">
        <ele>2267.323326</ele>
        <time>2026-09-12T13:52:42.000Z</time>
      </trkpt>
      <trkpt lat="47.020445" lon="9.859915">
        <ele>2267.042758</ele>
        <time>2026-09-12T13:52:44.000Z</time>
      </trkpt>
      <trkpt lat="47.020440" lon="9.859940">
        <ele>2266.510633</ele>
        <time>2026-09-12T13:52:48.000Z</time>
      </trkpt>
      <trkpt lat="47.020435" lon="9.859940">
        <ele>2266.345954</ele>
        <time>2026-09-12T13:52:49.000Z</time>
      </trkpt>
      <trkpt lat="47.020400" lon="9.859960">
        <ele>2265.108817</ele>
        <time>2026-09-12T13:52:54.000Z</time>
      </trkpt>
      <trkpt lat="47.020394" lon="9.859964">
        <ele>2264.891749</ele>
        <time>2026-09-12T13:52:55.000Z</time>
      </trkpt>
      <trkpt lat="47.020375" lon="9.859979">
        <ele>2264.181089</ele>
        <time>2026-09-12T13:53:02.000Z</time>
      </trkpt>
      <trkpt lat="47.020372" lon="9.859979">
        <ele>2264.082281</ele>
        <time>2026-09-12T13:53:03.000Z</time>
      </trkpt>
      <trkpt lat="47.020354" lon="9.860011">
        <ele>2263.150761</ele>
        <time>2026-09-12T13:53:07.000Z</time>
      </trkpt>
      <trkpt lat="47.020352" lon="9.860023">
        <ele>2262.873382</ele>
        <time>2026-09-12T13:53:08.000Z</time>
      </trkpt>
      <trkpt lat="47.020337" lon="9.860056">
        <ele>2261.982815</ele>
        <time>2026-09-12T13:53:13.000Z</time>
      </trkpt>
      <trkpt lat="47.020324" lon="9.860079">
        <ele>2261.311973</ele>
        <time>2026-09-12T13:53:18.000Z</time>
      </trkpt>
      <trkpt lat="47.020299" lon="9.860090">
        <ele>2260.452331</ele>
        <time>2026-09-12T13:53:24.000Z</time>
      </trkpt>
      <trkpt lat="47.020252" lon="9.860105">
        <ele>2258.868130</ele>
        <time>2026-09-12T13:53:30.000Z</time>
      </trkpt>
      <trkpt lat="47.020225" lon="9.860118">
        <ele>2257.932180</ele>
        <time>2026-09-12T13:53:36.000Z</time>
      </trkpt>
      <trkpt lat="47.020219" lon="9.860123">
        <ele>2257.704901</ele>
        <time>2026-09-12T13:53:37.000Z</time>
      </trkpt>
      <trkpt lat="47.020216" lon="9.860124">
        <ele>2257.603574</ele>
        <time>2026-09-12T13:53:38.000Z</time>
      </trkpt>
      <trkpt lat="47.020204" lon="9.860131">
        <ele>2257.178238</ele>
        <time>2026-09-12T13:53:41.000Z</time>
      </trkpt>
      <trkpt lat="47.020206" lon="9.860132">
        <ele>2257.108645</ele>
        <time>2026-09-12T13:53:46.000Z</time>
      </trkpt>
      <trkpt lat="47.020209" lon="9.860124">
        <ele>2256.903633</ele>
        <time>2026-09-12T13:53:55.000Z</time>
      </trkpt>
      <trkpt lat="47.020209" lon="9.860121">
        <ele>2256.836272</ele>
        <time>2026-09-12T13:54:01.000Z</time>
      </trkpt>
      <trkpt lat="47.020206" lon="9.860135">
        <ele>2256.506758</ele>
        <time>2026-09-12T13:54:06.000Z</time>
      </trkpt>
      <trkpt lat="47.020190" lon="9.860146">
        <ele>2255.924774</ele>
        <time>2026-09-12T13:54:10.000Z</time>
      </trkpt>
      <trkpt lat="47.020183" lon="9.860150">
        <ele>2255.677346</ele>
        <time>2026-09-12T13:54:11.000Z</time>
      </trkpt>
      <trkpt lat="47.020173" lon="9.860159">
        <ele>2255.290934</ele>
        <time>2026-09-12T13:54:17.000Z</time>
      </trkpt>
      <trkpt lat="47.020174" lon="9.860160">
        <ele>2255.251072</ele>
        <time>2026-09-12T13:54:18.000Z</time>
      </trkpt>
      <trkpt lat="47.020177" lon="9.860155">
        <ele>2255.101516</ele>
        <time>2026-09-12T13:54:20.000Z</time>
      </trkpt>
      <trkpt lat="47.020183" lon="9.860152">
        <ele>2254.892736</ele>
        <time>2026-09-12T13:54:24.000Z</time>
      </trkpt>
      <trkpt lat="47.020159" lon="9.860153">
        <ele>2254.101957</ele>
        <time>2026-09-12T13:54:29.000Z</time>
      </trkpt>
      <trkpt lat="47.020145" lon="9.860157">
        <ele>2253.632189</ele>
        <time>2026-09-12T13:54:32.000Z</time>
      </trkpt>
      <trkpt lat="47.020136" lon="9.860166">
        <ele>2253.273436</ele>
        <time>2026-09-12T13:54:36.000Z</time>
      </trkpt>
      <trkpt lat="47.020135" lon="9.860166">
        <ele>2253.240500</ele>
        <time>2026-09-12T13:54:37.000Z</time>
      </trkpt>
      <trkpt lat="47.020134" lon="9.860172">
        <ele>2253.101810</ele>
        <time>2026-09-12T13:54:39.000Z</time>
      </trkpt>
      <trkpt lat="47.020124" lon="9.860177">
        <ele>2252.753843</ele>
        <time>2026-09-12T13:54:46.000Z</time>
      </trkpt>
      <trkpt lat="47.020119" lon="9.860179">
        <ele>2252.583151</ele>
        <time>2026-09-12T13:54:48.000Z</time>
      </trkpt>
      <trkpt lat="47.020102" lon="9.860193">
        <ele>2251.941033</ele>
        <time>2026-09-12T13:54:53.000Z</time>
      </trkpt>
      <trkpt lat="47.020095" lon="9.860196">
        <ele>2251.700843</ele>
        <time>2026-09-12T13:54:54.000Z</time>
      </trkpt>
      <trkpt lat="47.020091" lon="9.860201">
        <ele>2251.527752</ele>
        <time>2026-09-12T13:55:03.000Z</time>
      </trkpt>
      <trkpt lat="47.020086" lon="9.860223">
        <ele>2251.007043</ele>
        <time>2026-09-12T13:55:10.000Z</time>
      </trkpt>
      <trkpt lat="47.020092" lon="9.860231">
        <ele>2250.739987</ele>
        <time>2026-09-12T13:55:14.000Z</time>
      </trkpt>
      <trkpt lat="47.020087" lon="9.860233">
        <ele>2250.569295</ele>
        <time>2026-09-12T13:55:17.000Z</time>
      </trkpt>
      <trkpt lat="47.020057" lon="9.860201">
        <ele>2249.347590</ele>
        <time>2026-09-12T13:55:22.000Z</time>
      </trkpt>
      <trkpt lat="47.020044" lon="9.860193">
        <ele>2248.883270</ele>
        <time>2026-09-12T13:55:25.000Z</time>
      </trkpt>
      <trkpt lat="47.020046" lon="9.860203">
        <ele>2248.649270</ele>
        <time>2026-09-12T13:55:26.000Z</time>
      </trkpt>
      <trkpt lat="47.020030" lon="9.860196">
        <ele>2248.099356</ele>
        <time>2026-09-12T13:55:31.000Z</time>
      </trkpt>
      <trkpt lat="47.020027" lon="9.860198">
        <ele>2247.990822</ele>
        <time>2026-09-12T13:55:32.000Z</time>
      </trkpt>
      <trkpt lat="47.020024" lon="9.860207">
        <ele>2247.765876</ele>
        <time>2026-09-12T13:55:38.000Z</time>
      </trkpt>
      <trkpt lat="47.020025" lon="9.860218">
        <ele>2247.516698</ele>
        <time>2026-09-12T13:55:43.000Z</time>
      </trkpt>
      <trkpt lat="47.020023" lon="9.860216">
        <ele>2247.436975</ele>
        <time>2026-09-12T13:55:46.000Z</time>
      </trkpt>
      <trkpt lat="47.020023" lon="9.860228">
        <ele>2247.167530</ele>
        <time>2026-09-12T13:55:48.000Z</time>
      </trkpt>
      <trkpt lat="47.020036" lon="9.860247">
        <ele>2246.563103</ele>
        <time>2026-09-12T13:55:52.000Z</time>
      </trkpt>
      <trkpt lat="47.020045" lon="9.860246">
        <ele>2246.265831</ele>
        <time>2026-09-12T13:55:59.000Z</time>
      </trkpt>
      <trkpt lat="47.020027" lon="9.860260">
        <ele>2245.594800</ele>
        <time>2026-09-12T13:56:08.000Z</time>
      </trkpt>
      <trkpt lat="47.020025" lon="9.860258">
        <ele>2245.515077</ele>
        <time>2026-09-12T13:56:12.000Z</time>
      </trkpt>
      <trkpt lat="47.020024" lon="9.860259">
        <ele>2245.475216</ele>
        <time>2026-09-12T13:56:13.000Z</time>
      </trkpt>
      <trkpt lat="47.020018" lon="9.860271">
        <ele>2245.141071</ele>
        <time>2026-09-12T13:56:19.000Z</time>
      </trkpt>
      <trkpt lat="47.020014" lon="9.860271">
        <ele>2245.009328</ele>
        <time>2026-09-12T13:56:20.000Z</time>
      </trkpt>
      <trkpt lat="47.020010" lon="9.860262">
        <ele>2244.768093</ele>
        <time>2026-09-12T13:56:23.000Z</time>
      </trkpt>
      <trkpt lat="47.020010" lon="9.860272">
        <ele>2244.543555</ele>
        <time>2026-09-12T13:56:26.000Z</time>
      </trkpt>
      <trkpt lat="47.020011" lon="9.860274">
        <ele>2244.487865</ele>
        <time>2026-09-12T13:56:33.000Z</time>
      </trkpt>
      <trkpt lat="47.020009" lon="9.860287">
        <ele>2244.188626</ele>
        <time>2026-09-12T13:56:37.000Z</time>
      </trkpt>
      <trkpt lat="47.020006" lon="9.860289">
        <ele>2244.080092</ele>
        <time>2026-09-12T13:56:42.000Z</time>
      </trkpt>
      <trkpt lat="47.020005" lon="9.860300">
        <ele>2243.830914</ele>
        <time>2026-09-12T13:56:52.000Z</time>
      </trkpt>
      <trkpt lat="47.020005" lon="9.860297">
        <ele>2243.763552</ele>
        <time>2026-09-12T13:56:53.000Z</time>
      </trkpt>
      <trkpt lat="47.020002" lon="9.860304">
        <ele>2243.577899</ele>
        <time>2026-09-12T13:56:56.000Z</time>
      </trkpt>
      <trkpt lat="47.019976" lon="9.860309">
        <ele>2242.714239</ele>
        <time>2026-09-12T13:57:01.000Z</time>
      </trkpt>
      <trkpt lat="47.019973" lon="9.860309">
        <ele>2242.615431</ele>
        <time>2026-09-12T13:57:03.000Z</time>
      </trkpt>
      <trkpt lat="47.019968" lon="9.860313">
        <ele>2242.427852</ele>
        <time>2026-09-12T13:57:08.000Z</time>
      </trkpt>
      <trkpt lat="47.019969" lon="9.860319">
        <ele>2242.289162</ele>
        <time>2026-09-12T13:57:10.000Z</time>
      </trkpt>
      <trkpt lat="47.019967" lon="9.860317">
        <ele>2242.209439</ele>
        <time>2026-09-12T13:57:17.000Z</time>
      </trkpt>
      <trkpt lat="47.019962" lon="9.860286">
        <ele>2241.494156</ele>
        <time>2026-09-12T13:57:19.000Z</time>
      </trkpt>
      <trkpt lat="47.019951" lon="9.860271">
        <ele>2240.999489</ele>
        <time>2026-09-12T13:57:21.000Z</time>
      </trkpt>
      <trkpt lat="47.019912" lon="9.860252">
        <ele>2239.645997</ele>
        <time>2026-09-12T13:57:25.000Z</time>
      </trkpt>
      <trkpt lat="47.019869" lon="9.860231">
        <ele>2238.153322</ele>
        <time>2026-09-12T13:57:30.000Z</time>
      </trkpt>
      <trkpt lat="47.019859" lon="9.860228">
        <ele>2237.817146</ele>
        <time>2026-09-12T13:57:31.000Z</time>
      </trkpt>
      <trkpt lat="47.019854" lon="9.860228">
        <ele>2237.652466</ele>
        <time>2026-09-12T13:57:33.000Z</time>
      </trkpt>
      <trkpt lat="47.019849" lon="9.860226">
        <ele>2237.481774</ele>
        <time>2026-09-12T13:57:34.000Z</time>
      </trkpt>
      <trkpt lat="47.019838" lon="9.860217">
        <ele>2237.066930</ele>
        <time>2026-09-12T13:57:37.000Z</time>
      </trkpt>
      <trkpt lat="47.019826" lon="9.860228">
        <ele>2236.600870</ele>
        <time>2026-09-12T13:57:43.000Z</time>
      </trkpt>
      <trkpt lat="47.019838" lon="9.860249">
        <ele>2235.985608</ele>
        <time>2026-09-12T13:57:47.000Z</time>
      </trkpt>
      <trkpt lat="47.019840" lon="9.860251">
        <ele>2235.905885</ele>
        <time>2026-09-12T13:57:50.000Z</time>
      </trkpt>
      <trkpt lat="47.019840" lon="9.860257">
        <ele>2235.771162</ele>
        <time>2026-09-12T13:57:53.000Z</time>
      </trkpt>
      <trkpt lat="47.019845" lon="9.860264">
        <ele>2235.543513</ele>
        <time>2026-09-12T13:58:01.000Z</time>
      </trkpt>
      <trkpt lat="47.019845" lon="9.860264">
        <ele>2235.543513</ele>
        <time>2026-09-12T13:58:10.000Z</time>
      </trkpt>
      <trkpt lat="47.019845" lon="9.860264">
        <ele>2235.543513</ele>
        <time>2026-09-12T13:58:14.000Z</time>
      </trkpt>
      <trkpt lat="47.019841" lon="9.860266">
        <ele>2235.404326</ele>
        <time>2026-09-12T13:58:22.000Z</time>
      </trkpt>
      <trkpt lat="47.019853" lon="9.860299">
        <ele>2234.564533</ele>
        <time>2026-09-12T13:58:27.000Z</time>
      </trkpt>
      <trkpt lat="47.019850" lon="9.860298">
        <ele>2234.463206</ele>
        <time>2026-09-12T13:58:31.000Z</time>
      </trkpt>
      <trkpt lat="47.019806" lon="9.860277">
        <ele>2232.939246</ele>
        <time>2026-09-12T13:58:37.000Z</time>
      </trkpt>
      <trkpt lat="47.019797" lon="9.860273">
        <ele>2232.629515</ele>
        <time>2026-09-12T13:58:38.000Z</time>
      </trkpt>
      <trkpt lat="47.019780" lon="9.860254">
        <ele>2231.925593</ele>
        <time>2026-09-12T13:58:41.000Z</time>
      </trkpt>
      <trkpt lat="47.019756" lon="9.860228">
        <ele>2230.942918</ele>
        <time>2026-09-12T13:58:44.000Z</time>
      </trkpt>
      <trkpt lat="47.019747" lon="9.860219">
        <ele>2230.584164</ele>
        <time>2026-09-12T13:58:45.000Z</time>
      </trkpt>
      <trkpt lat="47.019718" lon="9.860190">
        <ele>2229.428178</ele>
        <time>2026-09-12T13:58:48.000Z</time>
      </trkpt>
      <trkpt lat="47.019701" lon="9.860173">
        <ele>2228.750531</ele>
        <time>2026-09-12T13:58:50.000Z</time>
      </trkpt>
      <trkpt lat="47.019688" lon="9.860170">
        <ele>2228.317099</ele>
        <time>2026-09-12T13:58:51.000Z</time>
      </trkpt>
      <trkpt lat="47.019678" lon="9.860194">
        <ele>2227.685527</ele>
        <time>2026-09-12T13:58:53.000Z</time>
      </trkpt>
      <trkpt lat="47.019683" lon="9.860229">
        <ele>2226.882571</ele>
        <time>2026-09-12T13:58:55.000Z</time>
      </trkpt>
      <trkpt lat="47.019687" lon="9.860242">
        <ele>2226.562318</ele>
        <time>2026-09-12T13:58:56.000Z</time>
      </trkpt>
      <trkpt lat="47.019680" lon="9.860246">
        <ele>2226.314890</ele>
        <time>2026-09-12T13:58:58.000Z</time>
      </trkpt>
      <trkpt lat="47.019671" lon="9.860231">
        <ele>2225.866218</ele>
        <time>2026-09-12T13:59:00.000Z</time>
      </trkpt>
      <trkpt lat="47.019668" lon="9.860220">
        <ele>2225.600195</ele>
        <time>2026-09-12T13:59:01.000Z</time>
      </trkpt>
      <trkpt lat="47.019658" lon="9.860227">
        <ele>2225.235254</ele>
        <time>2026-09-12T13:59:03.000Z</time>
      </trkpt>
      <trkpt lat="47.019657" lon="9.860227">
        <ele>2225.202318</ele>
        <time>2026-09-12T13:59:04.000Z</time>
      </trkpt>
      <trkpt lat="47.019641" lon="9.860241">
        <ele>2224.588706</ele>
        <time>2026-09-12T13:59:07.000Z</time>
      </trkpt>
      <trkpt lat="47.019648" lon="9.860253">
        <ele>2224.234086</ele>
        <time>2026-09-12T13:59:09.000Z</time>
      </trkpt>
      <trkpt lat="47.019652" lon="9.860284">
        <ele>2223.525657</ele>
        <time>2026-09-12T13:59:12.000Z</time>
      </trkpt>
      <trkpt lat="47.019638" lon="9.860287">
        <ele>2223.059661</ele>
        <time>2026-09-12T13:59:16.000Z</time>
      </trkpt>
      <trkpt lat="47.019634" lon="9.860283">
        <ele>2222.900214</ele>
        <time>2026-09-12T13:59:18.000Z</time>
      </trkpt>
      <trkpt lat="47.019629" lon="9.860293">
        <ele>2222.621759</ele>
        <time>2026-09-12T13:59:20.000Z</time>
      </trkpt>
      <trkpt lat="47.019623" lon="9.860304">
        <ele>2222.305441</ele>
        <time>2026-09-12T13:59:24.000Z</time>
      </trkpt>
      <trkpt lat="47.019608" lon="9.860298">
        <ele>2221.793363</ele>
        <time>2026-09-12T13:59:26.000Z</time>
      </trkpt>
      <trkpt lat="47.019601" lon="9.860266">
        <ele>2221.038755</ele>
        <time>2026-09-12T13:59:30.000Z</time>
      </trkpt>
      <trkpt lat="47.019598" lon="9.860257">
        <ele>2220.813807</ele>
        <time>2026-09-12T13:59:32.000Z</time>
      </trkpt>
      <trkpt lat="47.019594" lon="9.860260">
        <ele>2220.665841</ele>
        <time>2026-09-12T13:59:34.000Z</time>
      </trkpt>
      <trkpt lat="47.019591" lon="9.860238">
        <ele>2220.162070</ele>
        <time>2026-09-12T13:59:37.000Z</time>
      </trkpt>
      <trkpt lat="47.019574" lon="9.860222">
        <ele>2219.496812</ele>
        <time>2026-09-12T13:59:41.000Z</time>
      </trkpt>
      <trkpt lat="47.019569" lon="9.860221">
        <ele>2219.330609</ele>
        <time>2026-09-12T13:59:42.000Z</time>
      </trkpt>
      <trkpt lat="47.019562" lon="9.860237">
        <ele>2218.903732</ele>
        <time>2026-09-12T13:59:44.000Z</time>
      </trkpt>
      <trkpt lat="47.019543" lon="9.860273">
        <ele>2217.881470</ele>
        <time>2026-09-12T13:59:50.000Z</time>
      </trkpt>
      <trkpt lat="47.019539" lon="9.860277">
        <ele>2217.722023</ele>
        <time>2026-09-12T13:59:51.000Z</time>
      </trkpt>
      <trkpt lat="47.019536" lon="9.860260">
        <ele>2217.327725</ele>
        <time>2026-09-12T13:59:54.000Z</time>
      </trkpt>
      <trkpt lat="47.019513" lon="9.860228">
        <ele>2216.283635</ele>
        <time>2026-09-12T13:59:59.000Z</time>
      </trkpt>
      <trkpt lat="47.019488" lon="9.860221">
        <ele>2215.445372</ele>
        <time>2026-09-12T14:00:02.000Z</time>
      </trkpt>
      <trkpt lat="47.019477" lon="9.860241">
        <ele>2214.868371</ele>
        <time>2026-09-12T14:00:05.000Z</time>
      </trkpt>
      <trkpt lat="47.019509" lon="9.860294">
        <ele>2213.278701</ele>
        <time>2026-09-12T14:00:11.000Z</time>
      </trkpt>
      <trkpt lat="47.019509" lon="9.860300">
        <ele>2213.143977</ele>
        <time>2026-09-12T14:00:12.000Z</time>
      </trkpt>
      <trkpt lat="47.019491" lon="9.860300">
        <ele>2212.551132</ele>
        <time>2026-09-12T14:00:18.000Z</time>
      </trkpt>
      <trkpt lat="47.019484" lon="9.860294">
        <ele>2212.284104</ele>
        <time>2026-09-12T14:00:19.000Z</time>
      </trkpt>
      <trkpt lat="47.019454" lon="9.860272">
        <ele>2211.179425</ele>
        <time>2026-09-12T14:00:22.000Z</time>
      </trkpt>
      <trkpt lat="47.019419" lon="9.860243">
        <ele>2209.855469</ele>
        <time>2026-09-12T14:00:26.000Z</time>
      </trkpt>
      <trkpt lat="47.019414" lon="9.860236">
        <ele>2209.627819</ele>
        <time>2026-09-12T14:00:28.000Z</time>
      </trkpt>
      <trkpt lat="47.019401" lon="9.860214">
        <ele>2208.974099</ele>
        <time>2026-09-12T14:00:31.000Z</time>
      </trkpt>
      <trkpt lat="47.019369" lon="9.860184">
        <ele>2207.723272</ele>
        <time>2026-09-12T14:00:34.000Z</time>
      </trkpt>
      <trkpt lat="47.019323" lon="9.860162">
        <ele>2206.473029</ele>
        <time>2026-09-12T14:00:38.000Z</time>
      </trkpt>
      <trkpt lat="47.019294" lon="9.860143">
        <ele>2205.659137</ele>
        <time>2026-09-12T14:00:40.000Z</time>
      </trkpt>
      <trkpt lat="47.019268" lon="9.860129">
        <ele>2204.949408</ele>
        <time>2026-09-12T14:00:42.000Z</time>
      </trkpt>
      <trkpt lat="47.019232" lon="9.860123">
        <ele>2204.020965</ele>
        <time>2026-09-12T14:00:45.000Z</time>
      </trkpt>
      <trkpt lat="47.019217" lon="9.860114">
        <ele>2203.605673</ele>
        <time>2026-09-12T14:00:46.000Z</time>
      </trkpt>
      <trkpt lat="47.019189" lon="9.860099">
        <ele>2202.841812</ele>
        <time>2026-09-12T14:00:48.000Z</time>
      </trkpt>
      <trkpt lat="47.019161" lon="9.860074">
        <ele>2202.001832</ele>
        <time>2026-09-12T14:00:52.000Z</time>
      </trkpt>
      <trkpt lat="47.019155" lon="9.860079">
        <ele>2201.825001</ele>
        <time>2026-09-12T14:00:54.000Z</time>
      </trkpt>
      <trkpt lat="47.019164" lon="9.860092">
        <ele>2201.501322</ele>
        <time>2026-09-12T14:00:58.000Z</time>
      </trkpt>
      <trkpt lat="47.019145" lon="9.860070">
        <ele>2200.881024</ele>
        <time>2026-09-12T14:01:04.000Z</time>
      </trkpt>
      <trkpt lat="47.019106" lon="9.860041">
        <ele>2199.760560</ele>
        <time>2026-09-12T14:01:08.000Z</time>
      </trkpt>
      <trkpt lat="47.019094" lon="9.860036">
        <ele>2199.440892</ele>
        <time>2026-09-12T14:01:10.000Z</time>
      </trkpt>
      <trkpt lat="47.019080" lon="9.860031">
        <ele>2199.071658</ele>
        <time>2026-09-12T14:01:12.000Z</time>
      </trkpt>
      <trkpt lat="47.019064" lon="9.860048">
        <ele>2198.565391</ele>
        <time>2026-09-12T14:01:15.000Z</time>
      </trkpt>
      <trkpt lat="47.019063" lon="9.860056">
        <ele>2198.423301</ele>
        <time>2026-09-12T14:01:16.000Z</time>
      </trkpt>
      <trkpt lat="47.019056" lon="9.860054">
        <ele>2198.240553</ele>
        <time>2026-09-12T14:01:18.000Z</time>
      </trkpt>
      <trkpt lat="47.019037" lon="9.860048">
        <ele>2197.742519</ele>
        <time>2026-09-12T14:01:22.000Z</time>
      </trkpt>
      <trkpt lat="47.019038" lon="9.860057">
        <ele>2197.583214</ele>
        <time>2026-09-12T14:01:23.000Z</time>
      </trkpt>
      <trkpt lat="47.019039" lon="9.860131">
        <ele>2196.290172</ele>
        <time>2026-09-12T14:01:29.000Z</time>
      </trkpt>
      <trkpt lat="47.019044" lon="9.860171">
        <ele>2195.579719</ele>
        <time>2026-09-12T14:01:32.000Z</time>
      </trkpt>
      <trkpt lat="47.019061" lon="9.860223">
        <ele>2194.572225</ele>
        <time>2026-09-12T14:01:36.000Z</time>
      </trkpt>
      <trkpt lat="47.019063" lon="9.860235">
        <ele>2194.356410</ele>
        <time>2026-09-12T14:01:37.000Z</time>
      </trkpt>
      <trkpt lat="47.019067" lon="9.860276">
        <ele>2193.632839</ele>
        <time>2026-09-12T14:01:41.000Z</time>
      </trkpt>
      <trkpt lat="47.019067" lon="9.860324">
        <ele>2192.794275</ele>
        <time>2026-09-12T14:01:45.000Z</time>
      </trkpt>
      <trkpt lat="47.019064" lon="9.860330">
        <ele>2192.664286</ele>
        <time>2026-09-12T14:01:46.000Z</time>
      </trkpt>
      <trkpt lat="47.019077" lon="9.860380">
        <ele>2191.729415</ele>
        <time>2026-09-12T14:01:50.000Z</time>
      </trkpt>
      <trkpt lat="47.019076" lon="9.860388">
        <ele>2191.587324</ele>
        <time>2026-09-12T14:01:51.000Z</time>
      </trkpt>
      <trkpt lat="47.019067" lon="9.860385">
        <ele>2191.350817</ele>
        <time>2026-09-12T14:01:54.000Z</time>
      </trkpt>
      <trkpt lat="47.019053" lon="9.860377">
        <ele>2190.965802</ele>
        <time>2026-09-12T14:01:58.000Z</time>
      </trkpt>
      <trkpt lat="47.019052" lon="9.860373">
        <ele>2190.891372</ele>
        <time>2026-09-12T14:01:59.000Z</time>
      </trkpt>
      <trkpt lat="47.019037" lon="9.860343">
        <ele>2190.241425</ele>
        <time>2026-09-12T14:02:06.000Z</time>
      </trkpt>
      <trkpt lat="47.019040" lon="9.860329">
        <ele>2189.985047</ele>
        <time>2026-09-12T14:02:12.000Z</time>
      </trkpt>
      <trkpt lat="47.019036" lon="9.860322">
        <ele>2189.825481</ele>
        <time>2026-09-12T14:02:13.000Z</time>
      </trkpt>
      <trkpt lat="47.019032" lon="9.860323">
        <ele>2189.721502</ele>
        <time>2026-09-12T14:02:16.000Z</time>
      </trkpt>
      <trkpt lat="47.019022" lon="9.860315">
        <ele>2189.429615</ele>
        <time>2026-09-12T14:02:18.000Z</time>
      </trkpt>
      <trkpt lat="47.018995" lon="9.860290">
        <ele>2188.611415</ele>
        <time>2026-09-12T14:02:21.000Z</time>
      </trkpt>
      <trkpt lat="47.018974" lon="9.860266">
        <ele>2187.929227</ele>
        <time>2026-09-12T14:02:25.000Z</time>
      </trkpt>
      <trkpt lat="47.018967" lon="9.860255">
        <ele>2187.666347</ele>
        <time>2026-09-12T14:02:26.000Z</time>
      </trkpt>
      <trkpt lat="47.018942" lon="9.860245">
        <ele>2187.002324</ele>
        <time>2026-09-12T14:02:30.000Z</time>
      </trkpt>
      <trkpt lat="47.018930" lon="9.860234">
        <ele>2186.639712</ele>
        <time>2026-09-12T14:02:31.000Z</time>
      </trkpt>
      <trkpt lat="47.018920" lon="9.860226">
        <ele>2186.347825</ele>
        <time>2026-09-12T14:02:32.000Z</time>
      </trkpt>
      <trkpt lat="47.018909" lon="9.860216">
        <ele>2186.016200</ele>
        <time>2026-09-12T14:02:33.000Z</time>
      </trkpt>
      <trkpt lat="47.018902" lon="9.860208">
        <ele>2185.788803</ele>
        <time>2026-09-12T14:02:34.000Z</time>
      </trkpt>
      <trkpt lat="47.018888" lon="9.860180">
        <ele>2185.182186</ele>
        <time>2026-09-12T14:02:36.000Z</time>
      </trkpt>
      <trkpt lat="47.018884" lon="9.860125">
        <ele>2184.215876</ele>
        <time>2026-09-12T14:02:41.000Z</time>
      </trkpt>
      <trkpt lat="47.018864" lon="9.860060">
        <ele>2182.970020</ele>
        <time>2026-09-12T14:02:45.000Z</time>
      </trkpt>
      <trkpt lat="47.018861" lon="9.860041">
        <ele>2182.629301</ele>
        <time>2026-09-12T14:02:46.000Z</time>
      </trkpt>
      <trkpt lat="47.018857" lon="9.860017">
        <ele>2182.197670</ele>
        <time>2026-09-12T14:02:48.000Z</time>
      </trkpt>
      <trkpt lat="47.018797" lon="9.859902">
        <ele>2179.667788</ele>
        <time>2026-09-12T14:02:56.000Z</time>
      </trkpt>
      <trkpt lat="47.018749" lon="9.859870">
        <ele>2178.316695</ele>
        <time>2026-09-12T14:03:01.000Z</time>
      </trkpt>
      <trkpt lat="47.018685" lon="9.859785">
        <ele>2176.104283</ele>
        <time>2026-09-12T14:03:08.000Z</time>
      </trkpt>
      <trkpt lat="47.018662" lon="9.859730">
        <ele>2174.977063</ele>
        <time>2026-09-12T14:03:12.000Z</time>
      </trkpt>
      <trkpt lat="47.018627" lon="9.859704">
        <ele>2173.971719</ele>
        <time>2026-09-12T14:03:15.000Z</time>
      </trkpt>
      <trkpt lat="47.018573" lon="9.859703">
        <ele>2172.587849</ele>
        <time>2026-09-12T14:03:21.000Z</time>
      </trkpt>
      <trkpt lat="47.018530" lon="9.859700">
        <ele>2171.484720</ele>
        <time>2026-09-12T14:03:27.000Z</time>
      </trkpt>
      <trkpt lat="47.018490" lon="9.859689">
        <ele>2170.441854</ele>
        <time>2026-09-12T14:03:29.000Z</time>
      </trkpt>
      <trkpt lat="47.018459" lon="9.859677">
        <ele>2169.620275</ele>
        <time>2026-09-12T14:03:31.000Z</time>
      </trkpt>
      <trkpt lat="47.018424" lon="9.859664">
        <ele>2168.695085</ele>
        <time>2026-09-12T14:03:36.000Z</time>
      </trkpt>
      <trkpt lat="47.018428" lon="9.859663">
        <ele>2168.591106</ele>
        <time>2026-09-12T14:03:37.000Z</time>
      </trkpt>
      <trkpt lat="47.018430" lon="9.859667">
        <ele>2168.504446</ele>
        <time>2026-09-12T14:03:43.000Z</time>
      </trkpt>
      <trkpt lat="47.018420" lon="9.859668">
        <ele>2168.247599</ele>
        <time>2026-09-12T14:03:48.000Z</time>
      </trkpt>
      <trkpt lat="47.018403" lon="9.859653">
        <ele>2167.739225</ele>
        <time>2026-09-12T14:03:50.000Z</time>
      </trkpt>
      <trkpt lat="47.018394" lon="9.859644">
        <ele>2167.460100</ele>
        <time>2026-09-12T14:03:51.000Z</time>
      </trkpt>
      <trkpt lat="47.018381" lon="9.859629">
        <ele>2167.036253</ele>
        <time>2026-09-12T14:03:53.000Z</time>
      </trkpt>
      <trkpt lat="47.018352" lon="9.859599">
        <ele>2166.126894</ele>
        <time>2026-09-12T14:03:57.000Z</time>
      </trkpt>
      <trkpt lat="47.018324" lon="9.859568">
        <ele>2165.227938</ele>
        <time>2026-09-12T14:04:01.000Z</time>
      </trkpt>
      <trkpt lat="47.018296" lon="9.859553">
        <ele>2164.464075</ele>
        <time>2026-09-12T14:04:04.000Z</time>
      </trkpt>
      <trkpt lat="47.018285" lon="9.859550">
        <ele>2164.177367</ele>
        <time>2026-09-12T14:04:05.000Z</time>
      </trkpt>
      <trkpt lat="47.018256" lon="9.859545">
        <ele>2163.429120</ele>
        <time>2026-09-12T14:04:09.000Z</time>
      </trkpt>
      <trkpt lat="47.018252" lon="9.859555">
        <ele>2163.226567</ele>
        <time>2026-09-12T14:04:10.000Z</time>
      </trkpt>
      <trkpt lat="47.018228" lon="9.859579">
        <ele>2162.482233</ele>
        <time>2026-09-12T14:04:14.000Z</time>
      </trkpt>
      <trkpt lat="47.018222" lon="9.859573">
        <ele>2162.296149</ele>
        <time>2026-09-12T14:04:15.000Z</time>
      </trkpt>
      <trkpt lat="47.018215" lon="9.859575">
        <ele>2162.113402</ele>
        <time>2026-09-12T14:04:16.000Z</time>
      </trkpt>
      <trkpt lat="47.018212" lon="9.859584">
        <ele>2161.938381</ele>
        <time>2026-09-12T14:04:17.000Z</time>
      </trkpt>
      <trkpt lat="47.018211" lon="9.859593">
        <ele>2161.779073</ele>
        <time>2026-09-12T14:04:21.000Z</time>
      </trkpt>
      <trkpt lat="47.018213" lon="9.859587">
        <ele>2161.662393</ele>
        <time>2026-09-12T14:04:22.000Z</time>
      </trkpt>
      <trkpt lat="47.018209" lon="9.859608">
        <ele>2161.170827</ele>
        <time>2026-09-12T14:04:26.000Z</time>
      </trkpt>
      <trkpt lat="47.018214" lon="9.859630">
        <ele>2160.618409</ele>
        <time>2026-09-12T14:04:28.000Z</time>
      </trkpt>
      <trkpt lat="47.018211" lon="9.859637">
        <ele>2160.421451</ele>
        <time>2026-09-12T14:04:29.000Z</time>
      </trkpt>
      <trkpt lat="47.018185" lon="9.859632">
        <ele>2159.505225</ele>
        <time>2026-09-12T14:04:33.000Z</time>
      </trkpt>
      <trkpt lat="47.018183" lon="9.859637">
        <ele>2159.367133</ele>
        <time>2026-09-12T14:04:34.000Z</time>
      </trkpt>
      <trkpt lat="47.018191" lon="9.859664">
        <ele>2158.665846</ele>
        <time>2026-09-12T14:04:37.000Z</time>
      </trkpt>
      <trkpt lat="47.018205" lon="9.859690">
        <ele>2157.876619</ele>
        <time>2026-09-12T14:04:39.000Z</time>
      </trkpt>
      <trkpt lat="47.018218" lon="9.859726">
        <ele>2156.906190</ele>
        <time>2026-09-12T14:04:41.000Z</time>
      </trkpt>
      <trkpt lat="47.018226" lon="9.859737">
        <ele>2156.523052</ele>
        <time>2026-09-12T14:04:42.000Z</time>
      </trkpt>
      <trkpt lat="47.018224" lon="9.859752">
        <ele>2156.158965</ele>
        <time>2026-09-12T14:04:46.000Z</time>
      </trkpt>
      <trkpt lat="47.018227" lon="9.859746">
        <ele>2155.981721</ele>
        <time>2026-09-12T14:04:51.000Z</time>
      </trkpt>
      <trkpt lat="47.018242" lon="9.859750">
        <ele>2155.449023</ele>
        <time>2026-09-12T14:04:53.000Z</time>
      </trkpt>
      <trkpt lat="47.018262" lon="9.859757">
        <ele>2154.730596</ele>
        <time>2026-09-12T14:04:56.000Z</time>
      </trkpt>
      <trkpt lat="47.018295" lon="9.859777">
        <ele>2153.483012</ele>
        <time>2026-09-12T14:05:00.000Z</time>
      </trkpt>
      <trkpt lat="47.018303" lon="9.859784">
        <ele>2153.157531</ele>
        <time>2026-09-12T14:05:01.000Z</time>
      </trkpt>
      <trkpt lat="47.018334" lon="9.859819">
        <ele>2151.790658</ele>
        <time>2026-09-12T14:05:07.000Z</time>
      </trkpt>
      <trkpt lat="47.018337" lon="9.859814">
        <ele>2151.631996</ele>
        <time>2026-09-12T14:05:08.000Z</time>
      </trkpt>
      <trkpt lat="47.018341" lon="9.859802">
        <ele>2151.313805</ele>
        <time>2026-09-12T14:05:16.000Z</time>
      </trkpt>
      <trkpt lat="47.018332" lon="9.859808">
        <ele>2150.968385</ele>
        <time>2026-09-12T14:05:25.000Z</time>
      </trkpt>
      <trkpt lat="47.018329" lon="9.859806">
        <ele>2150.853244</ele>
        <time>2026-09-12T14:05:26.000Z</time>
      </trkpt>
      <trkpt lat="47.018352" lon="9.859841">
        <ele>2149.695254</ele>
        <time>2026-09-12T14:05:31.000Z</time>
      </trkpt>
      <trkpt lat="47.018377" lon="9.859872">
        <ele>2148.551430</ele>
        <time>2026-09-12T14:05:35.000Z</time>
      </trkpt>
      <trkpt lat="47.018376" lon="9.859868">
        <ele>2148.449941</ele>
        <time>2026-09-12T14:05:36.000Z</time>
      </trkpt>
      <trkpt lat="47.018363" lon="9.859859">
        <ele>2147.947662</ele>
        <time>2026-09-12T14:05:40.000Z</time>
      </trkpt>
      <trkpt lat="47.018347" lon="9.859866">
        <ele>2147.364278</ele>
        <time>2026-09-12T14:05:44.000Z</time>
      </trkpt>
      <trkpt lat="47.018336" lon="9.859875">
        <ele>2146.924182</ele>
        <time>2026-09-12T14:05:47.000Z</time>
      </trkpt>
      <trkpt lat="47.018333" lon="9.859883">
        <ele>2146.706688</ele>
        <time>2026-09-12T14:05:49.000Z</time>
      </trkpt>
      <trkpt lat="47.018320" lon="9.859887">
        <ele>2146.242576</ele>
        <time>2026-09-12T14:05:51.000Z</time>
      </trkpt>
      <trkpt lat="47.018307" lon="9.859891">
        <ele>2145.778464</ele>
        <time>2026-09-12T14:05:53.000Z</time>
      </trkpt>
      <trkpt lat="47.018292" lon="9.859896">
        <ele>2145.240995</ele>
        <time>2026-09-12T14:05:57.000Z</time>
      </trkpt>
      <trkpt lat="47.018283" lon="9.859897">
        <ele>2144.925630</ele>
        <time>2026-09-12T14:05:59.000Z</time>
      </trkpt>
      <trkpt lat="47.018258" lon="9.859922">
        <ele>2143.868429</ele>
        <time>2026-09-12T14:06:05.000Z</time>
      </trkpt>
      <trkpt lat="47.018259" lon="9.859928">
        <ele>2143.721293</ele>
        <time>2026-09-12T14:06:06.000Z</time>
      </trkpt>
      <trkpt lat="47.018255" lon="9.859930">
        <ele>2143.573634</ele>
        <time>2026-09-12T14:06:08.000Z</time>
      </trkpt>
      <trkpt lat="47.018260" lon="9.859943">
        <ele>2143.218079</ele>
        <time>2026-09-12T14:06:12.000Z</time>
      </trkpt>
      <trkpt lat="47.018268" lon="9.859965">
        <ele>2142.624128</ele>
        <time>2026-09-12T14:06:15.000Z</time>
      </trkpt>
      <trkpt lat="47.018289" lon="9.859996">
        <ele>2141.583117</ele>
        <time>2026-09-12T14:06:19.000Z</time>
      </trkpt>
      <trkpt lat="47.018286" lon="9.859997">
        <ele>2141.475623</ele>
        <time>2026-09-12T14:06:20.000Z</time>
      </trkpt>
      <trkpt lat="47.018284" lon="9.859985">
        <ele>2141.181352</ele>
        <time>2026-09-12T14:06:30.000Z</time>
      </trkpt>
      <trkpt lat="47.018285" lon="9.859980">
        <ele>2141.057227</ele>
        <time>2026-09-12T14:06:32.000Z</time>
      </trkpt>
      <trkpt lat="47.018285" lon="9.859980">
        <ele>2141.057227</ele>
        <time>2026-09-12T14:06:33.000Z</time>
      </trkpt>
      <trkpt lat="47.018285" lon="9.859980">
        <ele>2141.057227</ele>
        <time>2026-09-12T14:06:34.000Z</time>
      </trkpt>
      <trkpt lat="47.018279" lon="9.859981">
        <ele>2140.846235</ele>
        <time>2026-09-12T14:06:38.000Z</time>
      </trkpt>
      <trkpt lat="47.018251" lon="9.859998">
        <ele>2139.787404</ele>
        <time>2026-09-12T14:06:43.000Z</time>
      </trkpt>
      <trkpt lat="47.018233" lon="9.859997">
        <ele>2139.158025</ele>
        <time>2026-09-12T14:06:45.000Z</time>
      </trkpt>
      <trkpt lat="47.018220" lon="9.859993">
        <ele>2138.693914</ele>
        <time>2026-09-12T14:06:47.000Z</time>
      </trkpt>
      <trkpt lat="47.018206" lon="9.859987">
        <ele>2138.184295</ele>
        <time>2026-09-12T14:06:50.000Z</time>
      </trkpt>
      <trkpt lat="47.018207" lon="9.859993">
        <ele>2138.037159</ele>
        <time>2026-09-12T14:06:54.000Z</time>
      </trkpt>
      <trkpt lat="47.018204" lon="9.859994">
        <ele>2137.929665</ele>
        <time>2026-09-12T14:06:56.000Z</time>
      </trkpt>
      <trkpt lat="47.018194" lon="9.860016">
        <ele>2137.299801</ele>
        <time>2026-09-12T14:07:01.000Z</time>
      </trkpt>
      <trkpt lat="47.018194" lon="9.860021">
        <ele>2137.180695</ele>
        <time>2026-09-12T14:07:02.000Z</time>
      </trkpt>
      <trkpt lat="47.018190" lon="9.860028">
        <ele>2136.963122</ele>
        <time>2026-09-12T14:07:04.000Z</time>
      </trkpt>
      <trkpt lat="47.018179" lon="9.860030">
        <ele>2136.575836</ele>
        <time>2026-09-12T14:07:06.000Z</time>
      </trkpt>
      <trkpt lat="47.018168" lon="9.860035">
        <ele>2136.173459</ele>
        <time>2026-09-12T14:07:08.000Z</time>
      </trkpt>
      <trkpt lat="47.018160" lon="9.860034">
        <ele>2135.892923</ele>
        <time>2026-09-12T14:07:10.000Z</time>
      </trkpt>
      <trkpt lat="47.018150" lon="9.860022">
        <ele>2135.441485</ele>
        <time>2026-09-12T14:07:12.000Z</time>
      </trkpt>
      <trkpt lat="47.018137" lon="9.860034">
        <ele>2134.904798</ele>
        <time>2026-09-12T14:07:16.000Z</time>
      </trkpt>
      <trkpt lat="47.018130" lon="9.860036">
        <ele>2134.655618</ele>
        <time>2026-09-12T14:07:17.000Z</time>
      </trkpt>
      <trkpt lat="47.018107" lon="9.860045">
        <ele>2133.823882</ele>
        <time>2026-09-12T14:07:20.000Z</time>
      </trkpt>
      <trkpt lat="47.018092" lon="9.860061">
        <ele>2133.175843</ele>
        <time>2026-09-12T14:07:23.000Z</time>
      </trkpt>
      <trkpt lat="47.018089" lon="9.860064">
        <ele>2133.048979</ele>
        <time>2026-09-12T14:07:24.000Z</time>
      </trkpt>
      <trkpt lat="47.018101" lon="9.860049">
        <ele>2132.498092</ele>
        <time>2026-09-12T14:07:31.000Z</time>
      </trkpt>
      <trkpt lat="47.018102" lon="9.860052">
        <ele>2132.418544</ele>
        <time>2026-09-12T14:07:39.000Z</time>
      </trkpt>
      <trkpt lat="47.018107" lon="9.860057">
        <ele>2132.207104</ele>
        <time>2026-09-12T14:07:44.000Z</time>
      </trkpt>
      <trkpt lat="47.018109" lon="9.860055">
        <ele>2132.122528</ele>
        <time>2026-09-12T14:07:48.000Z</time>
      </trkpt>
      <trkpt lat="47.018108" lon="9.860055">
        <ele>2132.087587</ele>
        <time>2026-09-12T14:07:50.000Z</time>
      </trkpt>
      <trkpt lat="47.018085" lon="9.860100">
        <ele>2130.747845</ele>
        <time>2026-09-12T14:07:55.000Z</time>
      </trkpt>
      <trkpt lat="47.018078" lon="9.860106">
        <ele>2130.464563</ele>
        <time>2026-09-12T14:07:56.000Z</time>
      </trkpt>
      <trkpt lat="47.018077" lon="9.860108">
        <ele>2130.405481</ele>
        <time>2026-09-12T14:07:57.000Z</time>
      </trkpt>
      <trkpt lat="47.018076" lon="9.860109">
        <ele>2130.363193</ele>
        <time>2026-09-12T14:07:58.000Z</time>
      </trkpt>
      <trkpt lat="47.018073" lon="9.860115">
        <ele>2130.185948</ele>
        <time>2026-09-12T14:08:02.000Z</time>
      </trkpt>
      <trkpt lat="47.018075" lon="9.860135">
        <ele>2129.704426</ele>
        <time>2026-09-12T14:08:05.000Z</time>
      </trkpt>
      <trkpt lat="47.018092" lon="9.860164">
        <ele>2128.793357</ele>
        <time>2026-09-12T14:08:08.000Z</time>
      </trkpt>
      <trkpt lat="47.018105" lon="9.860191">
        <ele>2128.005961</ele>
        <time>2026-09-12T14:08:10.000Z</time>
      </trkpt>
      <trkpt lat="47.018137" lon="9.860255">
        <ele>2126.115350</ele>
        <time>2026-09-12T14:08:15.000Z</time>
      </trkpt>
      <trkpt lat="47.018142" lon="9.860266">
        <ele>2125.800418</ele>
        <time>2026-09-12T14:08:16.000Z</time>
      </trkpt>
      <trkpt lat="47.018153" lon="9.860301">
        <ele>2124.882351</ele>
        <time>2026-09-12T14:08:19.000Z</time>
      </trkpt>
      <trkpt lat="47.018159" lon="9.860313">
        <ele>2124.527862</ele>
        <time>2026-09-12T14:08:20.000Z</time>
      </trkpt>
      <trkpt lat="47.018190" lon="9.860338">
        <ele>2123.291789</ele>
        <time>2026-09-12T14:08:24.000Z</time>
      </trkpt>
      <trkpt lat="47.018207" lon="9.860356">
        <ele>2122.559209</ele>
        <time>2026-09-12T14:08:26.000Z</time>
      </trkpt>
      <trkpt lat="47.018240" lon="9.860414">
        <ele>2120.759658</ele>
        <time>2026-09-12T14:08:30.000Z</time>
      </trkpt>
      <trkpt lat="47.018243" lon="9.860424">
        <ele>2120.499404</ele>
        <time>2026-09-12T14:08:31.000Z</time>
      </trkpt>
      <trkpt lat="47.018242" lon="9.860431">
        <ele>2120.329035</ele>
        <time>2026-09-12T14:08:32.000Z</time>
      </trkpt>
      <trkpt lat="47.018257" lon="9.860455">
        <ele>2119.553446</ele>
        <time>2026-09-12T14:08:35.000Z</time>
      </trkpt>
      <trkpt lat="47.018288" lon="9.860480">
        <ele>2118.317374</ele>
        <time>2026-09-12T14:08:38.000Z</time>
      </trkpt>
      <trkpt lat="47.018295" lon="9.860484">
        <ele>2118.054886</ele>
        <time>2026-09-12T14:08:39.000Z</time>
      </trkpt>
      <trkpt lat="47.018316" lon="9.860509">
        <ele>2117.109878</ele>
        <time>2026-09-12T14:08:41.000Z</time>
      </trkpt>
      <trkpt lat="47.018323" lon="9.860529">
        <ele>2116.574342</ele>
        <time>2026-09-12T14:08:44.000Z</time>
      </trkpt>
      <trkpt lat="47.018320" lon="9.860538">
        <ele>2116.335698</ele>
        <time>2026-09-12T14:08:45.000Z</time>
      </trkpt>
      <trkpt lat="47.018326" lon="9.860574">
        <ele>2115.452885</ele>
        <time>2026-09-12T14:08:48.000Z</time>
      </trkpt>
      <trkpt lat="47.018330" lon="9.860611">
        <ele>2114.560491</ele>
        <time>2026-09-12T14:08:52.000Z</time>
      </trkpt>
      <trkpt lat="47.018335" lon="9.860641">
        <ele>2113.824813</ele>
        <time>2026-09-12T14:08:56.000Z</time>
      </trkpt>
      <trkpt lat="47.018334" lon="9.860653">
        <ele>2113.536832</ele>
        <time>2026-09-12T14:08:59.000Z</time>
      </trkpt>
      <trkpt lat="47.018329" lon="9.860659">
        <ele>2113.311113</ele>
        <time>2026-09-12T14:09:00.000Z</time>
      </trkpt>
      <trkpt lat="47.018341" lon="9.860702">
        <ele>2112.204313</ele>
        <time>2026-09-12T14:09:05.000Z</time>
      </trkpt>
      <trkpt lat="47.018349" lon="9.860748">
        <ele>2111.073451</ele>
        <time>2026-09-12T14:09:09.000Z</time>
      </trkpt>
      <trkpt lat="47.018338" lon="9.860762">
        <ele>2110.564590</ele>
        <time>2026-09-12T14:09:11.000Z</time>
      </trkpt>
      <trkpt lat="47.018327" lon="9.860774">
        <ele>2110.085598</ele>
        <time>2026-09-12T14:09:13.000Z</time>
      </trkpt>
      <trkpt lat="47.018307" lon="9.860812">
        <ele>2108.942040</ele>
        <time>2026-09-12T14:09:16.000Z</time>
      </trkpt>
      <trkpt lat="47.018309" lon="9.860832">
        <ele>2108.460520</ele>
        <time>2026-09-12T14:09:17.000Z</time>
      </trkpt>
      <trkpt lat="47.018309" lon="9.860871">
        <ele>2107.531495</ele>
        <time>2026-09-12T14:09:19.000Z</time>
      </trkpt>
      <trkpt lat="47.018303" lon="9.860916">
        <ele>2106.439237</ele>
        <time>2026-09-12T14:09:22.000Z</time>
      </trkpt>
      <trkpt lat="47.018306" lon="9.860955">
        <ele>2105.504318</ele>
        <time>2026-09-12T14:09:24.000Z</time>
      </trkpt>
      <trkpt lat="47.018307" lon="9.860972">
        <ele>2105.097854</ele>
        <time>2026-09-12T14:09:25.000Z</time>
      </trkpt>
      <trkpt lat="47.018310" lon="9.861041">
        <ele>2103.450857</ele>
        <time>2026-09-12T14:09:28.000Z</time>
      </trkpt>
      <trkpt lat="47.018306" lon="9.861098">
        <ele>2102.085878</ele>
        <time>2026-09-12T14:09:31.000Z</time>
      </trkpt>
      <trkpt lat="47.018294" lon="9.861125">
        <ele>2101.318109</ele>
        <time>2026-09-12T14:09:33.000Z</time>
      </trkpt>
      <trkpt lat="47.018277" lon="9.861164">
        <ele>2100.215428</ele>
        <time>2026-09-12T14:09:36.000Z</time>
      </trkpt>
      <trkpt lat="47.018273" lon="9.861198">
        <ele>2099.393538</ele>
        <time>2026-09-12T14:09:38.000Z</time>
      </trkpt>
      <trkpt lat="47.018273" lon="9.861214">
        <ele>2099.012400</ele>
        <time>2026-09-12T14:09:39.000Z</time>
      </trkpt>
      <trkpt lat="47.018266" lon="9.861258">
        <ele>2097.927563</ele>
        <time>2026-09-12T14:09:42.000Z</time>
      </trkpt>
      <trkpt lat="47.018266" lon="9.861284">
        <ele>2097.301632</ele>
        <time>2026-09-12T14:09:44.000Z</time>
      </trkpt>
      <trkpt lat="47.018272" lon="9.861297">
        <ele>2096.923695</ele>
        <time>2026-09-12T14:09:45.000Z</time>
      </trkpt>
      <trkpt lat="47.018271" lon="9.861324">
        <ele>2096.272731</ele>
        <time>2026-09-12T14:09:47.000Z</time>
      </trkpt>
      <trkpt lat="47.018272" lon="9.861369">
        <ele>2095.188813</ele>
        <time>2026-09-12T14:09:50.000Z</time>
      </trkpt>
      <trkpt lat="47.018271" lon="9.861380">
        <ele>2094.921652</ele>
        <time>2026-09-12T14:09:51.000Z</time>
      </trkpt>
      <trkpt lat="47.018260" lon="9.861384">
        <ele>2094.521465</ele>
        <time>2026-09-12T14:09:54.000Z</time>
      </trkpt>
      <trkpt lat="47.018247" lon="9.861398">
        <ele>2093.951969</ele>
        <time>2026-09-12T14:09:56.000Z</time>
      </trkpt>
      <trkpt lat="47.018245" lon="9.861408">
        <ele>2093.701081</ele>
        <time>2026-09-12T14:09:57.000Z</time>
      </trkpt>
      <trkpt lat="47.018245" lon="9.861448">
        <ele>2092.738110</ele>
        <time>2026-09-12T14:10:01.000Z</time>
      </trkpt>
      <trkpt lat="47.018247" lon="9.861463">
        <ele>2092.370154</ele>
        <time>2026-09-12T14:10:03.000Z</time>
      </trkpt>
      <trkpt lat="47.018245" lon="9.861478">
        <ele>2092.002199</ele>
        <time>2026-09-12T14:10:05.000Z</time>
      </trkpt>
      <trkpt lat="47.018254" lon="9.861531">
        <ele>2090.687278</ele>
        <time>2026-09-12T14:10:09.000Z</time>
      </trkpt>
      <trkpt lat="47.018253" lon="9.861544">
        <ele>2090.372327</ele>
        <time>2026-09-12T14:10:11.000Z</time>
      </trkpt>
      <trkpt lat="47.018255" lon="9.861572">
        <ele>2089.694557</ele>
        <time>2026-09-12T14:10:13.000Z</time>
      </trkpt>
      <trkpt lat="47.018253" lon="9.861615">
        <ele>2088.656957</ele>
        <time>2026-09-12T14:10:17.000Z</time>
      </trkpt>
      <trkpt lat="47.018244" lon="9.861645">
        <ele>2087.867898</ele>
        <time>2026-09-12T14:10:19.000Z</time>
      </trkpt>
      <trkpt lat="47.018231" lon="9.861682">
        <ele>2086.865819</ele>
        <time>2026-09-12T14:10:21.000Z</time>
      </trkpt>
      <trkpt lat="47.018225" lon="9.861731">
        <ele>2085.667303</ele>
        <time>2026-09-12T14:10:24.000Z</time>
      </trkpt>
      <trkpt lat="47.018222" lon="9.861746">
        <ele>2085.290970</ele>
        <time>2026-09-12T14:10:25.000Z</time>
      </trkpt>
      <trkpt lat="47.018200" lon="9.861758">
        <ele>2084.462137</ele>
        <time>2026-09-12T14:10:28.000Z</time>
      </trkpt>
      <trkpt lat="47.018175" lon="9.861749">
        <ele>2083.553144</ele>
        <time>2026-09-12T14:10:31.000Z</time>
      </trkpt>
      <trkpt lat="47.018166" lon="9.861749">
        <ele>2083.235339</ele>
        <time>2026-09-12T14:10:32.000Z</time>
      </trkpt>
      <trkpt lat="47.018143" lon="9.861739">
        <ele>2082.388240</ele>
        <time>2026-09-12T14:10:35.000Z</time>
      </trkpt>
      <trkpt lat="47.018121" lon="9.861711">
        <ele>2081.359701</ele>
        <time>2026-09-12T14:10:38.000Z</time>
      </trkpt>
      <trkpt lat="47.018112" lon="9.861703">
        <ele>2080.988093</ele>
        <time>2026-09-12T14:10:39.000Z</time>
      </trkpt>
      <trkpt lat="47.018079" lon="9.861695">
        <ele>2079.806998</ele>
        <time>2026-09-12T14:10:43.000Z</time>
      </trkpt>
      <trkpt lat="47.018079" lon="9.861707">
        <ele>2079.518106</ele>
        <time>2026-09-12T14:10:44.000Z</time>
      </trkpt>
      <trkpt lat="47.018080" lon="9.861715">
        <ele>2079.322301</ele>
        <time>2026-09-12T14:10:45.000Z</time>
      </trkpt>
      <trkpt lat="47.018071" lon="9.861714">
        <ele>2079.003585</ele>
        <time>2026-09-12T14:10:47.000Z</time>
      </trkpt>
      <trkpt lat="47.018064" lon="9.861712">
        <ele>2078.751757</ele>
        <time>2026-09-12T14:10:50.000Z</time>
      </trkpt>
      <trkpt lat="47.018029" lon="9.861705">
        <ele>2077.504412</ele>
        <time>2026-09-12T14:10:56.000Z</time>
      </trkpt>
      <trkpt lat="47.018001" lon="9.861728">
        <ele>2076.371196</ele>
        <time>2026-09-12T14:11:00.000Z</time>
      </trkpt>
      <trkpt lat="47.017993" lon="9.861757">
        <ele>2075.618052</ele>
        <time>2026-09-12T14:11:04.000Z</time>
      </trkpt>
      <trkpt lat="47.017967" lon="9.861763">
        <ele>2074.688654</ele>
        <time>2026-09-12T14:11:07.000Z</time>
      </trkpt>
      <trkpt lat="47.017938" lon="9.861766">
        <ele>2073.662071</ele>
        <time>2026-09-12T14:11:10.000Z</time>
      </trkpt>
      <trkpt lat="47.017884" lon="9.861794">
        <ele>2071.639599</ele>
        <time>2026-09-12T14:11:15.000Z</time>
      </trkpt>
      <trkpt lat="47.017880" lon="9.861806">
        <ele>2071.318025</ele>
        <time>2026-09-12T14:11:16.000Z</time>
      </trkpt>
      <trkpt lat="47.017878" lon="9.861795">
        <ele>2071.043950</ele>
        <time>2026-09-12T14:11:20.000Z</time>
      </trkpt>
      <trkpt lat="47.017873" lon="9.861796">
        <ele>2070.865758</ele>
        <time>2026-09-12T14:11:21.000Z</time>
      </trkpt>
      <trkpt lat="47.017840" lon="9.861787">
        <ele>2069.680500</ele>
        <time>2026-09-12T14:11:27.000Z</time>
      </trkpt>
      <trkpt lat="47.017833" lon="9.861802">
        <ele>2069.242888</ele>
        <time>2026-09-12T14:11:29.000Z</time>
      </trkpt>
      <trkpt lat="47.017839" lon="9.861819">
        <ele>2068.782032</ele>
        <time>2026-09-12T14:11:31.000Z</time>
      </trkpt>
      <trkpt lat="47.017844" lon="9.861837">
        <ele>2068.314104</ele>
        <time>2026-09-12T14:11:34.000Z</time>
      </trkpt>
      <trkpt lat="47.017845" lon="9.861840">
        <ele>2068.233710</ele>
        <time>2026-09-12T14:11:35.000Z</time>
      </trkpt>
      <trkpt lat="47.017852" lon="9.861866">
        <ele>2067.560736</ele>
        <time>2026-09-12T14:11:40.000Z</time>
      </trkpt>
      <trkpt lat="47.017849" lon="9.861869">
        <ele>2067.432523</ele>
        <time>2026-09-12T14:11:41.000Z</time>
      </trkpt>
      <trkpt lat="47.017854" lon="9.861897">
        <ele>2066.735699</ele>
        <time>2026-09-12T14:11:45.000Z</time>
      </trkpt>
      <trkpt lat="47.017860" lon="9.861912">
        <ele>2066.317017</ele>
        <time>2026-09-12T14:11:47.000Z</time>
      </trkpt>
      <trkpt lat="47.017855" lon="9.861951">
        <ele>2065.361657</ele>
        <time>2026-09-12T14:11:50.000Z</time>
      </trkpt>
      <trkpt lat="47.017849" lon="9.861978">
        <ele>2064.677988</ele>
        <time>2026-09-12T14:11:53.000Z</time>
      </trkpt>
      <trkpt lat="47.017860" lon="9.861997">
        <ele>2064.077901</ele>
        <time>2026-09-12T14:11:56.000Z</time>
      </trkpt>
      <trkpt lat="47.017866" lon="9.862003">
        <ele>2063.821476</ele>
        <time>2026-09-12T14:11:59.000Z</time>
      </trkpt>
      <trkpt lat="47.017866" lon="9.862019">
        <ele>2063.436284</ele>
        <time>2026-09-12T14:12:02.000Z</time>
      </trkpt>
      <trkpt lat="47.017857" lon="9.862037">
        <ele>2062.898898</ele>
        <time>2026-09-12T14:12:07.000Z</time>
      </trkpt>
      <trkpt lat="47.017864" lon="9.862067">
        <ele>2062.135536</ele>
        <time>2026-09-12T14:12:13.000Z</time>
      </trkpt>
      <trkpt lat="47.017861" lon="9.862106">
        <ele>2061.190675</ele>
        <time>2026-09-12T14:12:17.000Z</time>
      </trkpt>
      <trkpt lat="47.017851" lon="9.862125">
        <ele>2060.612817</ele>
        <time>2026-09-12T14:12:19.000Z</time>
      </trkpt>
      <trkpt lat="47.017849" lon="9.862157">
        <ele>2059.839204</ele>
        <time>2026-09-12T14:12:22.000Z</time>
      </trkpt>
      <trkpt lat="47.017838" lon="9.862152">
        <ele>2059.432551</ele>
        <time>2026-09-12T14:12:25.000Z</time>
      </trkpt>
      <trkpt lat="47.017823" lon="9.862137">
        <ele>2058.791488</ele>
        <time>2026-09-12T14:12:27.000Z</time>
      </trkpt>
      <trkpt lat="47.017809" lon="9.862157">
        <ele>2058.101396</ele>
        <time>2026-09-12T14:12:32.000Z</time>
      </trkpt>
      <trkpt lat="47.017829" lon="9.862214">
        <ele>2056.558080</ele>
        <time>2026-09-12T14:12:37.000Z</time>
      </trkpt>
      <trkpt lat="47.017822" lon="9.862207">
        <ele>2056.258917</ele>
        <time>2026-09-12T14:12:39.000Z</time>
      </trkpt>
      <trkpt lat="47.017805" lon="9.862203">
        <ele>2055.650944</ele>
        <time>2026-09-12T14:12:41.000Z</time>
      </trkpt>
      <trkpt lat="47.017802" lon="9.862223">
        <ele>2055.157938</ele>
        <time>2026-09-12T14:12:44.000Z</time>
      </trkpt>
      <trkpt lat="47.017786" lon="9.862205">
        <ele>2054.445902</ele>
        <time>2026-09-12T14:12:47.000Z</time>
      </trkpt>
      <trkpt lat="47.017770" lon="9.862167">
        <ele>2053.370669</ele>
        <time>2026-09-12T14:12:50.000Z</time>
      </trkpt>
      <trkpt lat="47.017751" lon="9.862155">
        <ele>2052.640193</ele>
        <time>2026-09-12T14:12:54.000Z</time>
      </trkpt>
      <trkpt lat="47.017747" lon="9.862158">
        <ele>2052.481552</ele>
        <time>2026-09-12T14:12:55.000Z</time>
      </trkpt>
      <trkpt lat="47.017714" lon="9.862153">
        <ele>2051.310065</ele>
        <time>2026-09-12T14:12:59.000Z</time>
      </trkpt>
      <trkpt lat="47.017699" lon="9.862162">
        <ele>2050.737787</ele>
        <time>2026-09-12T14:13:01.000Z</time>
      </trkpt>
      <trkpt lat="47.017695" lon="9.862166">
        <ele>2050.566837</ele>
        <time>2026-09-12T14:13:02.000Z</time>
      </trkpt>
      <trkpt lat="47.017667" lon="9.862165">
        <ele>2049.577817</ele>
        <time>2026-09-12T14:13:05.000Z</time>
      </trkpt>
      <trkpt lat="47.017657" lon="9.862173">
        <ele>2049.175592</ele>
        <time>2026-09-12T14:13:06.000Z</time>
      </trkpt>
      <trkpt lat="47.017618" lon="9.862194">
        <ele>2047.708569</ele>
        <time>2026-09-12T14:13:09.000Z</time>
      </trkpt>
      <trkpt lat="47.017603" lon="9.862194">
        <ele>2047.178894</ele>
        <time>2026-09-12T14:13:12.000Z</time>
      </trkpt>
      <trkpt lat="47.017601" lon="9.862186">
        <ele>2046.973757</ele>
        <time>2026-09-12T14:13:13.000Z</time>
      </trkpt>
      <trkpt lat="47.017571" lon="9.862170">
        <ele>2045.846549</ele>
        <time>2026-09-12T14:13:17.000Z</time>
      </trkpt>
      <trkpt lat="47.017555" lon="9.862170">
        <ele>2045.281562</ele>
        <time>2026-09-12T14:13:19.000Z</time>
      </trkpt>
      <trkpt lat="47.017530" lon="9.862169">
        <ele>2044.398441</ele>
        <time>2026-09-12T14:13:22.000Z</time>
      </trkpt>
      <trkpt lat="47.017524" lon="9.862161">
        <ele>2044.112116</ele>
        <time>2026-09-12T14:13:26.000Z</time>
      </trkpt>
      <trkpt lat="47.017522" lon="9.862161">
        <ele>2044.041492</ele>
        <time>2026-09-12T14:13:31.000Z</time>
      </trkpt>
      <trkpt lat="47.017522" lon="9.862161">
        <ele>2044.041492</ele>
        <time>2026-09-12T14:13:39.000Z</time>
      </trkpt>
      <trkpt lat="47.017517" lon="9.862151">
        <ele>2043.742943</ele>
        <time>2026-09-12T14:13:46.000Z</time>
      </trkpt>
      <trkpt lat="47.017515" lon="9.862147">
        <ele>2043.623523</ele>
        <time>2026-09-12T14:13:47.000Z</time>
      </trkpt>
      <trkpt lat="47.017498" lon="9.862132">
        <ele>2042.922977</ele>
        <time>2026-09-12T14:13:51.000Z</time>
      </trkpt>
      <trkpt lat="47.017492" lon="9.862127">
        <ele>2042.679299</ele>
        <time>2026-09-12T14:13:52.000Z</time>
      </trkpt>
      <trkpt lat="47.017486" lon="9.862122">
        <ele>2042.435622</ele>
        <time>2026-09-12T14:13:53.000Z</time>
      </trkpt>
      <trkpt lat="47.017458" lon="9.862093">
        <ele>2041.225244</ele>
        <time>2026-09-12T14:13:57.000Z</time>
      </trkpt>
      <trkpt lat="47.017449" lon="9.862073">
        <ele>2040.648325</ele>
        <time>2026-09-12T14:14:00.000Z</time>
      </trkpt>
      <trkpt lat="47.017448" lon="9.862064">
        <ele>2040.428794</ele>
        <time>2026-09-12T14:14:01.000Z</time>
      </trkpt>
      <trkpt lat="47.017447" lon="9.862052">
        <ele>2040.137748</ele>
        <time>2026-09-12T14:14:02.000Z</time>
      </trkpt>
      <trkpt lat="47.017458" lon="9.862026">
        <ele>2039.401081</ele>
        <time>2026-09-12T14:14:05.000Z</time>
      </trkpt>
      <trkpt lat="47.017449" lon="9.861978">
        <ele>2038.202594</ele>
        <time>2026-09-12T14:14:09.000Z</time>
      </trkpt>
      <trkpt lat="47.017438" lon="9.861951">
        <ele>2037.445364</ele>
        <time>2026-09-12T14:14:11.000Z</time>
      </trkpt>
      <trkpt lat="47.017417" lon="9.861899">
        <ele>2035.990338</ele>
        <time>2026-09-12T14:14:15.000Z</time>
      </trkpt>
      <trkpt lat="47.017410" lon="9.861884">
        <ele>2035.552724</ele>
        <time>2026-09-12T14:14:16.000Z</time>
      </trkpt>
      <trkpt lat="47.017372" lon="9.861829">
        <ele>2033.842407</ele>
        <time>2026-09-12T14:14:21.000Z</time>
      </trkpt>
      <trkpt lat="47.017366" lon="9.861826">
        <ele>2033.643655</ele>
        <time>2026-09-12T14:14:22.000Z</time>
      </trkpt>
      <trkpt lat="47.017340" lon="9.861798">
        <ele>2032.632329</ele>
        <time>2026-09-12T14:14:27.000Z</time>
      </trkpt>
      <trkpt lat="47.017338" lon="9.861793">
        <ele>2032.508411</ele>
        <time>2026-09-12T14:14:28.000Z</time>
      </trkpt>
      <trkpt lat="47.017334" lon="9.861768">
        <ele>2031.959487</ele>
        <time>2026-09-12T14:14:31.000Z</time>
      </trkpt>
      <trkpt lat="47.017331" lon="9.861762">
        <ele>2031.800436</ele>
        <time>2026-09-12T14:14:35.000Z</time>
      </trkpt>
      <trkpt lat="47.017340" lon="9.861758">
        <ele>2031.505584</ele>
        <time>2026-09-12T14:14:37.000Z</time>
      </trkpt>
      <trkpt lat="47.017349" lon="9.861702">
        <ele>2030.275709</ele>
        <time>2026-09-12T14:14:42.000Z</time>
      </trkpt>
      <trkpt lat="47.017347" lon="9.861681">
        <ele>2029.822451</ele>
        <time>2026-09-12T14:14:44.000Z</time>
      </trkpt>
      <trkpt lat="47.017329" lon="9.861662">
        <ele>2029.127136</ele>
        <time>2026-09-12T14:14:47.000Z</time>
      </trkpt>
      <trkpt lat="47.017316" lon="9.861671">
        <ele>2028.676417</ele>
        <time>2026-09-12T14:14:49.000Z</time>
      </trkpt>
      <trkpt lat="47.017291" lon="9.861691">
        <ele>2027.783567</ele>
        <time>2026-09-12T14:14:52.000Z</time>
      </trkpt>
      <trkpt lat="47.017285" lon="9.861682">
        <ele>2027.514491</ele>
        <time>2026-09-12T14:14:54.000Z</time>
      </trkpt>
      <trkpt lat="47.017277" lon="9.861669">
        <ele>2027.140140</ele>
        <time>2026-09-12T14:14:56.000Z</time>
      </trkpt>
      <trkpt lat="47.017273" lon="9.861660">
        <ele>2026.910486</ele>
        <time>2026-09-12T14:14:58.000Z</time>
      </trkpt>
      <trkpt lat="47.017257" lon="9.861620">
        <ele>2025.919140</ele>
        <time>2026-09-12T14:15:03.000Z</time>
      </trkpt>
      <trkpt lat="47.017251" lon="9.861623">
        <ele>2025.720388</ele>
        <time>2026-09-12T14:15:05.000Z</time>
      </trkpt>
      <trkpt lat="47.017239" lon="9.861652">
        <ele>2024.995235</ele>
        <time>2026-09-12T14:15:09.000Z</time>
      </trkpt>
      <trkpt lat="47.017229" lon="9.861676">
        <ele>2024.393983</ele>
        <time>2026-09-12T14:15:11.000Z</time>
      </trkpt>
      <trkpt lat="47.017215" lon="9.861729">
        <ele>2023.178982</ele>
        <time>2026-09-12T14:15:15.000Z</time>
      </trkpt>
      <trkpt lat="47.017212" lon="9.861741">
        <ele>2022.905765</ele>
        <time>2026-09-12T14:15:16.000Z</time>
      </trkpt>
      <trkpt lat="47.017209" lon="9.861788">
        <ele>2021.896690</ele>
        <time>2026-09-12T14:15:20.000Z</time>
      </trkpt>
      <trkpt lat="47.017205" lon="9.861804">
        <ele>2021.532401</ele>
        <time>2026-09-12T14:15:22.000Z</time>
      </trkpt>
      <trkpt lat="47.017194" lon="9.861823">
        <ele>2020.999574</ele>
        <time>2026-09-12T14:15:24.000Z</time>
      </trkpt>
      <trkpt lat="47.017184" lon="9.861857">
        <ele>2020.208037</ele>
        <time>2026-09-12T14:15:28.000Z</time>
      </trkpt>
      <trkpt lat="47.017182" lon="9.861867">
        <ele>2019.985267</ele>
        <time>2026-09-12T14:15:29.000Z</time>
      </trkpt>
      <trkpt lat="47.017180" lon="9.861882">
        <ele>2019.658549</ele>
        <time>2026-09-12T14:15:31.000Z</time>
      </trkpt>
      <trkpt lat="47.017172" lon="9.861910">
        <ele>2019.009582</ele>
        <time>2026-09-12T14:15:35.000Z</time>
      </trkpt>
      <trkpt lat="47.017167" lon="9.861920">
        <ele>2018.744496</ele>
        <time>2026-09-12T14:15:36.000Z</time>
      </trkpt>
      <trkpt lat="47.017147" lon="9.861931">
        <ele>2018.074787</ele>
        <time>2026-09-12T14:15:40.000Z</time>
      </trkpt>
      <trkpt lat="47.017142" lon="9.861930">
        <ele>2017.916568</ele>
        <time>2026-09-12T14:15:42.000Z</time>
      </trkpt>
      <trkpt lat="47.017157" lon="9.861958">
        <ele>2017.155366</ele>
        <time>2026-09-12T14:15:49.000Z</time>
      </trkpt>
      <trkpt lat="47.017146" lon="9.861956">
        <ele>2016.807836</ele>
        <time>2026-09-12T14:15:53.000Z</time>
      </trkpt>
      <trkpt lat="47.017146" lon="9.861973">
        <ele>2016.444440</ele>
        <time>2026-09-12T14:15:55.000Z</time>
      </trkpt>
      <trkpt lat="47.017149" lon="9.861987">
        <ele>2016.130739</ele>
        <time>2026-09-12T14:15:57.000Z</time>
      </trkpt>
      <trkpt lat="47.017151" lon="9.862001">
        <ele>2015.824973</ele>
        <time>2026-09-12T14:16:00.000Z</time>
      </trkpt>
      <trkpt lat="47.017147" lon="9.862001">
        <ele>2015.699558</ele>
        <time>2026-09-12T14:16:02.000Z</time>
      </trkpt>
      <trkpt lat="47.017142" lon="9.862026">
        <ele>2015.142633</ele>
        <time>2026-09-12T14:16:08.000Z</time>
      </trkpt>
      <trkpt lat="47.017127" lon="9.862050">
        <ele>2014.446654</ele>
        <time>2026-09-12T14:16:13.000Z</time>
      </trkpt>
      <trkpt lat="47.017127" lon="9.862086">
        <ele>2013.677109</ele>
        <time>2026-09-12T14:16:18.000Z</time>
      </trkpt>
      <trkpt lat="47.017122" lon="9.862090">
        <ele>2013.498539</ele>
        <time>2026-09-12T14:16:19.000Z</time>
      </trkpt>
      <trkpt lat="47.017110" lon="9.862077">
        <ele>2013.030797</ele>
        <time>2026-09-12T14:16:23.000Z</time>
      </trkpt>
      <trkpt lat="47.017107" lon="9.862098">
        <ele>2012.572147</ele>
        <time>2026-09-12T14:16:26.000Z</time>
      </trkpt>
      <trkpt lat="47.017098" lon="9.862106">
        <ele>2012.242191</ele>
        <time>2026-09-12T14:16:29.000Z</time>
      </trkpt>
      <trkpt lat="47.017094" lon="9.862136">
        <ele>2011.588754</ele>
        <time>2026-09-12T14:16:34.000Z</time>
      </trkpt>
      <trkpt lat="47.017089" lon="9.862156">
        <ele>2011.133393</ele>
        <time>2026-09-12T14:16:37.000Z</time>
      </trkpt>
      <trkpt lat="47.017095" lon="9.862182">
        <ele>2010.546635</ele>
        <time>2026-09-12T14:16:41.000Z</time>
      </trkpt>
      <trkpt lat="47.017095" lon="9.862194">
        <ele>2010.290120</ele>
        <time>2026-09-12T14:16:43.000Z</time>
      </trkpt>
      <trkpt lat="47.017092" lon="9.862216">
        <ele>2009.810528</ele>
        <time>2026-09-12T14:16:46.000Z</time>
      </trkpt>
      <trkpt lat="47.017061" lon="9.862233">
        <ele>2008.772854</ele>
        <time>2026-09-12T14:16:50.000Z</time>
      </trkpt>
      <trkpt lat="47.017046" lon="9.862197">
        <ele>2007.870975</ele>
        <time>2026-09-12T14:16:56.000Z</time>
      </trkpt>
      <trkpt lat="47.017030" lon="9.862174">
        <ele>2007.168561</ele>
        <time>2026-09-12T14:16:58.000Z</time>
      </trkpt>
      <trkpt lat="47.017004" lon="9.862138">
        <ele>2006.047516</ele>
        <time>2026-09-12T14:17:03.000Z</time>
      </trkpt>
      <trkpt lat="47.017004" lon="9.862164">
        <ele>2005.491732</ele>
        <time>2026-09-12T14:17:06.000Z</time>
      </trkpt>
      <trkpt lat="47.017009" lon="9.862183">
        <ele>2005.056377</ele>
        <time>2026-09-12T14:17:08.000Z</time>
      </trkpt>
      <trkpt lat="47.017008" lon="9.862189">
        <ele>2004.924343</ele>
        <time>2026-09-12T14:17:09.000Z</time>
      </trkpt>
      <trkpt lat="47.016974" lon="9.862168">
        <ele>2003.767659</ele>
        <time>2026-09-12T14:17:15.000Z</time>
      </trkpt>
      <trkpt lat="47.016964" lon="9.862154">
        <ele>2003.334223</ele>
        <time>2026-09-12T14:17:17.000Z</time>
      </trkpt>
      <trkpt lat="47.016936" lon="9.862142">
        <ele>2002.419614</ele>
        <time>2026-09-12T14:17:21.000Z</time>
      </trkpt>
      <trkpt lat="47.016931" lon="9.862131">
        <ele>2002.137007</ele>
        <time>2026-09-12T14:17:27.000Z</time>
      </trkpt>
      <trkpt lat="47.016927" lon="9.862116">
        <ele>2001.792708</ele>
        <time>2026-09-12T14:17:29.000Z</time>
      </trkpt>
      <trkpt lat="47.016933" lon="9.862113">
        <ele>2001.593956</ele>
        <time>2026-09-12T14:17:32.000Z</time>
      </trkpt>
      <trkpt lat="47.016935" lon="9.862094">
        <ele>2001.182993</ele>
        <time>2026-09-12T14:17:36.000Z</time>
      </trkpt>
      <trkpt lat="47.016937" lon="9.862085">
        <ele>2000.980645</ele>
        <time>2026-09-12T14:17:37.000Z</time>
      </trkpt>
      <trkpt lat="47.016918" lon="9.862072">
        <ele>2000.323298</ele>
        <time>2026-09-12T14:17:43.000Z</time>
      </trkpt>
      <trkpt lat="47.016906" lon="9.862059">
        <ele>1999.855556</ele>
        <time>2026-09-12T14:17:45.000Z</time>
      </trkpt>
      <trkpt lat="47.016892" lon="9.862061">
        <ele>1999.414528</ele>
        <time>2026-09-12T14:17:48.000Z</time>
      </trkpt>
      <trkpt lat="47.016871" lon="9.862073">
        <ele>1998.707899</ele>
        <time>2026-09-12T14:17:52.000Z</time>
      </trkpt>
      <trkpt lat="47.016871" lon="9.862070">
        <ele>1998.643770</ele>
        <time>2026-09-12T14:17:54.000Z</time>
      </trkpt>
      <trkpt lat="47.016876" lon="9.862037">
        <ele>1997.921141</ele>
        <time>2026-09-12T14:18:00.000Z</time>
      </trkpt>
      <trkpt lat="47.016867" lon="9.862009">
        <ele>1997.259420</ele>
        <time>2026-09-12T14:18:03.000Z</time>
      </trkpt>
      <trkpt lat="47.016862" lon="9.861978">
        <ele>1996.578462</ele>
        <time>2026-09-12T14:18:06.000Z</time>
      </trkpt>
      <trkpt lat="47.016851" lon="9.861970">
        <ele>1996.193502</ele>
        <time>2026-09-12T14:18:10.000Z</time>
      </trkpt>
      <trkpt lat="47.016845" lon="9.861972">
        <ele>1996.000584</ele>
        <time>2026-09-12T14:18:11.000Z</time>
      </trkpt>
      <trkpt lat="47.016828" lon="9.861980">
        <ele>1995.440811</ele>
        <time>2026-09-12T14:18:16.000Z</time>
      </trkpt>
      <trkpt lat="47.016824" lon="9.861997">
        <ele>1995.056380</ele>
        <time>2026-09-12T14:18:18.000Z</time>
      </trkpt>
      <trkpt lat="47.016823" lon="9.862024">
        <ele>1994.478367</ele>
        <time>2026-09-12T14:18:21.000Z</time>
      </trkpt>
      <trkpt lat="47.016813" lon="9.862069">
        <ele>1993.466622</ele>
        <time>2026-09-12T14:18:25.000Z</time>
      </trkpt>
      <trkpt lat="47.016813" lon="9.862074">
        <ele>1993.359741</ele>
        <time>2026-09-12T14:18:26.000Z</time>
      </trkpt>
      <trkpt lat="47.016789" lon="9.862079">
        <ele>1992.599701</ele>
        <time>2026-09-12T14:18:30.000Z</time>
      </trkpt>
      <trkpt lat="47.016784" lon="9.862090">
        <ele>1992.317094</ele>
        <time>2026-09-12T14:18:31.000Z</time>
      </trkpt>
      <trkpt lat="47.016781" lon="9.862107">
        <ele>1991.941719</ele>
        <time>2026-09-12T14:18:32.000Z</time>
      </trkpt>
      <trkpt lat="47.016770" lon="9.862196">
        <ele>1990.008212</ele>
        <time>2026-09-12T14:18:37.000Z</time>
      </trkpt>
      <trkpt lat="47.016759" lon="9.862243">
        <ele>1988.945973</ele>
        <time>2026-09-12T14:18:42.000Z</time>
      </trkpt>
      <trkpt lat="47.016756" lon="9.862258">
        <ele>1988.611815</ele>
        <time>2026-09-12T14:18:44.000Z</time>
      </trkpt>
      <trkpt lat="47.016757" lon="9.862302">
        <ele>1987.670731</ele>
        <time>2026-09-12T14:18:47.000Z</time>
      </trkpt>
      <trkpt lat="47.016750" lon="9.862358">
        <ele>1986.453700</ele>
        <time>2026-09-12T14:18:50.000Z</time>
      </trkpt>
      <trkpt lat="47.016747" lon="9.862375">
        <ele>1986.078325</ele>
        <time>2026-09-12T14:18:51.000Z</time>
      </trkpt>
      <trkpt lat="47.016733" lon="9.862381">
        <ele>1985.621020</ele>
        <time>2026-09-12T14:18:53.000Z</time>
      </trkpt>
      <trkpt lat="47.016717" lon="9.862393">
        <ele>1985.057583</ele>
        <time>2026-09-12T14:18:55.000Z</time>
      </trkpt>
      <trkpt lat="47.016707" lon="9.862416">
        <ele>1984.474460</ele>
        <time>2026-09-12T14:18:57.000Z</time>
      </trkpt>
      <trkpt lat="47.016693" lon="9.862454">
        <ele>1983.551143</ele>
        <time>2026-09-12T14:19:00.000Z</time>
      </trkpt>
      <trkpt lat="47.016683" lon="9.862453">
        <ele>1983.236879</ele>
        <time>2026-09-12T14:19:02.000Z</time>
      </trkpt>
      <trkpt lat="47.016668" lon="9.862459">
        <ele>1982.749400</ele>
        <time>2026-09-12T14:19:04.000Z</time>
      </trkpt>
      <trkpt lat="47.016659" lon="9.862494">
        <ele>1981.949779</ele>
        <time>2026-09-12T14:19:08.000Z</time>
      </trkpt>
      <trkpt lat="47.016647" lon="9.862484">
        <ele>1981.517050</ele>
        <time>2026-09-12T14:19:09.000Z</time>
      </trkpt>
      <trkpt lat="47.016641" lon="9.862484">
        <ele>1981.328929</ele>
        <time>2026-09-12T14:19:10.000Z</time>
      </trkpt>
      <trkpt lat="47.016629" lon="9.862492">
        <ele>1980.915644</ele>
        <time>2026-09-12T14:19:12.000Z</time>
      </trkpt>
      <trkpt lat="47.016605" lon="9.862516">
        <ele>1980.004908</ele>
        <time>2026-09-12T14:19:16.000Z</time>
      </trkpt>
      <trkpt lat="47.016602" lon="9.862530">
        <ele>1979.691204</ele>
        <time>2026-09-12T14:19:17.000Z</time>
      </trkpt>
      <trkpt lat="47.016598" lon="9.862541">
        <ele>1979.424708</ele>
        <time>2026-09-12T14:19:18.000Z</time>
      </trkpt>
      <trkpt lat="47.016584" lon="9.862571">
        <ele>1978.713728</ele>
        <time>2026-09-12T14:19:21.000Z</time>
      </trkpt>
      <trkpt lat="47.016585" lon="9.862584">
        <ele>1978.533619</ele>
        <time>2026-09-12T14:19:22.000Z</time>
      </trkpt>
      <trkpt lat="47.016597" lon="9.862601">
        <ele>1978.196732</ele>
        <time>2026-09-12T14:19:24.000Z</time>
      </trkpt>
      <trkpt lat="47.016603" lon="9.862612">
        <ele>1978.002791</ele>
        <time>2026-09-12T14:19:25.000Z</time>
      </trkpt>
      <trkpt lat="47.016594" lon="9.862611">
        <ele>1977.820534</ele>
        <time>2026-09-12T14:19:28.000Z</time>
      </trkpt>
      <trkpt lat="47.016579" lon="9.862617">
        <ele>1977.506579</ele>
        <time>2026-09-12T14:19:31.000Z</time>
      </trkpt>
      <trkpt lat="47.016575" lon="9.862624">
        <ele>1977.380836</ele>
        <time>2026-09-12T14:19:32.000Z</time>
      </trkpt>
      <trkpt lat="47.016575" lon="9.862634">
        <ele>1977.243163</ele>
        <time>2026-09-12T14:19:33.000Z</time>
      </trkpt>
      <trkpt lat="47.016563" lon="9.862657">
        <ele>1976.844438</ele>
        <time>2026-09-12T14:19:37.000Z</time>
      </trkpt>
      <trkpt lat="47.016563" lon="9.862653">
        <ele>1976.789369</ele>
        <time>2026-09-12T14:19:38.000Z</time>
      </trkpt>
      <trkpt lat="47.016549" lon="9.862676">
        <ele>1976.364887</ele>
        <time>2026-09-12T14:19:45.000Z</time>
      </trkpt>
      <trkpt lat="47.016537" lon="9.862687">
        <ele>1976.079142</ele>
        <time>2026-09-12T14:19:47.000Z</time>
      </trkpt>
      <trkpt lat="47.016512" lon="9.862702">
        <ele>1975.533714</ele>
        <time>2026-09-12T14:19:52.000Z</time>
      </trkpt>
      <trkpt lat="47.016489" lon="9.862700">
        <ele>1975.068462</ele>
        <time>2026-09-12T14:19:57.000Z</time>
      </trkpt>
      <trkpt lat="47.016483" lon="9.862705">
        <ele>1974.929115</ele>
        <time>2026-09-12T14:19:59.000Z</time>
      </trkpt>
      <trkpt lat="47.016473" lon="9.862719">
        <ele>1974.649965</ele>
        <time>2026-09-12T14:20:01.000Z</time>
      </trkpt>
      <trkpt lat="47.016469" lon="9.862725">
        <ele>1974.534434</ele>
        <time>2026-09-12T14:20:02.000Z</time>
      </trkpt>
      <trkpt lat="47.016456" lon="9.862741">
        <ele>1974.191750</ele>
        <time>2026-09-12T14:20:05.000Z</time>
      </trkpt>
      <trkpt lat="47.016465" lon="9.862779">
        <ele>1973.637926</ele>
        <time>2026-09-12T14:20:10.000Z</time>
      </trkpt>
      <trkpt lat="47.016458" lon="9.862790">
        <ele>1973.430769</ele>
        <time>2026-09-12T14:20:12.000Z</time>
      </trkpt>
      <trkpt lat="47.016448" lon="9.862799">
        <ele>1973.193856</ele>
        <time>2026-09-12T14:20:15.000Z</time>
      </trkpt>
      <trkpt lat="47.016441" lon="9.862816">
        <ele>1972.920440</ele>
        <time>2026-09-12T14:20:19.000Z</time>
      </trkpt>
      <trkpt lat="47.016441" lon="9.862832">
        <ele>1972.700163</ele>
        <time>2026-09-12T14:20:21.000Z</time>
      </trkpt>
      <trkpt lat="47.016437" lon="9.862853">
        <ele>1972.399979</ele>
        <time>2026-09-12T14:20:24.000Z</time>
      </trkpt>
      <trkpt lat="47.016438" lon="9.862849">
        <ele>1972.341325</ele>
        <time>2026-09-12T14:20:25.000Z</time>
      </trkpt>
      <trkpt lat="47.016433" lon="9.862877">
        <ele>1971.942838</ele>
        <time>2026-09-12T14:20:29.000Z</time>
      </trkpt>
      <trkpt lat="47.016429" lon="9.862892">
        <ele>1971.721094</ele>
        <time>2026-09-12T14:20:31.000Z</time>
      </trkpt>
      <trkpt lat="47.016422" lon="9.862923">
        <ele>1971.271510</ele>
        <time>2026-09-12T14:20:35.000Z</time>
      </trkpt>
      <trkpt lat="47.016409" lon="9.862939">
        <ele>1970.928826</ele>
        <time>2026-09-12T14:20:39.000Z</time>
      </trkpt>
      <trkpt lat="47.016408" lon="9.862938">
        <ele>1970.904387</ele>
        <time>2026-09-12T14:20:40.000Z</time>
      </trkpt>
      <trkpt lat="47.016403" lon="9.862920">
        <ele>1970.636797</ele>
        <time>2026-09-12T14:20:46.000Z</time>
      </trkpt>
      <trkpt lat="47.016395" lon="9.862917">
        <ele>1970.470058</ele>
        <time>2026-09-12T14:20:49.000Z</time>
      </trkpt>
      <trkpt lat="47.016385" lon="9.862914">
        <ele>1970.263948</ele>
        <time>2026-09-12T14:20:52.000Z</time>
      </trkpt>
      <trkpt lat="47.016376" lon="9.862918">
        <ele>1970.074052</ele>
        <time>2026-09-12T14:20:54.000Z</time>
      </trkpt>
      <trkpt lat="47.016356" lon="9.862941">
        <ele>1969.560858</ele>
        <time>2026-09-12T14:20:59.000Z</time>
      </trkpt>
      <trkpt lat="47.016352" lon="9.862943">
        <ele>1969.475523</ele>
        <time>2026-09-12T14:21:00.000Z</time>
      </trkpt>
      <trkpt lat="47.016331" lon="9.862944">
        <ele>1969.051248</ele>
        <time>2026-09-12T14:21:04.000Z</time>
      </trkpt>
      <trkpt lat="47.016327" lon="9.862944">
        <ele>1968.970477</ele>
        <time>2026-09-12T14:21:06.000Z</time>
      </trkpt>
      <trkpt lat="47.016323" lon="9.862937">
        <ele>1968.844733</ele>
        <time>2026-09-12T14:21:08.000Z</time>
      </trkpt>
      <trkpt lat="47.016320" lon="9.862928">
        <ele>1968.706811</ele>
        <time>2026-09-12T14:21:09.000Z</time>
      </trkpt>
      <trkpt lat="47.016301" lon="9.862925">
        <ele>1968.320929</ele>
        <time>2026-09-12T14:21:14.000Z</time>
      </trkpt>
      <trkpt lat="47.016289" lon="9.862949">
        <ele>1967.911184</ele>
        <time>2026-09-12T14:21:17.000Z</time>
      </trkpt>
      <trkpt lat="47.016282" lon="9.862955">
        <ele>1967.747467</ele>
        <time>2026-09-12T14:21:21.000Z</time>
      </trkpt>
      <trkpt lat="47.016270" lon="9.862944">
        <ele>1967.461721</ele>
        <time>2026-09-12T14:21:25.000Z</time>
      </trkpt>
      <trkpt lat="47.016255" lon="9.862938">
        <ele>1967.147766</ele>
        <time>2026-09-12T14:21:29.000Z</time>
      </trkpt>
      <trkpt lat="47.016269" lon="9.862946">
        <ele>1966.844368</ele>
        <time>2026-09-12T14:21:34.000Z</time>
      </trkpt>
      <trkpt lat="47.016270" lon="9.862942">
        <ele>1966.785714</ele>
        <time>2026-09-12T14:21:38.000Z</time>
      </trkpt>
      <trkpt lat="47.016285" lon="9.862914">
        <ele>1966.295465</ele>
        <time>2026-09-12T14:21:45.000Z</time>
      </trkpt>
      <trkpt lat="47.016264" lon="9.862799">
        <ele>1964.656418</ele>
        <time>2026-09-12T14:21:53.000Z</time>
      </trkpt>
      <trkpt lat="47.016264" lon="9.862770">
        <ele>1964.257165</ele>
        <time>2026-09-12T14:21:55.000Z</time>
      </trkpt>
      <trkpt lat="47.016281" lon="9.862694">
        <ele>1963.155975</ele>
        <time>2026-09-12T14:22:00.000Z</time>
      </trkpt>
      <trkpt lat="47.016294" lon="9.862608">
        <ele>1961.943233</ele>
        <time>2026-09-12T14:22:07.000Z</time>
      </trkpt>
      <trkpt lat="47.016313" lon="9.862608">
        <ele>1961.559568</ele>
        <time>2026-09-12T14:22:10.000Z</time>
      </trkpt>
      <trkpt lat="47.016326" lon="9.862587">
        <ele>1961.169060</ele>
        <time>2026-09-12T14:22:12.000Z</time>
      </trkpt>
      <trkpt lat="47.016334" lon="9.862542">
        <ele>1960.528815</ele>
        <time>2026-09-12T14:22:15.000Z</time>
      </trkpt>
      <trkpt lat="47.016341" lon="9.862480">
        <ele>1959.663618</ele>
        <time>2026-09-12T14:22:19.000Z</time>
      </trkpt>
      <trkpt lat="47.016364" lon="9.862411">
        <ele>1958.606217</ele>
        <time>2026-09-12T14:22:23.000Z</time>
      </trkpt>
      <trkpt lat="47.016394" lon="9.862327">
        <ele>1957.300705</ele>
        <time>2026-09-12T14:22:27.000Z</time>
      </trkpt>
      <trkpt lat="47.016427" lon="9.862255">
        <ele>1956.106297</ele>
        <time>2026-09-12T14:22:35.000Z</time>
      </trkpt>
      <trkpt lat="47.016423" lon="9.862206">
        <ele>1955.426882</ele>
        <time>2026-09-12T14:22:41.000Z</time>
      </trkpt>
      <trkpt lat="47.016417" lon="9.862197">
        <ele>1955.253585</ele>
        <time>2026-09-12T14:22:42.000Z</time>
      </trkpt>
      <trkpt lat="47.016403" lon="9.862175">
        <ele>1954.839271</ele>
        <time>2026-09-12T14:22:44.000Z</time>
      </trkpt>
      <trkpt lat="47.016397" lon="9.862134">
        <ele>1954.261955</ele>
        <time>2026-09-12T14:22:46.000Z</time>
      </trkpt>
      <trkpt lat="47.016403" lon="9.862127">
        <ele>1954.107144</ele>
        <time>2026-09-12T14:22:47.000Z</time>
      </trkpt>
      <trkpt lat="47.016413" lon="9.862125">
        <ele>1953.903346</ele>
        <time>2026-09-12T14:22:48.000Z</time>
      </trkpt>
      <trkpt lat="47.016434" lon="9.862139">
        <ele>1953.437548</ele>
        <time>2026-09-12T14:22:50.000Z</time>
      </trkpt>
      <trkpt lat="47.016445" lon="9.862122">
        <ele>1953.114879</ele>
        <time>2026-09-12T14:22:52.000Z</time>
      </trkpt>
      <trkpt lat="47.016476" lon="9.862012">
        <ele>1951.476203</ele>
        <time>2026-09-12T14:23:00.000Z</time>
      </trkpt>
      <trkpt lat="47.016470" lon="9.861982">
        <ele>1951.045781</ele>
        <time>2026-09-12T14:23:04.000Z</time>
      </trkpt>
      <trkpt lat="47.016471" lon="9.861972">
        <ele>1950.906635</ele>
        <time>2026-09-12T14:23:06.000Z</time>
      </trkpt>
      <trkpt lat="47.016473" lon="9.861946">
        <ele>1950.546415</ele>
        <time>2026-09-12T14:23:10.000Z</time>
      </trkpt>
      <trkpt lat="47.016464" lon="9.861932">
        <ele>1950.281504</ele>
        <time>2026-09-12T14:23:14.000Z</time>
      </trkpt>
      <trkpt lat="47.016444" lon="9.861896">
        <ele>1949.642175</ele>
        <time>2026-09-12T14:23:19.000Z</time>
      </trkpt>
      <trkpt lat="47.016438" lon="9.861862">
        <ele>1949.158661</ele>
        <time>2026-09-12T14:23:24.000Z</time>
      </trkpt>
      <trkpt lat="47.016433" lon="9.861783">
        <ele>1948.066369</ele>
        <time>2026-09-12T14:23:30.000Z</time>
      </trkpt>
      <trkpt lat="47.016423" lon="9.861705">
        <ele>1946.973700</ele>
        <time>2026-09-12T14:23:34.000Z</time>
      </trkpt>
      <trkpt lat="47.016415" lon="9.861660">
        <ele>1946.333457</ele>
        <time>2026-09-12T14:23:37.000Z</time>
      </trkpt>
      <trkpt lat="47.016408" lon="9.861640">
        <ele>1946.023949</ele>
        <time>2026-09-12T14:23:38.000Z</time>
      </trkpt>
      <trkpt lat="47.016381" lon="9.861572">
        <ele>1944.940585</ele>
        <time>2026-09-12T14:23:42.000Z</time>
      </trkpt>
      <trkpt lat="47.016347" lon="9.861512">
        <ele>1943.866479</ele>
        <time>2026-09-12T14:23:45.000Z</time>
      </trkpt>
      <trkpt lat="47.016319" lon="9.861478">
        <ele>1943.132459</ele>
        <time>2026-09-12T14:23:47.000Z</time>
      </trkpt>
      <trkpt lat="47.016246" lon="9.861401">
        <ele>1941.145584</ele>
        <time>2026-09-12T14:23:52.000Z</time>
      </trkpt>
      <trkpt lat="47.016163" lon="9.861339">
        <ele>1938.995693</ele>
        <time>2026-09-12T14:23:58.000Z</time>
      </trkpt>
      <trkpt lat="47.016116" lon="9.861313">
        <ele>1937.836277</ele>
        <time>2026-09-12T14:24:02.000Z</time>
      </trkpt>
      <trkpt lat="47.016108" lon="9.861308">
        <ele>1937.635561</ele>
        <time>2026-09-12T14:24:03.000Z</time>
      </trkpt>
      <trkpt lat="47.016053" lon="9.861279">
        <ele>1936.286551</ele>
        <time>2026-09-12T14:24:09.000Z</time>
      </trkpt>
      <trkpt lat="47.016023" lon="9.861249">
        <ele>1935.448487</ele>
        <time>2026-09-12T14:24:11.000Z</time>
      </trkpt>
      <trkpt lat="47.015993" lon="9.861204">
        <ele>1934.458057</ele>
        <time>2026-09-12T14:24:14.000Z</time>
      </trkpt>
      <trkpt lat="47.015948" lon="9.861134">
        <ele>1932.944033</ele>
        <time>2026-09-12T14:24:18.000Z</time>
      </trkpt>
      <trkpt lat="47.015927" lon="9.861109">
        <ele>1932.319758</ele>
        <time>2026-09-12T14:24:20.000Z</time>
      </trkpt>
      <trkpt lat="47.015892" lon="9.861072">
        <ele>1931.323946</ele>
        <time>2026-09-12T14:24:23.000Z</time>
      </trkpt>
      <trkpt lat="47.015841" lon="9.861023">
        <ele>1929.916725</ele>
        <time>2026-09-12T14:24:27.000Z</time>
      </trkpt>
      <trkpt lat="47.015798" lon="9.860977">
        <ele>1928.688284</ele>
        <time>2026-09-12T14:24:30.000Z</time>
      </trkpt>
      <trkpt lat="47.015771" lon="9.860935">
        <ele>1927.779867</ele>
        <time>2026-09-12T14:24:33.000Z</time>
      </trkpt>
      <trkpt lat="47.015760" lon="9.860921">
        <ele>1927.443711</ele>
        <time>2026-09-12T14:24:34.000Z</time>
      </trkpt>
      <trkpt lat="47.015735" lon="9.860880">
        <ele>1926.578113</ele>
        <time>2026-09-12T14:24:36.000Z</time>
      </trkpt>
      <trkpt lat="47.015713" lon="9.860847">
        <ele>1925.851796</ele>
        <time>2026-09-12T14:24:38.000Z</time>
      </trkpt>
      <trkpt lat="47.015692" lon="9.860824">
        <ele>1925.246860</ele>
        <time>2026-09-12T14:24:40.000Z</time>
      </trkpt>
      <trkpt lat="47.015680" lon="9.860814">
        <ele>1924.928301</ele>
        <time>2026-09-12T14:24:41.000Z</time>
      </trkpt>
      <trkpt lat="47.015629" lon="9.860774">
        <ele>1923.593418</ele>
        <time>2026-09-12T14:24:44.000Z</time>
      </trkpt>
      <trkpt lat="47.015598" lon="9.860747">
        <ele>1922.761249</ele>
        <time>2026-09-12T14:24:46.000Z</time>
      </trkpt>
      <trkpt lat="47.015587" lon="9.860737">
        <ele>1922.462540</ele>
        <time>2026-09-12T14:24:47.000Z</time>
      </trkpt>
      <trkpt lat="47.015551" lon="9.860700">
        <ele>1921.447912</ele>
        <time>2026-09-12T14:24:50.000Z</time>
      </trkpt>
      <trkpt lat="47.015514" lon="9.860663">
        <ele>1920.414296</ele>
        <time>2026-09-12T14:24:53.000Z</time>
      </trkpt>
      <trkpt lat="47.015488" lon="9.860605">
        <ele>1919.321947</ele>
        <time>2026-09-12T14:24:57.000Z</time>
      </trkpt>
      <trkpt lat="47.015465" lon="9.860573">
        <ele>1918.590226</ele>
        <time>2026-09-12T14:24:59.000Z</time>
      </trkpt>
      <trkpt lat="47.015457" lon="9.860556">
        <ele>1918.265162</ele>
        <time>2026-09-12T14:25:00.000Z</time>
      </trkpt>
      <trkpt lat="47.015430" lon="9.860499">
        <ele>1917.172924</ele>
        <time>2026-09-12T14:25:03.000Z</time>
      </trkpt>
      <trkpt lat="47.015424" lon="9.860481">
        <ele>1916.857619</ele>
        <time>2026-09-12T14:25:04.000Z</time>
      </trkpt>
      <trkpt lat="47.015385" lon="9.860439">
        <ele>1915.740855</ele>
        <time>2026-09-12T14:25:07.000Z</time>
      </trkpt>
      <trkpt lat="47.015341" lon="9.860394">
        <ele>1914.502756</ele>
        <time>2026-09-12T14:25:10.000Z</time>
      </trkpt>
      <trkpt lat="47.015325" lon="9.860384">
        <ele>1914.101323</ele>
        <time>2026-09-12T14:25:11.000Z</time>
      </trkpt>
      <trkpt lat="47.015256" lon="9.860355">
        <ele>1912.444614</ele>
        <time>2026-09-12T14:25:15.000Z</time>
      </trkpt>
      <trkpt lat="47.015236" lon="9.860354">
        <ele>1911.982719</ele>
        <time>2026-09-12T14:25:16.000Z</time>
      </trkpt>
      <trkpt lat="47.015189" lon="9.860342">
        <ele>1910.881584</ele>
        <time>2026-09-12T14:25:19.000Z</time>
      </trkpt>
      <trkpt lat="47.015154" lon="9.860328">
        <ele>1910.044233</ele>
        <time>2026-09-12T14:25:21.000Z</time>
      </trkpt>
      <trkpt lat="47.015141" lon="9.860323">
        <ele>1909.734031</ele>
        <time>2026-09-12T14:25:22.000Z</time>
      </trkpt>
      <trkpt lat="47.015104" lon="9.860329">
        <ele>1908.874818</ele>
        <time>2026-09-12T14:25:25.000Z</time>
      </trkpt>
      <trkpt lat="47.015097" lon="9.860334">
        <ele>1908.695108</ele>
        <time>2026-09-12T14:25:26.000Z</time>
      </trkpt>
      <trkpt lat="47.015070" lon="9.860344">
        <ele>1908.052350</ele>
        <time>2026-09-12T14:25:28.000Z</time>
      </trkpt>
      <trkpt lat="47.015032" lon="9.860339">
        <ele>1907.171737</ele>
        <time>2026-09-12T14:25:31.000Z</time>
      </trkpt>
      <trkpt lat="47.015015" lon="9.860339">
        <ele>1906.779355</ele>
        <time>2026-09-12T14:25:32.000Z</time>
      </trkpt>
      <trkpt lat="47.014982" lon="9.860329">
        <ele>1906.001584</ele>
        <time>2026-09-12T14:25:35.000Z</time>
      </trkpt>
      <trkpt lat="47.014942" lon="9.860306">
        <ele>1905.009917</ele>
        <time>2026-09-12T14:25:39.000Z</time>
      </trkpt>
      <trkpt lat="47.014915" lon="9.860290">
        <ele>1904.337777</ele>
        <time>2026-09-12T14:25:42.000Z</time>
      </trkpt>
      <trkpt lat="47.014904" lon="9.860270">
        <ele>1903.933396</ele>
        <time>2026-09-12T14:25:45.000Z</time>
      </trkpt>
      <trkpt lat="47.014899" lon="9.860264">
        <ele>1903.784284</ele>
        <time>2026-09-12T14:25:46.000Z</time>
      </trkpt>
      <trkpt lat="47.014882" lon="9.860228">
        <ele>1903.095137</ele>
        <time>2026-09-12T14:25:51.000Z</time>
      </trkpt>
      <trkpt lat="47.014870" lon="9.860236">
        <ele>1902.790891</ele>
        <time>2026-09-12T14:25:53.000Z</time>
      </trkpt>
      <trkpt lat="47.014874" lon="9.860259">
        <ele>1902.417350</ele>
        <time>2026-09-12T14:25:56.000Z</time>
      </trkpt>
      <trkpt lat="47.014868" lon="9.860286">
        <ele>1901.970451</ele>
        <time>2026-09-12T14:25:59.000Z</time>
      </trkpt>
      <trkpt lat="47.014851" lon="9.860263">
        <ele>1901.436622</ele>
        <time>2026-09-12T14:26:01.000Z</time>
      </trkpt>
      <trkpt lat="47.014796" lon="9.860256">
        <ele>1900.331840</ele>
        <time>2026-09-12T14:26:04.000Z</time>
      </trkpt>
      <trkpt lat="47.014753" lon="9.860263">
        <ele>1899.535629</ele>
        <time>2026-09-12T14:26:06.000Z</time>
      </trkpt>
      <trkpt lat="47.014708" lon="9.860288">
        <ele>1898.650050</ele>
        <time>2026-09-12T14:26:09.000Z</time>
      </trkpt>
      <trkpt lat="47.014664" lon="9.860316">
        <ele>1897.767360</ele>
        <time>2026-09-12T14:26:12.000Z</time>
      </trkpt>
      <trkpt lat="47.014633" lon="9.860322">
        <ele>1897.191905</ele>
        <time>2026-09-12T14:26:15.000Z</time>
      </trkpt>
      <trkpt lat="47.014596" lon="9.860318">
        <ele>1896.509127</ele>
        <time>2026-09-12T14:26:18.000Z</time>
      </trkpt>
      <trkpt lat="47.014567" lon="9.860321">
        <ele>1895.974098</ele>
        <time>2026-09-12T14:26:21.000Z</time>
      </trkpt>
      <trkpt lat="47.014537" lon="9.860311">
        <ele>1895.407913</ele>
        <time>2026-09-12T14:26:24.000Z</time>
      </trkpt>
      <trkpt lat="47.014487" lon="9.860288">
        <ele>1894.443541</ele>
        <time>2026-09-12T14:26:27.000Z</time>
      </trkpt>
      <trkpt lat="47.014422" lon="9.860266">
        <ele>1893.215872</ele>
        <time>2026-09-12T14:26:30.000Z</time>
      </trkpt>
      <trkpt lat="47.014355" lon="9.860246">
        <ele>1891.957557</ele>
        <time>2026-09-12T14:26:33.000Z</time>
      </trkpt>
      <trkpt lat="47.014286" lon="9.860237">
        <ele>1890.682702</ele>
        <time>2026-09-12T14:26:36.000Z</time>
      </trkpt>
      <trkpt lat="47.014229" lon="9.860218">
        <ele>1889.606950</ele>
        <time>2026-09-12T14:26:39.000Z</time>
      </trkpt>
      <trkpt lat="47.014158" lon="9.860200">
        <ele>1888.280922</ele>
        <time>2026-09-12T14:26:42.000Z</time>
      </trkpt>
      <trkpt lat="47.014133" lon="9.860198">
        <ele>1887.820150</ele>
        <time>2026-09-12T14:26:43.000Z</time>
      </trkpt>
      <trkpt lat="47.014052" lon="9.860263">
        <ele>1886.120924</ele>
        <time>2026-09-12T14:26:48.000Z</time>
      </trkpt>
      <trkpt lat="47.014019" lon="9.860275">
        <ele>1885.495220</ele>
        <time>2026-09-12T14:26:51.000Z</time>
      </trkpt>
      <trkpt lat="47.013994" lon="9.860279">
        <ele>1885.032402</ele>
        <time>2026-09-12T14:26:54.000Z</time>
      </trkpt>
      <trkpt lat="47.013955" lon="9.860265">
        <ele>1884.293479</ele>
        <time>2026-09-12T14:26:58.000Z</time>
      </trkpt>
      <trkpt lat="47.013937" lon="9.860277">
        <ele>1883.929599</ele>
        <time>2026-09-12T14:27:00.000Z</time>
      </trkpt>
      <trkpt lat="47.013867" lon="9.860283">
        <ele>1882.639154</ele>
        <time>2026-09-12T14:27:06.000Z</time>
      </trkpt>
      <trkpt lat="47.013777" lon="9.860283">
        <ele>1880.982836</ele>
        <time>2026-09-12T14:27:10.000Z</time>
      </trkpt>
      <trkpt lat="47.013756" lon="9.860283">
        <ele>1880.596362</ele>
        <time>2026-09-12T14:27:11.000Z</time>
      </trkpt>
      <trkpt lat="47.013715" lon="9.860292">
        <ele>1879.833413</ele>
        <time>2026-09-12T14:27:16.000Z</time>
      </trkpt>
      <trkpt lat="47.013663" lon="9.860283">
        <ele>1878.869789</ele>
        <time>2026-09-12T14:27:20.000Z</time>
      </trkpt>
      <trkpt lat="47.013620" lon="9.860268">
        <ele>1878.056361</ele>
        <time>2026-09-12T14:27:22.000Z</time>
      </trkpt>
      <trkpt lat="47.013596" lon="9.860260">
        <ele>1877.603413</ele>
        <time>2026-09-12T14:27:23.000Z</time>
      </trkpt>
      <trkpt lat="47.013576" lon="9.860254">
        <ele>1877.227721</ele>
        <time>2026-09-12T14:27:24.000Z</time>
      </trkpt>
      <trkpt lat="47.013542" lon="9.860245">
        <ele>1876.591891</ele>
        <time>2026-09-12T14:27:27.000Z</time>
      </trkpt>
      <trkpt lat="47.013460" lon="9.860237">
        <ele>1875.079467</ele>
        <time>2026-09-12T14:27:32.000Z</time>
      </trkpt>
      <trkpt lat="47.013390" lon="9.860240">
        <ele>1873.790670</ele>
        <time>2026-09-12T14:27:35.000Z</time>
      </trkpt>
      <trkpt lat="47.013343" lon="9.860225">
        <ele>1872.905462</ele>
        <time>2026-09-12T14:27:37.000Z</time>
      </trkpt>
      <trkpt lat="47.013305" lon="9.860209">
        <ele>1872.177879</ele>
        <time>2026-09-12T14:27:39.000Z</time>
      </trkpt>
      <trkpt lat="47.013243" lon="9.860185">
        <ele>1870.997787</ele>
        <time>2026-09-12T14:27:42.000Z</time>
      </trkpt>
      <trkpt lat="47.013232" lon="9.860179">
        <ele>1870.781801</ele>
        <time>2026-09-12T14:27:43.000Z</time>
      </trkpt>
      <trkpt lat="47.013212" lon="9.860151">
        <ele>1870.272959</ele>
        <time>2026-09-12T14:27:48.000Z</time>
      </trkpt>
      <trkpt lat="47.013204" lon="9.860145">
        <ele>1870.107598</ele>
        <time>2026-09-12T14:27:55.000Z</time>
      </trkpt>
      <trkpt lat="47.013195" lon="9.860129">
        <ele>1869.847324</ele>
        <time>2026-09-12T14:28:01.000Z</time>
      </trkpt>
      <trkpt lat="47.013189" lon="9.860130">
        <ele>1869.736192</ele>
        <time>2026-09-12T14:28:03.000Z</time>
      </trkpt>
      <trkpt lat="47.013183" lon="9.860132">
        <ele>1869.622955</ele>
        <time>2026-09-12T14:28:09.000Z</time>
      </trkpt>
      <trkpt lat="47.013171" lon="9.860129">
        <ele>1869.398928</ele>
        <time>2026-09-12T14:28:11.000Z</time>
      </trkpt>
      <trkpt lat="47.013166" lon="9.860137">
        <ele>1869.262750</ele>
        <time>2026-09-12T14:28:14.000Z</time>
      </trkpt>
      <trkpt lat="47.013173" lon="9.860122">
        <ele>1869.034664</ele>
        <time>2026-09-12T14:28:17.000Z</time>
      </trkpt>
      <trkpt lat="47.013164" lon="9.860112">
        <ele>1868.826868</ele>
        <time>2026-09-12T14:28:19.000Z</time>
      </trkpt>
      <trkpt lat="47.013169" lon="9.860083">
        <ele>1868.451520</ele>
        <time>2026-09-12T14:28:23.000Z</time>
      </trkpt>
      <trkpt lat="47.013171" lon="9.860055">
        <ele>1868.098251</ele>
        <time>2026-09-12T14:28:25.000Z</time>
      </trkpt>
      <trkpt lat="47.013146" lon="9.860023">
        <ele>1867.621112</ele>
        <time>2026-09-12T14:28:29.000Z</time>
      </trkpt>
      <trkpt lat="47.013139" lon="9.860016">
        <ele>1867.516024</ele>
        <time>2026-09-12T14:28:30.000Z</time>
      </trkpt>
      <trkpt lat="47.013108" lon="9.860011">
        <ele>1867.129194</ele>
        <time>2026-09-12T14:28:35.000Z</time>
      </trkpt>
      <trkpt lat="47.013070" lon="9.859994">
        <ele>1866.636416</ele>
        <time>2026-09-12T14:28:40.000Z</time>
      </trkpt>
      <trkpt lat="47.013052" lon="9.859984">
        <ele>1866.397669</ele>
        <time>2026-09-12T14:28:41.000Z</time>
      </trkpt>
      <trkpt lat="47.013016" lon="9.859966">
        <ele>1865.925903</ele>
        <time>2026-09-12T14:28:43.000Z</time>
      </trkpt>
      <trkpt lat="47.012999" lon="9.859959">
        <ele>1865.706888</ele>
        <time>2026-09-12T14:28:44.000Z</time>
      </trkpt>
      <trkpt lat="47.012961" lon="9.859942">
        <ele>1865.214111</ele>
        <time>2026-09-12T14:28:46.000Z</time>
      </trkpt>
      <trkpt lat="47.012944" lon="9.859937">
        <ele>1864.999051</ele>
        <time>2026-09-12T14:28:47.000Z</time>
      </trkpt>
      <trkpt lat="47.012898" lon="9.859921">
        <ele>1864.412657</ele>
        <time>2026-09-12T14:28:50.000Z</time>
      </trkpt>
      <trkpt lat="47.012858" lon="9.859912">
        <ele>1863.910707</ele>
        <time>2026-09-12T14:28:53.000Z</time>
      </trkpt>
      <trkpt lat="47.012838" lon="9.859903">
        <ele>1863.651220</ele>
        <time>2026-09-12T14:28:54.000Z</time>
      </trkpt>
      <trkpt lat="47.012785" lon="9.859860">
        <ele>1862.899945</ele>
        <time>2026-09-12T14:28:57.000Z</time>
      </trkpt>
      <trkpt lat="47.012721" lon="9.859805">
        <ele>1861.979873</ele>
        <time>2026-09-12T14:29:00.000Z</time>
      </trkpt>
      <trkpt lat="47.012687" lon="9.859780">
        <ele>1861.508117</ele>
        <time>2026-09-12T14:29:02.000Z</time>
      </trkpt>
      <trkpt lat="47.012617" lon="9.859658">
        <ele>1860.159620</ele>
        <time>2026-09-12T14:29:07.000Z</time>
      </trkpt>
      <trkpt lat="47.012588" lon="9.859624">
        <ele>1859.699108</ele>
        <time>2026-09-12T14:29:08.000Z</time>
      </trkpt>
      <trkpt lat="47.012548" lon="9.859574">
        <ele>1859.047208</ele>
        <time>2026-09-12T14:29:10.000Z</time>
      </trkpt>
      <trkpt lat="47.012531" lon="9.859548">
        <ele>1858.742554</ele>
        <time>2026-09-12T14:29:11.000Z</time>
      </trkpt>
      <trkpt lat="47.012499" lon="9.859508">
        <ele>1858.221034</ele>
        <time>2026-09-12T14:29:13.000Z</time>
      </trkpt>
      <trkpt lat="47.012471" lon="9.859471">
        <ele>1857.753554</ele>
        <time>2026-09-12T14:29:15.000Z</time>
      </trkpt>
      <trkpt lat="47.012440" lon="9.859431">
        <ele>1857.241411</ele>
        <time>2026-09-12T14:29:17.000Z</time>
      </trkpt>
      <trkpt lat="47.012424" lon="9.859408">
        <ele>1856.963521</ele>
        <time>2026-09-12T14:29:18.000Z</time>
      </trkpt>
      <trkpt lat="47.012384" lon="9.859321">
        <ele>1856.076087</ele>
        <time>2026-09-12T14:29:21.000Z</time>
      </trkpt>
      <trkpt lat="47.012369" lon="9.859279">
        <ele>1855.675103</ele>
        <time>2026-09-12T14:29:22.000Z</time>
      </trkpt>
      <trkpt lat="47.012330" lon="9.859219">
        <ele>1854.974033</ele>
        <time>2026-09-12T14:29:24.000Z</time>
      </trkpt>
      <trkpt lat="47.012236" lon="9.859163">
        <ele>1853.715572</ele>
        <time>2026-09-12T14:29:28.000Z</time>
      </trkpt>
      <trkpt lat="47.012112" lon="9.859063">
        <ele>1851.960333</ele>
        <time>2026-09-12T14:29:34.000Z</time>
      </trkpt>
      <trkpt lat="47.012071" lon="9.859060">
        <ele>1851.451151</ele>
        <time>2026-09-12T14:29:36.000Z</time>
      </trkpt>
      <trkpt lat="47.012006" lon="9.859043">
        <ele>1850.632196</ele>
        <time>2026-09-12T14:29:39.000Z</time>
      </trkpt>
      <trkpt lat="47.011946" lon="9.859016">
        <ele>1849.853734</ele>
        <time>2026-09-12T14:29:42.000Z</time>
      </trkpt>
      <trkpt lat="47.011897" lon="9.858979">
        <ele>1849.170130</ele>
        <time>2026-09-12T14:29:44.000Z</time>
      </trkpt>
      <trkpt lat="47.011852" lon="9.858937">
        <ele>1848.508525</ele>
        <time>2026-09-12T14:29:46.000Z</time>
      </trkpt>
      <trkpt lat="47.011783" lon="9.858880">
        <ele>1847.526246</ele>
        <time>2026-09-12T14:29:49.000Z</time>
      </trkpt>
      <trkpt lat="47.011736" lon="9.858863">
        <ele>1846.925807</ele>
        <time>2026-09-12T14:29:51.000Z</time>
      </trkpt>
      <trkpt lat="47.011717" lon="9.858863">
        <ele>1846.690138</ele>
        <time>2026-09-12T14:29:52.000Z</time>
      </trkpt>
      <trkpt lat="47.011642" lon="9.858883">
        <ele>1845.744613</ele>
        <time>2026-09-12T14:29:56.000Z</time>
      </trkpt>
      <trkpt lat="47.011619" lon="9.858879">
        <ele>1845.440024</ele>
        <time>2026-09-12T14:29:57.000Z</time>
      </trkpt>
      <trkpt lat="47.011548" lon="9.858905">
        <ele>1844.411594</ele>
        <time>2026-09-12T14:30:01.000Z</time>
      </trkpt>
      <trkpt lat="47.011480" lon="9.858924">
        <ele>1843.438769</ele>
        <time>2026-09-12T14:30:05.000Z</time>
      </trkpt>
      <trkpt lat="47.011459" lon="9.858927">
        <ele>1843.142249</ele>
        <time>2026-09-12T14:30:06.000Z</time>
      </trkpt>
      <trkpt lat="47.011432" lon="9.858920">
        <ele>1842.756923</ele>
        <time>2026-09-12T14:30:08.000Z</time>
      </trkpt>
      <trkpt lat="47.011356" lon="9.858866">
        <ele>1841.570114</ele>
        <time>2026-09-12T14:30:12.000Z</time>
      </trkpt>
      <trkpt lat="47.011340" lon="9.858857">
        <ele>1841.329288</ele>
        <time>2026-09-12T14:30:13.000Z</time>
      </trkpt>
      <trkpt lat="47.011239" lon="9.858822">
        <ele>1839.870802</ele>
        <time>2026-09-12T14:30:18.000Z</time>
      </trkpt>
      <trkpt lat="47.011179" lon="9.858803">
        <ele>1839.008162</ele>
        <time>2026-09-12T14:30:21.000Z</time>
      </trkpt>
      <trkpt lat="47.011103" lon="9.858780">
        <ele>1837.917596</ele>
        <time>2026-09-12T14:30:25.000Z</time>
      </trkpt>
      <trkpt lat="47.011079" lon="9.858765">
        <ele>1837.550962</ele>
        <time>2026-09-12T14:30:27.000Z</time>
      </trkpt>
      <trkpt lat="47.011011" lon="9.858757">
        <ele>1836.592257</ele>
        <time>2026-09-12T14:30:32.000Z</time>
      </trkpt>
      <trkpt lat="47.010979" lon="9.858733">
        <ele>1836.087152</ele>
        <time>2026-09-12T14:30:35.000Z</time>
      </trkpt>
      <trkpt lat="47.010937" lon="9.858723">
        <ele>1835.489179</ele>
        <time>2026-09-12T14:30:38.000Z</time>
      </trkpt>
      <trkpt lat="47.010890" lon="9.858684">
        <ele>1834.730271</ele>
        <time>2026-09-12T14:30:41.000Z</time>
      </trkpt>
      <trkpt lat="47.010853" lon="9.858644">
        <ele>1834.084286</ele>
        <time>2026-09-12T14:30:43.000Z</time>
      </trkpt>
      <trkpt lat="47.010837" lon="9.858628">
        <ele>1833.812134</ele>
        <time>2026-09-12T14:30:44.000Z</time>
      </trkpt>
      <trkpt lat="47.010765" lon="9.858598">
        <ele>1832.760239</ele>
        <time>2026-09-12T14:30:47.000Z</time>
      </trkpt>
      <trkpt lat="47.010743" lon="9.858584">
        <ele>1832.423212</ele>
        <time>2026-09-12T14:30:48.000Z</time>
      </trkpt>
      <trkpt lat="47.010675" lon="9.858547">
        <ele>1831.403924</ele>
        <time>2026-09-12T14:30:51.000Z</time>
      </trkpt>
      <trkpt lat="47.010631" lon="9.858519">
        <ele>1830.729868</ele>
        <time>2026-09-12T14:30:53.000Z</time>
      </trkpt>
      <trkpt lat="47.010562" lon="9.858497">
        <ele>1829.737527</ele>
        <time>2026-09-12T14:30:56.000Z</time>
      </trkpt>
      <trkpt lat="47.010486" lon="9.858497">
        <ele>1828.669464</ele>
        <time>2026-09-12T14:30:59.000Z</time>
      </trkpt>
      <trkpt lat="47.010413" lon="9.858506">
        <ele>1827.639942</ele>
        <time>2026-09-12T14:31:02.000Z</time>
      </trkpt>
      <trkpt lat="47.010344" lon="9.858464">
        <ele>1826.590048</ele>
        <time>2026-09-12T14:31:06.000Z</time>
      </trkpt>
      <trkpt lat="47.010309" lon="9.858424">
        <ele>1825.966462</ele>
        <time>2026-09-12T14:31:08.000Z</time>
      </trkpt>
      <trkpt lat="47.010249" lon="9.858365">
        <ele>1824.951254</ele>
        <time>2026-09-12T14:31:11.000Z</time>
      </trkpt>
      <trkpt lat="47.010189" lon="9.858284">
        <ele>1823.805186</ele>
        <time>2026-09-12T14:31:14.000Z</time>
      </trkpt>
      <trkpt lat="47.010139" lon="9.858253">
        <ele>1823.042300</ele>
        <time>2026-09-12T14:31:16.000Z</time>
      </trkpt>
      <trkpt lat="47.010098" lon="9.858238">
        <ele>1822.448449</ele>
        <time>2026-09-12T14:31:18.000Z</time>
      </trkpt>
      <trkpt lat="47.010010" lon="9.858213">
        <ele>1821.188754</ele>
        <time>2026-09-12T14:31:22.000Z</time>
      </trkpt>
      <trkpt lat="47.009928" lon="9.858219">
        <ele>1820.091578</ele>
        <time>2026-09-12T14:31:26.000Z</time>
      </trkpt>
      <trkpt lat="47.009903" lon="9.858226">
        <ele>1819.807477</ele>
        <time>2026-09-12T14:31:27.000Z</time>
      </trkpt>
      <trkpt lat="47.009833" lon="9.858215">
        <ele>1819.021634</ele>
        <time>2026-09-12T14:31:31.000Z</time>
      </trkpt>
      <trkpt lat="47.009815" lon="9.858207">
        <ele>1818.811686</ele>
        <time>2026-09-12T14:31:32.000Z</time>
      </trkpt>
      <trkpt lat="47.009756" lon="9.858182">
        <ele>1818.126165</ele>
        <time>2026-09-12T14:31:36.000Z</time>
      </trkpt>
      <trkpt lat="47.009708" lon="9.858180">
        <ele>1817.590152</ele>
        <time>2026-09-12T14:31:39.000Z</time>
      </trkpt>
      <trkpt lat="47.009659" lon="9.858233">
        <ele>1816.910521</ele>
        <time>2026-09-12T14:31:43.000Z</time>
      </trkpt>
      <trkpt lat="47.009621" lon="9.858243">
        <ele>1816.479574</ele>
        <time>2026-09-12T14:31:45.000Z</time>
      </trkpt>
      <trkpt lat="47.009606" lon="9.858237">
        <ele>1816.306021</ele>
        <time>2026-09-12T14:31:46.000Z</time>
      </trkpt>
      <trkpt lat="47.009562" lon="9.858202">
        <ele>1815.747278</ele>
        <time>2026-09-12T14:31:49.000Z</time>
      </trkpt>
      <trkpt lat="47.009547" lon="9.858190">
        <ele>1815.556550</ele>
        <time>2026-09-12T14:31:50.000Z</time>
      </trkpt>
      <trkpt lat="47.009523" lon="9.858185">
        <ele>1815.285962</ele>
        <time>2026-09-12T14:31:51.000Z</time>
      </trkpt>
      <trkpt lat="47.009436" lon="9.858226">
        <ele>1814.265922</ele>
        <time>2026-09-12T14:31:55.000Z</time>
      </trkpt>
      <trkpt lat="47.009416" lon="9.858232">
        <ele>1814.038050</ele>
        <time>2026-09-12T14:31:56.000Z</time>
      </trkpt>
      <trkpt lat="47.009356" lon="9.858207">
        <ele>1813.341798</ele>
        <time>2026-09-12T14:31:59.000Z</time>
      </trkpt>
      <trkpt lat="47.009339" lon="9.858195">
        <ele>1813.131199</ele>
        <time>2026-09-12T14:32:00.000Z</time>
      </trkpt>
      <trkpt lat="47.009295" lon="9.858186">
        <ele>1812.635298</ele>
        <time>2026-09-12T14:32:02.000Z</time>
      </trkpt>
      <trkpt lat="47.009228" lon="9.858193">
        <ele>1811.885520</ele>
        <time>2026-09-12T14:32:05.000Z</time>
      </trkpt>
      <trkpt lat="47.009065" lon="9.858242">
        <ele>1810.028212</ele>
        <time>2026-09-12T14:32:12.000Z</time>
      </trkpt>
      <trkpt lat="47.008978" lon="9.858285">
        <ele>1809.003411</ele>
        <time>2026-09-12T14:32:16.000Z</time>
      </trkpt>
      <trkpt lat="47.008923" lon="9.858300">
        <ele>1808.378952</ele>
        <time>2026-09-12T14:32:18.000Z</time>
      </trkpt>
      <trkpt lat="47.008875" lon="9.858309">
        <ele>1807.838794</ele>
        <time>2026-09-12T14:32:20.000Z</time>
      </trkpt>
      <trkpt lat="47.008852" lon="9.858310">
        <ele>1807.581945</ele>
        <time>2026-09-12T14:32:23.000Z</time>
      </trkpt>
      <trkpt lat="47.008851" lon="9.858318">
        <ele>1807.520039</ele>
        <time>2026-09-12T14:32:32.000Z</time>
      </trkpt>
      <trkpt lat="47.008801" lon="9.858313">
        <ele>1806.960621</ele>
        <time>2026-09-12T14:32:41.000Z</time>
      </trkpt>
      <trkpt lat="47.008778" lon="9.858312">
        <ele>1806.703773</ele>
        <time>2026-09-12T14:32:43.000Z</time>
      </trkpt>
      <trkpt lat="47.008755" lon="9.858313">
        <ele>1806.446924</ele>
        <time>2026-09-12T14:32:46.000Z</time>
      </trkpt>
      <trkpt lat="47.008741" lon="9.858314">
        <ele>1806.290465</ele>
        <time>2026-09-12T14:32:48.000Z</time>
      </trkpt>
      <trkpt lat="47.008715" lon="9.858304">
        <ele>1805.990426</ele>
        <time>2026-09-12T14:32:51.000Z</time>
      </trkpt>
      <trkpt lat="47.008685" lon="9.858292">
        <ele>1805.643321</ele>
        <time>2026-09-12T14:32:54.000Z</time>
      </trkpt>
      <trkpt lat="47.008656" lon="9.858293">
        <ele>1805.319521</ele>
        <time>2026-09-12T14:32:57.000Z</time>
      </trkpt>
      <trkpt lat="47.008646" lon="9.858294">
        <ele>1805.207637</ele>
        <time>2026-09-12T14:32:58.000Z</time>
      </trkpt>
      <trkpt lat="47.008636" lon="9.858289">
        <ele>1805.089704</ele>
        <time>2026-09-12T14:32:59.000Z</time>
      </trkpt>
      <trkpt lat="47.008611" lon="9.858277">
        <ele>1804.796075</ele>
        <time>2026-09-12T14:33:02.000Z</time>
      </trkpt>
      <trkpt lat="47.008602" lon="9.858275">
        <ele>1804.694467</ele>
        <time>2026-09-12T14:33:03.000Z</time>
      </trkpt>
      <trkpt lat="47.008593" lon="9.858272">
        <ele>1804.591442</ele>
        <time>2026-09-12T14:33:04.000Z</time>
      </trkpt>
      <trkpt lat="47.008568" lon="9.858265">
        <ele>1804.307341</ele>
        <time>2026-09-12T14:33:06.000Z</time>
      </trkpt>
      <trkpt lat="47.008518" lon="9.858252">
        <ele>1803.740516</ele>
        <time>2026-09-12T14:33:11.000Z</time>
      </trkpt>
      <trkpt lat="47.008520" lon="9.858250">
        <ele>1803.713495</ele>
        <time>2026-09-12T14:33:13.000Z</time>
      </trkpt>
      <trkpt lat="47.008519" lon="9.858258">
        <ele>1803.651588</ele>
        <time>2026-09-12T14:33:16.000Z</time>
      </trkpt>
      <trkpt lat="47.008517" lon="9.858260">
        <ele>1803.624566</ele>
        <time>2026-09-12T14:33:17.000Z</time>
      </trkpt>
      <trkpt lat="47.008521" lon="9.858261">
        <ele>1803.579273</ele>
        <time>2026-09-12T14:33:19.000Z</time>
      </trkpt>
      <trkpt lat="47.008534" lon="9.858269">
        <ele>1803.421903</ele>
        <time>2026-09-12T14:33:24.000Z</time>
      </trkpt>
      <trkpt lat="47.008552" lon="9.858268">
        <ele>1803.220835</ele>
        <time>2026-09-12T14:33:26.000Z</time>
      </trkpt>
      <trkpt lat="47.008541" lon="9.858266">
        <ele>1803.097108</ele>
        <time>2026-09-12T14:33:31.000Z</time>
      </trkpt>
      <trkpt lat="47.008527" lon="9.858264">
        <ele>1802.940095</ele>
        <time>2026-09-12T14:33:32.000Z</time>
      </trkpt>
      <trkpt lat="47.008427" lon="9.858233">
        <ele>1801.799185</ele>
        <time>2026-09-12T14:33:40.000Z</time>
      </trkpt>
      <trkpt lat="47.008418" lon="9.858232">
        <ele>1801.698436</ele>
        <time>2026-09-12T14:33:41.000Z</time>
      </trkpt>
      <trkpt lat="47.008348" lon="9.858209">
        <ele>1800.897694</ele>
        <time>2026-09-12T14:33:47.000Z</time>
      </trkpt>
      <trkpt lat="47.008264" lon="9.858162">
        <ele>1800.022820</ele>
        <time>2026-09-12T14:33:55.000Z</time>
      </trkpt>
      <trkpt lat="47.008252" lon="9.858156">
        <ele>1799.935038</ele>
        <time>2026-09-12T14:33:56.000Z</time>
      </trkpt>
      <trkpt lat="47.008185" lon="9.858125">
        <ele>1799.448603</ele>
        <time>2026-09-12T14:34:01.000Z</time>
      </trkpt>
      <trkpt lat="47.008157" lon="9.858109">
        <ele>1799.240539</ele>
        <time>2026-09-12T14:34:03.000Z</time>
      </trkpt>
      <trkpt lat="47.008114" lon="9.858083">
        <ele>1798.918502</ele>
        <time>2026-09-12T14:34:08.000Z</time>
      </trkpt>
      <trkpt lat="47.008098" lon="9.858077">
        <ele>1798.804157</ele>
        <time>2026-09-12T14:34:11.000Z</time>
      </trkpt>
      <trkpt lat="47.008053" lon="9.858052">
        <ele>1798.470978</ele>
        <time>2026-09-12T14:34:20.000Z</time>
      </trkpt>
      <trkpt lat="47.008030" lon="9.858037">
        <ele>1798.296694</ele>
        <time>2026-09-12T14:34:22.000Z</time>
      </trkpt>
      <trkpt lat="47.007994" lon="9.858017">
        <ele>1798.030151</ele>
        <time>2026-09-12T14:34:26.000Z</time>
      </trkpt>
      <trkpt lat="47.007906" lon="9.858006">
        <ele>1797.418647</ele>
        <time>2026-09-12T14:34:33.000Z</time>
      </trkpt>
      <trkpt lat="47.007856" lon="9.858007">
        <ele>1797.072425</ele>
        <time>2026-09-12T14:34:37.000Z</time>
      </trkpt>
      <trkpt lat="47.007846" lon="9.858019">
        <ele>1796.982961</ele>
        <time>2026-09-12T14:34:38.000Z</time>
      </trkpt>
      <trkpt lat="47.007835" lon="9.858028">
        <ele>1796.895748</ele>
        <time>2026-09-12T14:34:39.000Z</time>
      </trkpt>
      <trkpt lat="47.007740" lon="9.858026">
        <ele>1796.237920</ele>
        <time>2026-09-12T14:34:46.000Z</time>
      </trkpt>
      <trkpt lat="47.007704" lon="9.858026">
        <ele>1795.988663</ele>
        <time>2026-09-12T14:34:49.000Z</time>
      </trkpt>
      <trkpt lat="47.007684" lon="9.858034">
        <ele>1795.845128</ele>
        <time>2026-09-12T14:34:51.000Z</time>
      </trkpt>
      <trkpt lat="47.007634" lon="9.858061">
        <ele>1795.476214</ele>
        <time>2026-09-12T14:34:55.000Z</time>
      </trkpt>
      <trkpt lat="47.007595" lon="9.858062">
        <ele>1795.206145</ele>
        <time>2026-09-12T14:34:58.000Z</time>
      </trkpt>
      <trkpt lat="47.007503" lon="9.858073">
        <ele>1794.567042</ele>
        <time>2026-09-12T14:35:05.000Z</time>
      </trkpt>
      <trkpt lat="47.007468" lon="9.858060">
        <ele>1794.317057</ele>
        <time>2026-09-12T14:35:08.000Z</time>
      </trkpt>
      <trkpt lat="47.007423" lon="9.858067">
        <ele>1794.003738</ele>
        <time>2026-09-12T14:35:13.000Z</time>
      </trkpt>
      <trkpt lat="47.007334" lon="9.858054">
        <ele>1793.384471</ele>
        <time>2026-09-12T14:35:20.000Z</time>
      </trkpt>
      <trkpt lat="47.007285" lon="9.858038">
        <ele>1793.036897</ele>
        <time>2026-09-12T14:35:25.000Z</time>
      </trkpt>
      <trkpt lat="47.007278" lon="9.858041">
        <ele>1792.986403</ele>
        <time>2026-09-12T14:35:26.000Z</time>
      </trkpt>
      <trkpt lat="47.007216" lon="9.858008">
        <ele>1792.529727</ele>
        <time>2026-09-12T14:35:32.000Z</time>
      </trkpt>
      <trkpt lat="47.007201" lon="9.857979">
        <ele>1792.357875</ele>
        <time>2026-09-12T14:35:34.000Z</time>
      </trkpt>
      <trkpt lat="47.007186" lon="9.857953">
        <ele>1792.197079</ele>
        <time>2026-09-12T14:35:36.000Z</time>
      </trkpt>
      <trkpt lat="47.007134" lon="9.857921">
        <ele>1791.806626</ele>
        <time>2026-09-12T14:35:41.000Z</time>
      </trkpt>
      <trkpt lat="47.007121" lon="9.857891">
        <ele>1791.638805</ele>
        <time>2026-09-12T14:35:43.000Z</time>
      </trkpt>
      <trkpt lat="47.007096" lon="9.857873">
        <ele>1791.445972</ele>
        <time>2026-09-12T14:35:46.000Z</time>
      </trkpt>
      <trkpt lat="47.007071" lon="9.857860">
        <ele>1791.262317</ele>
        <time>2026-09-12T14:35:48.000Z</time>
      </trkpt>
      <trkpt lat="47.007035" lon="9.857829">
        <ele>1790.973265</ele>
        <time>2026-09-12T14:35:51.000Z</time>
      </trkpt>
      <trkpt lat="47.007002" lon="9.857808">
        <ele>1790.724195</ele>
        <time>2026-09-12T14:35:54.000Z</time>
      </trkpt>
      <trkpt lat="47.006981" lon="9.857810">
        <ele>1790.578489</ele>
        <time>2026-09-12T14:35:56.000Z</time>
      </trkpt>
      <trkpt lat="47.006931" lon="9.857770">
        <ele>1790.184136</ele>
        <time>2026-09-12T14:36:00.000Z</time>
      </trkpt>
      <trkpt lat="47.006893" lon="9.857758">
        <ele>1789.915001</ele>
        <time>2026-09-12T14:36:03.000Z</time>
      </trkpt>
      <trkpt lat="47.006793" lon="9.857757">
        <ele>1789.222605</ele>
        <time>2026-09-12T14:36:11.000Z</time>
      </trkpt>
      <trkpt lat="47.006765" lon="9.857756">
        <ele>1789.028681</ele>
        <time>2026-09-12T14:36:13.000Z</time>
      </trkpt>
      <trkpt lat="47.006717" lon="9.857714">
        <ele>1788.641675</ele>
        <time>2026-09-12T14:36:18.000Z</time>
      </trkpt>
      <trkpt lat="47.006669" lon="9.857727">
        <ele>1788.303712</ele>
        <time>2026-09-12T14:36:24.000Z</time>
      </trkpt>
      <trkpt lat="47.006657" lon="9.857734">
        <ele>1788.214295</ele>
        <time>2026-09-12T14:36:25.000Z</time>
      </trkpt>
      <trkpt lat="47.006644" lon="9.857731">
        <ele>1788.123178</ele>
        <time>2026-09-12T14:36:26.000Z</time>
      </trkpt>
      <trkpt lat="47.006621" lon="9.857728">
        <ele>1787.963302</ele>
        <time>2026-09-12T14:36:28.000Z</time>
      </trkpt>
      <trkpt lat="47.006592" lon="9.857740">
        <ele>1787.772271</ele>
        <time>2026-09-12T14:36:31.000Z</time>
      </trkpt>
      <trkpt lat="47.006575" lon="9.857746">
        <ele>1787.736647</ele>
        <time>2026-09-12T14:36:33.000Z</time>
      </trkpt>
      <trkpt lat="47.006561" lon="9.857735">
        <ele>1787.704288</ele>
        <time>2026-09-12T14:36:34.000Z</time>
      </trkpt>
      <trkpt lat="47.006520" lon="9.857718">
        <ele>1787.617483</ele>
        <time>2026-09-12T14:36:37.000Z</time>
      </trkpt>
      <trkpt lat="47.006421" lon="9.857702">
        <ele>1787.414565</ele>
        <time>2026-09-12T14:36:45.000Z</time>
      </trkpt>
      <trkpt lat="47.006318" lon="9.857696">
        <ele>1787.204553</ele>
        <time>2026-09-12T14:36:53.000Z</time>
      </trkpt>
      <trkpt lat="47.006301" lon="9.857698">
        <ele>1787.169807</ele>
        <time>2026-09-12T14:36:54.000Z</time>
      </trkpt>
      <trkpt lat="47.006199" lon="9.857706">
        <ele>1786.961702</ele>
        <time>2026-09-12T14:36:59.000Z</time>
      </trkpt>
      <trkpt lat="47.006141" lon="9.857781">
        <ele>1786.804157</ele>
        <time>2026-09-12T14:37:06.000Z</time>
      </trkpt>
      <trkpt lat="47.006077" lon="9.857879">
        <ele>1786.615640</ele>
        <time>2026-09-12T14:37:12.000Z</time>
      </trkpt>
      <trkpt lat="47.006048" lon="9.857904">
        <ele>1786.547104</ele>
        <time>2026-09-12T14:37:14.000Z</time>
      </trkpt>
      <trkpt lat="47.006033" lon="9.857999">
        <ele>1786.411628</ele>
        <time>2026-09-12T14:37:20.000Z</time>
      </trkpt>
      <trkpt lat="47.006035" lon="9.858021">
        <ele>1786.380793</ele>
        <time>2026-09-12T14:37:24.000Z</time>
      </trkpt>
      <trkpt lat="47.006032" lon="9.858029">
        <ele>1786.368109</ele>
        <time>2026-09-12T14:37:25.000Z</time>
      </trkpt>
      <trkpt lat="47.005998" lon="9.858100">
        <ele>1786.247576</ele>
        <time>2026-09-12T14:37:30.000Z</time>
      </trkpt>
      <trkpt lat="47.006001" lon="9.858100">
        <ele>1786.241464</ele>
        <time>2026-09-12T14:37:32.000Z</time>
      </trkpt>
      <trkpt lat="47.006001" lon="9.858100">
        <ele>1786.241464</ele>
        <time>2026-09-12T14:37:33.000Z</time>
      </trkpt>
      <trkpt lat="47.006001" lon="9.858100">
        <ele>1786.241464</ele>
        <time>2026-09-12T14:37:36.000Z</time>
      </trkpt>
      <trkpt lat="47.005980" lon="9.858161">
        <ele>1786.146529</ele>
        <time>2026-09-12T14:37:41.000Z</time>
      </trkpt>
      <trkpt lat="47.005976" lon="9.858178">
        <ele>1786.121544</ele>
        <time>2026-09-12T14:37:42.000Z</time>
      </trkpt>
      <trkpt lat="47.005958" lon="9.858245">
        <ele>1786.021497</ele>
        <time>2026-09-12T14:37:46.000Z</time>
      </trkpt>
      <trkpt lat="47.005932" lon="9.858302">
        <ele>1785.926223</ele>
        <time>2026-09-12T14:37:50.000Z</time>
      </trkpt>
      <trkpt lat="47.005876" lon="9.858347">
        <ele>1785.796126</ele>
        <time>2026-09-12T14:37:56.000Z</time>
      </trkpt>
      <trkpt lat="47.005799" lon="9.858415">
        <ele>1785.613000</ele>
        <time>2026-09-12T14:38:03.000Z</time>
      </trkpt>
      <trkpt lat="47.005785" lon="9.858430">
        <ele>1785.577675</ele>
        <time>2026-09-12T14:38:05.000Z</time>
      </trkpt>
      <trkpt lat="47.005760" lon="9.858432">
        <ele>1785.526666</ele>
        <time>2026-09-12T14:38:07.000Z</time>
      </trkpt>
      <trkpt lat="47.005727" lon="9.858421">
        <ele>1785.457719</ele>
        <time>2026-09-12T14:38:10.000Z</time>
      </trkpt>
      <trkpt lat="47.005678" lon="9.858437">
        <ele>1785.355444</ele>
        <time>2026-09-12T14:38:14.000Z</time>
      </trkpt>
      <trkpt lat="47.005656" lon="9.858441">
        <ele>1785.310279</ele>
        <time>2026-09-12T14:38:16.000Z</time>
      </trkpt>
      <trkpt lat="47.005633" lon="9.858442">
        <ele>1785.263400</ele>
        <time>2026-09-12T14:38:18.000Z</time>
      </trkpt>
      <trkpt lat="47.005514" lon="9.858436">
        <ele>1785.020813</ele>
        <time>2026-09-12T14:38:27.000Z</time>
      </trkpt>
      <trkpt lat="47.005457" lon="9.858429">
        <ele>1784.904278</ele>
        <time>2026-09-12T14:38:32.000Z</time>
      </trkpt>
      <trkpt lat="47.005432" lon="9.858435">
        <ele>1784.852667</ele>
        <time>2026-09-12T14:38:34.000Z</time>
      </trkpt>
      <trkpt lat="47.005353" lon="9.858475">
        <ele>1784.682393</ele>
        <time>2026-09-12T14:38:40.000Z</time>
      </trkpt>
      <trkpt lat="47.005343" lon="9.858474">
        <ele>1784.661973</ele>
        <time>2026-09-12T14:38:41.000Z</time>
      </trkpt>
      <trkpt lat="47.005290" lon="9.858473">
        <ele>1784.553985</ele>
        <time>2026-09-12T14:38:45.000Z</time>
      </trkpt>
      <trkpt lat="47.005279" lon="9.858477">
        <ele>1784.530895</ele>
        <time>2026-09-12T14:38:46.000Z</time>
      </trkpt>
      <trkpt lat="47.005243" lon="9.858568">
        <ele>1784.384732</ele>
        <time>2026-09-12T14:38:52.000Z</time>
      </trkpt>
      <trkpt lat="47.005177" lon="9.858620">
        <ele>1784.232089</ele>
        <time>2026-09-12T14:38:58.000Z</time>
      </trkpt>
      <trkpt lat="47.005144" lon="9.858627">
        <ele>1784.164157</ele>
        <time>2026-09-12T14:39:00.000Z</time>
      </trkpt>
      <trkpt lat="47.005128" lon="9.858627">
        <ele>1784.131559</ele>
        <time>2026-09-12T14:39:01.000Z</time>
      </trkpt>
      <trkpt lat="47.005047" lon="9.858578">
        <ele>1782.967106</ele>
        <time>2026-09-12T14:39:08.000Z</time>
      </trkpt>
      <trkpt lat="47.005011" lon="9.858576">
        <ele>1782.447334</ele>
        <time>2026-09-12T14:39:11.000Z</time>
      </trkpt>
      <trkpt lat="47.004988" lon="9.858591">
        <ele>1782.084158</ele>
        <time>2026-09-12T14:39:14.000Z</time>
      </trkpt>
      <trkpt lat="47.004964" lon="9.858592">
        <ele>1781.737752</ele>
        <time>2026-09-12T14:39:22.000Z</time>
      </trkpt>
      <trkpt lat="47.004950" lon="9.858619">
        <ele>1781.404034</ele>
        <time>2026-09-12T14:39:29.000Z</time>
      </trkpt>
      <trkpt lat="47.004949" lon="9.858617">
        <ele>1781.379634</ele>
        <time>2026-09-12T14:39:31.000Z</time>
      </trkpt>
      <trkpt lat="47.004947" lon="9.858614">
        <ele>1781.338356</ele>
        <time>2026-09-12T14:39:37.000Z</time>
      </trkpt>
      <trkpt lat="47.004941" lon="9.858612">
        <ele>1781.249581</ele>
        <time>2026-09-12T14:39:42.000Z</time>
      </trkpt>
      <trkpt lat="47.004937" lon="9.858613">
        <ele>1781.191037</ele>
        <time>2026-09-12T14:39:43.000Z</time>
      </trkpt>
      <trkpt lat="47.004937" lon="9.858603">
        <ele>1781.092649</ele>
        <time>2026-09-12T14:39:50.000Z</time>
      </trkpt>
      <trkpt lat="47.004876" lon="9.858594">
        <ele>1780.208113</ele>
        <time>2026-09-12T14:39:55.000Z</time>
      </trkpt>
      <trkpt lat="47.004809" lon="9.858600">
        <ele>1779.239653</ele>
        <time>2026-09-12T14:40:00.000Z</time>
      </trkpt>
      <trkpt lat="47.004795" lon="9.858606">
        <ele>1779.029215</ele>
        <time>2026-09-12T14:40:01.000Z</time>
      </trkpt>
      <trkpt lat="47.004760" lon="9.858631">
        <ele>1778.467523</ele>
        <time>2026-09-12T14:40:04.000Z</time>
      </trkpt>
      <trkpt lat="47.004712" lon="9.858644">
        <ele>1777.763278</ele>
        <time>2026-09-12T14:40:07.000Z</time>
      </trkpt>
      <trkpt lat="47.004694" lon="9.858646">
        <ele>1777.502834</ele>
        <time>2026-09-12T14:40:08.000Z</time>
      </trkpt>
      <trkpt lat="47.004607" lon="9.858610">
        <ele>1776.198603</ele>
        <time>2026-09-12T14:40:14.000Z</time>
      </trkpt>
      <trkpt lat="47.004535" lon="9.858590">
        <ele>1775.141331</ele>
        <time>2026-09-12T14:40:20.000Z</time>
      </trkpt>
      <trkpt lat="47.004510" lon="9.858579">
        <ele>1774.764750</ele>
        <time>2026-09-12T14:40:22.000Z</time>
      </trkpt>
      <trkpt lat="47.004495" lon="9.858576">
        <ele>1774.546330</ele>
        <time>2026-09-12T14:40:23.000Z</time>
      </trkpt>
      <trkpt lat="47.004436" lon="9.858572">
        <ele>1773.694184</ele>
        <time>2026-09-12T14:40:28.000Z</time>
      </trkpt>
      <trkpt lat="47.004426" lon="9.858585">
        <ele>1773.501373</ele>
        <time>2026-09-12T14:40:29.000Z</time>
      </trkpt>
      <trkpt lat="47.004394" lon="9.858608">
        <ele>1772.987209</ele>
        <time>2026-09-12T14:40:31.000Z</time>
      </trkpt>
      <trkpt lat="47.004356" lon="9.858625">
        <ele>1772.414008</ele>
        <time>2026-09-12T14:40:34.000Z</time>
      </trkpt>
      <trkpt lat="47.004287" lon="9.858649">
        <ele>1771.390871</ele>
        <time>2026-09-12T14:40:39.000Z</time>
      </trkpt>
      <trkpt lat="47.004231" lon="9.858659">
        <ele>1770.576948</ele>
        <time>2026-09-12T14:40:43.000Z</time>
      </trkpt>
      <trkpt lat="47.004200" lon="9.858659">
        <ele>1770.129688</ele>
        <time>2026-09-12T14:40:45.000Z</time>
      </trkpt>
      <trkpt lat="47.004136" lon="9.858600">
        <ele>1769.039000</ele>
        <time>2026-09-12T14:40:52.000Z</time>
      </trkpt>
      <trkpt lat="47.004077" lon="9.858577">
        <ele>1768.158196</ele>
        <time>2026-09-12T14:40:56.000Z</time>
      </trkpt>
      <trkpt lat="47.004036" lon="9.858589">
        <ele>1767.554991</ele>
        <time>2026-09-12T14:40:59.000Z</time>
      </trkpt>
      <trkpt lat="47.004025" lon="9.858586">
        <ele>1767.393564</ele>
        <time>2026-09-12T14:41:00.000Z</time>
      </trkpt>
      <trkpt lat="47.003988" lon="9.858592">
        <ele>1766.856483</ele>
        <time>2026-09-12T14:41:03.000Z</time>
      </trkpt>
      <trkpt lat="47.003975" lon="9.858588">
        <ele>1766.664837</ele>
        <time>2026-09-12T14:41:04.000Z</time>
      </trkpt>
      <trkpt lat="47.003947" lon="9.858584">
        <ele>1766.258948</ele>
        <time>2026-09-12T14:41:06.000Z</time>
      </trkpt>
      <trkpt lat="47.003915" lon="9.858577">
        <ele>1765.792151</ele>
        <time>2026-09-12T14:41:08.000Z</time>
      </trkpt>
      <trkpt lat="47.003899" lon="9.858575">
        <ele>1765.560470</ele>
        <time>2026-09-12T14:41:09.000Z</time>
      </trkpt>
      <trkpt lat="47.003855" lon="9.858571">
        <ele>1764.924430</ele>
        <time>2026-09-12T14:41:12.000Z</time>
      </trkpt>
      <trkpt lat="47.003806" lon="9.858556">
        <ele>1764.202229</ele>
        <time>2026-09-12T14:41:16.000Z</time>
      </trkpt>
      <trkpt lat="47.003778" lon="9.858553">
        <ele>1763.797175</ele>
        <time>2026-09-12T14:41:18.000Z</time>
      </trkpt>
      <trkpt lat="47.003708" lon="9.858563">
        <ele>1762.782451</ele>
        <time>2026-09-12T14:41:21.000Z</time>
      </trkpt>
      <trkpt lat="47.003656" lon="9.858558">
        <ele>1762.030597</ele>
        <time>2026-09-12T14:41:23.000Z</time>
      </trkpt>
      <trkpt lat="47.003613" lon="9.858543">
        <ele>1761.392891</ele>
        <time>2026-09-12T14:41:26.000Z</time>
      </trkpt>
      <trkpt lat="47.003600" lon="9.858543">
        <ele>1761.205330</ele>
        <time>2026-09-12T14:41:27.000Z</time>
      </trkpt>
      <trkpt lat="47.003516" lon="9.858554">
        <ele>1759.988576</ele>
        <time>2026-09-12T14:41:32.000Z</time>
      </trkpt>
      <trkpt lat="47.003506" lon="9.858548">
        <ele>1759.832688</ele>
        <time>2026-09-12T14:41:33.000Z</time>
      </trkpt>
      <trkpt lat="47.003480" lon="9.858524">
        <ele>1759.389430</ele>
        <time>2026-09-12T14:41:36.000Z</time>
      </trkpt>
      <trkpt lat="47.003433" lon="9.858529">
        <ele>1758.709544</ele>
        <time>2026-09-12T14:41:39.000Z</time>
      </trkpt>
      <trkpt lat="47.003385" lon="9.858540">
        <ele>1758.005387</ele>
        <time>2026-09-12T14:41:43.000Z</time>
      </trkpt>
      <trkpt lat="47.003353" lon="9.858537">
        <ele>1757.533222</ele>
        <time>2026-09-12T14:41:45.000Z</time>
      </trkpt>
      <trkpt lat="47.003314" lon="9.858535">
        <ele>1756.958592</ele>
        <time>2026-09-12T14:41:47.000Z</time>
      </trkpt>
      <trkpt lat="47.003270" lon="9.858523">
        <ele>1756.299578</ele>
        <time>2026-09-12T14:41:49.000Z</time>
      </trkpt>
      <trkpt lat="47.003247" lon="9.858509">
        <ele>1755.932881</ele>
        <time>2026-09-12T14:41:50.000Z</time>
      </trkpt>
      <trkpt lat="47.003220" lon="9.858499">
        <ele>1755.522818</ele>
        <time>2026-09-12T14:41:51.000Z</time>
      </trkpt>
      <trkpt lat="47.003158" lon="9.858493">
        <ele>1754.607876</ele>
        <time>2026-09-12T14:41:53.000Z</time>
      </trkpt>
      <trkpt lat="47.003102" lon="9.858501">
        <ele>1753.779367</ele>
        <time>2026-09-12T14:41:55.000Z</time>
      </trkpt>
      <trkpt lat="47.003040" lon="9.858537">
        <ele>1752.797442</ele>
        <time>2026-09-12T14:41:57.000Z</time>
      </trkpt>
      <trkpt lat="47.002963" lon="9.858572">
        <ele>1751.610385</ele>
        <time>2026-09-12T14:42:00.000Z</time>
      </trkpt>
      <trkpt lat="47.002941" lon="9.858575">
        <ele>1751.285036</ele>
        <time>2026-09-12T14:42:01.000Z</time>
      </trkpt>
      <trkpt lat="47.002929" lon="9.858574">
        <ele>1751.108049</ele>
        <time>2026-09-12T14:42:02.000Z</time>
      </trkpt>
      <trkpt lat="47.002917" lon="9.858573">
        <ele>1750.931063</ele>
        <time>2026-09-12T14:42:03.000Z</time>
      </trkpt>
      <trkpt lat="47.002905" lon="9.858571">
        <ele>1750.753224</ele>
        <time>2026-09-12T14:42:04.000Z</time>
      </trkpt>
      <trkpt lat="47.002892" lon="9.858569">
        <ele>1750.560748</ele>
        <time>2026-09-12T14:42:05.000Z</time>
      </trkpt>
      <trkpt lat="47.002868" lon="9.858563">
        <ele>1750.202246</ele>
        <time>2026-09-12T14:42:07.000Z</time>
      </trkpt>
      <trkpt lat="47.002833" lon="9.858556">
        <ele>1749.682096</ele>
        <time>2026-09-12T14:42:10.000Z</time>
      </trkpt>
      <trkpt lat="47.002805" lon="9.858552">
        <ele>1749.267842</ele>
        <time>2026-09-12T14:42:12.000Z</time>
      </trkpt>
      <trkpt lat="47.002757" lon="9.858504">
        <ele>1748.412324</ele>
        <time>2026-09-12T14:42:16.000Z</time>
      </trkpt>
      <trkpt lat="47.002731" lon="9.858452">
        <ele>1747.764829</ele>
        <time>2026-09-12T14:42:19.000Z</time>
      </trkpt>
      <trkpt lat="47.002702" lon="9.858393">
        <ele>1747.034499</ele>
        <time>2026-09-12T14:42:23.000Z</time>
      </trkpt>
      <trkpt lat="47.002680" lon="9.858372">
        <ele>1746.647956</ele>
        <time>2026-09-12T14:42:25.000Z</time>
      </trkpt>
      <trkpt lat="47.002649" lon="9.858341">
        <ele>1746.095434</ele>
        <time>2026-09-12T14:42:28.000Z</time>
      </trkpt>
      <trkpt lat="47.002630" lon="9.858317">
        <ele>1745.726164</ele>
        <time>2026-09-12T14:42:30.000Z</time>
      </trkpt>
      <trkpt lat="47.002585" lon="9.858235">
        <ele>1744.669217</ele>
        <time>2026-09-12T14:42:35.000Z</time>
      </trkpt>
      <trkpt lat="47.002580" lon="9.858221">
        <ele>1744.510517</ele>
        <time>2026-09-12T14:42:36.000Z</time>
      </trkpt>
      <trkpt lat="47.002553" lon="9.858159">
        <ele>1743.771800</ele>
        <time>2026-09-12T14:42:39.000Z</time>
      </trkpt>
      <trkpt lat="47.002524" lon="9.858103">
        <ele>1743.065688</ele>
        <time>2026-09-12T14:42:41.000Z</time>
      </trkpt>
      <trkpt lat="47.002509" lon="9.858071">
        <ele>1742.675754</ele>
        <time>2026-09-12T14:42:43.000Z</time>
      </trkpt>
      <trkpt lat="47.002504" lon="9.858054">
        <ele>1742.489840</ele>
        <time>2026-09-12T14:42:44.000Z</time>
      </trkpt>
      <trkpt lat="47.002438" lon="9.857975">
        <ele>1741.235304</ele>
        <time>2026-09-12T14:42:50.000Z</time>
      </trkpt>
      <trkpt lat="47.002339" lon="9.857997">
        <ele>1739.760875</ele>
        <time>2026-09-12T14:42:57.000Z</time>
      </trkpt>
      <trkpt lat="47.002313" lon="9.858002">
        <ele>1739.374744</ele>
        <time>2026-09-12T14:42:59.000Z</time>
      </trkpt>
      <trkpt lat="47.002221" lon="9.857983">
        <ele>1738.006666</ele>
        <time>2026-09-12T14:43:06.000Z</time>
      </trkpt>
      <trkpt lat="47.002207" lon="9.857985">
        <ele>1737.799538</ele>
        <time>2026-09-12T14:43:07.000Z</time>
      </trkpt>
      <trkpt lat="47.002073" lon="9.857996">
        <ele>1735.823287</ele>
        <time>2026-09-12T14:43:17.000Z</time>
      </trkpt>
      <trkpt lat="47.002012" lon="9.858012">
        <ele>1734.910799</ele>
        <time>2026-09-12T14:43:22.000Z</time>
      </trkpt>
      <trkpt lat="47.001955" lon="9.858032">
        <ele>1734.047774</ele>
        <time>2026-09-12T14:43:26.000Z</time>
      </trkpt>
      <trkpt lat="47.001943" lon="9.858037">
        <ele>1733.864077</ele>
        <time>2026-09-12T14:43:27.000Z</time>
      </trkpt>
      <trkpt lat="47.001892" lon="9.858049">
        <ele>1733.103491</ele>
        <time>2026-09-12T14:43:31.000Z</time>
      </trkpt>
      <trkpt lat="47.001822" lon="9.858062">
        <ele>1732.064500</ele>
        <time>2026-09-12T14:43:36.000Z</time>
      </trkpt>
      <trkpt lat="47.001780" lon="9.858082">
        <ele>1731.544813</ele>
        <time>2026-09-12T14:43:39.000Z</time>
      </trkpt>
      <trkpt lat="47.001687" lon="9.858156">
        <ele>1730.753373</ele>
        <time>2026-09-12T14:43:47.000Z</time>
      </trkpt>
      <trkpt lat="47.001667" lon="9.858171">
        <ele>1730.585344</ele>
        <time>2026-09-12T14:43:49.000Z</time>
      </trkpt>
      <trkpt lat="47.001605" lon="9.858198">
        <ele>1730.101577</ele>
        <time>2026-09-12T14:43:54.000Z</time>
      </trkpt>
      <trkpt lat="47.001512" lon="9.858230">
        <ele>1729.387061</ele>
        <time>2026-09-12T14:44:01.000Z</time>
      </trkpt>
      <trkpt lat="47.001500" lon="9.858233">
        <ele>1729.296008</ele>
        <time>2026-09-12T14:44:02.000Z</time>
      </trkpt>
      <trkpt lat="47.001454" lon="9.858254">
        <ele>1728.935647</ele>
        <time>2026-09-12T14:44:06.000Z</time>
      </trkpt>
      <trkpt lat="47.001397" lon="9.858309">
        <ele>1728.425269</ele>
        <time>2026-09-12T14:44:11.000Z</time>
      </trkpt>
      <trkpt lat="47.001324" lon="9.858365">
        <ele>1727.809034</ele>
        <time>2026-09-12T14:44:17.000Z</time>
      </trkpt>
      <trkpt lat="47.001268" lon="9.858355">
        <ele>1727.387071</ele>
        <time>2026-09-12T14:44:21.000Z</time>
      </trkpt>
      <trkpt lat="47.001133" lon="9.858281">
        <ele>1726.309049</ele>
        <time>2026-09-12T14:44:31.000Z</time>
      </trkpt>
      <trkpt lat="47.001119" lon="9.858274">
        <ele>1726.198411</ele>
        <time>2026-09-12T14:44:32.000Z</time>
      </trkpt>
      <trkpt lat="47.001014" lon="9.858215">
        <ele>1725.357341</ele>
        <time>2026-09-12T14:44:42.000Z</time>
      </trkpt>
      <trkpt lat="47.000862" lon="9.858134">
        <ele>1724.147658</ele>
        <time>2026-09-12T14:44:53.000Z</time>
      </trkpt>
      <trkpt lat="47.000753" lon="9.858038">
        <ele>1723.196593</ele>
        <time>2026-09-12T14:45:03.000Z</time>
      </trkpt>
      <trkpt lat="47.000708" lon="9.857988">
        <ele>1722.774281</ele>
        <time>2026-09-12T14:45:08.000Z</time>
      </trkpt>
      <trkpt lat="47.000660" lon="9.857956">
        <ele>1722.379885</ele>
        <time>2026-09-12T14:45:12.000Z</time>
      </trkpt>
      <trkpt lat="47.000635" lon="9.857940">
        <ele>1722.175854</ele>
        <time>2026-09-12T14:45:14.000Z</time>
      </trkpt>
      <trkpt lat="47.000623" lon="9.857931">
        <ele>1722.075036</ele>
        <time>2026-09-12T14:45:15.000Z</time>
      </trkpt>
      <trkpt lat="47.000531" lon="9.857871">
        <ele>1721.321898</ele>
        <time>2026-09-12T14:45:23.000Z</time>
      </trkpt>
      <trkpt lat="47.000506" lon="9.857855">
        <ele>1721.117867</ele>
        <time>2026-09-12T14:45:25.000Z</time>
      </trkpt>
      <trkpt lat="47.000432" lon="9.857807">
        <ele>1720.512622</ele>
        <time>2026-09-12T14:45:31.000Z</time>
      </trkpt>
      <trkpt lat="47.000387" lon="9.857762">
        <ele>1720.105206</ele>
        <time>2026-09-12T14:45:35.000Z</time>
      </trkpt>
      <trkpt lat="47.000341" lon="9.857699">
        <ele>1719.634392</ele>
        <time>2026-09-12T14:45:39.000Z</time>
      </trkpt>
      <trkpt lat="47.000268" lon="9.857678">
        <ele>1719.077958</ele>
        <time>2026-09-12T14:45:45.000Z</time>
      </trkpt>
      <trkpt lat="47.000215" lon="9.857688">
        <ele>1718.678261</ele>
        <time>2026-09-12T14:45:49.000Z</time>
      </trkpt>
      <trkpt lat="47.000174" lon="9.857681">
        <ele>1718.369517</ele>
        <time>2026-09-12T14:45:52.000Z</time>
      </trkpt>
      <trkpt lat="47.000159" lon="9.857677">
        <ele>1718.255480</ele>
        <time>2026-09-12T14:45:53.000Z</time>
      </trkpt>
      <trkpt lat="47.000103" lon="9.857637">
        <ele>1717.535328</ele>
        <time>2026-09-12T14:45:57.000Z</time>
      </trkpt>
      <trkpt lat="47.000048" lon="9.857612">
        <ele>1716.853813</ele>
        <time>2026-09-12T14:46:01.000Z</time>
      </trkpt>
      <trkpt lat="47.000000" lon="9.857605">
        <ele>1716.282905</ele>
        <time>2026-09-12T14:46:04.000Z</time>
      </trkpt>
      <trkpt lat="46.999952" lon="9.857609">
        <ele>1715.713882</ele>
        <time>2026-09-12T14:46:07.000Z</time>
      </trkpt>
      <trkpt lat="46.999865" lon="9.857604">
        <ele>1714.683400</ele>
        <time>2026-09-12T14:46:13.000Z</time>
      </trkpt>
      <trkpt lat="46.999848" lon="9.857607">
        <ele>1714.480744</ele>
        <time>2026-09-12T14:46:14.000Z</time>
      </trkpt>
      <trkpt lat="46.999693" lon="9.857644">
        <ele>1712.622084</ele>
        <time>2026-09-12T14:46:25.000Z</time>
      </trkpt>
      <trkpt lat="46.999552" lon="9.857674">
        <ele>1710.935796</ele>
        <time>2026-09-12T14:46:35.000Z</time>
      </trkpt>
      <trkpt lat="46.999488" lon="9.857685">
        <ele>1710.173136</ele>
        <time>2026-09-12T14:46:39.000Z</time>
      </trkpt>
      <trkpt lat="46.999386" lon="9.857695">
        <ele>1708.963215</ele>
        <time>2026-09-12T14:46:46.000Z</time>
      </trkpt>
      <trkpt lat="46.999371" lon="9.857701">
        <ele>1708.779195</ele>
        <time>2026-09-12T14:46:47.000Z</time>
      </trkpt>
      <trkpt lat="46.999342" lon="9.857706">
        <ele>1708.433600</ele>
        <time>2026-09-12T14:46:49.000Z</time>
      </trkpt>
      <trkpt lat="46.999302" lon="9.857714">
        <ele>1707.955794</ele>
        <time>2026-09-12T14:46:52.000Z</time>
      </trkpt>
      <trkpt lat="46.999255" lon="9.857719">
        <ele>1707.398062</ele>
        <time>2026-09-12T14:46:55.000Z</time>
      </trkpt>
      <trkpt lat="46.999222" lon="9.857725">
        <ele>1707.004498</ele>
        <time>2026-09-12T14:46:57.000Z</time>
      </trkpt>
      <trkpt lat="46.999122" lon="9.857760">
        <ele>1705.787693</ele>
        <time>2026-09-12T14:47:04.000Z</time>
      </trkpt>
      <trkpt lat="46.999062" lon="9.857824">
        <ele>1704.909531</ele>
        <time>2026-09-12T14:47:09.000Z</time>
      </trkpt>
      <trkpt lat="46.999024" lon="9.857860">
        <ele>1704.374070</ele>
        <time>2026-09-12T14:47:12.000Z</time>
      </trkpt>
      <trkpt lat="46.998995" lon="9.857874">
        <ele>1704.012714</ele>
        <time>2026-09-12T14:47:14.000Z</time>
      </trkpt>
      <trkpt lat="46.998953" lon="9.857870">
        <ele>1703.514574</ele>
        <time>2026-09-12T14:47:19.000Z</time>
      </trkpt>
      <trkpt lat="46.998940" lon="9.857871">
        <ele>1703.360501</ele>
        <time>2026-09-12T14:47:20.000Z</time>
      </trkpt>
      <trkpt lat="46.998879" lon="9.857886">
        <ele>1702.628451</ele>
        <time>2026-09-12T14:47:23.000Z</time>
      </trkpt>
      <trkpt lat="46.998842" lon="9.857921">
        <ele>1702.107311</ele>
        <time>2026-09-12T14:47:25.000Z</time>
      </trkpt>
      <trkpt lat="46.998797" lon="9.857963">
        <ele>1701.475964</ele>
        <time>2026-09-12T14:47:28.000Z</time>
      </trkpt>
      <trkpt lat="46.998777" lon="9.857977">
        <ele>1701.213661</ele>
        <time>2026-09-12T14:47:29.000Z</time>
      </trkpt>
      <trkpt lat="46.998705" lon="9.858045">
        <ele>1700.200024</ele>
        <time>2026-09-12T14:47:33.000Z</time>
      </trkpt>
      <trkpt lat="46.998687" lon="9.858056">
        <ele>1699.969221</ele>
        <time>2026-09-12T14:47:34.000Z</time>
      </trkpt>
      <trkpt lat="46.998667" lon="9.858065">
        <ele>1699.721613</ele>
        <time>2026-09-12T14:47:35.000Z</time>
      </trkpt>
      <trkpt lat="46.998627" lon="9.858087">
        <ele>1699.215980</ele>
        <time>2026-09-12T14:47:37.000Z</time>
      </trkpt>
      <trkpt lat="46.998584" lon="9.858112">
        <ele>1698.668503</ele>
        <time>2026-09-12T14:47:39.000Z</time>
      </trkpt>
      <trkpt lat="46.998545" lon="9.858148">
        <ele>1698.123062</ele>
        <time>2026-09-12T14:47:41.000Z</time>
      </trkpt>
      <trkpt lat="46.998529" lon="9.858165">
        <ele>1697.889201</ele>
        <time>2026-09-12T14:47:42.000Z</time>
      </trkpt>
      <trkpt lat="46.998481" lon="9.858204">
        <ele>1697.239702</ele>
        <time>2026-09-12T14:47:45.000Z</time>
      </trkpt>
      <trkpt lat="46.998460" lon="9.858210">
        <ele>1696.986481</ele>
        <time>2026-09-12T14:47:46.000Z</time>
      </trkpt>
      <trkpt lat="46.998437" lon="9.858217">
        <ele>1696.938214</ele>
        <time>2026-09-12T14:47:47.000Z</time>
      </trkpt>
      <trkpt lat="46.998396" lon="9.858232">
        <ele>1696.938214</ele>
        <time>2026-09-12T14:47:49.000Z</time>
      </trkpt>
      <trkpt lat="46.998345" lon="9.858249">
        <ele>1696.938214</ele>
        <time>2026-09-12T14:47:52.000Z</time>
      </trkpt>
      <trkpt lat="46.998312" lon="9.858253">
        <ele>1696.938214</ele>
        <time>2026-09-12T14:47:54.000Z</time>
      </trkpt>
      <trkpt lat="46.998276" lon="9.858232">
        <ele>1696.938214</ele>
        <time>2026-09-12T14:47:56.000Z</time>
      </trkpt>
      <trkpt lat="46.998250" lon="9.858176">
        <ele>1696.938214</ele>
        <time>2026-09-12T14:47:59.000Z</time>
      </trkpt>
      <trkpt lat="46.998226" lon="9.858154">
        <ele>1696.938214</ele>
        <time>2026-09-12T14:48:01.000Z</time>
      </trkpt>
      <trkpt lat="46.998159" lon="9.858084">
        <ele>1696.938214</ele>
        <time>2026-09-12T14:48:06.000Z</time>
      </trkpt>
      <trkpt lat="46.998139" lon="9.858043">
        <ele>1696.938214</ele>
        <time>2026-09-12T14:48:09.000Z</time>
      </trkpt>
      <trkpt lat="46.998137" lon="9.858029">
        <ele>1696.938214</ele>
        <time>2026-09-12T14:48:10.000Z</time>
      </trkpt>
      <trkpt lat="46.998134" lon="9.857938">
        <ele>1696.938214</ele>
        <time>2026-09-12T14:48:15.000Z</time>
      </trkpt>
      <trkpt lat="46.998145" lon="9.857924">
        <ele>1696.938214</ele>
        <time>2026-09-12T14:48:16.000Z</time>
      </trkpt>
      <trkpt lat="46.998166" lon="9.857924">
        <ele>1696.938214</ele>
        <time>2026-09-12T14:48:20.000Z</time>
      </trkpt>
      <trkpt lat="46.998168" lon="9.857932">
        <ele>1696.938214</ele>
        <time>2026-09-12T14:48:21.000Z</time>
      </trkpt>
      <trkpt lat="46.998165" lon="9.857941">
        <ele>1696.938214</ele>
        <time>2026-09-12T14:48:23.000Z</time>
      </trkpt>
      <trkpt lat="46.998164" lon="9.857943">
        <ele>1696.938214</ele>
        <time>2026-09-12T14:48:28.000Z</time>
      </trkpt>
      <trkpt lat="46.998164" lon="9.857946">
        <ele>1696.938214</ele>
        <time>2026-09-12T14:48:30.000Z</time>
      </trkpt>
      <trkpt lat="46.998164" lon="9.857946">
        <ele>1696.938214</ele>
        <time>2026-09-12T14:48:31.000Z</time>
      </trkpt>
      <trkpt lat="46.998160" lon="9.857945">
        <ele>1696.938214</ele>
        <time>2026-09-12T14:48:33.000Z</time>
      </trkpt>
      <trkpt lat="46.998168" lon="9.857951">
        <ele>1696.938214</ele>
        <time>2026-09-12T14:48:43.000Z</time>
      </trkpt>
      <trkpt lat="46.998172" lon="9.857957">
        <ele>1696.938214</ele>
        <time>2026-09-12T14:48:47.000Z</time>
      </trkpt>
      <trkpt lat="46.998171" lon="9.857958">
        <ele>1696.938214</ele>
        <time>2026-09-12T14:48:48.000Z</time>
      </trkpt>
      <trkpt lat="46.998170" lon="9.857956">
        <ele>1696.938214</ele>
        <time>2026-09-12T14:48:50.000Z</time>
      </trkpt>
      <trkpt lat="46.998169" lon="9.857958">
        <ele>1696.938214</ele>
        <time>2026-09-12T14:48:52.000Z</time>
      </trkpt>
      <trkpt lat="46.998163" lon="9.857937">
        <ele>1696.938214</ele>
        <time>2026-09-12T14:48:58.000Z</time>
      </trkpt>
      <trkpt lat="46.998153" lon="9.857923">
        <ele>1696.938214</ele>
        <time>2026-09-12T14:49:05.000Z</time>
      </trkpt>
      <trkpt lat="46.998199" lon="9.857950">
        <ele>1696.938214</ele>
        <time>2026-09-12T14:49:12.000Z</time>
      </trkpt>
      <trkpt lat="46.998202" lon="9.857972">
        <ele>1696.938214</ele>
        <time>2026-09-12T14:49:18.000Z</time>
      </trkpt>
      <trkpt lat="46.998242" lon="9.857944">
        <ele>1696.938214</ele>
        <time>2026-09-12T14:49:22.000Z</time>
      </trkpt>
      <trkpt lat="46.998250" lon="9.857935">
        <ele>1696.938214</ele>
        <time>2026-09-12T14:49:23.000Z</time>
      </trkpt>
      <trkpt lat="46.998263" lon="9.857925">
        <ele>1696.938214</ele>
        <time>2026-09-12T14:49:25.000Z</time>
      </trkpt>
      <trkpt lat="46.998264" lon="9.857917">
        <ele>1696.938214</ele>
        <time>2026-09-12T14:49:29.000Z</time>
      </trkpt>
      <trkpt lat="46.998267" lon="9.857923">
        <ele>1696.938214</ele>
        <time>2026-09-12T14:49:37.000Z</time>
      </trkpt>
      <trkpt lat="46.998269" lon="9.857901">
        <ele>1696.938214</ele>
        <time>2026-09-12T14:49:42.000Z</time>
      </trkpt>
      <trkpt lat="46.998282" lon="9.857866">
        <ele>1696.938214</ele>
        <time>2026-09-12T14:49:51.000Z</time>
      </trkpt>
      <trkpt lat="46.998275" lon="9.857876">
        <ele>1696.938214</ele>
        <time>2026-09-12T14:49:58.000Z</time>
      </trkpt>
      <trkpt lat="46.998283" lon="9.857898">
        <ele>1696.938214</ele>
        <time>2026-09-12T14:50:02.000Z</time>
      </trkpt>
      <trkpt lat="46.998289" lon="9.857902">
        <ele>1696.938214</ele>
        <time>2026-09-12T14:50:03.000Z</time>
      </trkpt>
      <trkpt lat="46.998302" lon="9.857907">
        <ele>1696.938214</ele>
        <time>2026-09-12T14:50:05.000Z</time>
      </trkpt>
      <trkpt lat="46.998372" lon="9.857931">
        <ele>1696.938214</ele>
        <time>2026-09-12T14:50:13.000Z</time>
      </trkpt>
      <trkpt lat="46.998382" lon="9.857965">
        <ele>1696.938214</ele>
        <time>2026-09-12T14:50:17.000Z</time>
      </trkpt>
      <trkpt lat="46.998372" lon="9.857969">
        <ele>1696.938214</ele>
        <time>2026-09-12T14:50:19.000Z</time>
      </trkpt>
      <trkpt lat="46.998391" lon="9.857995">
        <ele>1696.938214</ele>
        <time>2026-09-12T14:50:23.000Z</time>
      </trkpt>
      <trkpt lat="46.998419" lon="9.858006">
        <ele>1696.938214</ele>
        <time>2026-09-12T14:50:29.000Z</time>
      </trkpt>
      <trkpt lat="46.998424" lon="9.858010">
        <ele>1696.938214</ele>
        <time>2026-09-12T14:50:30.000Z</time>
      </trkpt>
      <trkpt lat="46.998429" lon="9.858014">
        <ele>1696.938214</ele>
        <time>2026-09-12T14:50:31.000Z</time>
      </trkpt>
      <trkpt lat="46.998429" lon="9.858014">
        <ele>1696.938214</ele>
        <time>2026-09-12T14:50:55.000Z</time>
      </trkpt>
      <trkpt lat="46.998429" lon="9.858014">
        <ele>1696.938214</ele>
        <time>2026-09-12T14:51:10.000Z</time>
      </trkpt>
      <trkpt lat="46.998429" lon="9.858014">
        <ele>1696.938214</ele>
        <time>2026-09-12T14:51:13.000Z</time>
      </trkpt>
      <trkpt lat="46.998308" lon="9.857869">
        <ele>1696.938214</ele>
        <time>2026-09-12T14:51:16.000Z</time>
      </trkpt>
      <trkpt lat="46.998251" lon="9.857874">
        <ele>1696.938214</ele>
        <time>2026-09-12T14:51:20.000Z</time>
      </trkpt>
      <trkpt lat="46.998253" lon="9.857881">
        <ele>1696.938214</ele>
        <time>2026-09-12T14:51:22.000Z</time>
      </trkpt>
      <trkpt lat="46.998253" lon="9.857881">
        <ele>1696.938214</ele>
        <time>2026-09-12T14:51:29.000Z</time>
      </trkpt>
      <trkpt lat="46.998253" lon="9.857881">
        <ele>1696.938214</ele>
        <time>2026-09-12T14:51:30.000Z</time>
      </trkpt>
      <trkpt lat="46.998253" lon="9.857881">
        <ele>1696.938214</ele>
        <time>2026-09-12T14:51:32.000Z</time>
      </trkpt>
      <trkpt lat="46.998257" lon="9.857888">
        <ele>1696.938214</ele>
        <time>2026-09-12T14:51:39.000Z</time>
      </trkpt>
      <trkpt lat="46.998263" lon="9.857890">
        <ele>1696.938214</ele>
        <time>2026-09-12T14:51:40.000Z</time>
      </trkpt>
      <trkpt lat="46.998277" lon="9.857895">
        <ele>1696.938214</ele>
        <time>2026-09-12T14:51:42.000Z</time>
      </trkpt>
      <trkpt lat="46.998314" lon="9.857900">
        <ele>1696.938214</ele>
        <time>2026-09-12T14:51:47.000Z</time>
      </trkpt>
      <trkpt lat="46.998321" lon="9.857897">
        <ele>1696.938214</ele>
        <time>2026-09-12T14:51:48.000Z</time>
      </trkpt>
      <trkpt lat="46.998326" lon="9.857883">
        <ele>1696.938214</ele>
        <time>2026-09-12T14:51:54.000Z</time>
      </trkpt>
      <trkpt lat="46.998335" lon="9.857834">
        <ele>1696.938214</ele>
        <time>2026-09-12T14:52:00.000Z</time>
      </trkpt>
      <trkpt lat="46.998423" lon="9.857855">
        <ele>1696.938214</ele>
        <time>2026-09-12T14:52:04.000Z</time>
      </trkpt>
      <trkpt lat="46.998443" lon="9.857871">
        <ele>1696.938214</ele>
        <time>2026-09-12T14:52:06.000Z</time>
      </trkpt>
      <trkpt lat="46.998377" lon="9.857845">
        <ele>1696.938214</ele>
        <time>2026-09-12T14:52:12.000Z</time>
      </trkpt>
      <trkpt lat="46.998295" lon="9.857874">
        <ele>1696.938214</ele>
        <time>2026-09-12T14:52:17.000Z</time>
      </trkpt>
      <trkpt lat="46.998291" lon="9.857876">
        <ele>1696.938214</ele>
        <time>2026-09-12T14:52:18.000Z</time>
      </trkpt>
      <trkpt lat="46.998291" lon="9.857876">
        <ele>1696.938214</ele>
        <time>2026-09-12T14:52:26.000Z</time>
      </trkpt>
      <trkpt lat="46.998291" lon="9.857876">
        <ele>1696.938214</ele>
        <time>2026-09-12T14:52:28.000Z</time>
      </trkpt>
    </trkseg>
  </trk>
</gpx>