<?xml version='1.0' encoding='UTF-8'?>
<gpx version="1.1" creator="https://www.komoot.de" xmlns="http://www.topografix.com/GPX/1/1" xmlns:xsi="http://www.w3.org/2001/XMLSchema-instance" xsi:schemaLocation="http://www.topografix.com/GPX/1/1 http://www.topografix.com/GPX/1/1/gpx.xsd">
  <metadata>
    <name>Hike</name>
    <author>
      <link href="https://www.komoot.de">
        <text>komoot</text>
        <type>text/html</type>
      </link>
    </author>
  </metadata>
  <trk>
    <name>Hike</name>
    <type>hike</type>
    <trkseg>
      <trkpt lat="47.015198" lon="9.842606">
        <ele>2658.978052</ele>
        <time>2026-09-12T13:17:44.652Z</time>
      </trkpt>
      <trkpt lat="47.015197" lon="9.842618">
        <ele>2658.978052</ele>
        <time>2026-09-12T13:17:50.000Z</time>
      </trkpt>
      <trkpt lat="47.015196" lon="9.842629">
        <ele>2658.978052</ele>
        <time>2026-09-12T13:17:51.000Z</time>
      </trkpt>
      <trkpt lat="47.015194" lon="9.842642">
        <ele>2658.978052</ele>
        <time>2026-09-12T13:17:52.000Z</time>
      </trkpt>
      <trkpt lat="47.015190" lon="9.842654">
        <ele>2658.978052</ele>
        <time>2026-09-12T13:17:53.000Z</time>
      </trkpt>
      <trkpt lat="47.015188" lon="9.842667">
        <ele>2658.978052</ele>
        <time>2026-09-12T13:17:54.000Z</time>
      </trkpt>
      <trkpt lat="47.015188" lon="9.842681">
        <ele>2658.978052</ele>
        <time>2026-09-12T13:17:55.000Z</time>
      </trkpt>
      <trkpt lat="47.015189" lon="9.842695">
        <ele>2658.978052</ele>
        <time>2026-09-12T13:17:56.000Z</time>
      </trkpt>
      <trkpt lat="47.015190" lon="9.842710">
        <ele>2658.978052</ele>
        <time>2026-09-12T13:17:57.000Z</time>
      </trkpt>
      <trkpt lat="47.015191" lon="9.842725">
        <ele>2658.978052</ele>
        <time>2026-09-12T13:17:58.000Z</time>
      </trkpt>
      <trkpt lat="47.015193" lon="9.842740">
        <ele>2658.978052</ele>
        <time>2026-09-12T13:17:59.000Z</time>
      </trkpt>
      <trkpt lat="47.015194" lon="9.842753">
        <ele>2658.978052</ele>
        <time>2026-09-12T13:18:00.000Z</time>
      </trkpt>
      <trkpt lat="47.015196" lon="9.842766">
        <ele>2658.978052</ele>
        <time>2026-09-12T13:18:00.999Z</time>
      </trkpt>
      <trkpt lat="47.015198" lon="9.842778">
        <ele>2658.978052</ele>
        <time>2026-09-12T13:18:02.000Z</time>
      </trkpt>
      <trkpt lat="47.015200" lon="9.842791">
        <ele>2658.978052</ele>
        <time>2026-09-12T13:18:03.000Z</time>
      </trkpt>
      <trkpt lat="47.015201" lon="9.842804">
        <ele>2658.978052</ele>
        <time>2026-09-12T13:18:04.000Z</time>
      </trkpt>
      <trkpt lat="47.015202" lon="9.842817">
        <ele>2658.978052</ele>
        <time>2026-09-12T13:18:05.000Z</time>
      </trkpt>
      <trkpt lat="47.015202" lon="9.842831">
        <ele>2658.978052</ele>
        <time>2026-09-12T13:18:06.000Z</time>
      </trkpt>
      <trkpt lat="47.015202" lon="9.842845">
        <ele>2658.978052</ele>
        <time>2026-09-12T13:18:07.000Z</time>
      </trkpt>
      <trkpt lat="47.015203" lon="9.842857">
        <ele>2658.978052</ele>
        <time>2026-09-12T13:18:08.000Z</time>
      </trkpt>
      <trkpt lat="47.015205" lon="9.842866">
        <ele>2658.978052</ele>
        <time>2026-09-12T13:18:09.000Z</time>
      </trkpt>
      <trkpt lat="47.015207" lon="9.842873">
        <ele>2658.978052</ele>
        <time>2026-09-12T13:18:10.000Z</time>
      </trkpt>
      <trkpt lat="47.015208" lon="9.842879">
        <ele>2658.978052</ele>
        <time>2026-09-12T13:18:11.000Z</time>
      </trkpt>
      <trkpt lat="47.015209" lon="9.842889">
        <ele>2658.978052</ele>
        <time>2026-09-12T13:18:12.000Z</time>
      </trkpt>
      <trkpt lat="47.015211" lon="9.842901">
        <ele>2658.978052</ele>
        <time>2026-09-12T13:18:13.000Z</time>
      </trkpt>
      <trkpt lat="47.015213" lon="9.842913">
        <ele>2658.978052</ele>
        <time>2026-09-12T13:18:14.000Z</time>
      </trkpt>
      <trkpt lat="47.015214" lon="9.842926">
        <ele>2658.978052</ele>
        <time>2026-09-12T13:18:15.000Z</time>
      </trkpt>
      <trkpt lat="47.015215" lon="9.842939">
        <ele>2658.978052</ele>
        <time>2026-09-12T13:18:16.000Z</time>
      </trkpt>
      <trkpt lat="47.015219" lon="9.842952">
        <ele>2658.978052</ele>
        <time>2026-09-12T13:18:17.000Z</time>
      </trkpt>
      <trkpt lat="47.015224" lon="9.842964">
        <ele>2658.978052</ele>
        <time>2026-09-12T13:18:18.000Z</time>
      </trkpt>
      <trkpt lat="47.015227" lon="9.842976">
        <ele>2658.978052</ele>
        <time>2026-09-12T13:18:19.000Z</time>
      </trkpt>
      <trkpt lat="47.015228" lon="9.842983">
        <ele>2658.978052</ele>
        <time>2026-09-12T13:18:20.000Z</time>
      </trkpt>
      <trkpt lat="47.015230" lon="9.842987">
        <ele>2658.978052</ele>
        <time>2026-09-12T13:18:21.000Z</time>
      </trkpt>
      <trkpt lat="47.015233" lon="9.842988">
        <ele>2658.978052</ele>
        <time>2026-09-12T13:18:22.000Z</time>
      </trkpt>
      <trkpt lat="47.015239" lon="9.842993">
        <ele>2658.978052</ele>
        <time>2026-09-12T13:18:23.000Z</time>
      </trkpt>
      <trkpt lat="47.015246" lon="9.843000">
        <ele>2658.978052</ele>
        <time>2026-09-12T13:18:24.000Z</time>
      </trkpt>
      <trkpt lat="47.015253" lon="9.843009">
        <ele>2658.978052</ele>
        <time>2026-09-12T13:18:25.000Z</time>
      </trkpt>
      <trkpt lat="47.015260" lon="9.843017">
        <ele>2658.978052</ele>
        <time>2026-09-12T13:18:26.000Z</time>
      </trkpt>
      <trkpt lat="47.015265" lon="9.843026">
        <ele>2658.978052</ele>
        <time>2026-09-12T13:18:27.000Z</time>
      </trkpt>
      <trkpt lat="47.015270" lon="9.843038">
        <ele>2658.978052</ele>
        <time>2026-09-12T13:18:28.000Z</time>
      </trkpt>
      <trkpt lat="47.015273" lon="9.843049">
        <ele>2658.978052</ele>
        <time>2026-09-12T13:18:29.000Z</time>
      </trkpt>
      <trkpt lat="47.015277" lon="9.843058">
        <ele>2658.978052</ele>
        <time>2026-09-12T13:18:30.000Z</time>
      </trkpt>
      <trkpt lat="47.015281" lon="9.843064">
        <ele>2658.978052</ele>
        <time>2026-09-12T13:18:31.000Z</time>
      </trkpt>
      <trkpt lat="47.015286" lon="9.843070">
        <ele>2658.978052</ele>
        <time>2026-09-12T13:18:32.000Z</time>
      </trkpt>
      <trkpt lat="47.015291" lon="9.843076">
        <ele>2658.978052</ele>
        <time>2026-09-12T13:18:33.000Z</time>
      </trkpt>
      <trkpt lat="47.015295" lon="9.843081">
        <ele>2658.978052</ele>
        <time>2026-09-12T13:18:34.000Z</time>
      </trkpt>
      <trkpt lat="47.015299" lon="9.843091">
        <ele>2658.978052</ele>
        <time>2026-09-12T13:18:35.000Z</time>
      </trkpt>
      <trkpt lat="47.015301" lon="9.843104">
        <ele>2658.978052</ele>
        <time>2026-09-12T13:18:36.000Z</time>
      </trkpt>
      <trkpt lat="47.015302" lon="9.843120">
        <ele>2658.978052</ele>
        <time>2026-09-12T13:18:37.000Z</time>
      </trkpt>
      <trkpt lat="47.015306" lon="9.843134">
        <ele>2658.978052</ele>
        <time>2026-09-12T13:18:38.000Z</time>
      </trkpt>
      <trkpt lat="47.015312" lon="9.843145">
        <ele>2658.978052</ele>
        <time>2026-09-12T13:18:39.000Z</time>
      </trkpt>
      <trkpt lat="47.015321" lon="9.843154">
        <ele>2658.978052</ele>
        <time>2026-09-12T13:18:40.000Z</time>
      </trkpt>
      <trkpt lat="47.015332" lon="9.843161">
        <ele>2658.978052</ele>
        <time>2026-09-12T13:18:41.000Z</time>
      </trkpt>
      <trkpt lat="47.015343" lon="9.843168">
        <ele>2658.978052</ele>
        <time>2026-09-12T13:18:42.000Z</time>
      </trkpt>
      <trkpt lat="47.015354" lon="9.843173">
        <ele>2658.978052</ele>
        <time>2026-09-12T13:18:43.000Z</time>
      </trkpt>
      <trkpt lat="47.015365" lon="9.843178">
        <ele>2658.978052</ele>
        <time>2026-09-12T13:18:44.000Z</time>
      </trkpt>
      <trkpt lat="47.015376" lon="9.843182">
        <ele>2658.978052</ele>
        <time>2026-09-12T13:18:45.000Z</time>
      </trkpt>
      <trkpt lat="47.015388" lon="9.843186">
        <ele>2658.978052</ele>
        <time>2026-09-12T13:18:46.000Z</time>
      </trkpt>
      <trkpt lat="47.015400" lon="9.843189">
        <ele>2658.978052</ele>
        <time>2026-09-12T13:18:47.000Z</time>
      </trkpt>
      <trkpt lat="47.015414" lon="9.843190">
        <ele>2658.978052</ele>
        <time>2026-09-12T13:18:48.000Z</time>
      </trkpt>
      <trkpt lat="47.015427" lon="9.843193">
        <ele>2658.978052</ele>
        <time>2026-09-12T13:18:49.000Z</time>
      </trkpt>
      <trkpt lat="47.015440" lon="9.843198">
        <ele>2658.978052</ele>
        <time>2026-09-12T13:18:50.000Z</time>
      </trkpt>
      <trkpt lat="47.015451" lon="9.843207">
        <ele>2658.978052</ele>
        <time>2026-09-12T13:18:51.000Z</time>
      </trkpt>
      <trkpt lat="47.015461" lon="9.843217">
        <ele>2658.978052</ele>
        <time>2026-09-12T13:18:52.000Z</time>
      </trkpt>
      <trkpt lat="47.015469" lon="9.843226">
        <ele>2658.978052</ele>
        <time>2026-09-12T13:18:53.000Z</time>
      </trkpt>
      <trkpt lat="47.015477" lon="9.843235">
        <ele>2658.978052</ele>
        <time>2026-09-12T13:18:54.000Z</time>
      </trkpt>
      <trkpt lat="47.015484" lon="9.843245">
        <ele>2658.978052</ele>
        <time>2026-09-12T13:18:55.000Z</time>
      </trkpt>
      <trkpt lat="47.015488" lon="9.843260">
        <ele>2658.978052</ele>
        <time>2026-09-12T13:18:56.000Z</time>
      </trkpt>
      <trkpt lat="47.015489" lon="9.843277">
        <ele>2658.978052</ele>
        <time>2026-09-12T13:18:57.000Z</time>
      </trkpt>
      <trkpt lat="47.015489" lon="9.843292">
        <ele>2658.978052</ele>
        <time>2026-09-12T13:18:58.000Z</time>
      </trkpt>
      <trkpt lat="47.015489" lon="9.843307">
        <ele>2658.978052</ele>
        <time>2026-09-12T13:18:59.000Z</time>
      </trkpt>
      <trkpt lat="47.015490" lon="9.843322">
        <ele>2658.978052</ele>
        <time>2026-09-12T13:19:00.000Z</time>
      </trkpt>
      <trkpt lat="47.015493" lon="9.843337">
        <ele>2658.978052</ele>
        <time>2026-09-12T13:19:01.000Z</time>
      </trkpt>
      <trkpt lat="47.015496" lon="9.843352">
        <ele>2658.978052</ele>
        <time>2026-09-12T13:19:02.000Z</time>
      </trkpt>
      <trkpt lat="47.015501" lon="9.843369">
        <ele>2658.978052</ele>
        <time>2026-09-12T13:19:03.000Z</time>
      </trkpt>
      <trkpt lat="47.015505" lon="9.843386">
        <ele>2658.978052</ele>
        <time>2026-09-12T13:19:04.000Z</time>
      </trkpt>
      <trkpt lat="47.015510" lon="9.843404">
        <ele>2658.978052</ele>
        <time>2026-09-12T13:19:05.000Z</time>
      </trkpt>
      <trkpt lat="47.015514" lon="9.843424">
        <ele>2658.978052</ele>
        <time>2026-09-12T13:19:06.000Z</time>
      </trkpt>
      <trkpt lat="47.015518" lon="9.843443">
        <ele>2658.978052</ele>
        <time>2026-09-12T13:19:07.000Z</time>
      </trkpt>
      <trkpt lat="47.015522" lon="9.843463">
        <ele>2658.978052</ele>
        <time>2026-09-12T13:19:08.000Z</time>
      </trkpt>
      <trkpt lat="47.015525" lon="9.843482">
        <ele>2658.978052</ele>
        <time>2026-09-12T13:19:09.000Z</time>
      </trkpt>
      <trkpt lat="47.015528" lon="9.843501">
        <ele>2658.978052</ele>
        <time>2026-09-12T13:19:10.000Z</time>
      </trkpt>
      <trkpt lat="47.015532" lon="9.843519">
        <ele>2658.978052</ele>
        <time>2026-09-12T13:19:11.000Z</time>
      </trkpt>
      <trkpt lat="47.015534" lon="9.843538">
        <ele>2658.978052</ele>
        <time>2026-09-12T13:19:12.000Z</time>
      </trkpt>
      <trkpt lat="47.015537" lon="9.843557">
        <ele>2658.978052</ele>
        <time>2026-09-12T13:19:13.000Z</time>
      </trkpt>
      <trkpt lat="47.015541" lon="9.843576">
        <ele>2658.978052</ele>
        <time>2026-09-12T13:19:14.000Z</time>
      </trkpt>
      <trkpt lat="47.015545" lon="9.843594">
        <ele>2658.978052</ele>
        <time>2026-09-12T13:19:15.000Z</time>
      </trkpt>
      <trkpt lat="47.015549" lon="9.843612">
        <ele>2658.978052</ele>
        <time>2026-09-12T13:19:16.000Z</time>
      </trkpt>
      <trkpt lat="47.015553" lon="9.843630">
        <ele>2658.978052</ele>
        <time>2026-09-12T13:19:17.000Z</time>
      </trkpt>
      <trkpt lat="47.015556" lon="9.843648">
        <ele>2658.978052</ele>
        <time>2026-09-12T13:19:18.000Z</time>
      </trkpt>
      <trkpt lat="47.015556" lon="9.843666">
        <ele>2658.978052</ele>
        <time>2026-09-12T13:19:19.000Z</time>
      </trkpt>
      <trkpt lat="47.015555" lon="9.843684">
        <ele>2658.936792</ele>
        <time>2026-09-12T13:19:20.000Z</time>
      </trkpt>
      <trkpt lat="47.015553" lon="9.843702">
        <ele>2658.878220</ele>
        <time>2026-09-12T13:19:21.000Z</time>
      </trkpt>
      <trkpt lat="47.015551" lon="9.843720">
        <ele>2658.819647</ele>
        <time>2026-09-12T13:19:22.000Z</time>
      </trkpt>
      <trkpt lat="47.015548" lon="9.843740">
        <ele>2658.753877</ele>
        <time>2026-09-12T13:19:23.000Z</time>
      </trkpt>
      <trkpt lat="47.015546" lon="9.843759">
        <ele>2658.692133</ele>
        <time>2026-09-12T13:19:24.000Z</time>
      </trkpt>
      <trkpt lat="47.015544" lon="9.843777">
        <ele>2658.633560</ele>
        <time>2026-09-12T13:19:25.000Z</time>
      </trkpt>
      <trkpt lat="47.015543" lon="9.843795">
        <ele>2658.575558</ele>
        <time>2026-09-12T13:19:26.000Z</time>
      </trkpt>
      <trkpt lat="47.015543" lon="9.843813">
        <ele>2658.517748</ele>
        <time>2026-09-12T13:19:27.000Z</time>
      </trkpt>
      <trkpt lat="47.015545" lon="9.843831">
        <ele>2658.459176</ele>
        <time>2026-09-12T13:19:28.000Z</time>
      </trkpt>
      <trkpt lat="47.015547" lon="9.843848">
        <ele>2658.403770</ele>
        <time>2026-09-12T13:19:29.000Z</time>
      </trkpt>
      <trkpt lat="47.015549" lon="9.843866">
        <ele>2658.345198</ele>
        <time>2026-09-12T13:19:30.000Z</time>
      </trkpt>
      <trkpt lat="47.015550" lon="9.843885">
        <ele>2658.283994</ele>
        <time>2026-09-12T13:19:31.000Z</time>
      </trkpt>
      <trkpt lat="47.015551" lon="9.843904">
        <ele>2658.222791</ele>
        <time>2026-09-12T13:19:32.000Z</time>
      </trkpt>
      <trkpt lat="47.015552" lon="9.843922">
        <ele>2658.164790</ele>
        <time>2026-09-12T13:19:33.000Z</time>
      </trkpt>
      <trkpt lat="47.015555" lon="9.843940">
        <ele>2658.105277</ele>
        <time>2026-09-12T13:19:34.000Z</time>
      </trkpt>
      <trkpt lat="47.015558" lon="9.843958">
        <ele>2658.045765</ele>
        <time>2026-09-12T13:19:35.000Z</time>
      </trkpt>
      <trkpt lat="47.015564" lon="9.843975">
        <ele>2657.984285</ele>
        <time>2026-09-12T13:19:36.000Z</time>
      </trkpt>
      <trkpt lat="47.015570" lon="9.843992">
        <ele>2657.922805</ele>
        <time>2026-09-12T13:19:37.000Z</time>
      </trkpt>
      <trkpt lat="47.015576" lon="9.844010">
        <ele>2657.858456</ele>
        <time>2026-09-12T13:19:38.000Z</time>
      </trkpt>
      <trkpt lat="47.015579" lon="9.844028">
        <ele>2657.798944</ele>
        <time>2026-09-12T13:19:39.000Z</time>
      </trkpt>
      <trkpt lat="47.015582" lon="9.844046">
        <ele>2657.739431</ele>
        <time>2026-09-12T13:19:40.000Z</time>
      </trkpt>
      <trkpt lat="47.015585" lon="9.844063">
        <ele>2657.683034</ele>
        <time>2026-09-12T13:19:41.000Z</time>
      </trkpt>
      <trkpt lat="47.015589" lon="9.844080">
        <ele>2657.625276</ele>
        <time>2026-09-12T13:19:42.000Z</time>
      </trkpt>
      <trkpt lat="47.015595" lon="9.844096">
        <ele>2657.566629</ele>
        <time>2026-09-12T13:19:43.000Z</time>
      </trkpt>
      <trkpt lat="47.015602" lon="9.844112">
        <ele>2657.505573</ele>
        <time>2026-09-12T13:19:44.000Z</time>
      </trkpt>
      <trkpt lat="47.015609" lon="9.844127">
        <ele>2657.447194</ele>
        <time>2026-09-12T13:19:45.000Z</time>
      </trkpt>
      <trkpt lat="47.015616" lon="9.844141">
        <ele>2657.391436</ele>
        <time>2026-09-12T13:19:46.000Z</time>
      </trkpt>
      <trkpt lat="47.015623" lon="9.844156">
        <ele>2657.333057</ele>
        <time>2026-09-12T13:19:47.000Z</time>
      </trkpt>
      <trkpt lat="47.015630" lon="9.844169">
        <ele>2657.279854</ele>
        <time>2026-09-12T13:19:48.000Z</time>
      </trkpt>
      <trkpt lat="47.015637" lon="9.844182">
        <ele>2657.226652</ele>
        <time>2026-09-12T13:19:49.000Z</time>
      </trkpt>
      <trkpt lat="47.015645" lon="9.844197">
        <ele>2657.165489</ele>
        <time>2026-09-12T13:19:50.000Z</time>
      </trkpt>
      <trkpt lat="47.015652" lon="9.844212">
        <ele>2657.107110</ele>
        <time>2026-09-12T13:19:51.000Z</time>
      </trkpt>
      <trkpt lat="47.015660" lon="9.844222">
        <ele>2657.057596</ele>
        <time>2026-09-12T13:19:52.000Z</time>
      </trkpt>
      <trkpt lat="47.015667" lon="9.844226">
        <ele>2657.022208</ele>
        <time>2026-09-12T13:19:53.000Z</time>
      </trkpt>
      <trkpt lat="47.015676" lon="9.844229">
        <ele>2656.978731</ele>
        <time>2026-09-12T13:19:54.000Z</time>
      </trkpt>
      <trkpt lat="47.015687" lon="9.844233">
        <ele>2656.925346</ele>
        <time>2026-09-12T13:19:55.000Z</time>
      </trkpt>
      <trkpt lat="47.015697" lon="9.844238">
        <ele>2656.875579</ele>
        <time>2026-09-12T13:19:56.000Z</time>
      </trkpt>
      <trkpt lat="47.015706" lon="9.844246">
        <ele>2656.826006</ele>
        <time>2026-09-12T13:19:57.000Z</time>
      </trkpt>
      <trkpt lat="47.015714" lon="9.844257">
        <ele>2656.774351</ele>
        <time>2026-09-12T13:19:58.000Z</time>
      </trkpt>
      <trkpt lat="47.015722" lon="9.844269">
        <ele>2656.720449</ele>
        <time>2026-09-12T13:19:59.000Z</time>
      </trkpt>
      <trkpt lat="47.015730" lon="9.844281">
        <ele>2656.666546</ele>
        <time>2026-09-12T13:20:00.000Z</time>
      </trkpt>
      <trkpt lat="47.015737" lon="9.844291">
        <ele>2656.620516</ele>
        <time>2026-09-12T13:20:01.000Z</time>
      </trkpt>
      <trkpt lat="47.015743" lon="9.844298">
        <ele>2656.584402</ele>
        <time>2026-09-12T13:20:02.000Z</time>
      </trkpt>
      <trkpt lat="47.015748" lon="9.844304">
        <ele>2656.553971</ele>
        <time>2026-09-12T13:20:03.000Z</time>
      </trkpt>
      <trkpt lat="47.015754" lon="9.844312">
        <ele>2656.515774</ele>
        <time>2026-09-12T13:20:04.000Z</time>
      </trkpt>
      <trkpt lat="47.015759" lon="9.844321">
        <ele>2656.478489</ele>
        <time>2026-09-12T13:20:05.000Z</time>
      </trkpt>
      <trkpt lat="47.015765" lon="9.844328">
        <ele>2656.442374</ele>
        <time>2026-09-12T13:20:06.000Z</time>
      </trkpt>
      <trkpt lat="47.015770" lon="9.844336">
        <ele>2656.407519</ele>
        <time>2026-09-12T13:20:07.000Z</time>
      </trkpt>
      <trkpt lat="47.015776" lon="9.844344">
        <ele>2656.369323</ele>
        <time>2026-09-12T13:20:08.000Z</time>
      </trkpt>
      <trkpt lat="47.015779" lon="9.844354">
        <ele>2656.334235</ele>
        <time>2026-09-12T13:20:09.000Z</time>
      </trkpt>
      <trkpt lat="47.015782" lon="9.844365">
        <ele>2656.296185</ele>
        <time>2026-09-12T13:20:10.000Z</time>
      </trkpt>
      <trkpt lat="47.015783" lon="9.844379">
        <ele>2656.250975</ele>
        <time>2026-09-12T13:20:11.000Z</time>
      </trkpt>
      <trkpt lat="47.015784" lon="9.844393">
        <ele>2656.205766</ele>
        <time>2026-09-12T13:20:12.000Z</time>
      </trkpt>
      <trkpt lat="47.015786" lon="9.844409">
        <ele>2656.153523</ele>
        <time>2026-09-12T13:20:13.000Z</time>
      </trkpt>
      <trkpt lat="47.015789" lon="9.844423">
        <ele>2656.106392</ele>
        <time>2026-09-12T13:20:14.000Z</time>
      </trkpt>
      <trkpt lat="47.015792" lon="9.844437">
        <ele>2656.059260</ele>
        <time>2026-09-12T13:20:15.000Z</time>
      </trkpt>
      <trkpt lat="47.015796" lon="9.844447">
        <ele>2656.022024</ele>
        <time>2026-09-12T13:20:16.000Z</time>
      </trkpt>
      <trkpt lat="47.015799" lon="9.844453">
        <ele>2655.998128</ele>
        <time>2026-09-12T13:20:17.000Z</time>
      </trkpt>
      <trkpt lat="47.015801" lon="9.844457">
        <ele>2655.982197</ele>
        <time>2026-09-12T13:20:18.000Z</time>
      </trkpt>
      <trkpt lat="47.015803" lon="9.844459">
        <ele>2655.970795</ele>
        <time>2026-09-12T13:20:19.000Z</time>
      </trkpt>
      <trkpt lat="47.015803" lon="9.844459">
        <ele>2655.970795</ele>
        <time>2026-09-12T13:20:20.000Z</time>
      </trkpt>
      <trkpt lat="47.015802" lon="9.844459">
        <ele>2655.966084</ele>
        <time>2026-09-12T13:20:21.000Z</time>
      </trkpt>
      <trkpt lat="47.015801" lon="9.844458">
        <ele>2655.960383</ele>
        <time>2026-09-12T13:20:22.000Z</time>
      </trkpt>
      <trkpt lat="47.015800" lon="9.844458">
        <ele>2655.955672</ele>
        <time>2026-09-12T13:20:23.000Z</time>
      </trkpt>
      <trkpt lat="47.015800" lon="9.844460">
        <ele>2655.949249</ele>
        <time>2026-09-12T13:20:24.000Z</time>
      </trkpt>
      <trkpt lat="47.015801" lon="9.844461">
        <ele>2655.943548</ele>
        <time>2026-09-12T13:20:25.000Z</time>
      </trkpt>
      <trkpt lat="47.015803" lon="9.844462">
        <ele>2655.933594</ele>
        <time>2026-09-12T13:20:26.000Z</time>
      </trkpt>
      <trkpt lat="47.015806" lon="9.844464">
        <ele>2655.918071</ele>
        <time>2026-09-12T13:20:27.000Z</time>
      </trkpt>
      <trkpt lat="47.015812" lon="9.844468">
        <ele>2655.887025</ele>
        <time>2026-09-12T13:20:28.000Z</time>
      </trkpt>
      <trkpt lat="47.015820" lon="9.844472">
        <ele>2655.847211</ele>
        <time>2026-09-12T13:20:29.000Z</time>
      </trkpt>
      <trkpt lat="47.015828" lon="9.844475">
        <ele>2655.808314</ele>
        <time>2026-09-12T13:20:30.000Z</time>
      </trkpt>
      <trkpt lat="47.015836" lon="9.844477">
        <ele>2655.770086</ele>
        <time>2026-09-12T13:20:31.000Z</time>
      </trkpt>
      <trkpt lat="47.015844" lon="9.844480">
        <ele>2655.731189</ele>
        <time>2026-09-12T13:20:32.000Z</time>
      </trkpt>
      <trkpt lat="47.015849" lon="9.844483">
        <ele>2655.705742</ele>
        <time>2026-09-12T13:20:33.000Z</time>
      </trkpt>
      <trkpt lat="47.015851" lon="9.844486">
        <ele>2655.692266</ele>
        <time>2026-09-12T13:20:34.000Z</time>
      </trkpt>
      <trkpt lat="47.015849" lon="9.844488">
        <ele>2655.680864</ele>
        <time>2026-09-12T13:20:35.000Z</time>
      </trkpt>
      <trkpt lat="47.015846" lon="9.844490">
        <ele>2655.665341</ele>
        <time>2026-09-12T13:20:36.000Z</time>
      </trkpt>
      <trkpt lat="47.015841" lon="9.844493">
        <ele>2655.639893</ele>
        <time>2026-09-12T13:20:37.000Z</time>
      </trkpt>
      <trkpt lat="47.015834" lon="9.844495">
        <ele>2655.606299</ele>
        <time>2026-09-12T13:20:38.000Z</time>
      </trkpt>
      <trkpt lat="47.015827" lon="9.844494">
        <ele>2655.573169</ele>
        <time>2026-09-12T13:20:39.000Z</time>
      </trkpt>
      <trkpt lat="47.015819" lon="9.844489">
        <ele>2655.532206</ele>
        <time>2026-09-12T13:20:40.000Z</time>
      </trkpt>
      <trkpt lat="47.015813" lon="9.844483">
        <ele>2655.497999</ele>
        <time>2026-09-12T13:20:41.000Z</time>
      </trkpt>
      <trkpt lat="47.015809" lon="9.844476">
        <ele>2655.468665</ele>
        <time>2026-09-12T13:20:42.000Z</time>
      </trkpt>
      <trkpt lat="47.015806" lon="9.844472">
        <ele>2655.449567</ele>
        <time>2026-09-12T13:20:43.000Z</time>
      </trkpt>
      <trkpt lat="47.015806" lon="9.844469">
        <ele>2655.439932</ele>
        <time>2026-09-12T13:20:44.000Z</time>
      </trkpt>
      <trkpt lat="47.015807" lon="9.844468">
        <ele>2655.434231</ele>
        <time>2026-09-12T13:20:45.000Z</time>
      </trkpt>
      <trkpt lat="47.015808" lon="9.844467">
        <ele>2655.428529</ele>
        <time>2026-09-12T13:20:46.000Z</time>
      </trkpt>
      <trkpt lat="47.015808" lon="9.844467">
        <ele>2655.428529</ele>
        <time>2026-09-12T13:20:47.000Z</time>
      </trkpt>
      <trkpt lat="47.015808" lon="9.844469">
        <ele>2655.422106</ele>
        <time>2026-09-12T13:20:48.000Z</time>
      </trkpt>
      <trkpt lat="47.015810" lon="9.844473">
        <ele>2655.406175</ele>
        <time>2026-09-12T13:20:49.000Z</time>
      </trkpt>
      <trkpt lat="47.015815" lon="9.844478">
        <ele>2655.377669</ele>
        <time>2026-09-12T13:20:50.000Z</time>
      </trkpt>
      <trkpt lat="47.015820" lon="9.844484">
        <ele>2655.347238</ele>
        <time>2026-09-12T13:20:51.000Z</time>
      </trkpt>
      <trkpt lat="47.015823" lon="9.844488">
        <ele>2655.328140</ele>
        <time>2026-09-12T13:20:52.000Z</time>
      </trkpt>
      <trkpt lat="47.015824" lon="9.844490">
        <ele>2655.320174</ele>
        <time>2026-09-12T13:20:53.000Z</time>
      </trkpt>
      <trkpt lat="47.015824" lon="9.844490">
        <ele>2655.320174</ele>
        <time>2026-09-12T13:20:54.000Z</time>
      </trkpt>
      <trkpt lat="47.015825" lon="9.844491">
        <ele>2655.314473</ele>
        <time>2026-09-12T13:20:55.000Z</time>
      </trkpt>
      <trkpt lat="47.015829" lon="9.844495">
        <ele>2655.291668</ele>
        <time>2026-09-12T13:20:56.000Z</time>
      </trkpt>
      <trkpt lat="47.015835" lon="9.844503">
        <ele>2655.253471</ele>
        <time>2026-09-12T13:20:57.000Z</time>
      </trkpt>
      <trkpt lat="47.015842" lon="9.844513">
        <ele>2655.207442</ele>
        <time>2026-09-12T13:20:58.000Z</time>
      </trkpt>
      <trkpt lat="47.015850" lon="9.844521">
        <ele>2655.161832</ele>
        <time>2026-09-12T13:20:59.000Z</time>
      </trkpt>
      <trkpt lat="47.015857" lon="9.844530">
        <ele>2655.117982</ele>
        <time>2026-09-12T13:21:00.000Z</time>
      </trkpt>
      <trkpt lat="47.015865" lon="9.844542">
        <ele>2655.064080</ele>
        <time>2026-09-12T13:21:01.000Z</time>
      </trkpt>
      <trkpt lat="47.015875" lon="9.844554">
        <ele>2655.003217</ele>
        <time>2026-09-12T13:21:02.000Z</time>
      </trkpt>
      <trkpt lat="47.015885" lon="9.844566">
        <ele>2654.942355</ele>
        <time>2026-09-12T13:21:03.000Z</time>
      </trkpt>
      <trkpt lat="47.015894" lon="9.844574">
        <ele>2654.892781</ele>
        <time>2026-09-12T13:21:04.000Z</time>
      </trkpt>
      <trkpt lat="47.015902" lon="9.844580">
        <ele>2654.850456</ele>
        <time>2026-09-12T13:21:05.000Z</time>
      </trkpt>
      <trkpt lat="47.015910" lon="9.844587">
        <ele>2654.806575</ele>
        <time>2026-09-12T13:21:06.000Z</time>
      </trkpt>
      <trkpt lat="47.015917" lon="9.844596">
        <ele>2654.762725</ele>
        <time>2026-09-12T13:21:07.000Z</time>
      </trkpt>
      <trkpt lat="47.015925" lon="9.844608">
        <ele>2654.708823</ele>
        <time>2026-09-12T13:21:08.000Z</time>
      </trkpt>
      <trkpt lat="47.015933" lon="9.844624">
        <ele>2654.645100</ele>
        <time>2026-09-12T13:21:09.000Z</time>
      </trkpt>
      <trkpt lat="47.015940" lon="9.844643">
        <ele>2654.575739</ele>
        <time>2026-09-12T13:21:10.000Z</time>
      </trkpt>
      <trkpt lat="47.015947" lon="9.844661">
        <ele>2654.509187</ele>
        <time>2026-09-12T13:21:11.000Z</time>
      </trkpt>
      <trkpt lat="47.015954" lon="9.844679">
        <ele>2654.442634</ele>
        <time>2026-09-12T13:21:12.000Z</time>
      </trkpt>
      <trkpt lat="47.015962" lon="9.844695">
        <ele>2654.378911</ele>
        <time>2026-09-12T13:21:13.000Z</time>
      </trkpt>
      <trkpt lat="47.015969" lon="9.844710">
        <ele>2654.320532</ele>
        <time>2026-09-12T13:21:14.000Z</time>
      </trkpt>
      <trkpt lat="47.015976" lon="9.844725">
        <ele>2654.262153</ele>
        <time>2026-09-12T13:21:15.000Z</time>
      </trkpt>
      <trkpt lat="47.015984" lon="9.844740">
        <ele>2654.200990</ele>
        <time>2026-09-12T13:21:16.000Z</time>
      </trkpt>
      <trkpt lat="47.015991" lon="9.844755">
        <ele>2654.142611</ele>
        <time>2026-09-12T13:21:17.000Z</time>
      </trkpt>
      <trkpt lat="47.015996" lon="9.844772">
        <ele>2654.083150</ele>
        <time>2026-09-12T13:21:18.000Z</time>
      </trkpt>
      <trkpt lat="47.015997" lon="9.844792">
        <ele>2654.018745</ele>
        <time>2026-09-12T13:21:19.000Z</time>
      </trkpt>
      <trkpt lat="47.015997" lon="9.844813">
        <ele>2653.951300</ele>
        <time>2026-09-12T13:21:20.000Z</time>
      </trkpt>
      <trkpt lat="47.015998" lon="9.844833">
        <ele>2653.886895</ele>
        <time>2026-09-12T13:21:21.000Z</time>
      </trkpt>
      <trkpt lat="47.016002" lon="9.844853">
        <ele>2653.819955</ele>
        <time>2026-09-12T13:21:22.000Z</time>
      </trkpt>
      <trkpt lat="47.016007" lon="9.844872">
        <ele>2653.754546</ele>
        <time>2026-09-12T13:21:23.000Z</time>
      </trkpt>
      <trkpt lat="47.016013" lon="9.844891">
        <ele>2653.687298</ele>
        <time>2026-09-12T13:21:24.000Z</time>
      </trkpt>
      <trkpt lat="47.016018" lon="9.844909">
        <ele>2653.624874</ele>
        <time>2026-09-12T13:21:25.000Z</time>
      </trkpt>
      <trkpt lat="47.016023" lon="9.844927">
        <ele>2653.562451</ele>
        <time>2026-09-12T13:21:26.000Z</time>
      </trkpt>
      <trkpt lat="47.016029" lon="9.844943">
        <ele>2653.503805</ele>
        <time>2026-09-12T13:21:27.000Z</time>
      </trkpt>
      <trkpt lat="47.016036" lon="9.844959">
        <ele>2653.442749</ele>
        <time>2026-09-12T13:21:28.000Z</time>
      </trkpt>
      <trkpt lat="47.016043" lon="9.844974">
        <ele>2653.384370</ele>
        <time>2026-09-12T13:21:29.000Z</time>
      </trkpt>
      <trkpt lat="47.016052" lon="9.844988">
        <ele>2653.322572</ele>
        <time>2026-09-12T13:21:30.000Z</time>
      </trkpt>
      <trkpt lat="47.016060" lon="9.845003">
        <ele>2653.261409</ele>
        <time>2026-09-12T13:21:31.000Z</time>
      </trkpt>
      <trkpt lat="47.016068" lon="9.845017">
        <ele>2653.202742</ele>
        <time>2026-09-12T13:21:32.000Z</time>
      </trkpt>
      <trkpt lat="47.016077" lon="9.845031">
        <ele>2653.140944</ele>
        <time>2026-09-12T13:21:33.000Z</time>
      </trkpt>
      <trkpt lat="47.016086" lon="9.845043">
        <ele>2653.083649</ele>
        <time>2026-09-12T13:21:34.000Z</time>
      </trkpt>
      <trkpt lat="47.016096" lon="9.845054">
        <ele>2653.024768</ele>
        <time>2026-09-12T13:21:35.000Z</time>
      </trkpt>
      <trkpt lat="47.016106" lon="9.845066">
        <ele>2652.963905</ele>
        <time>2026-09-12T13:21:36.000Z</time>
      </trkpt>
      <trkpt lat="47.016114" lon="9.845079">
        <ele>2652.907662</ele>
        <time>2026-09-12T13:21:37.000Z</time>
      </trkpt>
      <trkpt lat="47.016122" lon="9.845093">
        <ele>2652.848996</ele>
        <time>2026-09-12T13:21:38.000Z</time>
      </trkpt>
      <trkpt lat="47.016128" lon="9.845109">
        <ele>2652.790349</ele>
        <time>2026-09-12T13:21:39.000Z</time>
      </trkpt>
      <trkpt lat="47.016132" lon="9.845128">
        <ele>2652.726486</ele>
        <time>2026-09-12T13:21:40.000Z</time>
      </trkpt>
      <trkpt lat="47.016134" lon="9.845147">
        <ele>2652.664742</ele>
        <time>2026-09-12T13:21:41.000Z</time>
      </trkpt>
      <trkpt lat="47.016136" lon="9.845166">
        <ele>2652.602998</ele>
        <time>2026-09-12T13:21:42.000Z</time>
      </trkpt>
      <trkpt lat="47.016143" lon="9.845183">
        <ele>2652.539215</ele>
        <time>2026-09-12T13:21:43.000Z</time>
      </trkpt>
      <trkpt lat="47.016150" lon="9.845199">
        <ele>2652.478159</ele>
        <time>2026-09-12T13:21:44.000Z</time>
      </trkpt>
      <trkpt lat="47.016155" lon="9.845216">
        <ele>2652.418698</ele>
        <time>2026-09-12T13:21:45.000Z</time>
      </trkpt>
      <trkpt lat="47.016160" lon="9.845235">
        <ele>2652.353289</ele>
        <time>2026-09-12T13:21:46.000Z</time>
      </trkpt>
      <trkpt lat="47.016163" lon="9.845253">
        <ele>2652.293778</ele>
        <time>2026-09-12T13:21:47.000Z</time>
      </trkpt>
      <trkpt lat="47.016165" lon="9.845273">
        <ele>2652.228858</ele>
        <time>2026-09-12T13:21:48.000Z</time>
      </trkpt>
      <trkpt lat="47.016166" lon="9.845293">
        <ele>2652.164453</ele>
        <time>2026-09-12T13:21:49.000Z</time>
      </trkpt>
      <trkpt lat="47.016167" lon="9.845313">
        <ele>2652.100047</ele>
        <time>2026-09-12T13:21:50.000Z</time>
      </trkpt>
      <trkpt lat="47.016169" lon="9.845334">
        <ele>2652.031948</ele>
        <time>2026-09-12T13:21:51.000Z</time>
      </trkpt>
      <trkpt lat="47.016170" lon="9.845354">
        <ele>2651.967543</ele>
        <time>2026-09-12T13:21:52.000Z</time>
      </trkpt>
      <trkpt lat="47.016170" lon="9.845374">
        <ele>2651.903311</ele>
        <time>2026-09-12T13:21:53.000Z</time>
      </trkpt>
      <trkpt lat="47.016170" lon="9.845393">
        <ele>2651.842290</ele>
        <time>2026-09-12T13:21:54.000Z</time>
      </trkpt>
      <trkpt lat="47.016169" lon="9.845412">
        <ele>2651.781087</ele>
        <time>2026-09-12T13:21:55.000Z</time>
      </trkpt>
      <trkpt lat="47.016168" lon="9.845429">
        <ele>2651.726287</ele>
        <time>2026-09-12T13:21:56.000Z</time>
      </trkpt>
      <trkpt lat="47.016167" lon="9.845445">
        <ele>2651.674685</ele>
        <time>2026-09-12T13:21:57.000Z</time>
      </trkpt>
      <trkpt lat="47.016164" lon="9.845463">
        <ele>2651.615173</ele>
        <time>2026-09-12T13:21:58.000Z</time>
      </trkpt>
      <trkpt lat="47.016160" lon="9.845483">
        <ele>2651.548234</ele>
        <time>2026-09-12T13:21:59.000Z</time>
      </trkpt>
      <trkpt lat="47.016157" lon="9.845502">
        <ele>2651.485598</ele>
        <time>2026-09-12T13:22:00.000Z</time>
      </trkpt>
      <trkpt lat="47.016157" lon="9.845522">
        <ele>2651.421366</ele>
        <time>2026-09-12T13:22:01.000Z</time>
      </trkpt>
      <trkpt lat="47.016160" lon="9.845541">
        <ele>2651.358730</ele>
        <time>2026-09-12T13:22:02.000Z</time>
      </trkpt>
      <trkpt lat="47.016164" lon="9.845560">
        <ele>2651.294866</ele>
        <time>2026-09-12T13:22:03.000Z</time>
      </trkpt>
      <trkpt lat="47.016168" lon="9.845579">
        <ele>2651.231002</ele>
        <time>2026-09-12T13:22:04.000Z</time>
      </trkpt>
      <trkpt lat="47.016171" lon="9.845597">
        <ele>2651.171490</ele>
        <time>2026-09-12T13:22:05.000Z</time>
      </trkpt>
      <trkpt lat="47.016174" lon="9.845615">
        <ele>2651.111979</ele>
        <time>2026-09-12T13:22:06.000Z</time>
      </trkpt>
      <trkpt lat="47.016179" lon="9.845632">
        <ele>2651.052517</ele>
        <time>2026-09-12T13:22:07.000Z</time>
      </trkpt>
      <trkpt lat="47.016187" lon="9.845649">
        <ele>2650.986177</ele>
        <time>2026-09-12T13:22:08.000Z</time>
      </trkpt>
      <trkpt lat="47.016195" lon="9.845665">
        <ele>2650.922454</ele>
        <time>2026-09-12T13:22:09.000Z</time>
      </trkpt>
      <trkpt lat="47.016203" lon="9.845682">
        <ele>2650.856113</ele>
        <time>2026-09-12T13:22:10.000Z</time>
      </trkpt>
      <trkpt lat="47.016209" lon="9.845700">
        <ele>2650.791765</ele>
        <time>2026-09-12T13:22:11.000Z</time>
      </trkpt>
      <trkpt lat="47.016214" lon="9.845719">
        <ele>2650.726356</ele>
        <time>2026-09-12T13:22:12.000Z</time>
      </trkpt>
      <trkpt lat="47.016215" lon="9.845739">
        <ele>2650.661951</ele>
        <time>2026-09-12T13:22:13.000Z</time>
      </trkpt>
      <trkpt lat="47.016214" lon="9.845759">
        <ele>2650.597546</ele>
        <time>2026-09-12T13:22:14.000Z</time>
      </trkpt>
      <trkpt lat="47.016214" lon="9.845778">
        <ele>2650.536525</ele>
        <time>2026-09-12T13:22:15.000Z</time>
      </trkpt>
      <trkpt lat="47.016215" lon="9.845796">
        <ele>2650.443738</ele>
        <time>2026-09-12T13:22:16.000Z</time>
      </trkpt>
      <trkpt lat="47.016219" lon="9.845812">
        <ele>2650.318195</ele>
        <time>2026-09-12T13:22:17.000Z</time>
      </trkpt>
      <trkpt lat="47.016225" lon="9.845828">
        <ele>2650.183673</ele>
        <time>2026-09-12T13:22:18.000Z</time>
      </trkpt>
      <trkpt lat="47.016230" lon="9.845845">
        <ele>2650.047281</ele>
        <time>2026-09-12T13:22:19.000Z</time>
      </trkpt>
      <trkpt lat="47.016234" lon="9.845864">
        <ele>2649.900791</ele>
        <time>2026-09-12T13:22:20.000Z</time>
      </trkpt>
      <trkpt lat="47.016235" lon="9.845884">
        <ele>2649.753059</ele>
        <time>2026-09-12T13:22:21.000Z</time>
      </trkpt>
      <trkpt lat="47.016236" lon="9.845903">
        <ele>2649.612673</ele>
        <time>2026-09-12T13:22:22.000Z</time>
      </trkpt>
      <trkpt lat="47.016239" lon="9.845922">
        <ele>2649.468999</ele>
        <time>2026-09-12T13:22:23.000Z</time>
      </trkpt>
      <trkpt lat="47.016241" lon="9.845941">
        <ele>2649.327372</ele>
        <time>2026-09-12T13:22:24.000Z</time>
      </trkpt>
      <trkpt lat="47.016244" lon="9.845959">
        <ele>2649.190865</ele>
        <time>2026-09-12T13:22:25.000Z</time>
      </trkpt>
      <trkpt lat="47.016247" lon="9.845977">
        <ele>2649.054357</ele>
        <time>2026-09-12T13:22:26.000Z</time>
      </trkpt>
      <trkpt lat="47.016248" lon="9.845995">
        <ele>2648.921315</ele>
        <time>2026-09-12T13:22:27.000Z</time>
      </trkpt>
      <trkpt lat="47.016249" lon="9.846012">
        <ele>2648.795614</ele>
        <time>2026-09-12T13:22:28.000Z</time>
      </trkpt>
      <trkpt lat="47.016252" lon="9.846030">
        <ele>2648.659107</ele>
        <time>2026-09-12T13:22:29.000Z</time>
      </trkpt>
      <trkpt lat="47.016255" lon="9.846049">
        <ele>2648.515434</ele>
        <time>2026-09-12T13:22:30.000Z</time>
      </trkpt>
      <trkpt lat="47.016259" lon="9.846068">
        <ele>2648.368943</ele>
        <time>2026-09-12T13:22:31.000Z</time>
      </trkpt>
      <trkpt lat="47.016263" lon="9.846088">
        <ele>2648.215399</ele>
        <time>2026-09-12T13:22:32.000Z</time>
      </trkpt>
      <trkpt lat="47.016266" lon="9.846108">
        <ele>2648.064539</ele>
        <time>2026-09-12T13:22:33.000Z</time>
      </trkpt>
      <trkpt lat="47.016269" lon="9.846128">
        <ele>2647.913679</ele>
        <time>2026-09-12T13:22:34.000Z</time>
      </trkpt>
      <trkpt lat="47.016272" lon="9.846148">
        <ele>2647.762819</ele>
        <time>2026-09-12T13:22:35.000Z</time>
      </trkpt>
      <trkpt lat="47.016275" lon="9.846167">
        <ele>2647.619146</ele>
        <time>2026-09-12T13:22:36.000Z</time>
      </trkpt>
      <trkpt lat="47.016277" lon="9.846186">
        <ele>2647.477518</ele>
        <time>2026-09-12T13:22:37.000Z</time>
      </trkpt>
      <trkpt lat="47.016279" lon="9.846205">
        <ele>2647.335890</ele>
        <time>2026-09-12T13:22:38.000Z</time>
      </trkpt>
      <trkpt lat="47.016281" lon="9.846222">
        <ele>2647.208804</ele>
        <time>2026-09-12T13:22:39.000Z</time>
      </trkpt>
      <trkpt lat="47.016283" lon="9.846239">
        <ele>2647.081717</ele>
        <time>2026-09-12T13:22:40.000Z</time>
      </trkpt>
      <trkpt lat="47.016284" lon="9.846257">
        <ele>2646.948675</ele>
        <time>2026-09-12T13:22:41.000Z</time>
      </trkpt>
      <trkpt lat="47.016283" lon="9.846275">
        <ele>2646.815633</ele>
        <time>2026-09-12T13:22:42.000Z</time>
      </trkpt>
      <trkpt lat="47.016282" lon="9.846292">
        <ele>2646.689932</ele>
        <time>2026-09-12T13:22:43.000Z</time>
      </trkpt>
      <trkpt lat="47.016280" lon="9.846308">
        <ele>2646.570099</ele>
        <time>2026-09-12T13:22:44.000Z</time>
      </trkpt>
      <trkpt lat="47.016279" lon="9.846318">
        <ele>2646.495643</ele>
        <time>2026-09-12T13:22:45.000Z</time>
      </trkpt>
      <trkpt lat="47.016278" lon="9.846323">
        <ele>2646.457257</ele>
        <time>2026-09-12T13:22:46.000Z</time>
      </trkpt>
      <trkpt lat="47.016277" lon="9.846329">
        <ele>2646.411754</ele>
        <time>2026-09-12T13:22:47.000Z</time>
      </trkpt>
      <trkpt lat="47.016277" lon="9.846338">
        <ele>2646.345453</ele>
        <time>2026-09-12T13:22:48.000Z</time>
      </trkpt>
      <trkpt lat="47.016279" lon="9.846351">
        <ele>2646.247277</ele>
        <time>2026-09-12T13:22:49.000Z</time>
      </trkpt>
      <trkpt lat="47.016282" lon="9.846369">
        <ele>2646.110770</ele>
        <time>2026-09-12T13:22:50.000Z</time>
      </trkpt>
      <trkpt lat="47.016284" lon="9.846388">
        <ele>2645.969142</ele>
        <time>2026-09-12T13:22:51.000Z</time>
      </trkpt>
      <trkpt lat="47.016284" lon="9.846407">
        <ele>2645.829173</ele>
        <time>2026-09-12T13:22:52.000Z</time>
      </trkpt>
      <trkpt lat="47.016283" lon="9.846423">
        <ele>2645.710810</ele>
        <time>2026-09-12T13:22:53.000Z</time>
      </trkpt>
      <trkpt lat="47.016282" lon="9.846439">
        <ele>2645.592447</ele>
        <time>2026-09-12T13:22:54.000Z</time>
      </trkpt>
      <trkpt lat="47.016282" lon="9.846455">
        <ele>2645.474578</ele>
        <time>2026-09-12T13:22:55.000Z</time>
      </trkpt>
      <trkpt lat="47.016282" lon="9.846473">
        <ele>2645.341975</ele>
        <time>2026-09-12T13:22:56.000Z</time>
      </trkpt>
      <trkpt lat="47.016281" lon="9.846491">
        <ele>2645.208933</ele>
        <time>2026-09-12T13:22:57.000Z</time>
      </trkpt>
      <trkpt lat="47.016282" lon="9.846508">
        <ele>2645.083232</ele>
        <time>2026-09-12T13:22:58.000Z</time>
      </trkpt>
      <trkpt lat="47.016285" lon="9.846523">
        <ele>2644.968074</ele>
        <time>2026-09-12T13:22:59.000Z</time>
      </trkpt>
      <trkpt lat="47.016288" lon="9.846536">
        <ele>2644.866968</ele>
        <time>2026-09-12T13:23:00.000Z</time>
      </trkpt>
      <trkpt lat="47.016293" lon="9.846549">
        <ele>2644.757012</ele>
        <time>2026-09-12T13:23:01.000Z</time>
      </trkpt>
      <trkpt lat="47.016297" lon="9.846563">
        <ele>2644.645187</ele>
        <time>2026-09-12T13:23:02.000Z</time>
      </trkpt>
      <trkpt lat="47.016302" lon="9.846579">
        <ele>2644.515527</ele>
        <time>2026-09-12T13:23:03.000Z</time>
      </trkpt>
      <trkpt lat="47.016306" lon="9.846596">
        <ele>2644.383043</ele>
        <time>2026-09-12T13:23:04.000Z</time>
      </trkpt>
      <trkpt lat="47.016309" lon="9.846613">
        <ele>2644.253680</ele>
        <time>2026-09-12T13:23:05.000Z</time>
      </trkpt>
      <trkpt lat="47.016311" lon="9.846627">
        <ele>2644.148306</ele>
        <time>2026-09-12T13:23:06.000Z</time>
      </trkpt>
      <trkpt lat="47.016312" lon="9.846641">
        <ele>2644.044606</ele>
        <time>2026-09-12T13:23:07.000Z</time>
      </trkpt>
      <trkpt lat="47.016313" lon="9.846655">
        <ele>2643.940906</ele>
        <time>2026-09-12T13:23:08.000Z</time>
      </trkpt>
      <trkpt lat="47.016313" lon="9.846672">
        <ele>2643.815671</ele>
        <time>2026-09-12T13:23:09.000Z</time>
      </trkpt>
      <trkpt lat="47.016312" lon="9.846687">
        <ele>2643.704642</ele>
        <time>2026-09-12T13:23:10.000Z</time>
      </trkpt>
      <trkpt lat="47.016311" lon="9.846701">
        <ele>2643.600942</ele>
        <time>2026-09-12T13:23:11.000Z</time>
      </trkpt>
      <trkpt lat="47.016308" lon="9.846716">
        <ele>2643.485784</ele>
        <time>2026-09-12T13:23:12.000Z</time>
      </trkpt>
      <trkpt lat="47.016305" lon="9.846734">
        <ele>2643.349277</ele>
        <time>2026-09-12T13:23:13.000Z</time>
      </trkpt>
      <trkpt lat="47.016304" lon="9.846753">
        <ele>2643.208891</ele>
        <time>2026-09-12T13:23:14.000Z</time>
      </trkpt>
      <trkpt lat="47.016306" lon="9.846771">
        <ele>2643.074539</ele>
        <time>2026-09-12T13:23:15.000Z</time>
      </trkpt>
      <trkpt lat="47.016311" lon="9.846790">
        <ele>2642.924506</ele>
        <time>2026-09-12T13:23:16.000Z</time>
      </trkpt>
      <trkpt lat="47.016316" lon="9.846807">
        <ele>2642.788114</ele>
        <time>2026-09-12T13:23:17.000Z</time>
      </trkpt>
      <trkpt lat="47.016324" lon="9.846823">
        <ele>2642.641946</ele>
        <time>2026-09-12T13:23:18.000Z</time>
      </trkpt>
      <trkpt lat="47.016333" lon="9.846838">
        <ele>2642.494748</ele>
        <time>2026-09-12T13:23:19.000Z</time>
      </trkpt>
      <trkpt lat="47.016342" lon="9.846853">
        <ele>2642.347549</ele>
        <time>2026-09-12T13:23:20.000Z</time>
      </trkpt>
      <trkpt lat="47.016349" lon="9.846870">
        <ele>2642.201246</ele>
        <time>2026-09-12T13:23:21.000Z</time>
      </trkpt>
      <trkpt lat="47.016353" lon="9.846890">
        <ele>2642.047701</ele>
        <time>2026-09-12T13:23:22.000Z</time>
      </trkpt>
      <trkpt lat="47.016356" lon="9.846910">
        <ele>2641.896842</ele>
        <time>2026-09-12T13:23:23.000Z</time>
      </trkpt>
      <trkpt lat="47.016357" lon="9.846930">
        <ele>2641.749110</ele>
        <time>2026-09-12T13:23:24.000Z</time>
      </trkpt>
      <trkpt lat="47.016357" lon="9.846951">
        <ele>2641.594408</ele>
        <time>2026-09-12T13:23:25.000Z</time>
      </trkpt>
      <trkpt lat="47.016357" lon="9.846970">
        <ele>2641.454438</ele>
        <time>2026-09-12T13:23:26.000Z</time>
      </trkpt>
      <trkpt lat="47.016356" lon="9.846989">
        <ele>2641.314053</ele>
        <time>2026-09-12T13:23:27.000Z</time>
      </trkpt>
      <trkpt lat="47.016355" lon="9.847008">
        <ele>2641.173667</ele>
        <time>2026-09-12T13:23:28.000Z</time>
      </trkpt>
      <trkpt lat="47.016353" lon="9.847027">
        <ele>2641.032040</ele>
        <time>2026-09-12T13:23:29.000Z</time>
      </trkpt>
      <trkpt lat="47.016351" lon="9.847046">
        <ele>2640.890413</ele>
        <time>2026-09-12T13:23:30.000Z</time>
      </trkpt>
      <trkpt lat="47.016348" lon="9.847065">
        <ele>2640.746739</ele>
        <time>2026-09-12T13:23:31.000Z</time>
      </trkpt>
      <trkpt lat="47.016345" lon="9.847085">
        <ele>2640.595879</ele>
        <time>2026-09-12T13:23:32.000Z</time>
      </trkpt>
      <trkpt lat="47.016341" lon="9.847105">
        <ele>2640.442335</ele>
        <time>2026-09-12T13:23:33.000Z</time>
      </trkpt>
      <trkpt lat="47.016339" lon="9.847124">
        <ele>2640.300708</ele>
        <time>2026-09-12T13:23:34.000Z</time>
      </trkpt>
      <trkpt lat="47.016337" lon="9.847144">
        <ele>2640.151795</ele>
        <time>2026-09-12T13:23:35.000Z</time>
      </trkpt>
      <trkpt lat="47.016337" lon="9.847164">
        <ele>2640.004459</ele>
        <time>2026-09-12T13:23:36.000Z</time>
      </trkpt>
      <trkpt lat="47.016337" lon="9.847184">
        <ele>2639.857123</ele>
        <time>2026-09-12T13:23:37.000Z</time>
      </trkpt>
      <trkpt lat="47.016337" lon="9.847203">
        <ele>2639.717154</ele>
        <time>2026-09-12T13:23:38.000Z</time>
      </trkpt>
      <trkpt lat="47.016338" lon="9.847221">
        <ele>2639.584112</ele>
        <time>2026-09-12T13:23:39.000Z</time>
      </trkpt>
      <trkpt lat="47.016338" lon="9.847237">
        <ele>2639.466244</ele>
        <time>2026-09-12T13:23:40.000Z</time>
      </trkpt>
      <trkpt lat="47.016337" lon="9.847251">
        <ele>2639.362544</ele>
        <time>2026-09-12T13:23:41.000Z</time>
      </trkpt>
      <trkpt lat="47.016333" lon="9.847267">
        <ele>2639.237001</ele>
        <time>2026-09-12T13:23:42.000Z</time>
      </trkpt>
      <trkpt lat="47.016326" lon="9.847285">
        <ele>2639.084344</ele>
        <time>2026-09-12T13:23:43.000Z</time>
      </trkpt>
      <trkpt lat="47.016317" lon="9.847304">
        <ele>2638.913909</ele>
        <time>2026-09-12T13:23:44.000Z</time>
      </trkpt>
      <trkpt lat="47.016313" lon="9.847322">
        <ele>2638.774441</ele>
        <time>2026-09-12T13:23:45.000Z</time>
      </trkpt>
      <trkpt lat="47.016312" lon="9.847340">
        <ele>2638.641399</ele>
        <time>2026-09-12T13:23:46.000Z</time>
      </trkpt>
      <trkpt lat="47.016315" lon="9.847357">
        <ele>2638.512036</ele>
        <time>2026-09-12T13:23:47.000Z</time>
      </trkpt>
      <trkpt lat="47.016320" lon="9.847373">
        <ele>2638.382376</ele>
        <time>2026-09-12T13:23:48.000Z</time>
      </trkpt>
      <trkpt lat="47.016323" lon="9.847387">
        <ele>2638.274267</ele>
        <time>2026-09-12T13:23:49.000Z</time>
      </trkpt>
      <trkpt lat="47.016322" lon="9.847395">
        <ele>2638.214350</ele>
        <time>2026-09-12T13:23:50.000Z</time>
      </trkpt>
      <trkpt lat="47.016318" lon="9.847393">
        <ele>2638.168688</ele>
        <time>2026-09-12T13:23:51.000Z</time>
      </trkpt>
      <trkpt lat="47.016314" lon="9.847386">
        <ele>2638.101403</ele>
        <time>2026-09-12T13:23:52.000Z</time>
      </trkpt>
      <trkpt lat="47.016313" lon="9.847381">
        <ele>2638.063017</ele>
        <time>2026-09-12T13:23:53.000Z</time>
      </trkpt>
      <trkpt lat="47.016313" lon="9.847377">
        <ele>2638.033550</ele>
        <time>2026-09-12T13:23:54.000Z</time>
      </trkpt>
      <trkpt lat="47.016313" lon="9.847375">
        <ele>2638.018816</ele>
        <time>2026-09-12T13:23:55.000Z</time>
      </trkpt>
      <trkpt lat="47.016313" lon="9.847374">
        <ele>2638.011449</ele>
        <time>2026-09-12T13:23:56.000Z</time>
      </trkpt>
      <trkpt lat="47.016313" lon="9.847374">
        <ele>2638.011449</ele>
        <time>2026-09-12T13:23:57.000Z</time>
      </trkpt>
      <trkpt lat="47.016313" lon="9.847374">
        <ele>2638.011449</ele>
        <time>2026-09-12T13:23:58.000Z</time>
      </trkpt>
      <trkpt lat="47.016313" lon="9.847374">
        <ele>2638.011449</ele>
        <time>2026-09-12T13:23:59.000Z</time>
      </trkpt>
      <trkpt lat="47.016314" lon="9.847374">
        <ele>2638.000644</ele>
        <time>2026-09-12T13:24:00.000Z</time>
      </trkpt>
      <trkpt lat="47.016314" lon="9.847374">
        <ele>2638.000644</ele>
        <time>2026-09-12T13:24:01.000Z</time>
      </trkpt>
      <trkpt lat="47.016315" lon="9.847374">
        <ele>2637.989839</ele>
        <time>2026-09-12T13:24:02.000Z</time>
      </trkpt>
      <trkpt lat="47.016315" lon="9.847374">
        <ele>2637.989839</ele>
        <time>2026-09-12T13:24:03.000Z</time>
      </trkpt>
      <trkpt lat="47.016315" lon="9.847374">
        <ele>2637.989839</ele>
        <time>2026-09-12T13:24:04.000Z</time>
      </trkpt>
      <trkpt lat="47.016315" lon="9.847375">
        <ele>2637.982472</ele>
        <time>2026-09-12T13:24:05.000Z</time>
      </trkpt>
      <trkpt lat="47.016315" lon="9.847376">
        <ele>2637.975106</ele>
        <time>2026-09-12T13:24:06.000Z</time>
      </trkpt>
      <trkpt lat="47.016316" lon="9.847379">
        <ele>2637.950505</ele>
        <time>2026-09-12T13:24:07.000Z</time>
      </trkpt>
      <trkpt lat="47.016317" lon="9.847383">
        <ele>2637.919119</ele>
        <time>2026-09-12T13:24:08.000Z</time>
      </trkpt>
      <trkpt lat="47.016317" lon="9.847389">
        <ele>2637.874919</ele>
        <time>2026-09-12T13:24:09.000Z</time>
      </trkpt>
      <trkpt lat="47.016316" lon="9.847397">
        <ele>2637.815002</ele>
        <time>2026-09-12T13:24:10.000Z</time>
      </trkpt>
      <trkpt lat="47.016313" lon="9.847408">
        <ele>2637.727724</ele>
        <time>2026-09-12T13:24:11.000Z</time>
      </trkpt>
      <trkpt lat="47.016309" lon="9.847419">
        <ele>2637.635884</ele>
        <time>2026-09-12T13:24:12.000Z</time>
      </trkpt>
      <trkpt lat="47.016305" lon="9.847432">
        <ele>2637.530815</ele>
        <time>2026-09-12T13:24:13.000Z</time>
      </trkpt>
      <trkpt lat="47.016301" lon="9.847446">
        <ele>2637.418989</ele>
        <time>2026-09-12T13:24:14.000Z</time>
      </trkpt>
      <trkpt lat="47.016298" lon="9.847461">
        <ele>2637.303831</ele>
        <time>2026-09-12T13:24:15.000Z</time>
      </trkpt>
      <trkpt lat="47.016295" lon="9.847477">
        <ele>2637.181586</ele>
        <time>2026-09-12T13:24:16.000Z</time>
      </trkpt>
      <trkpt lat="47.016292" lon="9.847493">
        <ele>2637.059341</ele>
        <time>2026-09-12T13:24:17.000Z</time>
      </trkpt>
      <trkpt lat="47.016291" lon="9.847509">
        <ele>2636.940978</ele>
        <time>2026-09-12T13:24:18.000Z</time>
      </trkpt>
      <trkpt lat="47.016292" lon="9.847525">
        <ele>2636.822615</ele>
        <time>2026-09-12T13:24:19.000Z</time>
      </trkpt>
      <trkpt lat="47.016294" lon="9.847542">
        <ele>2636.695529</ele>
        <time>2026-09-12T13:24:20.000Z</time>
      </trkpt>
      <trkpt lat="47.016298" lon="9.847559">
        <ele>2636.563045</ele>
        <time>2026-09-12T13:24:21.000Z</time>
      </trkpt>
      <trkpt lat="47.016301" lon="9.847577">
        <ele>2636.426538</ele>
        <time>2026-09-12T13:24:22.000Z</time>
      </trkpt>
      <trkpt lat="47.016303" lon="9.847595">
        <ele>2636.292186</ele>
        <time>2026-09-12T13:24:23.000Z</time>
      </trkpt>
      <trkpt lat="47.016305" lon="9.847614">
        <ele>2636.150559</ele>
        <time>2026-09-12T13:24:24.000Z</time>
      </trkpt>
      <trkpt lat="47.016307" lon="9.847633">
        <ele>2636.008931</ele>
        <time>2026-09-12T13:24:25.000Z</time>
      </trkpt>
      <trkpt lat="47.016310" lon="9.847651">
        <ele>2635.872424</ele>
        <time>2026-09-12T13:24:26.000Z</time>
      </trkpt>
      <trkpt lat="47.016313" lon="9.847669">
        <ele>2635.735917</ele>
        <time>2026-09-12T13:24:27.000Z</time>
      </trkpt>
      <trkpt lat="47.016315" lon="9.847687">
        <ele>2635.601566</ele>
        <time>2026-09-12T13:24:28.000Z</time>
      </trkpt>
      <trkpt lat="47.016317" lon="9.847706">
        <ele>2635.459938</ele>
        <time>2026-09-12T13:24:29.000Z</time>
      </trkpt>
      <trkpt lat="47.016318" lon="9.847724">
        <ele>2635.326896</ele>
        <time>2026-09-12T13:24:30.000Z</time>
      </trkpt>
      <trkpt lat="47.016318" lon="9.847743">
        <ele>2635.186927</ele>
        <time>2026-09-12T13:24:31.000Z</time>
      </trkpt>
      <trkpt lat="47.016318" lon="9.847763">
        <ele>2635.039591</ele>
        <time>2026-09-12T13:24:32.000Z</time>
      </trkpt>
      <trkpt lat="47.016317" lon="9.847782">
        <ele>2634.899205</ele>
        <time>2026-09-12T13:24:33.000Z</time>
      </trkpt>
      <trkpt lat="47.016315" lon="9.847803">
        <ele>2634.743001</ele>
        <time>2026-09-12T13:24:34.000Z</time>
      </trkpt>
      <trkpt lat="47.016313" lon="9.847826">
        <ele>2634.572192</ele>
        <time>2026-09-12T13:24:35.000Z</time>
      </trkpt>
      <trkpt lat="47.016311" lon="9.847850">
        <ele>2634.394073</ele>
        <time>2026-09-12T13:24:36.000Z</time>
      </trkpt>
      <trkpt lat="47.016310" lon="9.847874">
        <ele>2634.216940</ele>
        <time>2026-09-12T13:24:37.000Z</time>
      </trkpt>
      <trkpt lat="47.016310" lon="9.847896">
        <ele>2634.054870</ele>
        <time>2026-09-12T13:24:38.000Z</time>
      </trkpt>
      <trkpt lat="47.016311" lon="9.847917">
        <ele>2633.899790</ele>
        <time>2026-09-12T13:24:39.000Z</time>
      </trkpt>
      <trkpt lat="47.016312" lon="9.847938">
        <ele>2633.744711</ele>
        <time>2026-09-12T13:24:40.000Z</time>
      </trkpt>
      <trkpt lat="47.016313" lon="9.847959">
        <ele>2633.589631</ele>
        <time>2026-09-12T13:24:41.000Z</time>
      </trkpt>
      <trkpt lat="47.016314" lon="9.847979">
        <ele>2633.441899</ele>
        <time>2026-09-12T13:24:42.000Z</time>
      </trkpt>
      <trkpt lat="47.016316" lon="9.847999">
        <ele>2633.292987</ele>
        <time>2026-09-12T13:24:43.000Z</time>
      </trkpt>
      <trkpt lat="47.016316" lon="9.848020">
        <ele>2633.138284</ele>
        <time>2026-09-12T13:24:44.000Z</time>
      </trkpt>
      <trkpt lat="47.016315" lon="9.848041">
        <ele>2632.983205</ele>
        <time>2026-09-12T13:24:45.000Z</time>
      </trkpt>
      <trkpt lat="47.016313" lon="9.848062">
        <ele>2632.827000</ele>
        <time>2026-09-12T13:24:46.000Z</time>
      </trkpt>
      <trkpt lat="47.016312" lon="9.848082">
        <ele>2632.679268</ele>
        <time>2026-09-12T13:24:47.000Z</time>
      </trkpt>
      <trkpt lat="47.016310" lon="9.848103">
        <ele>2632.523063</ele>
        <time>2026-09-12T13:24:48.000Z</time>
      </trkpt>
      <trkpt lat="47.016307" lon="9.848124">
        <ele>2632.365001</ele>
        <time>2026-09-12T13:24:49.000Z</time>
      </trkpt>
      <trkpt lat="47.016301" lon="9.848142">
        <ele>2632.217399</ele>
        <time>2026-09-12T13:24:50.000Z</time>
      </trkpt>
      <trkpt lat="47.016294" lon="9.848161">
        <ele>2632.058301</ele>
        <time>2026-09-12T13:24:51.000Z</time>
      </trkpt>
      <trkpt lat="47.016289" lon="9.848178">
        <ele>2631.921909</ele>
        <time>2026-09-12T13:24:52.000Z</time>
      </trkpt>
      <trkpt lat="47.016285" lon="9.848196">
        <ele>2631.782441</ele>
        <time>2026-09-12T13:24:53.000Z</time>
      </trkpt>
      <trkpt lat="47.016281" lon="9.848215">
        <ele>2631.635951</ele>
        <time>2026-09-12T13:24:54.000Z</time>
      </trkpt>
      <trkpt lat="47.016278" lon="9.848233">
        <ele>2631.499444</ele>
        <time>2026-09-12T13:24:55.000Z</time>
      </trkpt>
      <trkpt lat="47.016277" lon="9.848252">
        <ele>2631.359058</ele>
        <time>2026-09-12T13:24:56.000Z</time>
      </trkpt>
      <trkpt lat="47.016279" lon="9.848271">
        <ele>2631.217430</ele>
        <time>2026-09-12T13:24:57.000Z</time>
      </trkpt>
      <trkpt lat="47.016282" lon="9.848289">
        <ele>2631.080923</ele>
        <time>2026-09-12T13:24:58.000Z</time>
      </trkpt>
      <trkpt lat="47.016285" lon="9.848307">
        <ele>2630.927601</ele>
        <time>2026-09-12T13:24:59.000Z</time>
      </trkpt>
      <trkpt lat="47.016287" lon="9.848325">
        <ele>2630.775390</ele>
        <time>2026-09-12T13:25:00.000Z</time>
      </trkpt>
      <trkpt lat="47.016287" lon="9.848344">
        <ele>2630.616816</ele>
        <time>2026-09-12T13:25:01.000Z</time>
      </trkpt>
      <trkpt lat="47.016287" lon="9.848362">
        <ele>2630.466588</ele>
        <time>2026-09-12T13:25:02.000Z</time>
      </trkpt>
      <trkpt lat="47.016286" lon="9.848379">
        <ele>2630.324178</ele>
        <time>2026-09-12T13:25:03.000Z</time>
      </trkpt>
      <trkpt lat="47.016284" lon="9.848396">
        <ele>2630.180199</ele>
        <time>2026-09-12T13:25:04.000Z</time>
      </trkpt>
      <trkpt lat="47.016280" lon="9.848413">
        <ele>2630.030105</ele>
        <time>2026-09-12T13:25:05.000Z</time>
      </trkpt>
      <trkpt lat="47.016277" lon="9.848431">
        <ele>2629.875453</ele>
        <time>2026-09-12T13:25:06.000Z</time>
      </trkpt>
      <trkpt lat="47.016273" lon="9.848448">
        <ele>2629.725359</ele>
        <time>2026-09-12T13:25:07.000Z</time>
      </trkpt>
      <trkpt lat="47.016270" lon="9.848466">
        <ele>2629.570707</ele>
        <time>2026-09-12T13:25:08.000Z</time>
      </trkpt>
      <trkpt lat="47.016269" lon="9.848484">
        <ele>2629.419980</ele>
        <time>2026-09-12T13:25:09.000Z</time>
      </trkpt>
      <trkpt lat="47.016269" lon="9.848501">
        <ele>2629.278098</ele>
        <time>2026-09-12T13:25:10.000Z</time>
      </trkpt>
      <trkpt lat="47.016269" lon="9.848520">
        <ele>2629.119523</ele>
        <time>2026-09-12T13:25:11.000Z</time>
      </trkpt>
      <trkpt lat="47.016266" lon="9.848538">
        <ele>2628.964871</ele>
        <time>2026-09-12T13:25:12.000Z</time>
      </trkpt>
      <trkpt lat="47.016262" lon="9.848556">
        <ele>2628.806864</ele>
        <time>2026-09-12T13:25:13.000Z</time>
      </trkpt>
      <trkpt lat="47.016257" lon="9.848575">
        <ele>2628.636887</ele>
        <time>2026-09-12T13:25:14.000Z</time>
      </trkpt>
      <trkpt lat="47.016252" lon="9.848595">
        <ele>2628.459099</ele>
        <time>2026-09-12T13:25:15.000Z</time>
      </trkpt>
      <trkpt lat="47.016247" lon="9.848615">
        <ele>2628.281310</ele>
        <time>2026-09-12T13:25:16.000Z</time>
      </trkpt>
      <trkpt lat="47.016244" lon="9.848636">
        <ele>2628.102237</ele>
        <time>2026-09-12T13:25:17.000Z</time>
      </trkpt>
      <trkpt lat="47.016243" lon="9.848657">
        <ele>2627.926544</ele>
        <time>2026-09-12T13:25:18.000Z</time>
      </trkpt>
      <trkpt lat="47.016243" lon="9.848678">
        <ele>2627.751277</ele>
        <time>2026-09-12T13:25:19.000Z</time>
      </trkpt>
      <trkpt lat="47.016244" lon="9.848699">
        <ele>2627.575583</ele>
        <time>2026-09-12T13:25:20.000Z</time>
      </trkpt>
      <trkpt lat="47.016247" lon="9.848719">
        <ele>2627.404671</ele>
        <time>2026-09-12T13:25:21.000Z</time>
      </trkpt>
      <trkpt lat="47.016250" lon="9.848738">
        <ele>2627.241899</ele>
        <time>2026-09-12T13:25:22.000Z</time>
      </trkpt>
      <trkpt lat="47.016255" lon="9.848755">
        <ele>2627.087378</ele>
        <time>2026-09-12T13:25:23.000Z</time>
      </trkpt>
      <trkpt lat="47.016262" lon="9.848770">
        <ele>2626.935670</ele>
        <time>2026-09-12T13:25:24.000Z</time>
      </trkpt>
      <trkpt lat="47.016270" lon="9.848784">
        <ele>2626.783213</ele>
        <time>2026-09-12T13:25:25.000Z</time>
      </trkpt>
      <trkpt lat="47.016279" lon="9.848798">
        <ele>2626.622619</ele>
        <time>2026-09-12T13:25:26.000Z</time>
      </trkpt>
      <trkpt lat="47.016287" lon="9.848812">
        <ele>2626.470162</ele>
        <time>2026-09-12T13:25:27.000Z</time>
      </trkpt>
      <trkpt lat="47.016295" lon="9.848828">
        <ele>2626.304565</ele>
        <time>2026-09-12T13:25:28.000Z</time>
      </trkpt>
      <trkpt lat="47.016301" lon="9.848845">
        <ele>2626.144799</ele>
        <time>2026-09-12T13:25:29.000Z</time>
      </trkpt>
      <trkpt lat="47.016304" lon="9.848864">
        <ele>2625.982028</ele>
        <time>2026-09-12T13:25:30.000Z</time>
      </trkpt>
      <trkpt lat="47.016306" lon="9.848884">
        <ele>2625.813321</ele>
        <time>2026-09-12T13:25:31.000Z</time>
      </trkpt>
      <trkpt lat="47.016306" lon="9.848905">
        <ele>2625.638055</ele>
        <time>2026-09-12T13:25:32.000Z</time>
      </trkpt>
      <trkpt lat="47.016304" lon="9.848925">
        <ele>2625.469349</ele>
        <time>2026-09-12T13:25:33.000Z</time>
      </trkpt>
      <trkpt lat="47.016302" lon="9.848944">
        <ele>2625.308895</ele>
        <time>2026-09-12T13:25:34.000Z</time>
      </trkpt>
      <trkpt lat="47.016304" lon="9.848962">
        <ele>2625.156685</ele>
        <time>2026-09-12T13:25:35.000Z</time>
      </trkpt>
      <trkpt lat="47.016307" lon="9.848980">
        <ele>2625.002033</ele>
        <time>2026-09-12T13:25:36.000Z</time>
      </trkpt>
      <trkpt lat="47.016312" lon="9.848997">
        <ele>2624.847512</ele>
        <time>2026-09-12T13:25:37.000Z</time>
      </trkpt>
      <trkpt lat="47.016316" lon="9.849014">
        <ele>2624.697418</ele>
        <time>2026-09-12T13:25:38.000Z</time>
      </trkpt>
      <trkpt lat="47.016321" lon="9.849031">
        <ele>2624.542896</ele>
        <time>2026-09-12T13:25:39.000Z</time>
      </trkpt>
      <trkpt lat="47.016323" lon="9.849049">
        <ele>2624.390686</ele>
        <time>2026-09-12T13:25:40.000Z</time>
      </trkpt>
      <trkpt lat="47.016324" lon="9.849069">
        <ele>2624.223317</ele>
        <time>2026-09-12T13:25:41.000Z</time>
      </trkpt>
      <trkpt lat="47.016323" lon="9.849088">
        <ele>2624.064271</ele>
        <time>2026-09-12T13:25:42.000Z</time>
      </trkpt>
      <trkpt lat="47.016322" lon="9.849107">
        <ele>2623.905225</ele>
        <time>2026-09-12T13:25:43.000Z</time>
      </trkpt>
      <trkpt lat="47.016322" lon="9.849126">
        <ele>2623.746651</ele>
        <time>2026-09-12T13:25:44.000Z</time>
      </trkpt>
      <trkpt lat="47.016323" lon="9.849145">
        <ele>2623.587605</ele>
        <time>2026-09-12T13:25:45.000Z</time>
      </trkpt>
      <trkpt lat="47.016322" lon="9.849164">
        <ele>2623.428558</ele>
        <time>2026-09-12T13:25:46.000Z</time>
      </trkpt>
      <trkpt lat="47.016321" lon="9.849181">
        <ele>2623.286149</ele>
        <time>2026-09-12T13:25:47.000Z</time>
      </trkpt>
      <trkpt lat="47.016321" lon="9.849200">
        <ele>2623.127575</ele>
        <time>2026-09-12T13:25:48.000Z</time>
      </trkpt>
      <trkpt lat="47.016323" lon="9.849219">
        <ele>2622.967121</ele>
        <time>2026-09-12T13:25:49.000Z</time>
      </trkpt>
      <trkpt lat="47.016325" lon="9.849238">
        <ele>2622.806668</ele>
        <time>2026-09-12T13:25:50.000Z</time>
      </trkpt>
      <trkpt lat="47.016326" lon="9.849257">
        <ele>2622.647622</ele>
        <time>2026-09-12T13:25:51.000Z</time>
      </trkpt>
      <trkpt lat="47.016326" lon="9.849277">
        <ele>2622.480702</ele>
        <time>2026-09-12T13:25:52.000Z</time>
      </trkpt>
      <trkpt lat="47.016327" lon="9.849297">
        <ele>2622.313333</ele>
        <time>2026-09-12T13:25:53.000Z</time>
      </trkpt>
      <trkpt lat="47.016330" lon="9.849317">
        <ele>2622.142421</ele>
        <time>2026-09-12T13:25:54.000Z</time>
      </trkpt>
      <trkpt lat="47.016334" lon="9.849336">
        <ele>2621.976458</ele>
        <time>2026-09-12T13:25:55.000Z</time>
      </trkpt>
      <trkpt lat="47.016338" lon="9.849354">
        <ele>2621.818452</ele>
        <time>2026-09-12T13:25:56.000Z</time>
      </trkpt>
      <trkpt lat="47.016343" lon="9.849372">
        <ele>2621.656233</ele>
        <time>2026-09-12T13:25:57.000Z</time>
      </trkpt>
      <trkpt lat="47.016346" lon="9.849391">
        <ele>2621.493462</ele>
        <time>2026-09-12T13:25:58.000Z</time>
      </trkpt>
      <trkpt lat="47.016348" lon="9.849411">
        <ele>2621.324756</ele>
        <time>2026-09-12T13:25:59.000Z</time>
      </trkpt>
      <trkpt lat="47.016349" lon="9.849431">
        <ele>2621.157387</ele>
        <time>2026-09-12T13:26:00.000Z</time>
      </trkpt>
      <trkpt lat="47.016350" lon="9.849450">
        <ele>2620.998341</ele>
        <time>2026-09-12T13:26:00.999Z</time>
      </trkpt>
      <trkpt lat="47.016351" lon="9.849470">
        <ele>2620.830973</ele>
        <time>2026-09-12T13:26:01.999Z</time>
      </trkpt>
      <trkpt lat="47.016352" lon="9.849490">
        <ele>2620.663604</ele>
        <time>2026-09-12T13:26:02.999Z</time>
      </trkpt>
      <trkpt lat="47.016352" lon="9.849509">
        <ele>2620.505030</ele>
        <time>2026-09-12T13:26:03.999Z</time>
      </trkpt>
      <trkpt lat="47.016353" lon="9.849528">
        <ele>2620.345984</ele>
        <time>2026-09-12T13:26:04.999Z</time>
      </trkpt>
      <trkpt lat="47.016356" lon="9.849546">
        <ele>2620.191332</ele>
        <time>2026-09-12T13:26:05.999Z</time>
      </trkpt>
      <trkpt lat="47.016360" lon="9.849564">
        <ele>2620.033325</ele>
        <time>2026-09-12T13:26:06.999Z</time>
      </trkpt>
      <trkpt lat="47.016363" lon="9.849582">
        <ele>2619.878673</ele>
        <time>2026-09-12T13:26:07.999Z</time>
      </trkpt>
      <trkpt lat="47.016366" lon="9.849602">
        <ele>2619.707761</ele>
        <time>2026-09-12T13:26:08.999Z</time>
      </trkpt>
      <trkpt lat="47.016369" lon="9.849621">
        <ele>2619.544990</ele>
        <time>2026-09-12T13:26:09.999Z</time>
      </trkpt>
      <trkpt lat="47.016372" lon="9.849641">
        <ele>2619.374078</ele>
        <time>2026-09-12T13:26:10.999Z</time>
      </trkpt>
      <trkpt lat="47.016374" lon="9.849660">
        <ele>2619.213625</ele>
        <time>2026-09-12T13:26:11.999Z</time>
      </trkpt>
      <trkpt lat="47.016377" lon="9.849680">
        <ele>2619.042712</ele>
        <time>2026-09-12T13:26:12.999Z</time>
      </trkpt>
      <trkpt lat="47.016377" lon="9.849699">
        <ele>2618.884138</ele>
        <time>2026-09-12T13:26:13.999Z</time>
      </trkpt>
      <trkpt lat="47.016375" lon="9.849719">
        <ele>2618.715432</ele>
        <time>2026-09-12T13:26:14.999Z</time>
      </trkpt>
      <trkpt lat="47.016373" lon="9.849739">
        <ele>2618.546726</ele>
        <time>2026-09-12T13:26:15.999Z</time>
      </trkpt>
      <trkpt lat="47.016371" lon="9.849757">
        <ele>2618.394516</ele>
        <time>2026-09-12T13:26:16.999Z</time>
      </trkpt>
      <trkpt lat="47.016372" lon="9.849776">
        <ele>2618.235470</ele>
        <time>2026-09-12T13:26:17.999Z</time>
      </trkpt>
      <trkpt lat="47.016375" lon="9.849794">
        <ele>2618.080818</ele>
        <time>2026-09-12T13:26:18.999Z</time>
      </trkpt>
      <trkpt lat="47.016378" lon="9.849811">
        <ele>2617.934260</ele>
        <time>2026-09-12T13:26:19.999Z</time>
      </trkpt>
      <trkpt lat="47.016381" lon="9.849829">
        <ele>2617.779608</ele>
        <time>2026-09-12T13:26:20.999Z</time>
      </trkpt>
      <trkpt lat="47.016384" lon="9.849846">
        <ele>2617.633050</ele>
        <time>2026-09-12T13:26:21.999Z</time>
      </trkpt>
      <trkpt lat="47.016385" lon="9.849864">
        <ele>2617.482324</ele>
        <time>2026-09-12T13:26:22.999Z</time>
      </trkpt>
      <trkpt lat="47.016384" lon="9.849883">
        <ele>2617.323278</ele>
        <time>2026-09-12T13:26:23.999Z</time>
      </trkpt>
      <trkpt lat="47.016382" lon="9.849903">
        <ele>2617.154572</ele>
        <time>2026-09-12T13:26:24.999Z</time>
      </trkpt>
      <trkpt lat="47.016381" lon="9.849922">
        <ele>2616.995526</ele>
        <time>2026-09-12T13:26:25.999Z</time>
      </trkpt>
      <trkpt lat="47.016382" lon="9.849941">
        <ele>2616.836480</ele>
        <time>2026-09-12T13:26:26.999Z</time>
      </trkpt>
      <trkpt lat="47.016385" lon="9.849959">
        <ele>2616.681829</ele>
        <time>2026-09-12T13:26:27.999Z</time>
      </trkpt>
      <trkpt lat="47.016389" lon="9.849976">
        <ele>2616.531735</ele>
        <time>2026-09-12T13:26:28.999Z</time>
      </trkpt>
      <trkpt lat="47.016394" lon="9.849993">
        <ele>2616.377214</ele>
        <time>2026-09-12T13:26:29.999Z</time>
      </trkpt>
      <trkpt lat="47.016398" lon="9.850010">
        <ele>2616.227120</ele>
        <time>2026-09-12T13:26:30.999Z</time>
      </trkpt>
      <trkpt lat="47.016400" lon="9.850028">
        <ele>2616.074910</ele>
        <time>2026-09-12T13:26:31.999Z</time>
      </trkpt>
      <trkpt lat="47.016402" lon="9.850046">
        <ele>2615.922700</ele>
        <time>2026-09-12T13:26:32.999Z</time>
      </trkpt>
      <trkpt lat="47.016401" lon="9.850064">
        <ele>2615.771974</ele>
        <time>2026-09-12T13:26:33.999Z</time>
      </trkpt>
      <trkpt lat="47.016397" lon="9.850082">
        <ele>2615.613967</ele>
        <time>2026-09-12T13:26:34.999Z</time>
      </trkpt>
      <trkpt lat="47.016393" lon="9.850101">
        <ele>2615.448005</ele>
        <time>2026-09-12T13:26:35.999Z</time>
      </trkpt>
      <trkpt lat="47.016389" lon="9.850120">
        <ele>2615.282043</ele>
        <time>2026-09-12T13:26:36.999Z</time>
      </trkpt>
      <trkpt lat="47.016386" lon="9.850139">
        <ele>2615.119272</ele>
        <time>2026-09-12T13:26:37.999Z</time>
      </trkpt>
      <trkpt lat="47.016383" lon="9.850158">
        <ele>2614.956501</ele>
        <time>2026-09-12T13:26:38.999Z</time>
      </trkpt>
      <trkpt lat="47.016380" lon="9.850178">
        <ele>2614.785589</ele>
        <time>2026-09-12T13:26:39.999Z</time>
      </trkpt>
      <trkpt lat="47.016378" lon="9.850197">
        <ele>2614.625136</ele>
        <time>2026-09-12T13:26:40.999Z</time>
      </trkpt>
      <trkpt lat="47.016374" lon="9.850215">
        <ele>2614.467129</ele>
        <time>2026-09-12T13:26:41.999Z</time>
      </trkpt>
      <trkpt lat="47.016370" lon="9.850234">
        <ele>2614.301167</ele>
        <time>2026-09-12T13:26:42.999Z</time>
      </trkpt>
      <trkpt lat="47.016366" lon="9.850252">
        <ele>2614.143160</ele>
        <time>2026-09-12T13:26:43.999Z</time>
      </trkpt>
      <trkpt lat="47.016364" lon="9.850269">
        <ele>2613.999181</ele>
        <time>2026-09-12T13:26:44.999Z</time>
      </trkpt>
      <trkpt lat="47.016362" lon="9.850286">
        <ele>2613.855202</ele>
        <time>2026-09-12T13:26:45.999Z</time>
      </trkpt>
      <trkpt lat="47.016360" lon="9.850303">
        <ele>2613.711223</ele>
        <time>2026-09-12T13:26:46.999Z</time>
      </trkpt>
      <trkpt lat="47.016358" lon="9.850320">
        <ele>2613.567244</ele>
        <time>2026-09-12T13:26:47.999Z</time>
      </trkpt>
      <trkpt lat="47.016358" lon="9.850334">
        <ele>2613.450400</ele>
        <time>2026-09-12T13:26:48.999Z</time>
      </trkpt>
      <trkpt lat="47.016360" lon="9.850346">
        <ele>2613.347299</ele>
        <time>2026-09-12T13:26:49.999Z</time>
      </trkpt>
      <trkpt lat="47.016362" lon="9.850359">
        <ele>2613.236072</ele>
        <time>2026-09-12T13:26:50.999Z</time>
      </trkpt>
      <trkpt lat="47.016364" lon="9.850375">
        <ele>2613.100310</ele>
        <time>2026-09-12T13:26:51.999Z</time>
      </trkpt>
      <trkpt lat="47.016364" lon="9.850391">
        <ele>2612.966774</ele>
        <time>2026-09-12T13:26:52.999Z</time>
      </trkpt>
      <trkpt lat="47.016364" lon="9.850407">
        <ele>2612.833238</ele>
        <time>2026-09-12T13:26:53.999Z</time>
      </trkpt>
      <trkpt lat="47.016364" lon="9.850422">
        <ele>2612.708048</ele>
        <time>2026-09-12T13:26:54.999Z</time>
      </trkpt>
      <trkpt lat="47.016366" lon="9.850438">
        <ele>2612.572286</ele>
        <time>2026-09-12T13:26:55.999Z</time>
      </trkpt>
      <trkpt lat="47.016370" lon="9.850454">
        <ele>2612.430055</ele>
        <time>2026-09-12T13:26:56.999Z</time>
      </trkpt>
      <trkpt lat="47.016374" lon="9.850471">
        <ele>2612.279961</ele>
        <time>2026-09-12T13:26:57.999Z</time>
      </trkpt>
      <trkpt lat="47.016379" lon="9.850486">
        <ele>2612.140610</ele>
        <time>2026-09-12T13:26:58.999Z</time>
      </trkpt>
      <trkpt lat="47.016384" lon="9.850500">
        <ele>2612.008705</ele>
        <time>2026-09-12T13:26:59.999Z</time>
      </trkpt>
      <trkpt lat="47.016389" lon="9.850515">
        <ele>2611.869354</ele>
        <time>2026-09-12T13:27:00.999Z</time>
      </trkpt>
      <trkpt lat="47.016394" lon="9.850531">
        <ele>2611.722459</ele>
        <time>2026-09-12T13:27:01.999Z</time>
      </trkpt>
      <trkpt lat="47.016397" lon="9.850548">
        <ele>2611.575901</ele>
        <time>2026-09-12T13:27:02.999Z</time>
      </trkpt>
      <trkpt lat="47.016398" lon="9.850567">
        <ele>2611.416855</ele>
        <time>2026-09-12T13:27:03.999Z</time>
      </trkpt>
      <trkpt lat="47.016399" lon="9.850585">
        <ele>2611.266129</ele>
        <time>2026-09-12T13:27:04.999Z</time>
      </trkpt>
      <trkpt lat="47.016400" lon="9.850604">
        <ele>2611.107083</ele>
        <time>2026-09-12T13:27:05.999Z</time>
      </trkpt>
      <trkpt lat="47.016400" lon="9.850621">
        <ele>2610.965201</ele>
        <time>2026-09-12T13:27:06.999Z</time>
      </trkpt>
      <trkpt lat="47.016400" lon="9.850639">
        <ele>2610.814973</ele>
        <time>2026-09-12T13:27:07.999Z</time>
      </trkpt>
      <trkpt lat="47.016398" lon="9.850656">
        <ele>2610.670994</ele>
        <time>2026-09-12T13:27:08.999Z</time>
      </trkpt>
      <trkpt lat="47.016395" lon="9.850671">
        <ele>2610.540529</ele>
        <time>2026-09-12T13:27:09.999Z</time>
      </trkpt>
      <trkpt lat="47.016390" lon="9.850686">
        <ele>2610.401177</ele>
        <time>2026-09-12T13:27:10.999Z</time>
      </trkpt>
      <trkpt lat="47.016385" lon="9.850699">
        <ele>2610.276605</ele>
        <time>2026-09-12T13:27:11.999Z</time>
      </trkpt>
      <trkpt lat="47.016381" lon="9.850712">
        <ele>2610.157570</ele>
        <time>2026-09-12T13:27:12.999Z</time>
      </trkpt>
      <trkpt lat="47.016379" lon="9.850726">
        <ele>2610.038188</ele>
        <time>2026-09-12T13:27:13.999Z</time>
      </trkpt>
      <trkpt lat="47.016380" lon="9.850738">
        <ele>2609.937291</ele>
        <time>2026-09-12T13:27:14.999Z</time>
      </trkpt>
      <trkpt lat="47.016384" lon="9.850742">
        <ele>2609.878028</ele>
        <time>2026-09-12T13:27:15.999Z</time>
      </trkpt>
      <trkpt lat="47.016387" lon="9.850737">
        <ele>2609.822440</ele>
        <time>2026-09-12T13:27:16.999Z</time>
      </trkpt>
      <trkpt lat="47.016389" lon="9.850730">
        <ele>2609.759095</ele>
        <time>2026-09-12T13:27:17.999Z</time>
      </trkpt>
      <trkpt lat="47.016389" lon="9.850725">
        <ele>2609.717365</ele>
        <time>2026-09-12T13:27:18.999Z</time>
      </trkpt>
      <trkpt lat="47.016390" lon="9.850722">
        <ele>2609.689495</ele>
        <time>2026-09-12T13:27:19.999Z</time>
      </trkpt>
      <trkpt lat="47.016390" lon="9.850720">
        <ele>2609.672803</ele>
        <time>2026-09-12T13:27:20.999Z</time>
      </trkpt>
      <trkpt lat="47.016389" lon="9.850719">
        <ele>2609.657987</ele>
        <time>2026-09-12T13:27:21.999Z</time>
      </trkpt>
      <trkpt lat="47.016389" lon="9.850719">
        <ele>2609.657987</ele>
        <time>2026-09-12T13:27:22.999Z</time>
      </trkpt>
      <trkpt lat="47.016389" lon="9.850719">
        <ele>2609.657987</ele>
        <time>2026-09-12T13:27:23.999Z</time>
      </trkpt>
      <trkpt lat="47.016389" lon="9.850719">
        <ele>2609.657987</ele>
        <time>2026-09-12T13:27:24.999Z</time>
      </trkpt>
      <trkpt lat="47.016389" lon="9.850718">
        <ele>2609.649641</ele>
        <time>2026-09-12T13:27:25.999Z</time>
      </trkpt>
      <trkpt lat="47.016389" lon="9.850718">
        <ele>2609.649641</ele>
        <time>2026-09-12T13:27:26.999Z</time>
      </trkpt>
      <trkpt lat="47.016390" lon="9.850716">
        <ele>2609.628941</ele>
        <time>2026-09-12T13:27:27.999Z</time>
      </trkpt>
      <trkpt lat="47.016390" lon="9.850715">
        <ele>2609.620595</ele>
        <time>2026-09-12T13:27:28.999Z</time>
      </trkpt>
      <trkpt lat="47.016392" lon="9.850712">
        <ele>2609.585577</ele>
        <time>2026-09-12T13:27:29.999Z</time>
      </trkpt>
      <trkpt lat="47.016394" lon="9.850709">
        <ele>2609.550558</ele>
        <time>2026-09-12T13:27:30.999Z</time>
      </trkpt>
      <trkpt lat="47.016396" lon="9.850708">
        <ele>2609.524692</ele>
        <time>2026-09-12T13:27:31.999Z</time>
      </trkpt>
      <trkpt lat="47.016397" lon="9.850707">
        <ele>2609.509876</ele>
        <time>2026-09-12T13:27:32.999Z</time>
      </trkpt>
      <trkpt lat="47.016397" lon="9.850707">
        <ele>2609.509876</ele>
        <time>2026-09-12T13:27:33.999Z</time>
      </trkpt>
      <trkpt lat="47.016396" lon="9.850708">
        <ele>2609.495061</ele>
        <time>2026-09-12T13:27:34.999Z</time>
      </trkpt>
      <trkpt lat="47.016395" lon="9.850710">
        <ele>2609.474361</ele>
        <time>2026-09-12T13:27:35.999Z</time>
      </trkpt>
      <trkpt lat="47.016394" lon="9.850712">
        <ele>2609.453661</ele>
        <time>2026-09-12T13:27:36.999Z</time>
      </trkpt>
      <trkpt lat="47.016395" lon="9.850714">
        <ele>2609.432962</ele>
        <time>2026-09-12T13:27:37.999Z</time>
      </trkpt>
      <trkpt lat="47.016395" lon="9.850717">
        <ele>2609.407924</ele>
        <time>2026-09-12T13:27:38.999Z</time>
      </trkpt>
      <trkpt lat="47.016395" lon="9.850720">
        <ele>2609.382886</ele>
        <time>2026-09-12T13:27:39.999Z</time>
      </trkpt>
      <trkpt lat="47.016395" lon="9.850722">
        <ele>2609.366194</ele>
        <time>2026-09-12T13:27:40.999Z</time>
      </trkpt>
      <trkpt lat="47.016394" lon="9.850723">
        <ele>2609.351378</ele>
        <time>2026-09-12T13:27:41.999Z</time>
      </trkpt>
      <trkpt lat="47.016394" lon="9.850724">
        <ele>2609.343032</ele>
        <time>2026-09-12T13:27:42.999Z</time>
      </trkpt>
      <trkpt lat="47.016393" lon="9.850725">
        <ele>2609.328216</ele>
        <time>2026-09-12T13:27:43.999Z</time>
      </trkpt>
      <trkpt lat="47.016392" lon="9.850726">
        <ele>2609.313400</ele>
        <time>2026-09-12T13:27:44.999Z</time>
      </trkpt>
      <trkpt lat="47.016392" lon="9.850726">
        <ele>2609.313400</ele>
        <time>2026-09-12T13:27:45.999Z</time>
      </trkpt>
      <trkpt lat="47.016391" lon="9.850725">
        <ele>2609.298585</ele>
        <time>2026-09-12T13:27:46.999Z</time>
      </trkpt>
      <trkpt lat="47.016391" lon="9.850723">
        <ele>2609.281893</ele>
        <time>2026-09-12T13:27:47.999Z</time>
      </trkpt>
      <trkpt lat="47.016392" lon="9.850721">
        <ele>2609.261193</ele>
        <time>2026-09-12T13:27:48.999Z</time>
      </trkpt>
      <trkpt lat="47.016393" lon="9.850720">
        <ele>2609.246377</ele>
        <time>2026-09-12T13:27:49.999Z</time>
      </trkpt>
      <trkpt lat="47.016393" lon="9.850720">
        <ele>2609.246377</ele>
        <time>2026-09-12T13:27:50.999Z</time>
      </trkpt>
      <trkpt lat="47.016393" lon="9.850720">
        <ele>2609.246377</ele>
        <time>2026-09-12T13:27:51.999Z</time>
      </trkpt>
      <trkpt lat="47.016392" lon="9.850720">
        <ele>2609.234136</ele>
        <time>2026-09-12T13:27:52.999Z</time>
      </trkpt>
      <trkpt lat="47.016391" lon="9.850720">
        <ele>2609.221895</ele>
        <time>2026-09-12T13:27:53.999Z</time>
      </trkpt>
      <trkpt lat="47.016391" lon="9.850720">
        <ele>2609.221895</ele>
        <time>2026-09-12T13:27:54.999Z</time>
      </trkpt>
      <trkpt lat="47.016390" lon="9.850720">
        <ele>2609.209653</ele>
        <time>2026-09-12T13:27:55.999Z</time>
      </trkpt>
      <trkpt lat="47.016390" lon="9.850720">
        <ele>2609.209653</ele>
        <time>2026-09-12T13:27:56.999Z</time>
      </trkpt>
      <trkpt lat="47.016390" lon="9.850719">
        <ele>2609.201307</ele>
        <time>2026-09-12T13:27:57.999Z</time>
      </trkpt>
      <trkpt lat="47.016390" lon="9.850718">
        <ele>2609.192961</ele>
        <time>2026-09-12T13:27:58.999Z</time>
      </trkpt>
      <trkpt lat="47.016390" lon="9.850717">
        <ele>2609.184615</ele>
        <time>2026-09-12T13:27:59.999Z</time>
      </trkpt>
      <trkpt lat="47.016390" lon="9.850717">
        <ele>2609.184615</ele>
        <time>2026-09-12T13:28:00.999Z</time>
      </trkpt>
      <trkpt lat="47.016390" lon="9.850716">
        <ele>2609.176269</ele>
        <time>2026-09-12T13:28:01.999Z</time>
      </trkpt>
      <trkpt lat="47.016390" lon="9.850715">
        <ele>2609.167923</ele>
        <time>2026-09-12T13:28:02.999Z</time>
      </trkpt>
      <trkpt lat="47.016389" lon="9.850715">
        <ele>2609.155682</ele>
        <time>2026-09-12T13:28:03.999Z</time>
      </trkpt>
      <trkpt lat="47.016390" lon="9.850716">
        <ele>2609.140866</ele>
        <time>2026-09-12T13:28:04.999Z</time>
      </trkpt>
      <trkpt lat="47.016390" lon="9.850717">
        <ele>2609.132520</ele>
        <time>2026-09-12T13:28:05.999Z</time>
      </trkpt>
      <trkpt lat="47.016390" lon="9.850718">
        <ele>2609.124174</ele>
        <time>2026-09-12T13:28:06.999Z</time>
      </trkpt>
      <trkpt lat="47.016389" lon="9.850718">
        <ele>2609.111933</ele>
        <time>2026-09-12T13:28:07.999Z</time>
      </trkpt>
      <trkpt lat="47.016389" lon="9.850719">
        <ele>2609.103587</ele>
        <time>2026-09-12T13:28:08.999Z</time>
      </trkpt>
      <trkpt lat="47.016388" lon="9.850720">
        <ele>2609.088771</ele>
        <time>2026-09-12T13:28:09.999Z</time>
      </trkpt>
      <trkpt lat="47.016388" lon="9.850721">
        <ele>2609.080425</ele>
        <time>2026-09-12T13:28:10.999Z</time>
      </trkpt>
      <trkpt lat="47.016387" lon="9.850722">
        <ele>2609.065609</ele>
        <time>2026-09-12T13:28:11.999Z</time>
      </trkpt>
      <trkpt lat="47.016386" lon="9.850723">
        <ele>2609.049775</ele>
        <time>2026-09-12T13:28:12.999Z</time>
      </trkpt>
      <trkpt lat="47.016384" lon="9.850724">
        <ele>2609.012617</ele>
        <time>2026-09-12T13:28:13.999Z</time>
      </trkpt>
      <trkpt lat="47.016383" lon="9.850726">
        <ele>2608.982881</ele>
        <time>2026-09-12T13:28:14.999Z</time>
      </trkpt>
      <trkpt lat="47.016382" lon="9.850730">
        <ele>2608.931800</ele>
        <time>2026-09-12T13:28:15.999Z</time>
      </trkpt>
      <trkpt lat="47.016383" lon="9.850735">
        <ele>2608.869327</ele>
        <time>2026-09-12T13:28:16.999Z</time>
      </trkpt>
      <trkpt lat="47.016385" lon="9.850742">
        <ele>2608.778329</ele>
        <time>2026-09-12T13:28:17.999Z</time>
      </trkpt>
      <trkpt lat="47.016386" lon="9.850750">
        <ele>2608.680815</ele>
        <time>2026-09-12T13:28:18.999Z</time>
      </trkpt>
      <trkpt lat="47.016386" lon="9.850762">
        <ele>2608.536941</ele>
        <time>2026-09-12T13:28:19.999Z</time>
      </trkpt>
      <trkpt lat="47.016385" lon="9.850776">
        <ele>2608.368170</ele>
        <time>2026-09-12T13:28:20.999Z</time>
      </trkpt>
      <trkpt lat="47.016384" lon="9.850790">
        <ele>2608.199398</ele>
        <time>2026-09-12T13:28:21.999Z</time>
      </trkpt>
      <trkpt lat="47.016385" lon="9.850802">
        <ele>2608.054454</ele>
        <time>2026-09-12T13:28:22.999Z</time>
      </trkpt>
      <trkpt lat="47.016386" lon="9.850814">
        <ele>2607.909509</ele>
        <time>2026-09-12T13:28:23.999Z</time>
      </trkpt>
      <trkpt lat="47.016389" lon="9.850828">
        <ele>2607.733561</ele>
        <time>2026-09-12T13:28:24.999Z</time>
      </trkpt>
      <trkpt lat="47.016391" lon="9.850841">
        <ele>2607.573779</ele>
        <time>2026-09-12T13:28:25.999Z</time>
      </trkpt>
      <trkpt lat="47.016392" lon="9.850852">
        <ele>2607.440728</ele>
        <time>2026-09-12T13:28:26.999Z</time>
      </trkpt>
      <trkpt lat="47.016392" lon="9.850859">
        <ele>2607.356801</ele>
        <time>2026-09-12T13:28:27.999Z</time>
      </trkpt>
      <trkpt lat="47.016390" lon="9.850865">
        <ele>2607.276727</ele>
        <time>2026-09-12T13:28:28.999Z</time>
      </trkpt>
      <trkpt lat="47.016386" lon="9.850873">
        <ele>2607.157783</ele>
        <time>2026-09-12T13:28:29.999Z</time>
      </trkpt>
      <trkpt lat="47.016382" lon="9.850886">
        <ele>2606.986782</ele>
        <time>2026-09-12T13:28:30.999Z</time>
      </trkpt>
      <trkpt lat="47.016378" lon="9.850901">
        <ele>2606.793673</ele>
        <time>2026-09-12T13:28:31.999Z</time>
      </trkpt>
      <trkpt lat="47.016375" lon="9.850916">
        <ele>2606.606253</ele>
        <time>2026-09-12T13:28:32.999Z</time>
      </trkpt>
      <trkpt lat="47.016377" lon="9.850931">
        <ele>2606.423004</ele>
        <time>2026-09-12T13:28:33.999Z</time>
      </trkpt>
      <trkpt lat="47.016383" lon="9.850945">
        <ele>2606.224743</ele>
        <time>2026-09-12T13:28:34.999Z</time>
      </trkpt>
      <trkpt lat="47.016390" lon="9.850960">
        <ele>2606.006807</ele>
        <time>2026-09-12T13:28:35.999Z</time>
      </trkpt>
      <trkpt lat="47.016397" lon="9.850973">
        <ele>2605.808196</ele>
        <time>2026-09-12T13:28:36.999Z</time>
      </trkpt>
      <trkpt lat="47.016402" lon="9.850985">
        <ele>2605.639582</ele>
        <time>2026-09-12T13:28:37.999Z</time>
      </trkpt>
      <trkpt lat="47.016406" lon="9.850995">
        <ele>2605.500576</ele>
        <time>2026-09-12T13:28:38.999Z</time>
      </trkpt>
      <trkpt lat="47.016408" lon="9.851004">
        <ele>2605.387084</ele>
        <time>2026-09-12T13:28:39.999Z</time>
      </trkpt>
      <trkpt lat="47.016411" lon="9.851015">
        <ele>2605.245039</ele>
        <time>2026-09-12T13:28:40.999Z</time>
      </trkpt>
      <trkpt lat="47.016417" lon="9.851029">
        <ele>2605.046779</ele>
        <time>2026-09-12T13:28:41.999Z</time>
      </trkpt>
      <trkpt lat="47.016424" lon="9.851047">
        <ele>2604.798329</ele>
        <time>2026-09-12T13:28:42.999Z</time>
      </trkpt>
      <trkpt lat="47.016432" lon="9.851064">
        <ele>2604.550671</ele>
        <time>2026-09-12T13:28:43.999Z</time>
      </trkpt>
      <trkpt lat="47.016438" lon="9.851080">
        <ele>2604.331737</ele>
        <time>2026-09-12T13:28:44.999Z</time>
      </trkpt>
      <trkpt lat="47.016443" lon="9.851094">
        <ele>2604.142250</ele>
        <time>2026-09-12T13:28:45.999Z</time>
      </trkpt>
      <trkpt lat="47.016448" lon="9.851109">
        <ele>2603.942064</ele>
        <time>2026-09-12T13:28:46.999Z</time>
      </trkpt>
      <trkpt lat="47.016452" lon="9.851127">
        <ele>2603.715080</ele>
        <time>2026-09-12T13:28:47.999Z</time>
      </trkpt>
      <trkpt lat="47.016457" lon="9.851146">
        <ele>2603.470900</ele>
        <time>2026-09-12T13:28:48.999Z</time>
      </trkpt>
      <trkpt lat="47.016459" lon="9.851164">
        <ele>2603.252242</ele>
        <time>2026-09-12T13:28:49.999Z</time>
      </trkpt>
      <trkpt lat="47.016460" lon="9.851183">
        <ele>2603.023765</ele>
        <time>2026-09-12T13:28:50.999Z</time>
      </trkpt>
      <trkpt lat="47.016459" lon="9.851201">
        <ele>2602.807239</ele>
        <time>2026-09-12T13:28:51.999Z</time>
      </trkpt>
      <trkpt lat="47.016457" lon="9.851218">
        <ele>2602.600406</ele>
        <time>2026-09-12T13:28:52.999Z</time>
      </trkpt>
      <trkpt lat="47.016455" lon="9.851232">
        <ele>2602.428908</ele>
        <time>2026-09-12T13:28:53.999Z</time>
      </trkpt>
      <trkpt lat="47.016451" lon="9.851247">
        <ele>2602.235800</ele>
        <time>2026-09-12T13:28:54.999Z</time>
      </trkpt>
      <trkpt lat="47.016446" lon="9.851264">
        <ele>2602.013822</ele>
        <time>2026-09-12T13:28:55.999Z</time>
      </trkpt>
      <trkpt lat="47.016439" lon="9.851283">
        <ele>2601.754890</ele>
        <time>2026-09-12T13:28:56.999Z</time>
      </trkpt>
      <trkpt lat="47.016433" lon="9.851302">
        <ele>2601.503841</ele>
        <time>2026-09-12T13:28:57.999Z</time>
      </trkpt>
      <trkpt lat="47.016430" lon="9.851321">
        <ele>2601.270012</ele>
        <time>2026-09-12T13:28:58.999Z</time>
      </trkpt>
      <trkpt lat="47.016429" lon="9.851339">
        <ele>2601.053487</ele>
        <time>2026-09-12T13:28:59.999Z</time>
      </trkpt>
      <trkpt lat="47.016427" lon="9.851353">
        <ele>2600.881989</ele>
        <time>2026-09-12T13:29:00.999Z</time>
      </trkpt>
      <trkpt lat="47.016425" lon="9.851361">
        <ele>2600.779828</ele>
        <time>2026-09-12T13:29:01.999Z</time>
      </trkpt>
      <trkpt lat="47.016425" lon="9.851362">
        <ele>2600.767839</ele>
        <time>2026-09-12T13:29:02.999Z</time>
      </trkpt>
      <trkpt lat="47.016425" lon="9.851363">
        <ele>2600.755849</ele>
        <time>2026-09-12T13:29:03.999Z</time>
      </trkpt>
      <trkpt lat="47.016426" lon="9.851366">
        <ele>2600.715812</ele>
        <time>2026-09-12T13:29:04.999Z</time>
      </trkpt>
      <trkpt lat="47.016428" lon="9.851375">
        <ele>2600.602320</ele>
        <time>2026-09-12T13:29:05.999Z</time>
      </trkpt>
      <trkpt lat="47.016429" lon="9.851393">
        <ele>2600.385794</ele>
        <time>2026-09-12T13:29:06.999Z</time>
      </trkpt>
      <trkpt lat="47.016433" lon="9.851418">
        <ele>2600.077914</ele>
        <time>2026-09-12T13:29:07.999Z</time>
      </trkpt>
      <trkpt lat="47.016438" lon="9.851440">
        <ele>2599.799877</ele>
        <time>2026-09-12T13:29:08.999Z</time>
      </trkpt>
      <trkpt lat="47.016444" lon="9.851458">
        <ele>2599.559654</ele>
        <time>2026-09-12T13:29:09.999Z</time>
      </trkpt>
      <trkpt lat="47.016451" lon="9.851473">
        <ele>2599.341719</ele>
        <time>2026-09-12T13:29:10.999Z</time>
      </trkpt>
      <trkpt lat="47.016457" lon="9.851487">
        <ele>2599.143458</ele>
        <time>2026-09-12T13:29:11.999Z</time>
      </trkpt>
      <trkpt lat="47.016462" lon="9.851504">
        <ele>2598.921481</ele>
        <time>2026-09-12T13:29:12.999Z</time>
      </trkpt>
      <trkpt lat="47.016466" lon="9.851522">
        <ele>2598.694496</ele>
        <time>2026-09-12T13:29:13.999Z</time>
      </trkpt>
      <trkpt lat="47.016470" lon="9.851539">
        <ele>2598.478879</ele>
        <time>2026-09-12T13:29:14.999Z</time>
      </trkpt>
      <trkpt lat="47.016476" lon="9.851554">
        <ele>2598.270370</ele>
        <time>2026-09-12T13:29:15.999Z</time>
      </trkpt>
      <trkpt lat="47.016482" lon="9.851568">
        <ele>2598.072110</ele>
        <time>2026-09-12T13:29:16.999Z</time>
      </trkpt>
      <trkpt lat="47.016490" lon="9.851581">
        <ele>2597.862146</ele>
        <time>2026-09-12T13:29:17.999Z</time>
      </trkpt>
      <trkpt lat="47.016499" lon="9.851596">
        <ele>2597.622580</ele>
        <time>2026-09-12T13:29:18.999Z</time>
      </trkpt>
      <trkpt lat="47.016505" lon="9.851613">
        <ele>2597.393068</ele>
        <time>2026-09-12T13:29:19.999Z</time>
      </trkpt>
      <trkpt lat="47.016508" lon="9.851631">
        <ele>2597.170903</ele>
        <time>2026-09-12T13:29:20.999Z</time>
      </trkpt>
      <trkpt lat="47.016509" lon="9.851650">
        <ele>2596.942426</ele>
        <time>2026-09-12T13:29:21.999Z</time>
      </trkpt>
      <trkpt lat="47.016508" lon="9.851671">
        <ele>2596.690034</ele>
        <time>2026-09-12T13:29:22.999Z</time>
      </trkpt>
      <trkpt lat="47.016506" lon="9.851692">
        <ele>2596.435811</ele>
        <time>2026-09-12T13:29:23.999Z</time>
      </trkpt>
      <trkpt lat="47.016503" lon="9.851713">
        <ele>2596.178565</ele>
        <time>2026-09-12T13:29:24.999Z</time>
      </trkpt>
      <trkpt lat="47.016500" lon="9.851732">
        <ele>2595.944736</ele>
        <time>2026-09-12T13:29:25.999Z</time>
      </trkpt>
      <trkpt lat="47.016497" lon="9.851751">
        <ele>2595.710908</ele>
        <time>2026-09-12T13:29:26.999Z</time>
      </trkpt>
      <trkpt lat="47.016494" lon="9.851769">
        <ele>2595.488743</ele>
        <time>2026-09-12T13:29:27.999Z</time>
      </trkpt>
      <trkpt lat="47.016492" lon="9.851787">
        <ele>2595.270086</ele>
        <time>2026-09-12T13:29:28.999Z</time>
      </trkpt>
      <trkpt lat="47.016493" lon="9.851805">
        <ele>2595.053560</ele>
        <time>2026-09-12T13:29:29.999Z</time>
      </trkpt>
      <trkpt lat="47.016496" lon="9.851823">
        <ele>2594.831395</ele>
        <time>2026-09-12T13:29:30.999Z</time>
      </trkpt>
      <trkpt lat="47.016498" lon="9.851840">
        <ele>2594.624562</ele>
        <time>2026-09-12T13:29:31.999Z</time>
      </trkpt>
      <trkpt lat="47.016500" lon="9.851856">
        <ele>2594.429534</ele>
        <time>2026-09-12T13:29:32.999Z</time>
      </trkpt>
      <trkpt lat="47.016501" lon="9.851872">
        <ele>2594.236898</ele>
        <time>2026-09-12T13:29:33.999Z</time>
      </trkpt>
      <trkpt lat="47.016504" lon="9.851885">
        <ele>2594.072349</ele>
        <time>2026-09-12T13:29:34.999Z</time>
      </trkpt>
      <trkpt lat="47.016509" lon="9.851897">
        <ele>2593.903735</ele>
        <time>2026-09-12T13:29:35.999Z</time>
      </trkpt>
      <trkpt lat="47.016513" lon="9.851905">
        <ele>2593.784791</ele>
        <time>2026-09-12T13:29:36.999Z</time>
      </trkpt>
      <trkpt lat="47.016518" lon="9.851911">
        <ele>2593.671186</ele>
        <time>2026-09-12T13:29:37.999Z</time>
      </trkpt>
      <trkpt lat="47.016523" lon="9.851919">
        <ele>2593.541068</ele>
        <time>2026-09-12T13:29:38.999Z</time>
      </trkpt>
      <trkpt lat="47.016529" lon="9.851933">
        <ele>2593.342807</ele>
        <time>2026-09-12T13:29:39.999Z</time>
      </trkpt>
      <trkpt lat="47.016533" lon="9.851949">
        <ele>2593.138486</ele>
        <time>2026-09-12T13:29:40.999Z</time>
      </trkpt>
      <trkpt lat="47.016536" lon="9.851967">
        <ele>2592.916322</ele>
        <time>2026-09-12T13:29:41.999Z</time>
      </trkpt>
      <trkpt lat="47.016536" lon="9.851984">
        <ele>2592.712501</ele>
        <time>2026-09-12T13:29:42.999Z</time>
      </trkpt>
      <trkpt lat="47.016536" lon="9.852000">
        <ele>2592.520670</ele>
        <time>2026-09-12T13:29:43.999Z</time>
      </trkpt>
      <trkpt lat="47.016537" lon="9.852013">
        <ele>2592.363818</ele>
        <time>2026-09-12T13:29:44.999Z</time>
      </trkpt>
      <trkpt lat="47.016538" lon="9.852027">
        <ele>2592.195048</ele>
        <time>2026-09-12T13:29:45.999Z</time>
      </trkpt>
      <trkpt lat="47.016541" lon="9.852042">
        <ele>2592.007628</ele>
        <time>2026-09-12T13:29:46.999Z</time>
      </trkpt>
      <trkpt lat="47.016544" lon="9.852058">
        <ele>2591.808675</ele>
        <time>2026-09-12T13:29:47.999Z</time>
      </trkpt>
      <trkpt lat="47.016545" lon="9.852075">
        <ele>2591.604097</ele>
        <time>2026-09-12T13:29:48.999Z</time>
      </trkpt>
      <trkpt lat="47.016544" lon="9.852092">
        <ele>2591.399519</ele>
        <time>2026-09-12T13:29:49.999Z</time>
      </trkpt>
      <trkpt lat="47.016541" lon="9.852108">
        <ele>2591.200566</ele>
        <time>2026-09-12T13:29:50.999Z</time>
      </trkpt>
      <trkpt lat="47.016538" lon="9.852122">
        <ele>2591.024618</ele>
        <time>2026-09-12T13:29:51.999Z</time>
      </trkpt>
      <trkpt lat="47.016536" lon="9.852137">
        <ele>2590.841370</ele>
        <time>2026-09-12T13:29:52.999Z</time>
      </trkpt>
      <trkpt lat="47.016534" lon="9.852151">
        <ele>2590.669873</ele>
        <time>2026-09-12T13:29:53.999Z</time>
      </trkpt>
      <trkpt lat="47.016532" lon="9.852166">
        <ele>2590.486624</ele>
        <time>2026-09-12T13:29:54.999Z</time>
      </trkpt>
      <trkpt lat="47.016529" lon="9.852180">
        <ele>2590.310676</ele>
        <time>2026-09-12T13:29:55.999Z</time>
      </trkpt>
      <trkpt lat="47.016525" lon="9.852194">
        <ele>2590.128681</ele>
        <time>2026-09-12T13:29:56.999Z</time>
      </trkpt>
      <trkpt lat="47.016520" lon="9.852207">
        <ele>2589.949728</ele>
        <time>2026-09-12T13:29:57.999Z</time>
      </trkpt>
      <trkpt lat="47.016515" lon="9.852219">
        <ele>2589.781114</ele>
        <time>2026-09-12T13:29:58.999Z</time>
      </trkpt>
      <trkpt lat="47.016510" lon="9.852232">
        <ele>2589.602161</ele>
        <time>2026-09-12T13:29:59.999Z</time>
      </trkpt>
      <trkpt lat="47.016505" lon="9.852243">
        <ele>2589.443654</ele>
        <time>2026-09-12T13:30:00.999Z</time>
      </trkpt>
      <trkpt lat="47.016501" lon="9.852251">
        <ele>2589.324710</ele>
        <time>2026-09-12T13:30:01.999Z</time>
      </trkpt>
      <trkpt lat="47.016499" lon="9.852259">
        <ele>2589.222549</ele>
        <time>2026-09-12T13:30:02.999Z</time>
      </trkpt>
      <trkpt lat="47.016498" lon="9.852268">
        <ele>2589.113220</ele>
        <time>2026-09-12T13:30:03.999Z</time>
      </trkpt>
      <trkpt lat="47.016496" lon="9.852279">
        <ele>2588.976727</ele>
        <time>2026-09-12T13:30:04.999Z</time>
      </trkpt>
      <trkpt lat="47.016493" lon="9.852289">
        <ele>2588.845739</ele>
        <time>2026-09-12T13:30:05.999Z</time>
      </trkpt>
      <trkpt lat="47.016491" lon="9.852299">
        <ele>2588.720792</ele>
        <time>2026-09-12T13:30:06.999Z</time>
      </trkpt>
      <trkpt lat="47.016489" lon="9.852310">
        <ele>2588.584299</ele>
        <time>2026-09-12T13:30:07.999Z</time>
      </trkpt>
      <trkpt lat="47.016488" lon="9.852319">
        <ele>2588.474971</ele>
        <time>2026-09-12T13:30:08.999Z</time>
      </trkpt>
      <trkpt lat="47.016486" lon="9.852329">
        <ele>2588.350024</ele>
        <time>2026-09-12T13:30:09.999Z</time>
      </trkpt>
      <trkpt lat="47.016484" lon="9.852338">
        <ele>2588.236532</ele>
        <time>2026-09-12T13:30:10.999Z</time>
      </trkpt>
      <trkpt lat="47.016481" lon="9.852346">
        <ele>2588.127065</ele>
        <time>2026-09-12T13:30:11.999Z</time>
      </trkpt>
      <trkpt lat="47.016480" lon="9.852354">
        <ele>2588.029550</ele>
        <time>2026-09-12T13:30:12.999Z</time>
      </trkpt>
      <trkpt lat="47.016482" lon="9.852360">
        <ele>2587.949476</ele>
        <time>2026-09-12T13:30:13.999Z</time>
      </trkpt>
      <trkpt lat="47.016486" lon="9.852367">
        <ele>2587.839971</ele>
        <time>2026-09-12T13:30:14.999Z</time>
      </trkpt>
      <trkpt lat="47.016492" lon="9.852375">
        <ele>2587.697378</ele>
        <time>2026-09-12T13:30:15.999Z</time>
      </trkpt>
      <trkpt lat="47.016497" lon="9.852383">
        <ele>2587.567260</ele>
        <time>2026-09-12T13:30:16.999Z</time>
      </trkpt>
      <trkpt lat="47.016502" lon="9.852392">
        <ele>2587.428067</ele>
        <time>2026-09-12T13:30:17.999Z</time>
      </trkpt>
      <trkpt lat="47.016507" lon="9.852401">
        <ele>2587.288874</ele>
        <time>2026-09-12T13:30:18.999Z</time>
      </trkpt>
      <trkpt lat="47.016511" lon="9.852413">
        <ele>2587.128726</ele>
        <time>2026-09-12T13:30:19.999Z</time>
      </trkpt>
      <trkpt lat="47.016514" lon="9.852425">
        <ele>2586.975485</ele>
        <time>2026-09-12T13:30:20.999Z</time>
      </trkpt>
      <trkpt lat="47.016517" lon="9.852437">
        <ele>2586.822244</ele>
        <time>2026-09-12T13:30:21.999Z</time>
      </trkpt>
      <trkpt lat="47.016517" lon="9.852451">
        <ele>2586.654392</ele>
        <time>2026-09-12T13:30:22.999Z</time>
      </trkpt>
      <trkpt lat="47.016516" lon="9.852468">
        <ele>2586.449814</ele>
        <time>2026-09-12T13:30:23.999Z</time>
      </trkpt>
      <trkpt lat="47.016512" lon="9.852484">
        <ele>2586.245493</ele>
        <time>2026-09-12T13:30:24.999Z</time>
      </trkpt>
      <trkpt lat="47.016502" lon="9.852498">
        <ele>2586.002391</ele>
        <time>2026-09-12T13:30:25.999Z</time>
      </trkpt>
      <trkpt lat="47.016490" lon="9.852507">
        <ele>2585.765379</ele>
        <time>2026-09-12T13:30:26.999Z</time>
      </trkpt>
      <trkpt lat="47.016479" lon="9.852514">
        <ele>2585.554519</ele>
        <time>2026-09-12T13:30:27.999Z</time>
      </trkpt>
      <trkpt lat="47.016468" lon="9.852524">
        <ele>2585.326938</ele>
        <time>2026-09-12T13:30:28.999Z</time>
      </trkpt>
      <trkpt lat="47.016460" lon="9.852536">
        <ele>2585.125714</ele>
        <time>2026-09-12T13:30:29.999Z</time>
      </trkpt>
      <trkpt lat="47.016452" lon="9.852550">
        <ele>2584.906702</ele>
        <time>2026-09-12T13:30:30.999Z</time>
      </trkpt>
      <trkpt lat="47.016445" lon="9.852563">
        <ele>2584.708092</ele>
        <time>2026-09-12T13:30:31.999Z</time>
      </trkpt>
      <trkpt lat="47.016437" lon="9.852574">
        <ele>2584.515257</ele>
        <time>2026-09-12T13:30:32.999Z</time>
      </trkpt>
      <trkpt lat="47.016432" lon="9.852586">
        <ele>2584.346643</ele>
        <time>2026-09-12T13:30:33.999Z</time>
      </trkpt>
      <trkpt lat="47.016428" lon="9.852598">
        <ele>2584.186495</ele>
        <time>2026-09-12T13:30:34.999Z</time>
      </trkpt>
      <trkpt lat="47.016425" lon="9.852611">
        <ele>2584.021946</ele>
        <time>2026-09-12T13:30:35.999Z</time>
      </trkpt>
      <trkpt lat="47.016424" lon="9.852625">
        <ele>2583.853174</ele>
        <time>2026-09-12T13:30:36.999Z</time>
      </trkpt>
      <trkpt lat="47.016425" lon="9.852639">
        <ele>2583.684403</ele>
        <time>2026-09-12T13:30:37.999Z</time>
      </trkpt>
      <trkpt lat="47.016426" lon="9.852654">
        <ele>2583.503703</ele>
        <time>2026-09-12T13:30:38.999Z</time>
      </trkpt>
      <trkpt lat="47.016426" lon="9.852669">
        <ele>2583.323861</ele>
        <time>2026-09-12T13:30:39.999Z</time>
      </trkpt>
      <trkpt lat="47.016426" lon="9.852683">
        <ele>2583.156009</ele>
        <time>2026-09-12T13:30:40.999Z</time>
      </trkpt>
      <trkpt lat="47.016428" lon="9.852696">
        <ele>2582.996227</ele>
        <time>2026-09-12T13:30:41.999Z</time>
      </trkpt>
      <trkpt lat="47.016434" lon="9.852706">
        <ele>2582.836516</ele>
        <time>2026-09-12T13:30:42.999Z</time>
      </trkpt>
      <trkpt lat="47.016442" lon="9.852710">
        <ele>2582.687884</ele>
        <time>2026-09-12T13:30:43.999Z</time>
      </trkpt>
      <trkpt lat="47.016450" lon="9.852710">
        <ele>2582.547201</ele>
        <time>2026-09-12T13:30:44.999Z</time>
      </trkpt>
      <trkpt lat="47.016458" lon="9.852711">
        <ele>2582.406009</ele>
        <time>2026-09-12T13:30:45.999Z</time>
      </trkpt>
      <trkpt lat="47.016465" lon="9.852716">
        <ele>2582.269091</ele>
        <time>2026-09-12T13:30:46.999Z</time>
      </trkpt>
      <trkpt lat="47.016473" lon="9.852725">
        <ele>2582.091791</ele>
        <time>2026-09-12T13:30:47.999Z</time>
      </trkpt>
      <trkpt lat="47.016482" lon="9.852738">
        <ele>2581.869661</ele>
        <time>2026-09-12T13:30:48.999Z</time>
      </trkpt>
      <trkpt lat="47.016490" lon="9.852753">
        <ele>2581.641331</ele>
        <time>2026-09-12T13:30:49.999Z</time>
      </trkpt>
      <trkpt lat="47.016499" lon="9.852769">
        <ele>2581.392638</ele>
        <time>2026-09-12T13:30:50.999Z</time>
      </trkpt>
      <trkpt lat="47.016507" lon="9.852785">
        <ele>2581.154750</ele>
        <time>2026-09-12T13:30:51.999Z</time>
      </trkpt>
      <trkpt lat="47.016516" lon="9.852799">
        <ele>2580.924049</ele>
        <time>2026-09-12T13:30:52.999Z</time>
      </trkpt>
      <trkpt lat="47.016526" lon="9.852812">
        <ele>2580.689064</ele>
        <time>2026-09-12T13:30:53.999Z</time>
      </trkpt>
      <trkpt lat="47.016536" lon="9.852826">
        <ele>2580.445962</ele>
        <time>2026-09-12T13:30:54.999Z</time>
      </trkpt>
      <trkpt lat="47.016546" lon="9.852841">
        <ele>2580.194432</ele>
        <time>2026-09-12T13:30:55.999Z</time>
      </trkpt>
      <trkpt lat="47.016556" lon="9.852858">
        <ele>2579.925235</ele>
        <time>2026-09-12T13:30:56.999Z</time>
      </trkpt>
      <trkpt lat="47.016567" lon="9.852875">
        <ele>2579.644235</ele>
        <time>2026-09-12T13:30:57.999Z</time>
      </trkpt>
      <trkpt lat="47.016577" lon="9.852893">
        <ele>2579.365850</ele>
        <time>2026-09-12T13:30:58.999Z</time>
      </trkpt>
      <trkpt lat="47.016588" lon="9.852912">
        <ele>2579.067000</ele>
        <time>2026-09-12T13:30:59.999Z</time>
      </trkpt>
      <trkpt lat="47.016598" lon="9.852931">
        <ele>2578.779221</ele>
        <time>2026-09-12T13:31:00.999Z</time>
      </trkpt>
      <trkpt lat="47.016608" lon="9.852953">
        <ele>2578.462208</ele>
        <time>2026-09-12T13:31:01.999Z</time>
      </trkpt>
      <trkpt lat="47.016618" lon="9.852976">
        <ele>2578.135151</ele>
        <time>2026-09-12T13:31:02.999Z</time>
      </trkpt>
      <trkpt lat="47.016626" lon="9.852999">
        <ele>2577.825581</ele>
        <time>2026-09-12T13:31:03.999Z</time>
      </trkpt>
      <trkpt lat="47.016632" lon="9.853020">
        <ele>2577.552589</ele>
        <time>2026-09-12T13:31:04.999Z</time>
      </trkpt>
      <trkpt lat="47.016637" lon="9.853041">
        <ele>2577.299192</ele>
        <time>2026-09-12T13:31:05.999Z</time>
      </trkpt>
      <trkpt lat="47.016641" lon="9.853062">
        <ele>2577.063042</ele>
        <time>2026-09-12T13:31:06.999Z</time>
      </trkpt>
      <trkpt lat="47.016646" lon="9.853083">
        <ele>2576.822130</ele>
        <time>2026-09-12T13:31:07.999Z</time>
      </trkpt>
      <trkpt lat="47.016652" lon="9.853103">
        <ele>2576.585477</ele>
        <time>2026-09-12T13:31:08.999Z</time>
      </trkpt>
      <trkpt lat="47.016658" lon="9.853122">
        <ele>2576.358696</ele>
        <time>2026-09-12T13:31:09.999Z</time>
      </trkpt>
      <trkpt lat="47.016666" lon="9.853139">
        <ele>2576.134977</ele>
        <time>2026-09-12T13:31:10.999Z</time>
      </trkpt>
      <trkpt lat="47.016676" lon="9.853153">
        <ele>2575.915373</ele>
        <time>2026-09-12T13:31:11.999Z</time>
      </trkpt>
      <trkpt lat="47.016687" lon="9.853165">
        <ele>2575.697599</ele>
        <time>2026-09-12T13:31:12.999Z</time>
      </trkpt>
      <trkpt lat="47.016699" lon="9.853174">
        <ele>2575.483497</ele>
        <time>2026-09-12T13:31:13.999Z</time>
      </trkpt>
      <trkpt lat="47.016712" lon="9.853178">
        <ele>2575.272490</ele>
        <time>2026-09-12T13:31:14.999Z</time>
      </trkpt>
      <trkpt lat="47.016725" lon="9.853177">
        <ele>2575.065695</ele>
        <time>2026-09-12T13:31:15.999Z</time>
      </trkpt>
      <trkpt lat="47.016737" lon="9.853175">
        <ele>2574.873842</ele>
        <time>2026-09-12T13:31:16.999Z</time>
      </trkpt>
      <trkpt lat="47.016749" lon="9.853177">
        <ele>2574.681989</ele>
        <time>2026-09-12T13:31:17.999Z</time>
      </trkpt>
      <trkpt lat="47.016761" lon="9.853182">
        <ele>2574.483820</ele>
        <time>2026-09-12T13:31:18.999Z</time>
      </trkpt>
      <trkpt lat="47.016774" lon="9.853187">
        <ele>2574.270326</ele>
        <time>2026-09-12T13:31:19.999Z</time>
      </trkpt>
      <trkpt lat="47.016787" lon="9.853191">
        <ele>2574.059320</ele>
        <time>2026-09-12T13:31:20.999Z</time>
      </trkpt>
      <trkpt lat="47.016800" lon="9.853194">
        <ele>2573.850267</ele>
        <time>2026-09-12T13:31:21.999Z</time>
      </trkpt>
      <trkpt lat="47.016813" lon="9.853197">
        <ele>2573.641215</ele>
        <time>2026-09-12T13:31:22.999Z</time>
      </trkpt>
      <trkpt lat="47.016825" lon="9.853200">
        <ele>2573.447840</ele>
        <time>2026-09-12T13:31:23.999Z</time>
      </trkpt>
      <trkpt lat="47.016837" lon="9.853205">
        <ele>2573.249671</ele>
        <time>2026-09-12T13:31:24.999Z</time>
      </trkpt>
      <trkpt lat="47.016848" lon="9.853215">
        <ele>2573.044088</ele>
        <time>2026-09-12T13:31:25.999Z</time>
      </trkpt>
      <trkpt lat="47.016857" lon="9.853230">
        <ele>2572.827680</ele>
        <time>2026-09-12T13:31:26.999Z</time>
      </trkpt>
      <trkpt lat="47.016864" lon="9.853246">
        <ele>2572.621783</ele>
        <time>2026-09-12T13:31:27.999Z</time>
      </trkpt>
      <trkpt lat="47.016874" lon="9.853259">
        <ele>2572.409513</ele>
        <time>2026-09-12T13:31:28.999Z</time>
      </trkpt>
      <trkpt lat="47.016887" lon="9.853266">
        <ele>2572.189524</ele>
        <time>2026-09-12T13:31:29.999Z</time>
      </trkpt>
      <trkpt lat="47.016901" lon="9.853268">
        <ele>2571.966075</ele>
        <time>2026-09-12T13:31:30.999Z</time>
      </trkpt>
      <trkpt lat="47.016915" lon="9.853267">
        <ele>2571.743414</ele>
        <time>2026-09-12T13:31:31.999Z</time>
      </trkpt>
      <trkpt lat="47.016929" lon="9.853269">
        <ele>2571.519964</ele>
        <time>2026-09-12T13:31:32.999Z</time>
      </trkpt>
      <trkpt lat="47.016942" lon="9.853278">
        <ele>2571.291604</ele>
        <time>2026-09-12T13:31:33.999Z</time>
      </trkpt>
      <trkpt lat="47.016952" lon="9.853293">
        <ele>2571.064388</ele>
        <time>2026-09-12T13:31:34.999Z</time>
      </trkpt>
      <trkpt lat="47.016961" lon="9.853310">
        <ele>2570.831279</ele>
        <time>2026-09-12T13:31:35.999Z</time>
      </trkpt>
      <trkpt lat="47.016970" lon="9.853326">
        <ele>2570.606627</ele>
        <time>2026-09-12T13:31:36.999Z</time>
      </trkpt>
      <trkpt lat="47.016979" lon="9.853343">
        <ele>2570.373518</ele>
        <time>2026-09-12T13:31:37.999Z</time>
      </trkpt>
      <trkpt lat="47.016985" lon="9.853361">
        <ele>2570.156517</ele>
        <time>2026-09-12T13:31:38.999Z</time>
      </trkpt>
      <trkpt lat="47.016989" lon="9.853380">
        <ele>2569.941151</ele>
        <time>2026-09-12T13:31:39.999Z</time>
      </trkpt>
      <trkpt lat="47.016993" lon="9.853398">
        <ele>2569.736109</ele>
        <time>2026-09-12T13:31:40.999Z</time>
      </trkpt>
      <trkpt lat="47.016998" lon="9.853415">
        <ele>2569.535590</ele>
        <time>2026-09-12T13:31:41.999Z</time>
      </trkpt>
      <trkpt lat="47.017006" lon="9.853430">
        <ele>2569.329331</ele>
        <time>2026-09-12T13:31:42.999Z</time>
      </trkpt>
      <trkpt lat="47.017016" lon="9.853441">
        <ele>2569.130766</ele>
        <time>2026-09-12T13:31:43.999Z</time>
      </trkpt>
      <trkpt lat="47.017029" lon="9.853446">
        <ele>2568.917272</ele>
        <time>2026-09-12T13:31:44.999Z</time>
      </trkpt>
      <trkpt lat="47.017042" lon="9.853447">
        <ele>2568.710477</ele>
        <time>2026-09-12T13:31:45.999Z</time>
      </trkpt>
      <trkpt lat="47.017055" lon="9.853443">
        <ele>2568.499470</ele>
        <time>2026-09-12T13:31:46.999Z</time>
      </trkpt>
      <trkpt lat="47.017067" lon="9.853438">
        <ele>2568.301301</ele>
        <time>2026-09-12T13:31:47.999Z</time>
      </trkpt>
      <trkpt lat="47.017080" lon="9.853431">
        <ele>2568.081313</ele>
        <time>2026-09-12T13:31:48.999Z</time>
      </trkpt>
      <trkpt lat="47.017094" lon="9.853426">
        <ele>2567.852418</ele>
        <time>2026-09-12T13:31:49.999Z</time>
      </trkpt>
      <trkpt lat="47.017109" lon="9.853428">
        <ele>2567.613153</ele>
        <time>2026-09-12T13:31:50.999Z</time>
      </trkpt>
      <trkpt lat="47.017122" lon="9.853437">
        <ele>2567.384793</ele>
        <time>2026-09-12T13:31:51.999Z</time>
      </trkpt>
      <trkpt lat="47.017134" lon="9.853451">
        <ele>2567.141218</ele>
        <time>2026-09-12T13:31:52.999Z</time>
      </trkpt>
      <trkpt lat="47.017147" lon="9.853465">
        <ele>2566.885020</ele>
        <time>2026-09-12T13:31:53.999Z</time>
      </trkpt>
      <trkpt lat="47.017161" lon="9.853476">
        <ele>2566.632723</ele>
        <time>2026-09-12T13:31:54.999Z</time>
      </trkpt>
      <trkpt lat="47.017176" lon="9.853486">
        <ele>2566.370982</ele>
        <time>2026-09-12T13:31:55.999Z</time>
      </trkpt>
      <trkpt lat="47.017192" lon="9.853494">
        <ele>2566.102452</ele>
        <time>2026-09-12T13:31:56.999Z</time>
      </trkpt>
      <trkpt lat="47.017208" lon="9.853503">
        <ele>2565.830234</ele>
        <time>2026-09-12T13:31:57.999Z</time>
      </trkpt>
      <trkpt lat="47.017224" lon="9.853515">
        <ele>2565.544765</ele>
        <time>2026-09-12T13:31:58.999Z</time>
      </trkpt>
      <trkpt lat="47.017240" lon="9.853528">
        <ele>2565.254205</ele>
        <time>2026-09-12T13:31:59.999Z</time>
      </trkpt>
      <trkpt lat="47.017257" lon="9.853540">
        <ele>2564.954506</ele>
        <time>2026-09-12T13:32:00.999Z</time>
      </trkpt>
      <trkpt lat="47.017272" lon="9.853551">
        <ele>2564.688101</ele>
        <time>2026-09-12T13:32:01.999Z</time>
      </trkpt>
      <trkpt lat="47.017286" lon="9.853563">
        <ele>2564.430513</ele>
        <time>2026-09-12T13:32:02.999Z</time>
      </trkpt>
      <trkpt lat="47.017298" lon="9.853577">
        <ele>2564.186938</ele>
        <time>2026-09-12T13:32:03.999Z</time>
      </trkpt>
      <trkpt lat="47.017309" lon="9.853593">
        <ele>2563.940844</ele>
        <time>2026-09-12T13:32:04.999Z</time>
      </trkpt>
      <trkpt lat="47.017317" lon="9.853609">
        <ele>2563.725952</ele>
        <time>2026-09-12T13:32:05.999Z</time>
      </trkpt>
      <trkpt lat="47.017325" lon="9.853626">
        <ele>2563.502235</ele>
        <time>2026-09-12T13:32:06.999Z</time>
      </trkpt>
      <trkpt lat="47.017331" lon="9.853643">
        <ele>2563.294911</ele>
        <time>2026-09-12T13:32:07.999Z</time>
      </trkpt>
      <trkpt lat="47.017337" lon="9.853661">
        <ele>2563.077911</ele>
        <time>2026-09-12T13:32:08.999Z</time>
      </trkpt>
      <trkpt lat="47.017343" lon="9.853678">
        <ele>2562.870586</ele>
        <time>2026-09-12T13:32:09.999Z</time>
      </trkpt>
      <trkpt lat="47.017351" lon="9.853692">
        <ele>2562.672746</ele>
        <time>2026-09-12T13:32:10.999Z</time>
      </trkpt>
      <trkpt lat="47.017360" lon="9.853705">
        <ele>2562.472089</ele>
        <time>2026-09-12T13:32:11.999Z</time>
      </trkpt>
      <trkpt lat="47.017369" lon="9.853716">
        <ele>2562.285989</ele>
        <time>2026-09-12T13:32:12.999Z</time>
      </trkpt>
      <trkpt lat="47.017379" lon="9.853727">
        <ele>2562.087424</ele>
        <time>2026-09-12T13:32:13.999Z</time>
      </trkpt>
      <trkpt lat="47.017387" lon="9.853738">
        <ele>2561.913231</ele>
        <time>2026-09-12T13:32:14.999Z</time>
      </trkpt>
      <trkpt lat="47.017395" lon="9.853751">
        <ele>2561.723564</ele>
        <time>2026-09-12T13:32:15.999Z</time>
      </trkpt>
      <trkpt lat="47.017399" lon="9.853767">
        <ele>2561.538995</ele>
        <time>2026-09-12T13:32:16.999Z</time>
      </trkpt>
      <trkpt lat="47.017398" lon="9.853786">
        <ele>2561.332606</ele>
        <time>2026-09-12T13:32:17.999Z</time>
      </trkpt>
      <trkpt lat="47.017393" lon="9.853803">
        <ele>2561.132088</ele>
        <time>2026-09-12T13:32:18.999Z</time>
      </trkpt>
      <trkpt lat="47.017388" lon="9.853817">
        <ele>2560.960918</ele>
        <time>2026-09-12T13:32:19.999Z</time>
      </trkpt>
      <trkpt lat="47.017385" lon="9.853828">
        <ele>2560.832606</ele>
        <time>2026-09-12T13:32:20.999Z</time>
      </trkpt>
      <trkpt lat="47.017383" lon="9.853840">
        <ele>2560.698814</ele>
        <time>2026-09-12T13:32:21.999Z</time>
      </trkpt>
      <trkpt lat="47.017381" lon="9.853854">
        <ele>2560.543896</ele>
        <time>2026-09-12T13:32:22.999Z</time>
      </trkpt>
      <trkpt lat="47.017380" lon="9.853871">
        <ele>2560.359096</ele>
        <time>2026-09-12T13:32:23.999Z</time>
      </trkpt>
      <trkpt lat="47.017378" lon="9.853891">
        <ele>2560.140171</ele>
        <time>2026-09-12T13:32:24.999Z</time>
      </trkpt>
      <trkpt lat="47.017375" lon="9.853910">
        <ele>2559.928947</ele>
        <time>2026-09-12T13:32:25.999Z</time>
      </trkpt>
      <trkpt lat="47.017373" lon="9.853927">
        <ele>2559.742110</ele>
        <time>2026-09-12T13:32:26.999Z</time>
      </trkpt>
      <trkpt lat="47.017374" lon="9.853942">
        <ele>2559.578879</ele>
        <time>2026-09-12T13:32:27.999Z</time>
      </trkpt>
      <trkpt lat="47.017377" lon="9.853952">
        <ele>2559.460554</ele>
        <time>2026-09-12T13:32:28.999Z</time>
      </trkpt>
      <trkpt lat="47.017380" lon="9.853958">
        <ele>2559.379970</ele>
        <time>2026-09-12T13:32:29.999Z</time>
      </trkpt>
      <trkpt lat="47.017386" lon="9.853963">
        <ele>2559.270348</ele>
        <time>2026-09-12T13:32:30.999Z</time>
      </trkpt>
      <trkpt lat="47.017395" lon="9.853969">
        <ele>2559.113303</ele>
        <time>2026-09-12T13:32:31.999Z</time>
      </trkpt>
      <trkpt lat="47.017405" lon="9.853976">
        <ele>2558.937285</ele>
        <time>2026-09-12T13:32:32.999Z</time>
      </trkpt>
      <trkpt lat="47.017415" lon="9.853984">
        <ele>2558.756337</ele>
        <time>2026-09-12T13:32:33.999Z</time>
      </trkpt>
      <trkpt lat="47.017426" lon="9.853990">
        <ele>2558.569905</ele>
        <time>2026-09-12T13:32:34.999Z</time>
      </trkpt>
      <trkpt lat="47.017438" lon="9.853996">
        <ele>2558.368507</ele>
        <time>2026-09-12T13:32:35.999Z</time>
      </trkpt>
      <trkpt lat="47.017450" lon="9.854004">
        <ele>2558.159114</ele>
        <time>2026-09-12T13:32:36.999Z</time>
      </trkpt>
      <trkpt lat="47.017463" lon="9.854012">
        <ele>2557.935163</ele>
        <time>2026-09-12T13:32:37.999Z</time>
      </trkpt>
      <trkpt lat="47.017475" lon="9.854020">
        <ele>2557.725771</ele>
        <time>2026-09-12T13:32:38.999Z</time>
      </trkpt>
      <trkpt lat="47.017487" lon="9.854031">
        <ele>2557.500979</ele>
        <time>2026-09-12T13:32:39.999Z</time>
      </trkpt>
      <trkpt lat="47.017497" lon="9.854045">
        <ele>2557.281377</ele>
        <time>2026-09-12T13:32:40.999Z</time>
      </trkpt>
      <trkpt lat="47.017506" lon="9.854061">
        <ele>2557.056726</ele>
        <time>2026-09-12T13:32:41.999Z</time>
      </trkpt>
      <trkpt lat="47.017513" lon="9.854078">
        <ele>2556.841635</ele>
        <time>2026-09-12T13:32:42.999Z</time>
      </trkpt>
      <trkpt lat="47.017518" lon="9.854097">
        <ele>2556.621062</ele>
        <time>2026-09-12T13:32:43.999Z</time>
      </trkpt>
      <trkpt lat="47.017518" lon="9.854118">
        <ele>2556.393625</ele>
        <time>2026-09-12T13:32:44.999Z</time>
      </trkpt>
      <trkpt lat="47.017515" lon="9.854138">
        <ele>2556.171837</ele>
        <time>2026-09-12T13:32:45.999Z</time>
      </trkpt>
      <trkpt lat="47.017512" lon="9.854157">
        <ele>2555.960614</ele>
        <time>2026-09-12T13:32:46.999Z</time>
      </trkpt>
      <trkpt lat="47.017511" lon="9.854176">
        <ele>2555.754225</ele>
        <time>2026-09-12T13:32:47.999Z</time>
      </trkpt>
      <trkpt lat="47.017512" lon="9.854196">
        <ele>2555.537037</ele>
        <time>2026-09-12T13:32:48.999Z</time>
      </trkpt>
      <trkpt lat="47.017512" lon="9.854215">
        <ele>2555.331260</ele>
        <time>2026-09-12T13:32:49.999Z</time>
      </trkpt>
      <trkpt lat="47.017511" lon="9.854234">
        <ele>2555.124871</ele>
        <time>2026-09-12T13:32:50.999Z</time>
      </trkpt>
      <trkpt lat="47.017510" lon="9.854252">
        <ele>2554.929279</ele>
        <time>2026-09-12T13:32:51.999Z</time>
      </trkpt>
      <trkpt lat="47.017512" lon="9.854268">
        <ele>2554.753105</ele>
        <time>2026-09-12T13:32:52.999Z</time>
      </trkpt>
      <trkpt lat="47.017518" lon="9.854281">
        <ele>2554.583082</ele>
        <time>2026-09-12T13:32:53.999Z</time>
      </trkpt>
      <trkpt lat="47.017529" lon="9.854290">
        <ele>2554.382994</ele>
        <time>2026-09-12T13:32:54.999Z</time>
      </trkpt>
      <trkpt lat="47.017540" lon="9.854297">
        <ele>2554.192516</ele>
        <time>2026-09-12T13:32:55.999Z</time>
      </trkpt>
      <trkpt lat="47.017548" lon="9.854306">
        <ele>2554.032356</ele>
        <time>2026-09-12T13:32:56.999Z</time>
      </trkpt>
      <trkpt lat="47.017555" lon="9.854321">
        <ele>2553.835488</ele>
        <time>2026-09-12T13:32:57.999Z</time>
      </trkpt>
      <trkpt lat="47.017558" lon="9.854340">
        <ele>2553.624265</ele>
        <time>2026-09-12T13:32:58.999Z</time>
      </trkpt>
      <trkpt lat="47.017557" lon="9.854361">
        <ele>2553.396274</ele>
        <time>2026-09-12T13:32:59.999Z</time>
      </trkpt>
      <trkpt lat="47.017553" lon="9.854382">
        <ele>2553.160128</ele>
        <time>2026-09-12T13:33:00.999Z</time>
      </trkpt>
      <trkpt lat="47.017550" lon="9.854401">
        <ele>2552.948905</ele>
        <time>2026-09-12T13:33:01.999Z</time>
      </trkpt>
      <trkpt lat="47.017551" lon="9.854420">
        <ele>2552.742516</ele>
        <time>2026-09-12T13:33:02.999Z</time>
      </trkpt>
      <trkpt lat="47.017558" lon="9.854436">
        <ele>2552.536621</ele>
        <time>2026-09-12T13:33:03.999Z</time>
      </trkpt>
      <trkpt lat="47.017569" lon="9.854448">
        <ele>2552.318848</ele>
        <time>2026-09-12T13:33:04.999Z</time>
      </trkpt>
      <trkpt lat="47.017580" lon="9.854459">
        <ele>2552.107360</ele>
        <time>2026-09-12T13:33:05.999Z</time>
      </trkpt>
      <trkpt lat="47.017587" lon="9.854473">
        <ele>2551.919330</ele>
        <time>2026-09-12T13:33:06.999Z</time>
      </trkpt>
      <trkpt lat="47.017591" lon="9.854490">
        <ele>2551.724558</ele>
        <time>2026-09-12T13:33:07.999Z</time>
      </trkpt>
      <trkpt lat="47.017592" lon="9.854508">
        <ele>2551.528966</ele>
        <time>2026-09-12T13:33:08.999Z</time>
      </trkpt>
      <trkpt lat="47.017591" lon="9.854526">
        <ele>2551.333374</ele>
        <time>2026-09-12T13:33:09.999Z</time>
      </trkpt>
      <trkpt lat="47.017592" lon="9.854542">
        <ele>2551.159362</ele>
        <time>2026-09-12T13:33:10.999Z</time>
      </trkpt>
      <trkpt lat="47.017595" lon="9.854553">
        <ele>2551.031050</ele>
        <time>2026-09-12T13:33:11.999Z</time>
      </trkpt>
      <trkpt lat="47.017602" lon="9.854560">
        <ele>2550.896467</ele>
        <time>2026-09-12T13:33:12.999Z</time>
      </trkpt>
      <trkpt lat="47.017608" lon="9.854565">
        <ele>2550.786845</ele>
        <time>2026-09-12T13:33:13.999Z</time>
      </trkpt>
      <trkpt lat="47.017613" lon="9.854570">
        <ele>2550.690714</ele>
        <time>2026-09-12T13:33:14.999Z</time>
      </trkpt>
      <trkpt lat="47.017616" lon="9.854578">
        <ele>2550.591830</ele>
        <time>2026-09-12T13:33:15.999Z</time>
      </trkpt>
      <trkpt lat="47.017619" lon="9.854589">
        <ele>2550.463518</ele>
        <time>2026-09-12T13:33:16.999Z</time>
      </trkpt>
      <trkpt lat="47.017621" lon="9.854601">
        <ele>2550.329727</ele>
        <time>2026-09-12T13:33:17.999Z</time>
      </trkpt>
      <trkpt lat="47.017624" lon="9.854613">
        <ele>2550.191301</ele>
        <time>2026-09-12T13:33:18.999Z</time>
      </trkpt>
      <trkpt lat="47.017628" lon="9.854627">
        <ele>2550.026900</ele>
        <time>2026-09-12T13:33:19.999Z</time>
      </trkpt>
      <trkpt lat="47.017633" lon="9.854643">
        <ele>2549.836279</ele>
        <time>2026-09-12T13:33:20.999Z</time>
      </trkpt>
      <trkpt lat="47.017637" lon="9.854662">
        <ele>2549.620916</ele>
        <time>2026-09-12T13:33:21.999Z</time>
      </trkpt>
      <trkpt lat="47.017641" lon="9.854680">
        <ele>2549.415875</ele>
        <time>2026-09-12T13:33:22.999Z</time>
      </trkpt>
      <trkpt lat="47.017647" lon="9.854697">
        <ele>2549.208552</ele>
        <time>2026-09-12T13:33:23.999Z</time>
      </trkpt>
      <trkpt lat="47.017654" lon="9.854712">
        <ele>2549.011685</ele>
        <time>2026-09-12T13:33:24.999Z</time>
      </trkpt>
      <trkpt lat="47.017661" lon="9.854727">
        <ele>2548.792852</ele>
        <time>2026-09-12T13:33:25.999Z</time>
      </trkpt>
      <trkpt lat="47.017667" lon="9.854742">
        <ele>2548.490278</ele>
        <time>2026-09-12T13:33:26.999Z</time>
      </trkpt>
      <trkpt lat="47.017673" lon="9.854754">
        <ele>2548.231372</ele>
        <time>2026-09-12T13:33:27.999Z</time>
      </trkpt>
      <trkpt lat="47.017681" lon="9.854764">
        <ele>2547.963141</ele>
        <time>2026-09-12T13:33:28.999Z</time>
      </trkpt>
      <trkpt lat="47.017686" lon="9.854773">
        <ele>2547.761153</ele>
        <time>2026-09-12T13:33:29.999Z</time>
      </trkpt>
      <trkpt lat="47.017689" lon="9.854785">
        <ele>2547.538781</ele>
        <time>2026-09-12T13:33:30.999Z</time>
      </trkpt>
      <trkpt lat="47.017689" lon="9.854799">
        <ele>2547.295207</ele>
        <time>2026-09-12T13:33:31.999Z</time>
      </trkpt>
      <trkpt lat="47.017691" lon="9.854813">
        <ele>2547.046342</ele>
        <time>2026-09-12T13:33:32.999Z</time>
      </trkpt>
      <trkpt lat="47.017697" lon="9.854823">
        <ele>2546.814580</ele>
        <time>2026-09-12T13:33:33.999Z</time>
      </trkpt>
      <trkpt lat="47.017706" lon="9.854825">
        <ele>2546.582288</ele>
        <time>2026-09-12T13:33:34.999Z</time>
      </trkpt>
      <trkpt lat="47.017717" lon="9.854819">
        <ele>2546.282797</ele>
        <time>2026-09-12T13:33:35.999Z</time>
      </trkpt>
      <trkpt lat="47.017730" lon="9.854813">
        <ele>2545.935013</ele>
        <time>2026-09-12T13:33:36.999Z</time>
      </trkpt>
      <trkpt lat="47.017742" lon="9.854811">
        <ele>2545.626814</ele>
        <time>2026-09-12T13:33:37.999Z</time>
      </trkpt>
      <trkpt lat="47.017753" lon="9.854812">
        <ele>2545.345566</ele>
        <time>2026-09-12T13:33:38.999Z</time>
      </trkpt>
      <trkpt lat="47.017761" lon="9.854813">
        <ele>2545.140673</ele>
        <time>2026-09-12T13:33:39.999Z</time>
      </trkpt>
      <trkpt lat="47.017766" lon="9.854817">
        <ele>2544.995334</ele>
        <time>2026-09-12T13:33:40.999Z</time>
      </trkpt>
      <trkpt lat="47.017769" lon="9.854826">
        <ele>2544.821037</ele>
        <time>2026-09-12T13:33:41.999Z</time>
      </trkpt>
      <trkpt lat="47.017771" lon="9.854841">
        <ele>2544.555120</ele>
        <time>2026-09-12T13:33:42.999Z</time>
      </trkpt>
      <trkpt lat="47.017773" lon="9.854857">
        <ele>2544.272110</ele>
        <time>2026-09-12T13:33:43.999Z</time>
      </trkpt>
      <trkpt lat="47.017774" lon="9.854871">
        <ele>2544.027202</ele>
        <time>2026-09-12T13:33:44.999Z</time>
      </trkpt>
      <trkpt lat="47.017776" lon="9.854884">
        <ele>2543.795339</ele>
        <time>2026-09-12T13:33:45.999Z</time>
      </trkpt>
      <trkpt lat="47.017779" lon="9.854899">
        <ele>2543.523370</ele>
        <time>2026-09-12T13:33:46.999Z</time>
      </trkpt>
      <trkpt lat="47.017781" lon="9.854916">
        <ele>2543.223230</ele>
        <time>2026-09-12T13:33:47.999Z</time>
      </trkpt>
      <trkpt lat="47.017783" lon="9.854934">
        <ele>2542.905931</ele>
        <time>2026-09-12T13:33:48.999Z</time>
      </trkpt>
      <trkpt lat="47.017785" lon="9.854951">
        <ele>2542.605791</ele>
        <time>2026-09-12T13:33:49.999Z</time>
      </trkpt>
      <trkpt lat="47.017786" lon="9.854969">
        <ele>2542.291586</ele>
        <time>2026-09-12T13:33:50.999Z</time>
      </trkpt>
      <trkpt lat="47.017783" lon="9.854988">
        <ele>2541.952272</ele>
        <time>2026-09-12T13:33:51.999Z</time>
      </trkpt>
      <trkpt lat="47.017779" lon="9.855007">
        <ele>2541.606306</ele>
        <time>2026-09-12T13:33:52.999Z</time>
      </trkpt>
      <trkpt lat="47.017774" lon="9.855025">
        <ele>2541.268143</ele>
        <time>2026-09-12T13:33:53.999Z</time>
      </trkpt>
      <trkpt lat="47.017772" lon="9.855043">
        <ele>2540.950845</ele>
        <time>2026-09-12T13:33:54.999Z</time>
      </trkpt>
      <trkpt lat="47.017773" lon="9.855060">
        <ele>2540.653977</ele>
        <time>2026-09-12T13:33:55.999Z</time>
      </trkpt>
      <trkpt lat="47.017777" lon="9.855078">
        <ele>2540.324594</ele>
        <time>2026-09-12T13:33:56.999Z</time>
      </trkpt>
      <trkpt lat="47.017778" lon="9.855098">
        <ele>2539.975697</ele>
        <time>2026-09-12T13:33:57.999Z</time>
      </trkpt>
      <trkpt lat="47.017775" lon="9.855117">
        <ele>2539.636382</ele>
        <time>2026-09-12T13:33:58.999Z</time>
      </trkpt>
      <trkpt lat="47.017771" lon="9.855136">
        <ele>2539.290416</ele>
        <time>2026-09-12T13:33:59.999Z</time>
      </trkpt>
      <trkpt lat="47.017770" lon="9.855153">
        <ele>2538.993548</ele>
        <time>2026-09-12T13:34:00.999Z</time>
      </trkpt>
      <trkpt lat="47.017771" lon="9.855169">
        <ele>2538.714011</ele>
        <time>2026-09-12T13:34:01.999Z</time>
      </trkpt>
      <trkpt lat="47.017775" lon="9.855185">
        <ele>2538.417515</ele>
        <time>2026-09-12T13:34:02.999Z</time>
      </trkpt>
      <trkpt lat="47.017781" lon="9.855200">
        <ele>2538.114942</ele>
        <time>2026-09-12T13:34:03.999Z</time>
      </trkpt>
      <trkpt lat="47.017791" lon="9.855213">
        <ele>2537.773946</ele>
        <time>2026-09-12T13:34:04.999Z</time>
      </trkpt>
      <trkpt lat="47.017802" lon="9.855222">
        <ele>2537.452518</ele>
        <time>2026-09-12T13:34:05.999Z</time>
      </trkpt>
      <trkpt lat="47.017816" lon="9.855224">
        <ele>2537.093561</ele>
        <time>2026-09-12T13:34:06.999Z</time>
      </trkpt>
      <trkpt lat="47.017829" lon="9.855219">
        <ele>2536.750598</ele>
        <time>2026-09-12T13:34:07.999Z</time>
      </trkpt>
      <trkpt lat="47.017842" lon="9.855214">
        <ele>2536.407634</ele>
        <time>2026-09-12T13:34:08.999Z</time>
      </trkpt>
      <trkpt lat="47.017855" lon="9.855216">
        <ele>2536.074067</ele>
        <time>2026-09-12T13:34:09.999Z</time>
      </trkpt>
      <trkpt lat="47.017867" lon="9.855227">
        <ele>2535.712955</ele>
        <time>2026-09-12T13:34:10.999Z</time>
      </trkpt>
      <trkpt lat="47.017879" lon="9.855242">
        <ele>2535.310609</ele>
        <time>2026-09-12T13:34:11.999Z</time>
      </trkpt>
      <trkpt lat="47.017889" lon="9.855258">
        <ele>2534.932969</ele>
        <time>2026-09-12T13:34:12.999Z</time>
      </trkpt>
      <trkpt lat="47.017899" lon="9.855274">
        <ele>2534.555329</ele>
        <time>2026-09-12T13:34:13.999Z</time>
      </trkpt>
      <trkpt lat="47.017908" lon="9.855291">
        <ele>2534.180859</ele>
        <time>2026-09-12T13:34:14.999Z</time>
      </trkpt>
      <trkpt lat="47.017916" lon="9.855308">
        <ele>2533.821475</ele>
        <time>2026-09-12T13:34:15.999Z</time>
      </trkpt>
      <trkpt lat="47.017923" lon="9.855323">
        <ele>2533.505222</ele>
        <time>2026-09-12T13:34:16.999Z</time>
      </trkpt>
      <trkpt lat="47.017930" lon="9.855337">
        <ele>2533.203166</ele>
        <time>2026-09-12T13:34:17.999Z</time>
      </trkpt>
      <trkpt lat="47.017938" lon="9.855348">
        <ele>2532.923337</ele>
        <time>2026-09-12T13:34:18.999Z</time>
      </trkpt>
      <trkpt lat="47.017947" lon="9.855358">
        <ele>2532.635208</ele>
        <time>2026-09-12T13:34:19.999Z</time>
      </trkpt>
      <trkpt lat="47.017954" lon="9.855367">
        <ele>2532.397662</ele>
        <time>2026-09-12T13:34:20.999Z</time>
      </trkpt>
      <trkpt lat="47.017961" lon="9.855374">
        <ele>2532.181463</ele>
        <time>2026-09-12T13:34:21.999Z</time>
      </trkpt>
      <trkpt lat="47.017966" lon="9.855375">
        <ele>2532.052687</ele>
        <time>2026-09-12T13:34:22.999Z</time>
      </trkpt>
      <trkpt lat="47.017972" lon="9.855374">
        <ele>2531.898588</ele>
        <time>2026-09-12T13:34:23.999Z</time>
      </trkpt>
      <trkpt lat="47.017980" lon="9.855375">
        <ele>2531.693695</ele>
        <time>2026-09-12T13:34:24.999Z</time>
      </trkpt>
      <trkpt lat="47.017989" lon="9.855380">
        <ele>2531.448101</ele>
        <time>2026-09-12T13:34:25.999Z</time>
      </trkpt>
      <trkpt lat="47.017998" lon="9.855389">
        <ele>2531.170132</ele>
        <time>2026-09-12T13:34:26.999Z</time>
      </trkpt>
      <trkpt lat="47.018006" lon="9.855401">
        <ele>2530.878128</ele>
        <time>2026-09-12T13:34:27.999Z</time>
      </trkpt>
      <trkpt lat="47.018013" lon="9.855414">
        <ele>2530.589918</ele>
        <time>2026-09-12T13:34:28.999Z</time>
      </trkpt>
      <trkpt lat="47.018020" lon="9.855424">
        <ele>2530.340561</ele>
        <time>2026-09-12T13:34:29.999Z</time>
      </trkpt>
      <trkpt lat="47.018026" lon="9.855425">
        <ele>2530.186461</ele>
        <time>2026-09-12T13:34:30.999Z</time>
      </trkpt>
      <trkpt lat="47.018032" lon="9.855413">
        <ele>2529.927556</ele>
        <time>2026-09-12T13:34:31.999Z</time>
      </trkpt>
      <trkpt lat="47.018038" lon="9.855394">
        <ele>2529.563254</ele>
        <time>2026-09-12T13:34:32.999Z</time>
      </trkpt>
      <trkpt lat="47.018046" lon="9.855381">
        <ele>2529.258569</ele>
        <time>2026-09-12T13:34:33.999Z</time>
      </trkpt>
      <trkpt lat="47.018055" lon="9.855382">
        <ele>2529.028239</ele>
        <time>2026-09-12T13:34:34.999Z</time>
      </trkpt>
      <trkpt lat="47.018062" lon="9.855398">
        <ele>2528.697484</ele>
        <time>2026-09-12T13:34:35.999Z</time>
      </trkpt>
      <trkpt lat="47.018064" lon="9.855418">
        <ele>2528.345799</ele>
        <time>2026-09-12T13:34:36.999Z</time>
      </trkpt>
      <trkpt lat="47.018066" lon="9.855433">
        <ele>2528.079884</ele>
        <time>2026-09-12T13:34:37.999Z</time>
      </trkpt>
      <trkpt lat="47.018069" lon="9.855447">
        <ele>2527.824563</ele>
        <time>2026-09-12T13:34:38.999Z</time>
      </trkpt>
      <trkpt lat="47.018071" lon="9.855460">
        <ele>2527.592702</ele>
        <time>2026-09-12T13:34:39.999Z</time>
      </trkpt>
      <trkpt lat="47.018072" lon="9.855470">
        <ele>2527.416859</ele>
        <time>2026-09-12T13:34:40.999Z</time>
      </trkpt>
      <trkpt lat="47.018073" lon="9.855480">
        <ele>2527.241017</ele>
        <time>2026-09-12T13:34:41.999Z</time>
      </trkpt>
      <trkpt lat="47.018076" lon="9.855492">
        <ele>2527.018647</ele>
        <time>2026-09-12T13:34:42.999Z</time>
      </trkpt>
      <trkpt lat="47.018081" lon="9.855506">
        <ele>2526.743677</ele>
        <time>2026-09-12T13:34:43.999Z</time>
      </trkpt>
      <trkpt lat="47.018088" lon="9.855521">
        <ele>2526.427425</ele>
        <time>2026-09-12T13:34:44.999Z</time>
      </trkpt>
      <trkpt lat="47.018098" lon="9.855534">
        <ele>2526.086430</ele>
        <time>2026-09-12T13:34:45.999Z</time>
      </trkpt>
      <trkpt lat="47.018106" lon="9.855547">
        <ele>2525.781745</ele>
        <time>2026-09-12T13:34:46.999Z</time>
      </trkpt>
      <trkpt lat="47.018112" lon="9.855560">
        <ele>2525.508617</ele>
        <time>2026-09-12T13:34:47.999Z</time>
      </trkpt>
      <trkpt lat="47.018118" lon="9.855572">
        <ele>2525.249712</ele>
        <time>2026-09-12T13:34:48.999Z</time>
      </trkpt>
      <trkpt lat="47.018125" lon="9.855582">
        <ele>2525.000355</ele>
        <time>2026-09-12T13:34:49.999Z</time>
      </trkpt>
      <trkpt lat="47.018135" lon="9.855590">
        <ele>2524.709675</ele>
        <time>2026-09-12T13:34:50.999Z</time>
      </trkpt>
      <trkpt lat="47.018146" lon="9.855595">
        <ele>2524.415796</ele>
        <time>2026-09-12T13:34:51.999Z</time>
      </trkpt>
      <trkpt lat="47.018158" lon="9.855596">
        <ele>2524.109074</ele>
        <time>2026-09-12T13:34:52.999Z</time>
      </trkpt>
      <trkpt lat="47.018170" lon="9.855594">
        <ele>2523.800875</ele>
        <time>2026-09-12T13:34:53.999Z</time>
      </trkpt>
      <trkpt lat="47.018181" lon="9.855587">
        <ele>2523.494885</ele>
        <time>2026-09-12T13:34:54.999Z</time>
      </trkpt>
      <trkpt lat="47.018191" lon="9.855577">
        <ele>2523.186030</ele>
        <time>2026-09-12T13:34:55.999Z</time>
      </trkpt>
      <trkpt lat="47.018200" lon="9.855568">
        <ele>2522.908061</ele>
        <time>2026-09-12T13:34:56.999Z</time>
      </trkpt>
      <trkpt lat="47.018209" lon="9.855559">
        <ele>2522.630091</ele>
        <time>2026-09-12T13:34:57.999Z</time>
      </trkpt>
      <trkpt lat="47.018219" lon="9.855551">
        <ele>2522.339412</ele>
        <time>2026-09-12T13:34:58.999Z</time>
      </trkpt>
      <trkpt lat="47.018228" lon="9.855547">
        <ele>2522.099429</ele>
        <time>2026-09-12T13:34:59.999Z</time>
      </trkpt>
      <trkpt lat="47.018235" lon="9.855545">
        <ele>2521.917438</ele>
        <time>2026-09-12T13:35:00.999Z</time>
      </trkpt>
      <trkpt lat="47.018237" lon="9.855545">
        <ele>2521.866400</ele>
        <time>2026-09-12T13:35:01.999Z</time>
      </trkpt>
      <trkpt lat="47.018236" lon="9.855545">
        <ele>2521.840881</ele>
        <time>2026-09-12T13:35:02.999Z</time>
      </trkpt>
      <trkpt lat="47.018235" lon="9.855545">
        <ele>2521.815362</ele>
        <time>2026-09-12T13:35:03.999Z</time>
      </trkpt>
      <trkpt lat="47.018236" lon="9.855543">
        <ele>2521.772211</ele>
        <time>2026-09-12T13:35:04.999Z</time>
      </trkpt>
      <trkpt lat="47.018240" lon="9.855540">
        <ele>2521.657565</ele>
        <time>2026-09-12T13:35:05.999Z</time>
      </trkpt>
      <trkpt lat="47.018247" lon="9.855535">
        <ele>2521.458876</ele>
        <time>2026-09-12T13:35:06.999Z</time>
      </trkpt>
      <trkpt lat="47.018255" lon="9.855530">
        <ele>2521.236963</ele>
        <time>2026-09-12T13:35:07.999Z</time>
      </trkpt>
      <trkpt lat="47.018262" lon="9.855528">
        <ele>2521.054973</ele>
        <time>2026-09-12T13:35:08.999Z</time>
      </trkpt>
      <trkpt lat="47.018264" lon="9.855528">
        <ele>2521.003934</ele>
        <time>2026-09-12T13:35:09.999Z</time>
      </trkpt>
      <trkpt lat="47.018262" lon="9.855528">
        <ele>2520.952896</ele>
        <time>2026-09-12T13:35:10.999Z</time>
      </trkpt>
      <trkpt lat="47.018260" lon="9.855526">
        <ele>2520.891125</ele>
        <time>2026-09-12T13:35:11.999Z</time>
      </trkpt>
      <trkpt lat="47.018259" lon="9.855522">
        <ele>2520.817002</ele>
        <time>2026-09-12T13:35:12.999Z</time>
      </trkpt>
      <trkpt lat="47.018259" lon="9.855518">
        <ele>2520.747410</ele>
        <time>2026-09-12T13:35:13.999Z</time>
      </trkpt>
      <trkpt lat="47.018261" lon="9.855514">
        <ele>2520.661109</ele>
        <time>2026-09-12T13:35:14.999Z</time>
      </trkpt>
      <trkpt lat="47.018264" lon="9.855510">
        <ele>2520.557648</ele>
        <time>2026-09-12T13:35:15.999Z</time>
      </trkpt>
      <trkpt lat="47.018269" lon="9.855506">
        <ele>2520.412309</ele>
        <time>2026-09-12T13:35:16.999Z</time>
      </trkpt>
      <trkpt lat="47.018274" lon="9.855505">
        <ele>2520.283533</ele>
        <time>2026-09-12T13:35:17.999Z</time>
      </trkpt>
      <trkpt lat="47.018281" lon="9.855504">
        <ele>2520.104054</ele>
        <time>2026-09-12T13:35:18.999Z</time>
      </trkpt>
      <trkpt lat="47.018286" lon="9.855503">
        <ele>2519.975278</ele>
        <time>2026-09-12T13:35:19.999Z</time>
      </trkpt>
      <trkpt lat="47.018288" lon="9.855502">
        <ele>2519.921356</ele>
        <time>2026-09-12T13:35:20.999Z</time>
      </trkpt>
      <trkpt lat="47.018289" lon="9.855500">
        <ele>2519.878206</ele>
        <time>2026-09-12T13:35:21.999Z</time>
      </trkpt>
      <trkpt lat="47.018291" lon="9.855496">
        <ele>2519.791904</ele>
        <time>2026-09-12T13:35:22.999Z</time>
      </trkpt>
      <trkpt lat="47.018295" lon="9.855492">
        <ele>2519.668363</ele>
        <time>2026-09-12T13:35:23.999Z</time>
      </trkpt>
      <trkpt lat="47.018300" lon="9.855490">
        <ele>2519.536108</ele>
        <time>2026-09-12T13:35:24.999Z</time>
      </trkpt>
      <trkpt lat="47.018306" lon="9.855492">
        <ele>2519.379090</ele>
        <time>2026-09-12T13:35:25.999Z</time>
      </trkpt>
      <trkpt lat="47.018313" lon="9.855496">
        <ele>2519.187379</ele>
        <time>2026-09-12T13:35:26.999Z</time>
      </trkpt>
      <trkpt lat="47.018317" lon="9.855499">
        <ele>2519.072733</ele>
        <time>2026-09-12T13:35:27.999Z</time>
      </trkpt>
      <trkpt lat="47.018320" lon="9.855498">
        <ele>2518.994224</ele>
        <time>2026-09-12T13:35:28.999Z</time>
      </trkpt>
      <trkpt lat="47.018323" lon="9.855494">
        <ele>2518.890763</ele>
        <time>2026-09-12T13:35:29.999Z</time>
      </trkpt>
      <trkpt lat="47.018329" lon="9.855491">
        <ele>2518.728998</ele>
        <time>2026-09-12T13:35:30.999Z</time>
      </trkpt>
      <trkpt lat="47.018337" lon="9.855492">
        <ele>2518.524105</ele>
        <time>2026-09-12T13:35:31.999Z</time>
      </trkpt>
      <trkpt lat="47.018345" lon="9.855500">
        <ele>2518.277022</ele>
        <time>2026-09-12T13:35:32.999Z</time>
      </trkpt>
      <trkpt lat="47.018352" lon="9.855512">
        <ele>2518.002254</ele>
        <time>2026-09-12T13:35:33.999Z</time>
      </trkpt>
      <trkpt lat="47.018357" lon="9.855521">
        <ele>2517.800268</ele>
        <time>2026-09-12T13:35:34.999Z</time>
      </trkpt>
      <trkpt lat="47.018359" lon="9.855525">
        <ele>2517.713967</ele>
        <time>2026-09-12T13:35:35.999Z</time>
      </trkpt>
      <trkpt lat="47.018359" lon="9.855527">
        <ele>2517.679171</ele>
        <time>2026-09-12T13:35:36.999Z</time>
      </trkpt>
      <trkpt lat="47.018360" lon="9.855527">
        <ele>2517.653652</ele>
        <time>2026-09-12T13:35:37.999Z</time>
      </trkpt>
      <trkpt lat="47.018362" lon="9.855526">
        <ele>2517.599730</ele>
        <time>2026-09-12T13:35:38.999Z</time>
      </trkpt>
      <trkpt lat="47.018365" lon="9.855526">
        <ele>2517.523173</ele>
        <time>2026-09-12T13:35:39.999Z</time>
      </trkpt>
      <trkpt lat="47.018368" lon="9.855525">
        <ele>2517.444664</ele>
        <time>2026-09-12T13:35:40.999Z</time>
      </trkpt>
      <trkpt lat="47.018371" lon="9.855526">
        <ele>2517.366154</ele>
        <time>2026-09-12T13:35:41.999Z</time>
      </trkpt>
      <trkpt lat="47.018375" lon="9.855529">
        <ele>2517.251508</ele>
        <time>2026-09-12T13:35:42.999Z</time>
      </trkpt>
      <trkpt lat="47.018381" lon="9.855532">
        <ele>2517.089742</ele>
        <time>2026-09-12T13:35:43.999Z</time>
      </trkpt>
      <trkpt lat="47.018387" lon="9.855536">
        <ele>2516.921555</ele>
        <time>2026-09-12T13:35:44.999Z</time>
      </trkpt>
      <trkpt lat="47.018392" lon="9.855538">
        <ele>2516.789300</ele>
        <time>2026-09-12T13:35:45.999Z</time>
      </trkpt>
      <trkpt lat="47.018397" lon="9.855538">
        <ele>2516.661705</ele>
        <time>2026-09-12T13:35:46.999Z</time>
      </trkpt>
      <trkpt lat="47.018403" lon="9.855534">
        <ele>2516.493518</ele>
        <time>2026-09-12T13:35:47.999Z</time>
      </trkpt>
      <trkpt lat="47.018409" lon="9.855531">
        <ele>2516.331752</ele>
        <time>2026-09-12T13:35:48.999Z</time>
      </trkpt>
      <trkpt lat="47.018416" lon="9.855531">
        <ele>2516.153119</ele>
        <time>2026-09-12T13:35:49.999Z</time>
      </trkpt>
      <trkpt lat="47.018423" lon="9.855537">
        <ele>2515.946221</ele>
        <time>2026-09-12T13:35:50.999Z</time>
      </trkpt>
      <trkpt lat="47.018430" lon="9.855551">
        <ele>2515.644167</ele>
        <time>2026-09-12T13:35:51.999Z</time>
      </trkpt>
      <trkpt lat="47.018433" lon="9.855575">
        <ele>2515.219656</ele>
        <time>2026-09-12T13:35:52.999Z</time>
      </trkpt>
      <trkpt lat="47.018432" lon="9.855604">
        <ele>2514.714470</ele>
        <time>2026-09-12T13:35:53.999Z</time>
      </trkpt>
      <trkpt lat="47.018428" lon="9.855632">
        <ele>2514.216748</ele>
        <time>2026-09-12T13:35:54.999Z</time>
      </trkpt>
      <trkpt lat="47.018425" lon="9.855660">
        <ele>2513.723627</ele>
        <time>2026-09-12T13:35:55.999Z</time>
      </trkpt>
      <trkpt lat="47.018424" lon="9.855687">
        <ele>2513.253190</ele>
        <time>2026-09-12T13:35:56.999Z</time>
      </trkpt>
      <trkpt lat="47.018424" lon="9.855717">
        <ele>2512.731251</ele>
        <time>2026-09-12T13:35:57.999Z</time>
      </trkpt>
      <trkpt lat="47.018425" lon="9.855747">
        <ele>2512.208689</ele>
        <time>2026-09-12T13:35:58.999Z</time>
      </trkpt>
      <trkpt lat="47.018424" lon="9.855777">
        <ele>2511.686128</ele>
        <time>2026-09-12T13:35:59.999Z</time>
      </trkpt>
      <trkpt lat="47.018424" lon="9.855805">
        <ele>2511.198985</ele>
        <time>2026-09-12T13:36:00.999Z</time>
      </trkpt>
      <trkpt lat="47.018424" lon="9.855834">
        <ele>2510.694445</ele>
        <time>2026-09-12T13:36:01.999Z</time>
      </trkpt>
      <trkpt lat="47.018424" lon="9.855862">
        <ele>2510.207302</ele>
        <time>2026-09-12T13:36:02.999Z</time>
      </trkpt>
      <trkpt lat="47.018424" lon="9.855889">
        <ele>2509.737558</ele>
        <time>2026-09-12T13:36:03.999Z</time>
      </trkpt>
      <trkpt lat="47.018423" lon="9.855915">
        <ele>2509.284492</ele>
        <time>2026-09-12T13:36:04.999Z</time>
      </trkpt>
      <trkpt lat="47.018420" lon="9.855937">
        <ele>2508.894156</ele>
        <time>2026-09-12T13:36:05.999Z</time>
      </trkpt>
      <trkpt lat="47.018420" lon="9.855955">
        <ele>2508.580993</ele>
        <time>2026-09-12T13:36:06.999Z</time>
      </trkpt>
      <trkpt lat="47.018421" lon="9.855968">
        <ele>2508.353384</ele>
        <time>2026-09-12T13:36:07.999Z</time>
      </trkpt>
      <trkpt lat="47.018426" lon="9.855980">
        <ele>2508.108706</ele>
        <time>2026-09-12T13:36:08.999Z</time>
      </trkpt>
      <trkpt lat="47.018432" lon="9.855992">
        <ele>2507.849802</ele>
        <time>2026-09-12T13:36:09.999Z</time>
      </trkpt>
      <trkpt lat="47.018443" lon="9.856003">
        <ele>2507.510062</ele>
        <time>2026-09-12T13:36:10.999Z</time>
      </trkpt>
      <trkpt lat="47.018458" lon="9.856009">
        <ele>2507.113298</ele>
        <time>2026-09-12T13:36:11.999Z</time>
      </trkpt>
      <trkpt lat="47.018471" lon="9.856011">
        <ele>2506.779731</ele>
        <time>2026-09-12T13:36:12.999Z</time>
      </trkpt>
      <trkpt lat="47.018482" lon="9.856013">
        <ele>2506.496873</ele>
        <time>2026-09-12T13:36:13.999Z</time>
      </trkpt>
      <trkpt lat="47.018491" lon="9.856014">
        <ele>2506.266543</ele>
        <time>2026-09-12T13:36:14.999Z</time>
      </trkpt>
      <trkpt lat="47.018500" lon="9.856015">
        <ele>2506.036214</ele>
        <time>2026-09-12T13:36:15.999Z</time>
      </trkpt>
      <trkpt lat="47.018509" lon="9.856016">
        <ele>2505.805885</ele>
        <time>2026-09-12T13:36:16.999Z</time>
      </trkpt>
      <trkpt lat="47.018519" lon="9.856018">
        <ele>2505.548333</ele>
        <time>2026-09-12T13:36:17.999Z</time>
      </trkpt>
      <trkpt lat="47.018527" lon="9.856018">
        <ele>2505.344180</ele>
        <time>2026-09-12T13:36:18.999Z</time>
      </trkpt>
      <trkpt lat="47.018535" lon="9.856014">
        <ele>2505.128493</ele>
        <time>2026-09-12T13:36:19.999Z</time>
      </trkpt>
      <trkpt lat="47.018541" lon="9.856007">
        <ele>2504.932851</ele>
        <time>2026-09-12T13:36:20.999Z</time>
      </trkpt>
      <trkpt lat="47.018547" lon="9.855997">
        <ele>2504.701091</ele>
        <time>2026-09-12T13:36:21.999Z</time>
      </trkpt>
      <trkpt lat="47.018555" lon="9.855986">
        <ele>2504.421264</ele>
        <time>2026-09-12T13:36:22.999Z</time>
      </trkpt>
      <trkpt lat="47.018565" lon="9.855978">
        <ele>2504.130585</ele>
        <time>2026-09-12T13:36:23.999Z</time>
      </trkpt>
      <trkpt lat="47.018576" lon="9.855979">
        <ele>2503.849337</ele>
        <time>2026-09-12T13:36:24.999Z</time>
      </trkpt>
      <trkpt lat="47.018587" lon="9.855991">
        <ele>2503.499502</ele>
        <time>2026-09-12T13:36:25.999Z</time>
      </trkpt>
      <trkpt lat="47.018595" lon="9.856008">
        <ele>2503.140121</ele>
        <time>2026-09-12T13:36:26.999Z</time>
      </trkpt>
      <trkpt lat="47.018602" lon="9.856026">
        <ele>2502.785630</ele>
        <time>2026-09-12T13:36:27.999Z</time>
      </trkpt>
      <trkpt lat="47.018608" lon="9.856042">
        <ele>2502.479097</ele>
        <time>2026-09-12T13:36:28.999Z</time>
      </trkpt>
      <trkpt lat="47.018615" lon="9.856056">
        <ele>2502.187658</ele>
        <time>2026-09-12T13:36:29.999Z</time>
      </trkpt>
      <trkpt lat="47.018621" lon="9.856067">
        <ele>2501.951181</ele>
        <time>2026-09-12T13:36:30.999Z</time>
      </trkpt>
      <trkpt lat="47.018625" lon="9.856072">
        <ele>2501.821780</ele>
        <time>2026-09-12T13:36:31.999Z</time>
      </trkpt>
      <trkpt lat="47.018628" lon="9.856072">
        <ele>2501.747913</ele>
        <time>2026-09-12T13:36:32.999Z</time>
      </trkpt>
      <trkpt lat="47.018631" lon="9.856071">
        <ele>2501.672163</ele>
        <time>2026-09-12T13:36:33.999Z</time>
      </trkpt>
      <trkpt lat="47.018635" lon="9.856074">
        <ele>2501.561546</ele>
        <time>2026-09-12T13:36:34.999Z</time>
      </trkpt>
      <trkpt lat="47.018640" lon="9.856081">
        <ele>2501.391358</ele>
        <time>2026-09-12T13:36:35.999Z</time>
      </trkpt>
      <trkpt lat="47.018646" lon="9.856091">
        <ele>2501.167743</ele>
        <time>2026-09-12T13:36:36.999Z</time>
      </trkpt>
      <trkpt lat="47.018652" lon="9.856102">
        <ele>2500.931266</ele>
        <time>2026-09-12T13:36:37.999Z</time>
      </trkpt>
      <trkpt lat="47.018659" lon="9.856115">
        <ele>2500.653187</ele>
        <time>2026-09-12T13:36:38.999Z</time>
      </trkpt>
      <trkpt lat="47.018666" lon="9.856132">
        <ele>2500.319806</ele>
        <time>2026-09-12T13:36:39.999Z</time>
      </trkpt>
      <trkpt lat="47.018673" lon="9.856149">
        <ele>2499.986426</ele>
        <time>2026-09-12T13:36:40.999Z</time>
      </trkpt>
      <trkpt lat="47.018680" lon="9.856167">
        <ele>2499.638568</ele>
        <time>2026-09-12T13:36:41.999Z</time>
      </trkpt>
      <trkpt lat="47.018686" lon="9.856184">
        <ele>2499.317225</ele>
        <time>2026-09-12T13:36:42.999Z</time>
      </trkpt>
      <trkpt lat="47.018691" lon="9.856201">
        <ele>2499.006432</ele>
        <time>2026-09-12T13:36:43.999Z</time>
      </trkpt>
      <trkpt lat="47.018695" lon="9.856219">
        <ele>2498.688630</ele>
        <time>2026-09-12T13:36:44.999Z</time>
      </trkpt>
      <trkpt lat="47.018698" lon="9.856237">
        <ele>2498.377576</ele>
        <time>2026-09-12T13:36:45.999Z</time>
      </trkpt>
      <trkpt lat="47.018697" lon="9.856253">
        <ele>2498.107866</ele>
        <time>2026-09-12T13:36:46.999Z</time>
      </trkpt>
      <trkpt lat="47.018692" lon="9.856265">
        <ele>2497.871787</ele>
        <time>2026-09-12T13:36:47.999Z</time>
      </trkpt>
      <trkpt lat="47.018686" lon="9.856273">
        <ele>2497.672139</ele>
        <time>2026-09-12T13:36:48.999Z</time>
      </trkpt>
      <trkpt lat="47.018685" lon="9.856283">
        <ele>2497.502478</ele>
        <time>2026-09-12T13:36:49.999Z</time>
      </trkpt>
      <trkpt lat="47.018688" lon="9.856295">
        <ele>2497.287924</ele>
        <time>2026-09-12T13:36:50.999Z</time>
      </trkpt>
      <trkpt lat="47.018694" lon="9.856309">
        <ele>2497.010336</ele>
        <time>2026-09-12T13:36:51.999Z</time>
      </trkpt>
      <trkpt lat="47.018699" lon="9.856323">
        <ele>2496.745032</ele>
        <time>2026-09-12T13:36:52.999Z</time>
      </trkpt>
      <trkpt lat="47.018703" lon="9.856339">
        <ele>2496.458960</ele>
        <time>2026-09-12T13:36:53.999Z</time>
      </trkpt>
      <trkpt lat="47.018705" lon="9.856353">
        <ele>2496.218846</ele>
        <time>2026-09-12T13:36:54.999Z</time>
      </trkpt>
      <trkpt lat="47.018707" lon="9.856363">
        <ele>2496.043907</ele>
        <time>2026-09-12T13:36:55.999Z</time>
      </trkpt>
      <trkpt lat="47.018708" lon="9.856371">
        <ele>2495.907377</ele>
        <time>2026-09-12T13:36:56.999Z</time>
      </trkpt>
      <trkpt lat="47.018711" lon="9.856380">
        <ele>2495.739208</ele>
        <time>2026-09-12T13:36:57.999Z</time>
      </trkpt>
      <trkpt lat="47.018714" lon="9.856391">
        <ele>2495.540330</ele>
        <time>2026-09-12T13:36:58.999Z</time>
      </trkpt>
      <trkpt lat="47.018716" lon="9.856401">
        <ele>2495.365392</ele>
        <time>2026-09-12T13:36:59.999Z</time>
      </trkpt>
      <trkpt lat="47.018717" lon="9.856406">
        <ele>2495.277922</ele>
        <time>2026-09-12T13:37:00.999Z</time>
      </trkpt>
      <trkpt lat="47.018717" lon="9.856409">
        <ele>2495.227563</ele>
        <time>2026-09-12T13:37:01.999Z</time>
      </trkpt>
      <trkpt lat="47.018719" lon="9.856411">
        <ele>2495.167963</ele>
        <time>2026-09-12T13:37:02.999Z</time>
      </trkpt>
      <trkpt lat="47.018723" lon="9.856414">
        <ele>2495.057346</ele>
        <time>2026-09-12T13:37:03.999Z</time>
      </trkpt>
      <trkpt lat="47.018728" lon="9.856420">
        <ele>2494.898284</ele>
        <time>2026-09-12T13:37:04.999Z</time>
      </trkpt>
      <trkpt lat="47.018733" lon="9.856429">
        <ele>2494.703397</ele>
        <time>2026-09-12T13:37:05.999Z</time>
      </trkpt>
      <trkpt lat="47.018737" lon="9.856439">
        <ele>2494.508773</ele>
        <time>2026-09-12T13:37:06.999Z</time>
      </trkpt>
      <trkpt lat="47.018741" lon="9.856445">
        <ele>2494.367903</ele>
        <time>2026-09-12T13:37:07.999Z</time>
      </trkpt>
      <trkpt lat="47.018745" lon="9.856447">
        <ele>2494.263849</ele>
        <time>2026-09-12T13:37:08.999Z</time>
      </trkpt>
      <trkpt lat="47.018751" lon="9.856447">
        <ele>2494.116116</ele>
        <time>2026-09-12T13:37:09.999Z</time>
      </trkpt>
      <trkpt lat="47.018757" lon="9.856447">
        <ele>2493.968382</ele>
        <time>2026-09-12T13:37:10.999Z</time>
      </trkpt>
      <trkpt lat="47.018763" lon="9.856449">
        <ele>2493.816882</ele>
        <time>2026-09-12T13:37:11.999Z</time>
      </trkpt>
      <trkpt lat="47.018768" lon="9.856456">
        <ele>2493.646694</ele>
        <time>2026-09-12T13:37:12.999Z</time>
      </trkpt>
      <trkpt lat="47.018772" lon="9.856466">
        <ele>2493.452070</ele>
        <time>2026-09-12T13:37:13.999Z</time>
      </trkpt>
      <trkpt lat="47.018776" lon="9.856480">
        <ele>2493.197257</ele>
        <time>2026-09-12T13:37:14.999Z</time>
      </trkpt>
      <trkpt lat="47.018780" lon="9.856494">
        <ele>2492.942444</ele>
        <time>2026-09-12T13:37:15.999Z</time>
      </trkpt>
      <trkpt lat="47.018782" lon="9.856508">
        <ele>2492.702330</ele>
        <time>2026-09-12T13:37:16.999Z</time>
      </trkpt>
      <trkpt lat="47.018785" lon="9.856520">
        <ele>2492.487776</ele>
        <time>2026-09-12T13:37:17.999Z</time>
      </trkpt>
      <trkpt lat="47.018789" lon="9.856525">
        <ele>2492.358375</ele>
        <time>2026-09-12T13:37:18.999Z</time>
      </trkpt>
      <trkpt lat="47.018793" lon="9.856523">
        <ele>2492.254321</ele>
        <time>2026-09-12T13:37:19.999Z</time>
      </trkpt>
      <trkpt lat="47.018798" lon="9.856520">
        <ele>2492.121308</ele>
        <time>2026-09-12T13:37:20.999Z</time>
      </trkpt>
      <trkpt lat="47.018803" lon="9.856519">
        <ele>2491.997058</ele>
        <time>2026-09-12T13:37:21.999Z</time>
      </trkpt>
      <trkpt lat="47.018805" lon="9.856522">
        <ele>2491.926623</ele>
        <time>2026-09-12T13:37:22.999Z</time>
      </trkpt>
      <trkpt lat="47.018807" lon="9.856530">
        <ele>2491.783587</ele>
        <time>2026-09-12T13:37:23.999Z</time>
      </trkpt>
      <trkpt lat="47.018809" lon="9.856538">
        <ele>2491.640551</ele>
        <time>2026-09-12T13:37:24.999Z</time>
      </trkpt>
      <trkpt lat="47.018811" lon="9.856547">
        <ele>2491.481650</ele>
        <time>2026-09-12T13:37:25.999Z</time>
      </trkpt>
      <trkpt lat="47.018814" lon="9.856556">
        <ele>2491.313482</ele>
        <time>2026-09-12T13:37:26.999Z</time>
      </trkpt>
      <trkpt lat="47.018819" lon="9.856565">
        <ele>2491.118595</ele>
        <time>2026-09-12T13:37:27.999Z</time>
      </trkpt>
      <trkpt lat="47.018826" lon="9.856573">
        <ele>2490.900098</ele>
        <time>2026-09-12T13:37:28.999Z</time>
      </trkpt>
      <trkpt lat="47.018832" lon="9.856580">
        <ele>2490.711332</ele>
        <time>2026-09-12T13:37:29.999Z</time>
      </trkpt>
      <trkpt lat="47.018838" lon="9.856589">
        <ele>2490.500028</ele>
        <time>2026-09-12T13:37:30.999Z</time>
      </trkpt>
      <trkpt lat="47.018845" lon="9.856598">
        <ele>2490.270831</ele>
        <time>2026-09-12T13:37:31.999Z</time>
      </trkpt>
      <trkpt lat="47.018852" lon="9.856606">
        <ele>2490.052335</ele>
        <time>2026-09-12T13:37:32.999Z</time>
      </trkpt>
      <trkpt lat="47.018860" lon="9.856608">
        <ele>2489.852516</ele>
        <time>2026-09-12T13:37:33.999Z</time>
      </trkpt>
      <trkpt lat="47.018867" lon="9.856607">
        <ele>2489.679345</ele>
        <time>2026-09-12T13:37:34.999Z</time>
      </trkpt>
      <trkpt lat="47.018873" lon="9.856604">
        <ele>2489.523264</ele>
        <time>2026-09-12T13:37:35.999Z</time>
      </trkpt>
      <trkpt lat="47.018878" lon="9.856599">
        <ele>2489.374264</ele>
        <time>2026-09-12T13:37:36.999Z</time>
      </trkpt>
      <trkpt lat="47.018885" lon="9.856593">
        <ele>2489.174638</ele>
        <time>2026-09-12T13:37:37.999Z</time>
      </trkpt>
      <trkpt lat="47.018893" lon="9.856587">
        <ele>2488.953404</ele>
        <time>2026-09-12T13:37:38.999Z</time>
      </trkpt>
      <trkpt lat="47.018900" lon="9.856584">
        <ele>2488.773842</ele>
        <time>2026-09-12T13:37:39.999Z</time>
      </trkpt>
      <trkpt lat="47.018906" lon="9.856584">
        <ele>2488.626108</ele>
        <time>2026-09-12T13:37:40.999Z</time>
      </trkpt>
      <trkpt lat="47.018913" lon="9.856588">
        <ele>2488.441135</ele>
        <time>2026-09-12T13:37:41.999Z</time>
      </trkpt>
      <trkpt lat="47.018919" lon="9.856598">
        <ele>2488.217521</ele>
        <time>2026-09-12T13:37:42.999Z</time>
      </trkpt>
      <trkpt lat="47.018923" lon="9.856610">
        <ele>2487.993296</ele>
        <time>2026-09-12T13:37:43.999Z</time>
      </trkpt>
      <trkpt lat="47.018927" lon="9.856621">
        <ele>2487.784021</ele>
        <time>2026-09-12T13:37:44.999Z</time>
      </trkpt>
      <trkpt lat="47.018929" lon="9.856627">
        <ele>2487.671909</ele>
        <time>2026-09-12T13:37:45.999Z</time>
      </trkpt>
      <trkpt lat="47.018931" lon="9.856628">
        <ele>2487.619882</ele>
        <time>2026-09-12T13:37:46.999Z</time>
      </trkpt>
      <trkpt lat="47.018932" lon="9.856626">
        <ele>2487.578248</ele>
        <time>2026-09-12T13:37:47.999Z</time>
      </trkpt>
      <trkpt lat="47.018932" lon="9.856624">
        <ele>2487.544675</ele>
        <time>2026-09-12T13:37:48.999Z</time>
      </trkpt>
      <trkpt lat="47.018933" lon="9.856622">
        <ele>2487.503041</ele>
        <time>2026-09-12T13:37:49.999Z</time>
      </trkpt>
      <trkpt lat="47.018933" lon="9.856623">
        <ele>2487.486255</ele>
        <time>2026-09-12T13:37:50.999Z</time>
      </trkpt>
      <trkpt lat="47.018934" lon="9.856626">
        <ele>2487.430199</ele>
        <time>2026-09-12T13:37:51.999Z</time>
      </trkpt>
      <trkpt lat="47.018934" lon="9.856629">
        <ele>2487.379840</ele>
        <time>2026-09-12T13:37:52.999Z</time>
      </trkpt>
      <trkpt lat="47.018934" lon="9.856630">
        <ele>2487.363053</ele>
        <time>2026-09-12T13:37:53.999Z</time>
      </trkpt>
      <trkpt lat="47.018936" lon="9.856630">
        <ele>2487.313809</ele>
        <time>2026-09-12T13:37:54.999Z</time>
      </trkpt>
      <trkpt lat="47.018938" lon="9.856629">
        <ele>2487.261782</ele>
        <time>2026-09-12T13:37:55.999Z</time>
      </trkpt>
      <trkpt lat="47.018940" lon="9.856624">
        <ele>2487.164470</ele>
        <time>2026-09-12T13:37:56.999Z</time>
      </trkpt>
      <trkpt lat="47.018942" lon="9.856615">
        <ele>2487.005569</ele>
        <time>2026-09-12T13:37:57.999Z</time>
      </trkpt>
      <trkpt lat="47.018943" lon="9.856604">
        <ele>2486.819285</ele>
        <time>2026-09-12T13:37:58.999Z</time>
      </trkpt>
      <trkpt lat="47.018944" lon="9.856592">
        <ele>2486.616349</ele>
        <time>2026-09-12T13:37:59.999Z</time>
      </trkpt>
      <trkpt lat="47.018945" lon="9.856580">
        <ele>2486.413413</ele>
        <time>2026-09-12T13:38:00.999Z</time>
      </trkpt>
      <trkpt lat="47.018947" lon="9.856569">
        <ele>2486.222309</ele>
        <time>2026-09-12T13:38:01.999Z</time>
      </trkpt>
      <trkpt lat="47.018949" lon="9.856561">
        <ele>2486.079274</ele>
        <time>2026-09-12T13:38:03.000Z</time>
      </trkpt>
      <trkpt lat="47.018950" lon="9.856556">
        <ele>2485.991805</ele>
        <time>2026-09-12T13:38:04.000Z</time>
      </trkpt>
      <trkpt lat="47.018950" lon="9.856554">
        <ele>2485.958232</ele>
        <time>2026-09-12T13:38:05.000Z</time>
      </trkpt>
      <trkpt lat="47.018951" lon="9.856549">
        <ele>2485.870763</ele>
        <time>2026-09-12T13:38:06.000Z</time>
      </trkpt>
      <trkpt lat="47.018953" lon="9.856540">
        <ele>2485.711863</ele>
        <time>2026-09-12T13:38:06.999Z</time>
      </trkpt>
      <trkpt lat="47.018957" lon="9.856527">
        <ele>2485.472444</ele>
        <time>2026-09-12T13:38:07.998Z</time>
      </trkpt>
      <trkpt lat="47.018961" lon="9.856514">
        <ele>2485.233026</ele>
        <time>2026-09-12T13:38:08.998Z</time>
      </trkpt>
      <trkpt lat="47.018965" lon="9.856502">
        <ele>2485.008801</ele>
        <time>2026-09-12T13:38:09.998Z</time>
      </trkpt>
      <trkpt lat="47.018969" lon="9.856491">
        <ele>2484.799526</ele>
        <time>2026-09-12T13:38:10.998Z</time>
      </trkpt>
      <trkpt lat="47.018973" lon="9.856480">
        <ele>2484.590252</ele>
        <time>2026-09-12T13:38:11.998Z</time>
      </trkpt>
      <trkpt lat="47.018977" lon="9.856467">
        <ele>2484.350834</ele>
        <time>2026-09-12T13:38:12.998Z</time>
      </trkpt>
      <trkpt lat="47.018983" lon="9.856456">
        <ele>2484.114358</ele>
        <time>2026-09-12T13:38:13.999Z</time>
      </trkpt>
      <trkpt lat="47.018991" lon="9.856448">
        <ele>2483.875958</ele>
        <time>2026-09-12T13:38:14.999Z</time>
      </trkpt>
      <trkpt lat="47.019000" lon="9.856444">
        <ele>2483.644409</ele>
        <time>2026-09-12T13:38:15.999Z</time>
      </trkpt>
      <trkpt lat="47.019009" lon="9.856443">
        <ele>2483.422173</ele>
        <time>2026-09-12T13:38:16.999Z</time>
      </trkpt>
      <trkpt lat="47.019016" lon="9.856446">
        <ele>2483.242611</ele>
        <time>2026-09-12T13:38:17.999Z</time>
      </trkpt>
      <trkpt lat="47.019022" lon="9.856455">
        <ele>2483.031307</ele>
        <time>2026-09-12T13:38:18.999Z</time>
      </trkpt>
      <trkpt lat="47.019028" lon="9.856465">
        <ele>2482.807693</ele>
        <time>2026-09-12T13:38:19.999Z</time>
      </trkpt>
      <trkpt lat="47.019032" lon="9.856475">
        <ele>2482.613069</ele>
        <time>2026-09-12T13:38:20.999Z</time>
      </trkpt>
      <trkpt lat="47.019034" lon="9.856483">
        <ele>2482.470034</ele>
        <time>2026-09-12T13:38:21.999Z</time>
      </trkpt>
      <trkpt lat="47.019036" lon="9.856486">
        <ele>2482.399600</ele>
        <time>2026-09-12T13:38:22.999Z</time>
      </trkpt>
      <trkpt lat="47.019041" lon="9.856485">
        <ele>2482.275349</ele>
        <time>2026-09-12T13:38:23.999Z</time>
      </trkpt>
      <trkpt lat="47.019050" lon="9.856480">
        <ele>2482.038387</ele>
        <time>2026-09-12T13:38:24.999Z</time>
      </trkpt>
      <trkpt lat="47.019062" lon="9.856475">
        <ele>2481.731230</ele>
        <time>2026-09-12T13:38:25.999Z</time>
      </trkpt>
      <trkpt lat="47.019072" lon="9.856475">
        <ele>2481.485008</ele>
        <time>2026-09-12T13:38:26.999Z</time>
      </trkpt>
      <trkpt lat="47.019079" lon="9.856479">
        <ele>2481.300035</ele>
        <time>2026-09-12T13:38:27.999Z</time>
      </trkpt>
      <trkpt lat="47.019082" lon="9.856486">
        <ele>2481.161241</ele>
        <time>2026-09-12T13:38:28.999Z</time>
      </trkpt>
      <trkpt lat="47.019084" lon="9.856491">
        <ele>2481.063930</ele>
        <time>2026-09-12T13:38:29.999Z</time>
      </trkpt>
      <trkpt lat="47.019089" lon="9.856495">
        <ele>2480.923698</ele>
        <time>2026-09-12T13:38:30.999Z</time>
      </trkpt>
      <trkpt lat="47.019097" lon="9.856499">
        <ele>2480.715590</ele>
        <time>2026-09-12T13:38:31.999Z</time>
      </trkpt>
      <trkpt lat="47.019106" lon="9.856503">
        <ele>2480.484041</ele>
        <time>2026-09-12T13:38:32.999Z</time>
      </trkpt>
      <trkpt lat="47.019113" lon="9.856509">
        <ele>2480.284415</ele>
        <time>2026-09-12T13:38:33.999Z</time>
      </trkpt>
      <trkpt lat="47.019121" lon="9.856519">
        <ele>2480.025613</ele>
        <time>2026-09-12T13:38:34.999Z</time>
      </trkpt>
      <trkpt lat="47.019128" lon="9.856530">
        <ele>2479.773022</ele>
        <time>2026-09-12T13:38:35.999Z</time>
      </trkpt>
      <trkpt lat="47.019134" lon="9.856536">
        <ele>2479.594223</ele>
        <time>2026-09-12T13:38:36.999Z</time>
      </trkpt>
      <trkpt lat="47.019138" lon="9.856537">
        <ele>2479.494314</ele>
        <time>2026-09-12T13:38:37.999Z</time>
      </trkpt>
      <trkpt lat="47.019142" lon="9.856535">
        <ele>2479.390260</ele>
        <time>2026-09-12T13:38:38.999Z</time>
      </trkpt>
      <trkpt lat="47.019146" lon="9.856536">
        <ele>2479.290350</ele>
        <time>2026-09-12T13:38:39.999Z</time>
      </trkpt>
      <trkpt lat="47.019151" lon="9.856542">
        <ele>2479.131289</ele>
        <time>2026-09-12T13:38:40.999Z</time>
      </trkpt>
      <trkpt lat="47.019157" lon="9.856554">
        <ele>2478.881486</ele>
        <time>2026-09-12T13:38:41.999Z</time>
      </trkpt>
      <trkpt lat="47.019161" lon="9.856569">
        <ele>2478.611115</ele>
        <time>2026-09-12T13:38:42.999Z</time>
      </trkpt>
      <trkpt lat="47.019165" lon="9.856583">
        <ele>2478.356303</ele>
        <time>2026-09-12T13:38:43.999Z</time>
      </trkpt>
      <trkpt lat="47.019171" lon="9.856594">
        <ele>2478.119828</ele>
        <time>2026-09-12T13:38:44.999Z</time>
      </trkpt>
      <trkpt lat="47.019179" lon="9.856599">
        <ele>2477.905714</ele>
        <time>2026-09-12T13:38:45.999Z</time>
      </trkpt>
      <trkpt lat="47.019188" lon="9.856602">
        <ele>2477.678464</ele>
        <time>2026-09-12T13:38:46.999Z</time>
      </trkpt>
      <trkpt lat="47.019197" lon="9.856603">
        <ele>2477.456228</ele>
        <time>2026-09-12T13:38:47.999Z</time>
      </trkpt>
      <trkpt lat="47.019204" lon="9.856605">
        <ele>2477.280633</ele>
        <time>2026-09-12T13:38:48.999Z</time>
      </trkpt>
      <trkpt lat="47.019208" lon="9.856609">
        <ele>2477.161434</ele>
        <time>2026-09-12T13:38:49.999Z</time>
      </trkpt>
      <trkpt lat="47.019204" lon="9.856610">
        <ele>2477.061525</ele>
        <time>2026-09-12T13:38:50.999Z</time>
      </trkpt>
      <trkpt lat="47.019193" lon="9.856604">
        <ele>2476.772559</ele>
        <time>2026-09-12T13:38:51.999Z</time>
      </trkpt>
      <trkpt lat="47.019185" lon="9.856597">
        <ele>2476.543196</ele>
        <time>2026-09-12T13:38:52.999Z</time>
      </trkpt>
      <trkpt lat="47.019186" lon="9.856587">
        <ele>2476.373537</ele>
        <time>2026-09-12T13:38:53.999Z</time>
      </trkpt>
      <trkpt lat="47.019193" lon="9.856577">
        <ele>2476.132945</ele>
        <time>2026-09-12T13:38:54.999Z</time>
      </trkpt>
      <trkpt lat="47.019202" lon="9.856566">
        <ele>2475.844497</ele>
        <time>2026-09-12T13:38:55.999Z</time>
      </trkpt>
      <trkpt lat="47.019210" lon="9.856555">
        <ele>2475.574505</ele>
        <time>2026-09-12T13:38:56.999Z</time>
      </trkpt>
      <trkpt lat="47.019214" lon="9.856542">
        <ele>2475.335087</ele>
        <time>2026-09-12T13:38:57.999Z</time>
      </trkpt>
      <trkpt lat="47.019216" lon="9.856535">
        <ele>2475.207682</ele>
        <time>2026-09-12T13:38:58.999Z</time>
      </trkpt>
      <trkpt lat="47.019216" lon="9.856537">
        <ele>2475.174109</ele>
        <time>2026-09-12T13:38:59.999Z</time>
      </trkpt>
      <trkpt lat="47.019217" lon="9.856543">
        <ele>2475.070425</ele>
        <time>2026-09-12T13:39:00.999Z</time>
      </trkpt>
      <trkpt lat="47.019220" lon="9.856549">
        <ele>2474.945524</ele>
        <time>2026-09-12T13:39:01.999Z</time>
      </trkpt>
      <trkpt lat="47.019224" lon="9.856555">
        <ele>2474.804655</ele>
        <time>2026-09-12T13:39:03.000Z</time>
      </trkpt>
      <trkpt lat="47.019227" lon="9.856560">
        <ele>2474.692848</ele>
        <time>2026-09-12T13:39:04.000Z</time>
      </trkpt>
      <trkpt lat="47.019229" lon="9.856565">
        <ele>2474.595536</ele>
        <time>2026-09-12T13:39:05.000Z</time>
      </trkpt>
      <trkpt lat="47.019230" lon="9.856567">
        <ele>2474.553902</ele>
        <time>2026-09-12T13:39:06.000Z</time>
      </trkpt>
      <trkpt lat="47.019232" lon="9.856567">
        <ele>2474.504658</ele>
        <time>2026-09-12T13:39:07.000Z</time>
      </trkpt>
      <trkpt lat="47.019235" lon="9.856564">
        <ele>2474.415258</ele>
        <time>2026-09-12T13:39:08.000Z</time>
      </trkpt>
      <trkpt lat="47.019240" lon="9.856557">
        <ele>2474.245071</ele>
        <time>2026-09-12T13:39:09.000Z</time>
      </trkpt>
      <trkpt lat="47.019245" lon="9.856553">
        <ele>2474.104840</ele>
        <time>2026-09-12T13:39:10.000Z</time>
      </trkpt>
      <trkpt lat="47.019248" lon="9.856553">
        <ele>2474.030973</ele>
        <time>2026-09-12T13:39:11.000Z</time>
      </trkpt>
      <trkpt lat="47.019250" lon="9.856555">
        <ele>2473.971373</ele>
        <time>2026-09-12T13:39:12.000Z</time>
      </trkpt>
      <trkpt lat="47.019252" lon="9.856559">
        <ele>2473.888106</ele>
        <time>2026-09-12T13:39:13.000Z</time>
      </trkpt>
      <trkpt lat="47.019255" lon="9.856562">
        <ele>2473.798706</ele>
        <time>2026-09-12T13:39:14.000Z</time>
      </trkpt>
      <trkpt lat="47.019259" lon="9.856566">
        <ele>2473.679506</ele>
        <time>2026-09-12T13:39:15.000Z</time>
      </trkpt>
      <trkpt lat="47.019263" lon="9.856570">
        <ele>2473.560307</ele>
        <time>2026-09-12T13:39:16.000Z</time>
      </trkpt>
      <trkpt lat="47.019267" lon="9.856575">
        <ele>2473.430906</ele>
        <time>2026-09-12T13:39:17.000Z</time>
      </trkpt>
      <trkpt lat="47.019269" lon="9.856579">
        <ele>2473.347639</ele>
        <time>2026-09-12T13:39:18.000Z</time>
      </trkpt>
      <trkpt lat="47.019269" lon="9.856581">
        <ele>2473.314066</ele>
        <time>2026-09-12T13:39:19.000Z</time>
      </trkpt>
      <trkpt lat="47.019270" lon="9.856581">
        <ele>2473.289444</ele>
        <time>2026-09-12T13:39:20.000Z</time>
      </trkpt>
      <trkpt lat="47.019271" lon="9.856578">
        <ele>2473.233388</ele>
        <time>2026-09-12T13:39:21.000Z</time>
      </trkpt>
      <trkpt lat="47.019273" lon="9.856573">
        <ele>2473.136076</ele>
        <time>2026-09-12T13:39:22.000Z</time>
      </trkpt>
      <trkpt lat="47.019274" lon="9.856568">
        <ele>2473.048608</ele>
        <time>2026-09-12T13:39:23.000Z</time>
      </trkpt>
      <trkpt lat="47.019275" lon="9.856564">
        <ele>2472.977091</ele>
        <time>2026-09-12T13:39:24.000Z</time>
      </trkpt>
      <trkpt lat="47.019277" lon="9.856557">
        <ele>2472.849685</ele>
        <time>2026-09-12T13:39:25.000Z</time>
      </trkpt>
      <trkpt lat="47.019280" lon="9.856549">
        <ele>2472.696420</ele>
        <time>2026-09-12T13:39:26.000Z</time>
      </trkpt>
      <trkpt lat="47.019284" lon="9.856541">
        <ele>2472.529885</ele>
        <time>2026-09-12T13:39:27.000Z</time>
      </trkpt>
      <trkpt lat="47.019287" lon="9.856535">
        <ele>2472.404984</ele>
        <time>2026-09-12T13:39:28.000Z</time>
      </trkpt>
      <trkpt lat="47.019289" lon="9.856533">
        <ele>2472.345384</ele>
        <time>2026-09-12T13:39:29.000Z</time>
      </trkpt>
      <trkpt lat="47.019289" lon="9.856535">
        <ele>2472.311811</ele>
        <time>2026-09-12T13:39:30.000Z</time>
      </trkpt>
      <trkpt lat="47.019286" lon="9.856537">
        <ele>2472.230673</ele>
        <time>2026-09-12T13:39:31.000Z</time>
      </trkpt>
      <trkpt lat="47.019282" lon="9.856537">
        <ele>2472.132184</ele>
        <time>2026-09-12T13:39:32.000Z</time>
      </trkpt>
      <trkpt lat="47.019279" lon="9.856535">
        <ele>2472.051046</ele>
        <time>2026-09-12T13:39:33.000Z</time>
      </trkpt>
      <trkpt lat="47.019279" lon="9.856533">
        <ele>2472.017473</ele>
        <time>2026-09-12T13:39:34.000Z</time>
      </trkpt>
      <trkpt lat="47.019279" lon="9.856532">
        <ele>2472.000687</ele>
        <time>2026-09-12T13:39:35.000Z</time>
      </trkpt>
      <trkpt lat="47.019281" lon="9.856531">
        <ele>2471.948660</ele>
        <time>2026-09-12T13:39:36.000Z</time>
      </trkpt>
      <trkpt lat="47.019283" lon="9.856530">
        <ele>2471.896633</ele>
        <time>2026-09-12T13:39:37.000Z</time>
      </trkpt>
      <trkpt lat="47.019287" lon="9.856530">
        <ele>2471.798144</ele>
        <time>2026-09-12T13:39:38.000Z</time>
      </trkpt>
      <trkpt lat="47.019290" lon="9.856531">
        <ele>2471.722394</ele>
        <time>2026-09-12T13:39:39.000Z</time>
      </trkpt>
      <trkpt lat="47.019293" lon="9.856531">
        <ele>2471.648528</ele>
        <time>2026-09-12T13:39:40.000Z</time>
      </trkpt>
      <trkpt lat="47.019297" lon="9.856532">
        <ele>2471.548618</ele>
        <time>2026-09-12T13:39:41.000Z</time>
      </trkpt>
      <trkpt lat="47.019301" lon="9.856536">
        <ele>2471.429419</ele>
        <time>2026-09-12T13:39:42.000Z</time>
      </trkpt>
      <trkpt lat="47.019304" lon="9.856543">
        <ele>2471.290626</ele>
        <time>2026-09-12T13:39:43.000Z</time>
      </trkpt>
      <trkpt lat="47.019306" lon="9.856550">
        <ele>2471.163220</ele>
        <time>2026-09-12T13:39:44.000Z</time>
      </trkpt>
      <trkpt lat="47.019306" lon="9.856555">
        <ele>2471.079289</ele>
        <time>2026-09-12T13:39:45.000Z</time>
      </trkpt>
      <trkpt lat="47.019305" lon="9.856559">
        <ele>2471.007772</ele>
        <time>2026-09-12T13:39:46.000Z</time>
      </trkpt>
      <trkpt lat="47.019304" lon="9.856561">
        <ele>2470.966138</ele>
        <time>2026-09-12T13:39:47.000Z</time>
      </trkpt>
      <trkpt lat="47.019304" lon="9.856563">
        <ele>2470.932565</ele>
        <time>2026-09-12T13:39:48.000Z</time>
      </trkpt>
      <trkpt lat="47.019303" lon="9.856563">
        <ele>2470.907943</ele>
        <time>2026-09-12T13:39:49.000Z</time>
      </trkpt>
      <trkpt lat="47.019303" lon="9.856562">
        <ele>2470.891157</ele>
        <time>2026-09-12T13:39:50.000Z</time>
      </trkpt>
      <trkpt lat="47.019303" lon="9.856559">
        <ele>2470.840798</ele>
        <time>2026-09-12T13:39:51.000Z</time>
      </trkpt>
      <trkpt lat="47.019303" lon="9.856554">
        <ele>2470.756867</ele>
        <time>2026-09-12T13:39:52.000Z</time>
      </trkpt>
      <trkpt lat="47.019303" lon="9.856548">
        <ele>2470.656149</ele>
        <time>2026-09-12T13:39:53.000Z</time>
      </trkpt>
      <trkpt lat="47.019303" lon="9.856541">
        <ele>2470.538645</ele>
        <time>2026-09-12T13:39:54.000Z</time>
      </trkpt>
      <trkpt lat="47.019304" lon="9.856531">
        <ele>2470.368986</ele>
        <time>2026-09-12T13:39:55.000Z</time>
      </trkpt>
      <trkpt lat="47.019305" lon="9.856520">
        <ele>2470.182703</ele>
        <time>2026-09-12T13:39:56.000Z</time>
      </trkpt>
      <trkpt lat="47.019307" lon="9.856508">
        <ele>2469.975336</ele>
        <time>2026-09-12T13:39:57.000Z</time>
      </trkpt>
      <trkpt lat="47.019309" lon="9.856497">
        <ele>2469.784233</ele>
        <time>2026-09-12T13:39:58.000Z</time>
      </trkpt>
      <trkpt lat="47.019312" lon="9.856489">
        <ele>2469.630968</ele>
        <time>2026-09-12T13:39:59.000Z</time>
      </trkpt>
      <trkpt lat="47.019314" lon="9.856482">
        <ele>2469.503563</ele>
        <time>2026-09-12T13:40:00.000Z</time>
      </trkpt>
      <trkpt lat="47.019316" lon="9.856475">
        <ele>2469.376157</ele>
        <time>2026-09-12T13:40:01.000Z</time>
      </trkpt>
      <trkpt lat="47.019317" lon="9.856465">
        <ele>2469.206498</ele>
        <time>2026-09-12T13:40:02.000Z</time>
      </trkpt>
      <trkpt lat="47.019318" lon="9.856452">
        <ele>2468.986892</ele>
        <time>2026-09-12T13:40:03.000Z</time>
      </trkpt>
      <trkpt lat="47.019320" lon="9.856439">
        <ele>2468.763184</ele>
        <time>2026-09-12T13:40:04.000Z</time>
      </trkpt>
      <trkpt lat="47.019323" lon="9.856426">
        <ele>2468.532799</ele>
        <time>2026-09-12T13:40:05.000Z</time>
      </trkpt>
      <trkpt lat="47.019326" lon="9.856415">
        <ele>2468.333924</ele>
        <time>2026-09-12T13:40:06.000Z</time>
      </trkpt>
      <trkpt lat="47.019330" lon="9.856404">
        <ele>2468.124651</ele>
        <time>2026-09-12T13:40:07.000Z</time>
      </trkpt>
      <trkpt lat="47.019334" lon="9.856394">
        <ele>2467.930028</ele>
        <time>2026-09-12T13:40:08.000Z</time>
      </trkpt>
      <trkpt lat="47.019339" lon="9.856386">
        <ele>2467.747846</ele>
        <time>2026-09-12T13:40:09.000Z</time>
      </trkpt>
      <trkpt lat="47.019345" lon="9.856379">
        <ele>2467.559081</ele>
        <time>2026-09-12T13:40:10.000Z</time>
      </trkpt>
      <trkpt lat="47.019353" lon="9.856374">
        <ele>2467.344967</ele>
        <time>2026-09-12T13:40:11.000Z</time>
      </trkpt>
      <trkpt lat="47.019362" lon="9.856368">
        <ele>2467.101553</ele>
        <time>2026-09-12T13:40:12.000Z</time>
      </trkpt>
      <trkpt lat="47.019371" lon="9.856361">
        <ele>2466.850726</ele>
        <time>2026-09-12T13:40:13.000Z</time>
      </trkpt>
      <trkpt lat="47.019380" lon="9.856349">
        <ele>2466.551256</ele>
        <time>2026-09-12T13:40:14.000Z</time>
      </trkpt>
      <trkpt lat="47.019389" lon="9.856332">
        <ele>2466.189952</ele>
        <time>2026-09-12T13:40:15.000Z</time>
      </trkpt>
      <trkpt lat="47.019397" lon="9.856312">
        <ele>2465.800707</ele>
        <time>2026-09-12T13:40:16.000Z</time>
      </trkpt>
      <trkpt lat="47.019401" lon="9.856295">
        <ele>2465.498823</ele>
        <time>2026-09-12T13:40:17.000Z</time>
      </trkpt>
      <trkpt lat="47.019402" lon="9.856282">
        <ele>2465.279218</ele>
        <time>2026-09-12T13:40:18.000Z</time>
      </trkpt>
      <trkpt lat="47.019400" lon="9.856270">
        <ele>2465.071851</ele>
        <time>2026-09-12T13:40:19.000Z</time>
      </trkpt>
      <trkpt lat="47.019400" lon="9.856256">
        <ele>2464.836843</ele>
        <time>2026-09-12T13:40:20.000Z</time>
      </trkpt>
      <trkpt lat="47.019400" lon="9.856241">
        <ele>2464.585050</ele>
        <time>2026-09-12T13:40:21.000Z</time>
      </trkpt>
      <trkpt lat="47.019404" lon="9.856229">
        <ele>2464.360827</ele>
        <time>2026-09-12T13:40:22.000Z</time>
      </trkpt>
      <trkpt lat="47.019408" lon="9.856224">
        <ele>2464.231426</ele>
        <time>2026-09-12T13:40:23.000Z</time>
      </trkpt>
      <trkpt lat="47.019412" lon="9.856226">
        <ele>2464.127372</ele>
        <time>2026-09-12T13:40:24.000Z</time>
      </trkpt>
      <trkpt lat="47.019419" lon="9.856227">
        <ele>2463.954201</ele>
        <time>2026-09-12T13:40:25.000Z</time>
      </trkpt>
      <trkpt lat="47.019427" lon="9.856227">
        <ele>2463.757223</ele>
        <time>2026-09-12T13:40:26.000Z</time>
      </trkpt>
      <trkpt lat="47.019435" lon="9.856228">
        <ele>2463.559531</ele>
        <time>2026-09-12T13:40:27.000Z</time>
      </trkpt>
      <trkpt lat="47.019443" lon="9.856229">
        <ele>2463.361839</ele>
        <time>2026-09-12T13:40:28.000Z</time>
      </trkpt>
      <trkpt lat="47.019448" lon="9.856231">
        <ele>2463.234232</ele>
        <time>2026-09-12T13:40:29.000Z</time>
      </trkpt>
      <trkpt lat="47.019453" lon="9.856232">
        <ele>2463.109982</ele>
        <time>2026-09-12T13:40:30.000Z</time>
      </trkpt>
      <trkpt lat="47.019455" lon="9.856233">
        <ele>2463.057955</ele>
        <time>2026-09-12T13:40:31.000Z</time>
      </trkpt>
      <trkpt lat="47.019456" lon="9.856232">
        <ele>2463.028155</ele>
        <time>2026-09-12T13:40:32.000Z</time>
      </trkpt>
      <trkpt lat="47.019460" lon="9.856228">
        <ele>2462.908956</ele>
        <time>2026-09-12T13:40:33.000Z</time>
      </trkpt>
      <trkpt lat="47.019464" lon="9.856221">
        <ele>2462.755635</ele>
        <time>2026-09-12T13:40:34.000Z</time>
      </trkpt>
      <trkpt lat="47.019469" lon="9.856213">
        <ele>2462.573454</ele>
        <time>2026-09-12T13:40:35.000Z</time>
      </trkpt>
      <trkpt lat="47.019475" lon="9.856204">
        <ele>2462.362150</ele>
        <time>2026-09-12T13:40:36.000Z</time>
      </trkpt>
      <trkpt lat="47.019483" lon="9.856196">
        <ele>2462.123751</ele>
        <time>2026-09-12T13:40:37.000Z</time>
      </trkpt>
      <trkpt lat="47.019490" lon="9.856189">
        <ele>2461.915152</ele>
        <time>2026-09-12T13:40:38.000Z</time>
      </trkpt>
      <trkpt lat="47.019498" lon="9.856183">
        <ele>2461.693919</ele>
        <time>2026-09-12T13:40:39.000Z</time>
      </trkpt>
      <trkpt lat="47.019506" lon="9.856178">
        <ele>2461.479805</ele>
        <time>2026-09-12T13:40:40.000Z</time>
      </trkpt>
      <trkpt lat="47.019514" lon="9.856174">
        <ele>2461.271697</ele>
        <time>2026-09-12T13:40:41.000Z</time>
      </trkpt>
      <trkpt lat="47.019521" lon="9.856169">
        <ele>2461.079992</ele>
        <time>2026-09-12T13:40:42.000Z</time>
      </trkpt>
      <trkpt lat="47.019526" lon="9.856165">
        <ele>2460.939761</ele>
        <time>2026-09-12T13:40:43.000Z</time>
      </trkpt>
      <trkpt lat="47.019530" lon="9.856159">
        <ele>2460.798892</ele>
        <time>2026-09-12T13:40:44.000Z</time>
      </trkpt>
      <trkpt lat="47.019533" lon="9.856151">
        <ele>2460.645628</ele>
        <time>2026-09-12T13:40:45.000Z</time>
      </trkpt>
      <trkpt lat="47.019536" lon="9.856142">
        <ele>2460.477461</ele>
        <time>2026-09-12T13:40:46.000Z</time>
      </trkpt>
      <trkpt lat="47.019537" lon="9.856130">
        <ele>2460.274527</ele>
        <time>2026-09-12T13:40:47.000Z</time>
      </trkpt>
      <trkpt lat="47.019539" lon="9.856114">
        <ele>2460.001471</ele>
        <time>2026-09-12T13:40:48.000Z</time>
      </trkpt>
      <trkpt lat="47.019541" lon="9.856094">
        <ele>2459.662154</ele>
        <time>2026-09-12T13:40:49.000Z</time>
      </trkpt>
      <trkpt lat="47.019542" lon="9.856074">
        <ele>2459.325529</ele>
        <time>2026-09-12T13:40:50.000Z</time>
      </trkpt>
      <trkpt lat="47.019542" lon="9.856057">
        <ele>2459.040164</ele>
        <time>2026-09-12T13:40:51.000Z</time>
      </trkpt>
      <trkpt lat="47.019541" lon="9.856044">
        <ele>2458.820558</ele>
        <time>2026-09-12T13:40:52.000Z</time>
      </trkpt>
      <trkpt lat="47.019541" lon="9.856033">
        <ele>2458.645162</ele>
        <time>2026-09-12T13:40:53.000Z</time>
      </trkpt>
      <trkpt lat="47.019541" lon="9.856025">
        <ele>2458.553969</ele>
        <time>2026-09-12T13:40:54.000Z</time>
      </trkpt>
      <trkpt lat="47.019540" lon="9.856018">
        <ele>2458.472442</ele>
        <time>2026-09-12T13:40:55.000Z</time>
      </trkpt>
      <trkpt lat="47.019540" lon="9.856011">
        <ele>2458.392648</ele>
        <time>2026-09-12T13:40:56.000Z</time>
      </trkpt>
      <trkpt lat="47.019540" lon="9.856001">
        <ele>2458.278657</ele>
        <time>2026-09-12T13:40:57.000Z</time>
      </trkpt>
      <trkpt lat="47.019540" lon="9.855990">
        <ele>2458.153267</ele>
        <time>2026-09-12T13:40:58.000Z</time>
      </trkpt>
      <trkpt lat="47.019539" lon="9.855977">
        <ele>2458.004138</ele>
        <time>2026-09-12T13:40:59.000Z</time>
      </trkpt>
      <trkpt lat="47.019541" lon="9.855964">
        <ele>2457.852224</ele>
        <time>2026-09-12T13:41:00.000Z</time>
      </trkpt>
      <trkpt lat="47.019544" lon="9.855954">
        <ele>2457.727684</ele>
        <time>2026-09-12T13:41:01.000Z</time>
      </trkpt>
      <trkpt lat="47.019546" lon="9.855944">
        <ele>2457.608889</ele>
        <time>2026-09-12T13:41:02.000Z</time>
      </trkpt>
      <trkpt lat="47.019546" lon="9.855933">
        <ele>2457.483499</ele>
        <time>2026-09-12T13:41:03.000Z</time>
      </trkpt>
      <trkpt lat="47.019544" lon="9.855921">
        <ele>2457.342681</ele>
        <time>2026-09-12T13:41:04.000Z</time>
      </trkpt>
      <trkpt lat="47.019541" lon="9.855908">
        <ele>2457.186234</ele>
        <time>2026-09-12T13:41:05.000Z</time>
      </trkpt>
      <trkpt lat="47.019538" lon="9.855894">
        <ele>2457.018948</ele>
        <time>2026-09-12T13:41:06.000Z</time>
      </trkpt>
      <trkpt lat="47.019535" lon="9.855880">
        <ele>2456.851663</ele>
        <time>2026-09-12T13:41:07.000Z</time>
      </trkpt>
      <trkpt lat="47.019535" lon="9.855866">
        <ele>2456.692076</ele>
        <time>2026-09-12T13:41:08.000Z</time>
      </trkpt>
      <trkpt lat="47.019536" lon="9.855853">
        <ele>2456.542947</ele>
        <time>2026-09-12T13:41:09.000Z</time>
      </trkpt>
      <trkpt lat="47.019538" lon="9.855840">
        <ele>2456.391032</ele>
        <time>2026-09-12T13:41:10.000Z</time>
      </trkpt>
      <trkpt lat="47.019539" lon="9.855825">
        <ele>2456.219230</ele>
        <time>2026-09-12T13:41:11.000Z</time>
      </trkpt>
      <trkpt lat="47.019540" lon="9.855810">
        <ele>2456.047428</ele>
        <time>2026-09-12T13:41:12.000Z</time>
      </trkpt>
      <trkpt lat="47.019542" lon="9.855797">
        <ele>2455.895513</ele>
        <time>2026-09-12T13:41:13.000Z</time>
      </trkpt>
      <trkpt lat="47.019545" lon="9.855786">
        <ele>2455.760462</ele>
        <time>2026-09-12T13:41:14.000Z</time>
      </trkpt>
      <trkpt lat="47.019551" lon="9.855777">
        <ele>2455.616971</ele>
        <time>2026-09-12T13:41:15.000Z</time>
      </trkpt>
      <trkpt lat="47.019556" lon="9.855767">
        <ele>2455.475609</ele>
        <time>2026-09-12T13:41:16.000Z</time>
      </trkpt>
      <trkpt lat="47.019560" lon="9.855755">
        <ele>2455.323345</ele>
        <time>2026-09-12T13:41:17.000Z</time>
      </trkpt>
      <trkpt lat="47.019562" lon="9.855743">
        <ele>2455.182527</ele>
        <time>2026-09-12T13:41:18.000Z</time>
      </trkpt>
      <trkpt lat="47.019563" lon="9.855728">
        <ele>2455.010725</ele>
        <time>2026-09-12T13:41:19.000Z</time>
      </trkpt>
      <trkpt lat="47.019563" lon="9.855709">
        <ele>2454.794142</ele>
        <time>2026-09-12T13:41:20.000Z</time>
      </trkpt>
      <trkpt lat="47.019563" lon="9.855688">
        <ele>2454.554761</ele>
        <time>2026-09-12T13:41:21.000Z</time>
      </trkpt>
      <trkpt lat="47.019565" lon="9.855666">
        <ele>2454.301761</ele>
        <time>2026-09-12T13:41:22.000Z</time>
      </trkpt>
      <trkpt lat="47.019567" lon="9.855646">
        <ele>2454.071339</ele>
        <time>2026-09-12T13:41:23.000Z</time>
      </trkpt>
      <trkpt lat="47.019570" lon="9.855626">
        <ele>2453.837904</ele>
        <time>2026-09-12T13:41:24.000Z</time>
      </trkpt>
      <trkpt lat="47.019572" lon="9.855606">
        <ele>2453.607483</ele>
        <time>2026-09-12T13:41:25.000Z</time>
      </trkpt>
      <trkpt lat="47.019573" lon="9.855587">
        <ele>2453.390255</ele>
        <time>2026-09-12T13:41:26.000Z</time>
      </trkpt>
      <trkpt lat="47.019572" lon="9.855569">
        <ele>2453.184391</ele>
        <time>2026-09-12T13:41:27.000Z</time>
      </trkpt>
      <trkpt lat="47.019569" lon="9.855551">
        <ele>2452.973165</ele>
        <time>2026-09-12T13:41:28.000Z</time>
      </trkpt>
      <trkpt lat="47.019566" lon="9.855534">
        <ele>2452.772994</ele>
        <time>2026-09-12T13:41:29.000Z</time>
      </trkpt>
      <trkpt lat="47.019563" lon="9.855517">
        <ele>2452.572822</ele>
        <time>2026-09-12T13:41:30.000Z</time>
      </trkpt>
      <trkpt lat="47.019560" lon="9.855501">
        <ele>2452.383664</ele>
        <time>2026-09-12T13:41:31.000Z</time>
      </trkpt>
      <trkpt lat="47.019557" lon="9.855485">
        <ele>2452.194506</ele>
        <time>2026-09-12T13:41:32.000Z</time>
      </trkpt>
      <trkpt lat="47.019554" lon="9.855469">
        <ele>2452.005349</ele>
        <time>2026-09-12T13:41:33.000Z</time>
      </trkpt>
      <trkpt lat="47.019552" lon="9.855452">
        <ele>2451.808700</ele>
        <time>2026-09-12T13:41:34.000Z</time>
      </trkpt>
      <trkpt lat="47.019551" lon="9.855434">
        <ele>2451.602836</ele>
        <time>2026-09-12T13:41:35.000Z</time>
      </trkpt>
      <trkpt lat="47.019552" lon="9.855418">
        <ele>2451.419685</ele>
        <time>2026-09-12T13:41:36.000Z</time>
      </trkpt>
      <trkpt lat="47.019554" lon="9.855405">
        <ele>2451.267770</ele>
        <time>2026-09-12T13:41:37.000Z</time>
      </trkpt>
      <trkpt lat="47.019555" lon="9.855393">
        <ele>2451.129963</ele>
        <time>2026-09-12T13:41:38.000Z</time>
      </trkpt>
      <trkpt lat="47.019555" lon="9.855380">
        <ele>2450.981775</ele>
        <time>2026-09-12T13:41:39.000Z</time>
      </trkpt>
      <trkpt lat="47.019556" lon="9.855363">
        <ele>2450.787270</ele>
        <time>2026-09-12T13:41:40.000Z</time>
      </trkpt>
      <trkpt lat="47.019557" lon="9.855345">
        <ele>2450.581406</ele>
        <time>2026-09-12T13:41:41.000Z</time>
      </trkpt>
      <trkpt lat="47.019559" lon="9.855328">
        <ele>2450.384757</ele>
        <time>2026-09-12T13:41:42.000Z</time>
      </trkpt>
      <trkpt lat="47.019562" lon="9.855311">
        <ele>2450.184585</ele>
        <time>2026-09-12T13:41:43.000Z</time>
      </trkpt>
      <trkpt lat="47.019564" lon="9.855295">
        <ele>2449.999159</ele>
        <time>2026-09-12T13:41:44.000Z</time>
      </trkpt>
      <trkpt lat="47.019565" lon="9.855280">
        <ele>2449.827357</ele>
        <time>2026-09-12T13:41:45.000Z</time>
      </trkpt>
      <trkpt lat="47.019565" lon="9.855267">
        <ele>2449.679169</ele>
        <time>2026-09-12T13:41:46.000Z</time>
      </trkpt>
      <trkpt lat="47.019564" lon="9.855251">
        <ele>2449.496019</ele>
        <time>2026-09-12T13:41:47.000Z</time>
      </trkpt>
      <trkpt lat="47.019563" lon="9.855232">
        <ele>2449.278791</ele>
        <time>2026-09-12T13:41:48.000Z</time>
      </trkpt>
      <trkpt lat="47.019564" lon="9.855212">
        <ele>2449.050197</ele>
        <time>2026-09-12T13:41:49.000Z</time>
      </trkpt>
      <trkpt lat="47.019566" lon="9.855193">
        <ele>2448.831047</ele>
        <time>2026-09-12T13:41:50.000Z</time>
      </trkpt>
      <trkpt lat="47.019570" lon="9.855176">
        <ele>2448.626046</ele>
        <time>2026-09-12T13:41:51.000Z</time>
      </trkpt>
      <trkpt lat="47.019575" lon="9.855158">
        <ele>2448.404484</ele>
        <time>2026-09-12T13:41:52.000Z</time>
      </trkpt>
      <trkpt lat="47.019579" lon="9.855141">
        <ele>2448.199482</ele>
        <time>2026-09-12T13:41:53.000Z</time>
      </trkpt>
      <trkpt lat="47.019583" lon="9.855127">
        <ele>2448.026447</ele>
        <time>2026-09-12T13:41:54.000Z</time>
      </trkpt>
      <trkpt lat="47.019586" lon="9.855113">
        <ele>2447.859162</ele>
        <time>2026-09-12T13:41:55.000Z</time>
      </trkpt>
      <trkpt lat="47.019590" lon="9.855099">
        <ele>2447.686126</ele>
        <time>2026-09-12T13:41:56.000Z</time>
      </trkpt>
      <trkpt lat="47.019596" lon="9.855087">
        <ele>2447.516492</ele>
        <time>2026-09-12T13:41:57.000Z</time>
      </trkpt>
      <trkpt lat="47.019605" lon="9.855075">
        <ele>2447.313129</ele>
        <time>2026-09-12T13:41:58.000Z</time>
      </trkpt>
      <trkpt lat="47.019615" lon="9.855063">
        <ele>2447.097100</ele>
        <time>2026-09-12T13:41:59.000Z</time>
      </trkpt>
      <trkpt lat="47.019624" lon="9.855054">
        <ele>2446.914973</ele>
        <time>2026-09-12T13:42:00.000Z</time>
      </trkpt>
      <trkpt lat="47.019632" lon="9.855048">
        <ele>2446.764738</ele>
        <time>2026-09-12T13:42:01.000Z</time>
      </trkpt>
      <trkpt lat="47.019639" lon="9.855042">
        <ele>2446.629177</ele>
        <time>2026-09-12T13:42:02.000Z</time>
      </trkpt>
      <trkpt lat="47.019647" lon="9.855035">
        <ele>2446.473422</ele>
        <time>2026-09-12T13:42:03.000Z</time>
      </trkpt>
      <trkpt lat="47.019655" lon="9.855029">
        <ele>2446.323188</ele>
        <time>2026-09-12T13:42:04.000Z</time>
      </trkpt>
      <trkpt lat="47.019665" lon="9.855025">
        <ele>2446.149879</ele>
        <time>2026-09-12T13:42:05.000Z</time>
      </trkpt>
      <trkpt lat="47.019676" lon="9.855024">
        <ele>2445.965601</ele>
        <time>2026-09-12T13:42:06.000Z</time>
      </trkpt>
      <trkpt lat="47.019686" lon="9.855025">
        <ele>2445.798009</ele>
        <time>2026-09-12T13:42:07.000Z</time>
      </trkpt>
      <trkpt lat="47.019694" lon="9.855029">
        <ele>2445.656689</ele>
        <time>2026-09-12T13:42:08.000Z</time>
      </trkpt>
      <trkpt lat="47.019699" lon="9.855033">
        <ele>2445.561461</ele>
        <time>2026-09-12T13:42:09.000Z</time>
      </trkpt>
      <trkpt lat="47.019704" lon="9.855036">
        <ele>2445.471135</ele>
        <time>2026-09-12T13:42:10.000Z</time>
      </trkpt>
      <trkpt lat="47.019709" lon="9.855038">
        <ele>2445.384480</ele>
        <time>2026-09-12T13:42:11.000Z</time>
      </trkpt>
      <trkpt lat="47.019714" lon="9.855039">
        <ele>2445.300105</ele>
        <time>2026-09-12T13:42:12.000Z</time>
      </trkpt>
      <trkpt lat="47.019721" lon="9.855040">
        <ele>2445.182508</ele>
        <time>2026-09-12T13:42:13.000Z</time>
      </trkpt>
      <trkpt lat="47.019729" lon="9.855037">
        <ele>2445.044443</ele>
        <time>2026-09-12T13:42:14.000Z</time>
      </trkpt>
      <trkpt lat="47.019740" lon="9.855032">
        <ele>2444.851890</ele>
        <time>2026-09-12T13:42:15.000Z</time>
      </trkpt>
      <trkpt lat="47.019751" lon="9.855026">
        <ele>2444.655661</ele>
        <time>2026-09-12T13:42:16.000Z</time>
      </trkpt>
      <trkpt lat="47.019761" lon="9.855024">
        <ele>2444.486910</ele>
        <time>2026-09-12T13:42:17.000Z</time>
      </trkpt>
      <trkpt lat="47.019769" lon="9.855028">
        <ele>2444.345589</ele>
        <time>2026-09-12T13:42:18.000Z</time>
      </trkpt>
      <trkpt lat="47.019775" lon="9.855037">
        <ele>2444.202098</ele>
        <time>2026-09-12T13:42:19.000Z</time>
      </trkpt>
      <trkpt lat="47.019781" lon="9.855046">
        <ele>2444.058608</ele>
        <time>2026-09-12T13:42:20.000Z</time>
      </trkpt>
      <trkpt lat="47.019787" lon="9.855054">
        <ele>2443.923033</ele>
        <time>2026-09-12T13:42:21.000Z</time>
      </trkpt>
      <trkpt lat="47.019793" lon="9.855060">
        <ele>2443.801614</ele>
        <time>2026-09-12T13:42:22.000Z</time>
      </trkpt>
      <trkpt lat="47.019800" lon="9.855066">
        <ele>2443.666053</ele>
        <time>2026-09-12T13:42:23.000Z</time>
      </trkpt>
      <trkpt lat="47.019808" lon="9.855071">
        <ele>2443.520654</ele>
        <time>2026-09-12T13:42:24.000Z</time>
      </trkpt>
      <trkpt lat="47.019818" lon="9.855073">
        <ele>2443.351903</ele>
        <time>2026-09-12T13:42:25.000Z</time>
      </trkpt>
      <trkpt lat="47.019830" lon="9.855072">
        <ele>2443.150935</ele>
        <time>2026-09-12T13:42:26.000Z</time>
      </trkpt>
      <trkpt lat="47.019844" lon="9.855066">
        <ele>2442.907062</ele>
        <time>2026-09-12T13:42:27.000Z</time>
      </trkpt>
      <trkpt lat="47.019858" lon="9.855057">
        <ele>2442.651483</ele>
        <time>2026-09-12T13:42:28.000Z</time>
      </trkpt>
      <trkpt lat="47.019870" lon="9.855049">
        <ele>2442.431087</ele>
        <time>2026-09-12T13:42:29.000Z</time>
      </trkpt>
      <trkpt lat="47.019882" lon="9.855042">
        <ele>2442.215158</ele>
        <time>2026-09-12T13:42:30.000Z</time>
      </trkpt>
      <trkpt lat="47.019894" lon="9.855039">
        <ele>2442.011620</ele>
        <time>2026-09-12T13:42:31.000Z</time>
      </trkpt>
      <trkpt lat="47.019905" lon="9.855037">
        <ele>2441.826288</ele>
        <time>2026-09-12T13:42:32.000Z</time>
      </trkpt>
      <trkpt lat="47.019916" lon="9.855037">
        <ele>2441.642364</ele>
        <time>2026-09-12T13:42:33.000Z</time>
      </trkpt>
      <trkpt lat="47.019927" lon="9.855037">
        <ele>2441.458440</ele>
        <time>2026-09-12T13:42:34.000Z</time>
      </trkpt>
      <trkpt lat="47.019937" lon="9.855035">
        <ele>2441.289689</ele>
        <time>2026-09-12T13:42:35.000Z</time>
      </trkpt>
      <trkpt lat="47.019947" lon="9.855030">
        <ele>2441.113038</ele>
        <time>2026-09-12T13:42:36.000Z</time>
      </trkpt>
      <trkpt lat="47.019957" lon="9.855026">
        <ele>2440.939728</ele>
        <time>2026-09-12T13:42:37.000Z</time>
      </trkpt>
      <trkpt lat="47.019967" lon="9.855024">
        <ele>2440.770977</ele>
        <time>2026-09-12T13:42:38.000Z</time>
      </trkpt>
      <trkpt lat="47.019978" lon="9.855022">
        <ele>2440.585645</ele>
        <time>2026-09-12T13:42:39.000Z</time>
      </trkpt>
      <trkpt lat="47.019987" lon="9.855019">
        <ele>2440.431325</ele>
        <time>2026-09-12T13:42:40.000Z</time>
      </trkpt>
      <trkpt lat="47.019995" lon="9.855013">
        <ele>2440.281091</ele>
        <time>2026-09-12T13:42:41.000Z</time>
      </trkpt>
      <trkpt lat="47.020004" lon="9.855007">
        <ele>2440.115794</ele>
        <time>2026-09-12T13:42:42.000Z</time>
      </trkpt>
      <trkpt lat="47.020011" lon="9.855001">
        <ele>2439.980233</ele>
        <time>2026-09-12T13:42:43.000Z</time>
      </trkpt>
      <trkpt lat="47.020019" lon="9.854999">
        <ele>2439.844541</ele>
        <time>2026-09-12T13:42:44.000Z</time>
      </trkpt>
      <trkpt lat="47.020028" lon="9.855001">
        <ele>2439.692341</ele>
        <time>2026-09-12T13:42:45.000Z</time>
      </trkpt>
      <trkpt lat="47.020037" lon="9.855006">
        <ele>2439.531425</ele>
        <time>2026-09-12T13:42:46.000Z</time>
      </trkpt>
      <trkpt lat="47.020046" lon="9.855012">
        <ele>2439.366129</ele>
        <time>2026-09-12T13:42:47.000Z</time>
      </trkpt>
      <trkpt lat="47.020055" lon="9.855019">
        <ele>2439.195799</ele>
        <time>2026-09-12T13:42:48.000Z</time>
      </trkpt>
      <trkpt lat="47.020064" lon="9.855024">
        <ele>2439.034884</ele>
        <time>2026-09-12T13:42:49.000Z</time>
      </trkpt>
      <trkpt lat="47.020074" lon="9.855025">
        <ele>2438.867292</ele>
        <time>2026-09-12T13:42:50.000Z</time>
      </trkpt>
      <trkpt lat="47.020083" lon="9.855024">
        <ele>2438.716377</ele>
        <time>2026-09-12T13:42:51.000Z</time>
      </trkpt>
      <trkpt lat="47.020092" lon="9.855023">
        <ele>2438.565463</ele>
        <time>2026-09-12T13:42:52.000Z</time>
      </trkpt>
      <trkpt lat="47.020100" lon="9.855022">
        <ele>2438.431215</ele>
        <time>2026-09-12T13:42:53.000Z</time>
      </trkpt>
      <trkpt lat="47.020108" lon="9.855022">
        <ele>2438.297452</ele>
        <time>2026-09-12T13:42:54.000Z</time>
      </trkpt>
      <trkpt lat="47.020116" lon="9.855028">
        <ele>2438.147217</ele>
        <time>2026-09-12T13:42:55.000Z</time>
      </trkpt>
      <trkpt lat="47.020122" lon="9.855038">
        <ele>2437.995368</ele>
        <time>2026-09-12T13:42:56.000Z</time>
      </trkpt>
      <trkpt lat="47.020128" lon="9.855048">
        <ele>2437.843519</ele>
        <time>2026-09-12T13:42:57.000Z</time>
      </trkpt>
      <trkpt lat="47.020135" lon="9.855057">
        <ele>2437.687878</ele>
        <time>2026-09-12T13:42:58.000Z</time>
      </trkpt>
      <trkpt lat="47.020144" lon="9.855059">
        <ele>2437.535678</ele>
        <time>2026-09-12T13:42:59.000Z</time>
      </trkpt>
      <trkpt lat="47.020152" lon="9.855055">
        <ele>2437.394357</ele>
        <time>2026-09-12T13:43:00.000Z</time>
      </trkpt>
      <trkpt lat="47.020160" lon="9.855042">
        <ele>2437.194728</ele>
        <time>2026-09-12T13:43:01.000Z</time>
      </trkpt>
      <trkpt lat="47.020166" lon="9.855025">
        <ele>2436.976516</ele>
        <time>2026-09-12T13:43:02.000Z</time>
      </trkpt>
      <trkpt lat="47.020169" lon="9.855006">
        <ele>2436.754203</ele>
        <time>2026-09-12T13:43:03.000Z</time>
      </trkpt>
      <trkpt lat="47.020171" lon="9.854988">
        <ele>2436.546314</ele>
        <time>2026-09-12T13:43:04.000Z</time>
      </trkpt>
      <trkpt lat="47.020175" lon="9.854976">
        <ele>2436.394051</ele>
        <time>2026-09-12T13:43:05.000Z</time>
      </trkpt>
      <trkpt lat="47.020179" lon="9.854975">
        <ele>2436.326205</ele>
        <time>2026-09-12T13:43:06.000Z</time>
      </trkpt>
      <trkpt lat="47.020179" lon="9.854982">
        <ele>2436.246412</ele>
        <time>2026-09-12T13:43:07.000Z</time>
      </trkpt>
      <trkpt lat="47.020178" lon="9.854989">
        <ele>2436.164886</ele>
        <time>2026-09-12T13:43:08.000Z</time>
      </trkpt>
      <trkpt lat="47.020176" lon="9.854992">
        <ele>2436.117056</ele>
        <time>2026-09-12T13:43:09.000Z</time>
      </trkpt>
      <trkpt lat="47.020174" lon="9.854993">
        <ele>2436.081726</ele>
        <time>2026-09-12T13:43:10.000Z</time>
      </trkpt>
      <trkpt lat="47.020173" lon="9.854993">
        <ele>2436.065006</ele>
        <time>2026-09-12T13:43:11.000Z</time>
      </trkpt>
      <trkpt lat="47.020174" lon="9.854992">
        <ele>2436.044769</ele>
        <time>2026-09-12T13:43:12.000Z</time>
      </trkpt>
      <trkpt lat="47.020175" lon="9.854992">
        <ele>2436.028049</ele>
        <time>2026-09-12T13:43:13.000Z</time>
      </trkpt>
      <trkpt lat="47.020176" lon="9.854991">
        <ele>2436.007813</ele>
        <time>2026-09-12T13:43:14.000Z</time>
      </trkpt>
      <trkpt lat="47.020180" lon="9.854990">
        <ele>2435.939967</ele>
        <time>2026-09-12T13:43:15.000Z</time>
      </trkpt>
      <trkpt lat="47.020186" lon="9.854989">
        <ele>2435.838999</ele>
        <time>2026-09-12T13:43:16.000Z</time>
      </trkpt>
      <trkpt lat="47.020194" lon="9.854989">
        <ele>2435.705236</ele>
        <time>2026-09-12T13:43:17.000Z</time>
      </trkpt>
      <trkpt lat="47.020203" lon="9.854992">
        <ele>2435.550916</ele>
        <time>2026-09-12T13:43:18.000Z</time>
      </trkpt>
      <trkpt lat="47.020213" lon="9.854997">
        <ele>2435.374265</ele>
        <time>2026-09-12T13:43:19.000Z</time>
      </trkpt>
      <trkpt lat="47.020223" lon="9.855005">
        <ele>2435.183810</ele>
        <time>2026-09-12T13:43:20.000Z</time>
      </trkpt>
      <trkpt lat="47.020233" lon="9.855015">
        <ele>2434.981447</ele>
        <time>2026-09-12T13:43:21.000Z</time>
      </trkpt>
      <trkpt lat="47.020242" lon="9.855028">
        <ele>2434.770249</ele>
        <time>2026-09-12T13:43:22.000Z</time>
      </trkpt>
      <trkpt lat="47.020250" lon="9.855045">
        <ele>2434.534783</ele>
        <time>2026-09-12T13:43:23.000Z</time>
      </trkpt>
      <trkpt lat="47.020256" lon="9.855064">
        <ele>2434.296096</ele>
        <time>2026-09-12T13:43:24.000Z</time>
      </trkpt>
      <trkpt lat="47.020263" lon="9.855084">
        <ele>2434.039828</ele>
        <time>2026-09-12T13:43:25.000Z</time>
      </trkpt>
      <trkpt lat="47.020269" lon="9.855105">
        <ele>2433.780278</ele>
        <time>2026-09-12T13:43:26.000Z</time>
      </trkpt>
      <trkpt lat="47.020271" lon="9.855126">
        <ele>2433.538575</ele>
        <time>2026-09-12T13:43:27.000Z</time>
      </trkpt>
      <trkpt lat="47.020272" lon="9.855147">
        <ele>2433.298614</ele>
        <time>2026-09-12T13:43:28.000Z</time>
      </trkpt>
      <trkpt lat="47.020270" lon="9.855166">
        <ele>2433.079467</ele>
        <time>2026-09-12T13:43:29.000Z</time>
      </trkpt>
      <trkpt lat="47.020266" lon="9.855182">
        <ele>2432.885208</ele>
        <time>2026-09-12T13:43:30.000Z</time>
      </trkpt>
      <trkpt lat="47.020260" lon="9.855194">
        <ele>2432.715575</ele>
        <time>2026-09-12T13:43:31.000Z</time>
      </trkpt>
      <trkpt lat="47.020255" lon="9.855197">
        <ele>2432.625249</ele>
        <time>2026-09-12T13:43:32.000Z</time>
      </trkpt>
      <trkpt lat="47.020254" lon="9.855191">
        <ele>2432.554841</ele>
        <time>2026-09-12T13:43:33.000Z</time>
      </trkpt>
      <trkpt lat="47.020255" lon="9.855185">
        <ele>2432.484433</ele>
        <time>2026-09-12T13:43:34.000Z</time>
      </trkpt>
      <trkpt lat="47.020256" lon="9.855182">
        <ele>2432.446368</ele>
        <time>2026-09-12T13:43:35.000Z</time>
      </trkpt>
      <trkpt lat="47.020258" lon="9.855179">
        <ele>2432.398538</ele>
        <time>2026-09-12T13:43:36.000Z</time>
      </trkpt>
      <trkpt lat="47.020260" lon="9.855179">
        <ele>2432.365097</ele>
        <time>2026-09-12T13:43:37.000Z</time>
      </trkpt>
      <trkpt lat="47.020260" lon="9.855182">
        <ele>2432.330900</ele>
        <time>2026-09-12T13:43:38.000Z</time>
      </trkpt>
      <trkpt lat="47.020261" lon="9.855188">
        <ele>2432.260492</ele>
        <time>2026-09-12T13:43:39.000Z</time>
      </trkpt>
      <trkpt lat="47.020262" lon="9.855197">
        <ele>2432.156548</ele>
        <time>2026-09-12T13:43:40.000Z</time>
      </trkpt>
      <trkpt lat="47.020264" lon="9.855209">
        <ele>2432.015732</ele>
        <time>2026-09-12T13:43:41.000Z</time>
      </trkpt>
      <trkpt lat="47.020267" lon="9.855223">
        <ele>2431.848449</ele>
        <time>2026-09-12T13:43:42.000Z</time>
      </trkpt>
      <trkpt lat="47.020270" lon="9.855239">
        <ele>2431.659294</ele>
        <time>2026-09-12T13:43:43.000Z</time>
      </trkpt>
      <trkpt lat="47.020275" lon="9.855257">
        <ele>2431.437734</ele>
        <time>2026-09-12T13:43:44.000Z</time>
      </trkpt>
      <trkpt lat="47.020281" lon="9.855273">
        <ele>2431.229580</ele>
        <time>2026-09-12T13:43:45.000Z</time>
      </trkpt>
      <trkpt lat="47.020288" lon="9.855286">
        <ele>2431.040746</ele>
        <time>2026-09-12T13:43:46.000Z</time>
      </trkpt>
      <trkpt lat="47.020295" lon="9.855295">
        <ele>2430.885106</ele>
        <time>2026-09-12T13:43:47.000Z</time>
      </trkpt>
      <trkpt lat="47.020301" lon="9.855303">
        <ele>2430.749532</ele>
        <time>2026-09-12T13:43:48.000Z</time>
      </trkpt>
      <trkpt lat="47.020306" lon="9.855312">
        <ele>2430.617191</ele>
        <time>2026-09-12T13:43:49.000Z</time>
      </trkpt>
      <trkpt lat="47.020312" lon="9.855322">
        <ele>2430.465342</ele>
        <time>2026-09-12T13:43:50.000Z</time>
      </trkpt>
      <trkpt lat="47.020319" lon="9.855331">
        <ele>2430.309702</ele>
        <time>2026-09-12T13:43:51.000Z</time>
      </trkpt>
      <trkpt lat="47.020327" lon="9.855339">
        <ele>2430.147811</ele>
        <time>2026-09-12T13:43:52.000Z</time>
      </trkpt>
      <trkpt lat="47.020335" lon="9.855348">
        <ele>2429.979237</ele>
        <time>2026-09-12T13:43:53.000Z</time>
      </trkpt>
      <trkpt lat="47.020343" lon="9.855360">
        <ele>2429.787917</ele>
        <time>2026-09-12T13:43:54.000Z</time>
      </trkpt>
      <trkpt lat="47.020349" lon="9.855376">
        <ele>2429.579763</ele>
        <time>2026-09-12T13:43:55.000Z</time>
      </trkpt>
      <trkpt lat="47.020353" lon="9.855395">
        <ele>2429.353091</ele>
        <time>2026-09-12T13:43:56.000Z</time>
      </trkpt>
      <trkpt lat="47.020356" lon="9.855415">
        <ele>2429.119660</ele>
        <time>2026-09-12T13:43:57.000Z</time>
      </trkpt>
      <trkpt lat="47.020359" lon="9.855436">
        <ele>2428.875083</ele>
        <time>2026-09-12T13:43:58.000Z</time>
      </trkpt>
      <trkpt lat="47.020362" lon="9.855457">
        <ele>2428.630506</ele>
        <time>2026-09-12T13:43:59.000Z</time>
      </trkpt>
      <trkpt lat="47.020368" lon="9.855478">
        <ele>2428.429306</ele>
        <time>2026-09-12T13:44:00.000Z</time>
      </trkpt>
      <trkpt lat="47.020375" lon="9.855496">
        <ele>2428.255806</ele>
        <time>2026-09-12T13:44:01.000Z</time>
      </trkpt>
      <trkpt lat="47.020382" lon="9.855514">
        <ele>2428.082306</ele>
        <time>2026-09-12T13:44:02.000Z</time>
      </trkpt>
      <trkpt lat="47.020389" lon="9.855531">
        <ele>2427.916027</ele>
        <time>2026-09-12T13:44:03.000Z</time>
      </trkpt>
      <trkpt lat="47.020395" lon="9.855549">
        <ele>2427.748273</ele>
        <time>2026-09-12T13:44:04.000Z</time>
      </trkpt>
      <trkpt lat="47.020399" lon="9.855567">
        <ele>2427.589764</ele>
        <time>2026-09-12T13:44:05.000Z</time>
      </trkpt>
      <trkpt lat="47.020401" lon="9.855587">
        <ele>2427.420524</ele>
        <time>2026-09-12T13:44:06.000Z</time>
      </trkpt>
      <trkpt lat="47.020401" lon="9.855608">
        <ele>2427.244702</ele>
        <time>2026-09-12T13:44:07.000Z</time>
      </trkpt>
      <trkpt lat="47.020400" lon="9.855628">
        <ele>2427.076803</ele>
        <time>2026-09-12T13:44:08.000Z</time>
      </trkpt>
      <trkpt lat="47.020398" lon="9.855647">
        <ele>2426.915841</ele>
        <time>2026-09-12T13:44:09.000Z</time>
      </trkpt>
      <trkpt lat="47.020394" lon="9.855666">
        <ele>2426.749352</ele>
        <time>2026-09-12T13:44:10.000Z</time>
      </trkpt>
      <trkpt lat="47.020391" lon="9.855684">
        <ele>2426.594210</ele>
        <time>2026-09-12T13:44:11.000Z</time>
      </trkpt>
      <trkpt lat="47.020386" lon="9.855702">
        <ele>2426.431476</ele>
        <time>2026-09-12T13:44:12.000Z</time>
      </trkpt>
      <trkpt lat="47.020379" lon="9.855718">
        <ele>2426.272305</ele>
        <time>2026-09-12T13:44:13.000Z</time>
      </trkpt>
      <trkpt lat="47.020371" lon="9.855733">
        <ele>2426.112853</ele>
        <time>2026-09-12T13:44:14.000Z</time>
      </trkpt>
      <trkpt lat="47.020361" lon="9.855746">
        <ele>2425.948752</ele>
        <time>2026-09-12T13:44:15.000Z</time>
      </trkpt>
      <trkpt lat="47.020355" lon="9.855759">
        <ele>2425.817313</ele>
        <time>2026-09-12T13:44:16.000Z</time>
      </trkpt>
      <trkpt lat="47.020353" lon="9.855774">
        <ele>2425.689347</ele>
        <time>2026-09-12T13:44:17.000Z</time>
      </trkpt>
      <trkpt lat="47.020354" lon="9.855791">
        <ele>2425.546486</ele>
        <time>2026-09-12T13:44:18.000Z</time>
      </trkpt>
      <trkpt lat="47.020356" lon="9.855809">
        <ele>2425.393793</ele>
        <time>2026-09-12T13:44:19.000Z</time>
      </trkpt>
      <trkpt lat="47.020359" lon="9.855827">
        <ele>2425.238651</ele>
        <time>2026-09-12T13:44:20.000Z</time>
      </trkpt>
      <trkpt lat="47.020362" lon="9.855846">
        <ele>2425.075363</ele>
        <time>2026-09-12T13:44:21.000Z</time>
      </trkpt>
      <trkpt lat="47.020363" lon="9.855865">
        <ele>2424.915813</ele>
        <time>2026-09-12T13:44:22.000Z</time>
      </trkpt>
      <trkpt lat="47.020365" lon="9.855885">
        <ele>2424.746572</ele>
        <time>2026-09-12T13:44:23.000Z</time>
      </trkpt>
      <trkpt lat="47.020366" lon="9.855904">
        <ele>2424.587022</ele>
        <time>2026-09-12T13:44:24.000Z</time>
      </trkpt>
      <trkpt lat="47.020366" lon="9.855924">
        <ele>2424.419573</ele>
        <time>2026-09-12T13:44:25.000Z</time>
      </trkpt>
      <trkpt lat="47.020364" lon="9.855942">
        <ele>2424.266880</ele>
        <time>2026-09-12T13:44:26.000Z</time>
      </trkpt>
      <trkpt lat="47.020361" lon="9.855961">
        <ele>2424.103592</ele>
        <time>2026-09-12T13:44:27.000Z</time>
      </trkpt>
      <trkpt lat="47.020357" lon="9.855978">
        <ele>2423.953022</ele>
        <time>2026-09-12T13:44:28.000Z</time>
      </trkpt>
      <trkpt lat="47.020355" lon="9.855995">
        <ele>2423.808586</ele>
        <time>2026-09-12T13:44:29.000Z</time>
      </trkpt>
      <trkpt lat="47.020354" lon="9.856012">
        <ele>2423.665725</ele>
        <time>2026-09-12T13:44:30.000Z</time>
      </trkpt>
      <trkpt lat="47.020354" lon="9.856029">
        <ele>2423.523393</ele>
        <time>2026-09-12T13:44:31.000Z</time>
      </trkpt>
      <trkpt lat="47.020357" lon="9.856046">
        <ele>2423.376370</ele>
        <time>2026-09-12T13:44:32.000Z</time>
      </trkpt>
      <trkpt lat="47.020363" lon="9.856063">
        <ele>2423.216096</ele>
        <time>2026-09-12T13:44:33.000Z</time>
      </trkpt>
      <trkpt lat="47.020369" lon="9.856080">
        <ele>2423.055821</ele>
        <time>2026-09-12T13:44:34.000Z</time>
      </trkpt>
      <trkpt lat="47.020373" lon="9.856098">
        <ele>2422.897312</ele>
        <time>2026-09-12T13:44:35.000Z</time>
      </trkpt>
      <trkpt lat="47.020375" lon="9.856118">
        <ele>2422.728071</ele>
        <time>2026-09-12T13:44:36.000Z</time>
      </trkpt>
      <trkpt lat="47.020375" lon="9.856138">
        <ele>2422.560622</ele>
        <time>2026-09-12T13:44:37.000Z</time>
      </trkpt>
      <trkpt lat="47.020374" lon="9.856157">
        <ele>2422.401072</ele>
        <time>2026-09-12T13:44:38.000Z</time>
      </trkpt>
      <trkpt lat="47.020375" lon="9.856174">
        <ele>2422.258211</ele>
        <time>2026-09-12T13:44:39.000Z</time>
      </trkpt>
      <trkpt lat="47.020376" lon="9.856189">
        <ele>2422.132025</ele>
        <time>2026-09-12T13:44:40.000Z</time>
      </trkpt>
      <trkpt lat="47.020377" lon="9.856200">
        <ele>2422.039113</ele>
        <time>2026-09-12T13:44:41.000Z</time>
      </trkpt>
      <trkpt lat="47.020380" lon="9.856211">
        <ele>2421.939920</ele>
        <time>2026-09-12T13:44:42.000Z</time>
      </trkpt>
      <trkpt lat="47.020384" lon="9.856225">
        <ele>2421.812828</ele>
        <time>2026-09-12T13:44:43.000Z</time>
      </trkpt>
      <trkpt lat="47.020390" lon="9.856237">
        <ele>2421.688233</ele>
        <time>2026-09-12T13:44:44.000Z</time>
      </trkpt>
      <trkpt lat="47.020396" lon="9.856245">
        <ele>2421.588654</ele>
        <time>2026-09-12T13:44:45.000Z</time>
      </trkpt>
      <trkpt lat="47.020402" lon="9.856249">
        <ele>2421.507715</ele>
        <time>2026-09-12T13:44:46.000Z</time>
      </trkpt>
      <trkpt lat="47.020407" lon="9.856251">
        <ele>2421.444067</ele>
        <time>2026-09-12T13:44:47.000Z</time>
      </trkpt>
      <trkpt lat="47.020413" lon="9.856254">
        <ele>2421.366218</ele>
        <time>2026-09-12T13:44:48.000Z</time>
      </trkpt>
      <trkpt lat="47.020421" lon="9.856261">
        <ele>2421.251817</ele>
        <time>2026-09-12T13:44:49.000Z</time>
      </trkpt>
      <trkpt lat="47.020428" lon="9.856273">
        <ele>2421.119588</ele>
        <time>2026-09-12T13:44:50.000Z</time>
      </trkpt>
      <trkpt lat="47.020435" lon="9.856288">
        <ele>2420.967396</ele>
        <time>2026-09-12T13:44:51.000Z</time>
      </trkpt>
      <trkpt lat="47.020443" lon="9.856304">
        <ele>2420.801270</ele>
        <time>2026-09-12T13:44:52.000Z</time>
      </trkpt>
      <trkpt lat="47.020451" lon="9.856320">
        <ele>2420.635144</ele>
        <time>2026-09-12T13:44:53.000Z</time>
      </trkpt>
      <trkpt lat="47.020459" lon="9.856334">
        <ele>2420.482200</ele>
        <time>2026-09-12T13:44:54.000Z</time>
      </trkpt>
      <trkpt lat="47.020467" lon="9.856345">
        <ele>2420.347535</ele>
        <time>2026-09-12T13:44:55.000Z</time>
      </trkpt>
      <trkpt lat="47.020475" lon="9.856351">
        <ele>2420.237189</ele>
        <time>2026-09-12T13:44:56.000Z</time>
      </trkpt>
      <trkpt lat="47.020484" lon="9.856353">
        <ele>2420.125398</ele>
        <time>2026-09-12T13:44:57.000Z</time>
      </trkpt>
      <trkpt lat="47.020492" lon="9.856355">
        <ele>2420.025733</ele>
        <time>2026-09-12T13:44:58.000Z</time>
      </trkpt>
      <trkpt lat="47.020500" lon="9.856358">
        <ele>2419.924325</ele>
        <time>2026-09-12T13:44:59.000Z</time>
      </trkpt>
      <trkpt lat="47.020509" lon="9.856362">
        <ele>2419.808834</ele>
        <time>2026-09-12T13:45:00.000Z</time>
      </trkpt>
      <trkpt lat="47.020517" lon="9.856366">
        <ele>2419.705034</ele>
        <time>2026-09-12T13:45:01.000Z</time>
      </trkpt>
      <trkpt lat="47.020526" lon="9.856370">
        <ele>2419.589543</ele>
        <time>2026-09-12T13:45:02.000Z</time>
      </trkpt>
      <trkpt lat="47.020537" lon="9.856376">
        <ele>2419.445413</ele>
        <time>2026-09-12T13:45:03.000Z</time>
      </trkpt>
      <trkpt lat="47.020548" lon="9.856382">
        <ele>2419.301284</ele>
        <time>2026-09-12T13:45:04.000Z</time>
      </trkpt>
      <trkpt lat="47.020560" lon="9.856388">
        <ele>2419.145585</ele>
        <time>2026-09-12T13:45:05.000Z</time>
      </trkpt>
      <trkpt lat="47.020572" lon="9.856394">
        <ele>2418.989886</ele>
        <time>2026-09-12T13:45:06.000Z</time>
      </trkpt>
      <trkpt lat="47.020584" lon="9.856402">
        <ele>2418.828007</ele>
        <time>2026-09-12T13:45:07.000Z</time>
      </trkpt>
      <trkpt lat="47.020596" lon="9.856414">
        <ele>2418.649645</ele>
        <time>2026-09-12T13:45:08.000Z</time>
      </trkpt>
      <trkpt lat="47.020607" lon="9.856428">
        <ele>2418.470791</ele>
        <time>2026-09-12T13:45:09.000Z</time>
      </trkpt>
      <trkpt lat="47.020617" lon="9.856443">
        <ele>2418.295137</ele>
        <time>2026-09-12T13:45:10.000Z</time>
      </trkpt>
      <trkpt lat="47.020628" lon="9.856457">
        <ele>2418.116283</ele>
        <time>2026-09-12T13:45:11.000Z</time>
      </trkpt>
      <trkpt lat="47.020639" lon="9.856470">
        <ele>2417.942801</ele>
        <time>2026-09-12T13:45:12.000Z</time>
      </trkpt>
      <trkpt lat="47.020650" lon="9.856482">
        <ele>2417.774445</ele>
        <time>2026-09-12T13:45:13.000Z</time>
      </trkpt>
      <trkpt lat="47.020661" lon="9.856495">
        <ele>2417.600962</ele>
        <time>2026-09-12T13:45:14.000Z</time>
      </trkpt>
      <trkpt lat="47.020671" lon="9.856509">
        <ele>2417.431193</ele>
        <time>2026-09-12T13:45:15.000Z</time>
      </trkpt>
      <trkpt lat="47.020681" lon="9.856521">
        <ele>2417.272522</ele>
        <time>2026-09-12T13:45:16.000Z</time>
      </trkpt>
      <trkpt lat="47.020692" lon="9.856531">
        <ele>2417.113590</ele>
        <time>2026-09-12T13:45:17.000Z</time>
      </trkpt>
      <trkpt lat="47.020702" lon="9.856542">
        <ele>2416.960084</ele>
        <time>2026-09-12T13:45:18.000Z</time>
      </trkpt>
      <trkpt lat="47.020710" lon="9.856557">
        <ele>2416.800633</ele>
        <time>2026-09-12T13:45:19.000Z</time>
      </trkpt>
      <trkpt lat="47.020714" lon="9.856576">
        <ele>2416.634145</ele>
        <time>2026-09-12T13:45:20.000Z</time>
      </trkpt>
      <trkpt lat="47.020715" lon="9.856596">
        <ele>2416.466247</ele>
        <time>2026-09-12T13:45:21.000Z</time>
      </trkpt>
      <trkpt lat="47.020716" lon="9.856615">
        <ele>2416.306698</ele>
        <time>2026-09-12T13:45:22.000Z</time>
      </trkpt>
      <trkpt lat="47.020718" lon="9.856632">
        <ele>2416.162263</ele>
        <time>2026-09-12T13:45:23.000Z</time>
      </trkpt>
      <trkpt lat="47.020721" lon="9.856650">
        <ele>2416.007122</ele>
        <time>2026-09-12T13:45:24.000Z</time>
      </trkpt>
      <trkpt lat="47.020724" lon="9.856666">
        <ele>2415.868189</ele>
        <time>2026-09-12T13:45:25.000Z</time>
      </trkpt>
      <trkpt lat="47.020727" lon="9.856681">
        <ele>2415.737310</ele>
        <time>2026-09-12T13:45:26.000Z</time>
      </trkpt>
      <trkpt lat="47.020731" lon="9.856695">
        <ele>2415.610219</ele>
        <time>2026-09-12T13:45:27.000Z</time>
      </trkpt>
      <trkpt lat="47.020735" lon="9.856704">
        <ele>2415.520268</ele>
        <time>2026-09-12T13:45:28.000Z</time>
      </trkpt>
      <trkpt lat="47.020741" lon="9.856711">
        <ele>2415.426117</ele>
        <time>2026-09-12T13:45:29.000Z</time>
      </trkpt>
      <trkpt lat="47.020746" lon="9.856720">
        <ele>2415.328914</ele>
        <time>2026-09-12T13:45:30.000Z</time>
      </trkpt>
      <trkpt lat="47.020753" lon="9.856731">
        <ele>2415.202929</ele>
        <time>2026-09-12T13:45:31.000Z</time>
      </trkpt>
      <trkpt lat="47.020760" lon="9.856741">
        <ele>2415.082929</ele>
        <time>2026-09-12T13:45:32.000Z</time>
      </trkpt>
      <trkpt lat="47.020768" lon="9.856751">
        <ele>2414.953846</ele>
        <time>2026-09-12T13:45:33.000Z</time>
      </trkpt>
      <trkpt lat="47.020778" lon="9.856761">
        <ele>2414.805212</ele>
        <time>2026-09-12T13:45:34.000Z</time>
      </trkpt>
      <trkpt lat="47.020788" lon="9.856774">
        <ele>2414.641112</ele>
        <time>2026-09-12T13:45:35.000Z</time>
      </trkpt>
      <trkpt lat="47.020796" lon="9.856789">
        <ele>2414.481661</ele>
        <time>2026-09-12T13:45:36.000Z</time>
      </trkpt>
      <trkpt lat="47.020802" lon="9.856803">
        <ele>2414.343210</ele>
        <time>2026-09-12T13:45:37.000Z</time>
      </trkpt>
      <trkpt lat="47.020808" lon="9.856817">
        <ele>2414.204759</ele>
        <time>2026-09-12T13:45:38.000Z</time>
      </trkpt>
      <trkpt lat="47.020813" lon="9.856831">
        <ele>2414.072435</ele>
        <time>2026-09-12T13:45:39.000Z</time>
      </trkpt>
      <trkpt lat="47.020817" lon="9.856843">
        <ele>2413.960600</ele>
        <time>2026-09-12T13:45:40.000Z</time>
      </trkpt>
      <trkpt lat="47.020821" lon="9.856854">
        <ele>2413.856221</ele>
        <time>2026-09-12T13:45:41.000Z</time>
      </trkpt>
      <trkpt lat="47.020828" lon="9.856865">
        <ele>2413.730236</ele>
        <time>2026-09-12T13:45:42.000Z</time>
      </trkpt>
      <trkpt lat="47.020837" lon="9.856874">
        <ele>2413.596466</ele>
        <time>2026-09-12T13:45:43.000Z</time>
      </trkpt>
      <trkpt lat="47.020846" lon="9.856882">
        <ele>2413.467226</ele>
        <time>2026-09-12T13:45:44.000Z</time>
      </trkpt>
      <trkpt lat="47.020854" lon="9.856893">
        <ele>2413.332562</ele>
        <time>2026-09-12T13:45:45.000Z</time>
      </trkpt>
      <trkpt lat="47.020860" lon="9.856905">
        <ele>2413.207968</ele>
        <time>2026-09-12T13:45:46.000Z</time>
      </trkpt>
      <trkpt lat="47.020866" lon="9.856918">
        <ele>2413.076529</ele>
        <time>2026-09-12T13:45:47.000Z</time>
      </trkpt>
      <trkpt lat="47.020872" lon="9.856931">
        <ele>2412.945091</ele>
        <time>2026-09-12T13:45:48.000Z</time>
      </trkpt>
      <trkpt lat="47.020875" lon="9.856946">
        <ele>2412.814213</ele>
        <time>2026-09-12T13:45:49.000Z</time>
      </trkpt>
      <trkpt lat="47.020874" lon="9.856960">
        <ele>2412.696358</ele>
        <time>2026-09-12T13:45:50.000Z</time>
      </trkpt>
      <trkpt lat="47.020871" lon="9.856971">
        <ele>2412.597165</ele>
        <time>2026-09-12T13:45:51.000Z</time>
      </trkpt>
      <trkpt lat="47.020871" lon="9.856976">
        <ele>2412.555303</ele>
        <time>2026-09-12T13:45:52.000Z</time>
      </trkpt>
      <trkpt lat="47.020874" lon="9.856977">
        <ele>2412.517521</ele>
        <time>2026-09-12T13:45:53.000Z</time>
      </trkpt>
      <trkpt lat="47.020881" lon="9.856982">
        <ele>2412.421903</ele>
        <time>2026-09-12T13:45:54.000Z</time>
      </trkpt>
      <trkpt lat="47.020889" lon="9.856992">
        <ele>2412.292820</ele>
        <time>2026-09-12T13:45:55.000Z</time>
      </trkpt>
      <trkpt lat="47.020898" lon="9.857006">
        <ele>2412.131712</ele>
        <time>2026-09-12T13:45:56.000Z</time>
      </trkpt>
      <trkpt lat="47.020907" lon="9.857025">
        <ele>2411.938007</ele>
        <time>2026-09-12T13:45:57.000Z</time>
      </trkpt>
      <trkpt lat="47.020914" lon="9.857045">
        <ele>2411.749781</ele>
        <time>2026-09-12T13:45:58.000Z</time>
      </trkpt>
      <trkpt lat="47.020919" lon="9.857065">
        <ele>2411.571430</ele>
        <time>2026-09-12T13:45:59.000Z</time>
      </trkpt>
      <trkpt lat="47.020923" lon="9.857085">
        <ele>2411.396925</ele>
        <time>2026-09-12T13:46:00.000Z</time>
      </trkpt>
      <trkpt lat="47.020929" lon="9.857103">
        <ele>2411.229172</ele>
        <time>2026-09-12T13:46:01.000Z</time>
      </trkpt>
      <trkpt lat="47.020936" lon="9.857120">
        <ele>2411.062894</ele>
        <time>2026-09-12T13:46:02.000Z</time>
      </trkpt>
      <trkpt lat="47.020943" lon="9.857137">
        <ele>2410.896617</ele>
        <time>2026-09-12T13:46:03.000Z</time>
      </trkpt>
      <trkpt lat="47.020952" lon="9.857152">
        <ele>2410.729319</ele>
        <time>2026-09-12T13:46:04.000Z</time>
      </trkpt>
      <trkpt lat="47.020961" lon="9.857166">
        <ele>2410.568211</ele>
        <time>2026-09-12T13:46:05.000Z</time>
      </trkpt>
      <trkpt lat="47.020971" lon="9.857178">
        <ele>2410.409541</ele>
        <time>2026-09-12T13:46:06.000Z</time>
      </trkpt>
      <trkpt lat="47.020982" lon="9.857189">
        <ele>2410.246044</ele>
        <time>2026-09-12T13:46:07.000Z</time>
      </trkpt>
      <trkpt lat="47.020990" lon="9.857203">
        <ele>2410.093100</ele>
        <time>2026-09-12T13:46:08.000Z</time>
      </trkpt>
      <trkpt lat="47.020996" lon="9.857219">
        <ele>2409.940213</ele>
        <time>2026-09-12T13:46:09.000Z</time>
      </trkpt>
      <trkpt lat="47.020999" lon="9.857236">
        <ele>2409.793192</ele>
        <time>2026-09-12T13:46:10.000Z</time>
      </trkpt>
      <trkpt lat="47.021000" lon="9.857253">
        <ele>2409.650333</ele>
        <time>2026-09-12T13:46:11.000Z</time>
      </trkpt>
      <trkpt lat="47.021003" lon="9.857268">
        <ele>2409.519455</ele>
        <time>2026-09-12T13:46:12.000Z</time>
      </trkpt>
      <trkpt lat="47.021008" lon="9.857280">
        <ele>2409.401707</ele>
        <time>2026-09-12T13:46:13.000Z</time>
      </trkpt>
      <trkpt lat="47.021016" lon="9.857293">
        <ele>2409.255082</ele>
        <time>2026-09-12T13:46:14.000Z</time>
      </trkpt>
      <trkpt lat="47.021021" lon="9.857309">
        <ele>2409.107721</ele>
        <time>2026-09-12T13:46:15.000Z</time>
      </trkpt>
      <trkpt lat="47.021024" lon="9.857325">
        <ele>2408.968789</ele>
        <time>2026-09-12T13:46:16.000Z</time>
      </trkpt>
      <trkpt lat="47.021025" lon="9.857340">
        <ele>2408.842604</ele>
        <time>2026-09-12T13:46:17.000Z</time>
      </trkpt>
      <trkpt lat="47.021026" lon="9.857353">
        <ele>2408.733073</ele>
        <time>2026-09-12T13:46:18.000Z</time>
      </trkpt>
      <trkpt lat="47.021028" lon="9.857363">
        <ele>2408.645821</ele>
        <time>2026-09-12T13:46:19.000Z</time>
      </trkpt>
      <trkpt lat="47.021031" lon="9.857374">
        <ele>2408.546629</ele>
        <time>2026-09-12T13:46:20.000Z</time>
      </trkpt>
      <trkpt lat="47.021036" lon="9.857388">
        <ele>2408.414305</ele>
        <time>2026-09-12T13:46:21.000Z</time>
      </trkpt>
      <trkpt lat="47.021041" lon="9.857405">
        <ele>2408.259294</ele>
        <time>2026-09-12T13:46:22.000Z</time>
      </trkpt>
      <trkpt lat="47.021045" lon="9.857422">
        <ele>2408.108725</ele>
        <time>2026-09-12T13:46:23.000Z</time>
      </trkpt>
      <trkpt lat="47.021047" lon="9.857439">
        <ele>2407.964291</ele>
        <time>2026-09-12T13:46:24.000Z</time>
      </trkpt>
      <trkpt lat="47.021049" lon="9.857453">
        <ele>2407.844533</ele>
        <time>2026-09-12T13:46:25.000Z</time>
      </trkpt>
      <trkpt lat="47.021050" lon="9.857463">
        <ele>2407.759913</ele>
        <time>2026-09-12T13:46:26.000Z</time>
      </trkpt>
      <trkpt lat="47.021052" lon="9.857473">
        <ele>2407.672661</ele>
        <time>2026-09-12T13:46:27.000Z</time>
      </trkpt>
      <trkpt lat="47.021056" lon="9.857484">
        <ele>2407.568283</ele>
        <time>2026-09-12T13:46:28.000Z</time>
      </trkpt>
      <trkpt lat="47.021062" lon="9.857498">
        <ele>2407.429832</ele>
        <time>2026-09-12T13:46:29.000Z</time>
      </trkpt>
      <trkpt lat="47.021069" lon="9.857513">
        <ele>2407.277641</ele>
        <time>2026-09-12T13:46:30.000Z</time>
      </trkpt>
      <trkpt lat="47.021074" lon="9.857526">
        <ele>2407.152674</ele>
        <time>2026-09-12T13:46:31.000Z</time>
      </trkpt>
      <trkpt lat="47.021079" lon="9.857537">
        <ele>2407.041984</ele>
        <time>2026-09-12T13:46:32.000Z</time>
      </trkpt>
      <trkpt lat="47.021082" lon="9.857546">
        <ele>2406.958108</ele>
        <time>2026-09-12T13:46:33.000Z</time>
      </trkpt>
      <trkpt lat="47.021086" lon="9.857556">
        <ele>2406.861037</ele>
        <time>2026-09-12T13:46:34.000Z</time>
      </trkpt>
      <trkpt lat="47.021090" lon="9.857566">
        <ele>2406.763966</ele>
        <time>2026-09-12T13:46:35.000Z</time>
      </trkpt>
      <trkpt lat="47.021093" lon="9.857576">
        <ele>2406.672494</ele>
        <time>2026-09-12T13:46:36.000Z</time>
      </trkpt>
      <trkpt lat="47.021096" lon="9.857585">
        <ele>2406.588618</ele>
        <time>2026-09-12T13:46:37.000Z</time>
      </trkpt>
      <trkpt lat="47.021100" lon="9.857592">
        <ele>2406.512146</ele>
        <time>2026-09-12T13:46:38.000Z</time>
      </trkpt>
      <trkpt lat="47.021106" lon="9.857599">
        <ele>2406.368989</ele>
        <time>2026-09-12T13:46:39.000Z</time>
      </trkpt>
      <trkpt lat="47.021111" lon="9.857608">
        <ele>2406.214741</ele>
        <time>2026-09-12T13:46:40.000Z</time>
      </trkpt>
      <trkpt lat="47.021115" lon="9.857620">
        <ele>2406.037274</ele>
        <time>2026-09-12T13:46:41.000Z</time>
      </trkpt>
      <trkpt lat="47.021117" lon="9.857636">
        <ele>2405.821157</ele>
        <time>2026-09-12T13:46:42.000Z</time>
      </trkpt>
      <trkpt lat="47.021118" lon="9.857655">
        <ele>2405.567976</ele>
        <time>2026-09-12T13:46:43.000Z</time>
      </trkpt>
      <trkpt lat="47.021118" lon="9.857674">
        <ele>2405.315546</ele>
        <time>2026-09-12T13:46:44.000Z</time>
      </trkpt>
      <trkpt lat="47.021118" lon="9.857689">
        <ele>2405.116259</ele>
        <time>2026-09-12T13:46:45.000Z</time>
      </trkpt>
      <trkpt lat="47.021118" lon="9.857700">
        <ele>2404.970115</ele>
        <time>2026-09-12T13:46:46.000Z</time>
      </trkpt>
      <trkpt lat="47.021119" lon="9.857709">
        <ele>2404.848965</ele>
        <time>2026-09-12T13:46:47.000Z</time>
      </trkpt>
      <trkpt lat="47.021120" lon="9.857717">
        <ele>2404.740907</ele>
        <time>2026-09-12T13:46:48.000Z</time>
      </trkpt>
      <trkpt lat="47.021122" lon="9.857729">
        <ele>2404.576782</ele>
        <time>2026-09-12T13:46:49.000Z</time>
      </trkpt>
      <trkpt lat="47.021125" lon="9.857744">
        <ele>2404.369096</ele>
        <time>2026-09-12T13:46:50.000Z</time>
      </trkpt>
      <trkpt lat="47.021129" lon="9.857757">
        <ele>2404.179604</ele>
        <time>2026-09-12T13:46:51.000Z</time>
      </trkpt>
      <trkpt lat="47.021134" lon="9.857768">
        <ele>2404.003954</ele>
        <time>2026-09-12T13:46:52.000Z</time>
      </trkpt>
      <trkpt lat="47.021139" lon="9.857780">
        <ele>2403.817104</ele>
        <time>2026-09-12T13:46:53.000Z</time>
      </trkpt>
      <trkpt lat="47.021145" lon="9.857795">
        <ele>2403.586046</ele>
        <time>2026-09-12T13:46:54.000Z</time>
      </trkpt>
      <trkpt lat="47.021149" lon="9.857814">
        <ele>2403.321854</ele>
        <time>2026-09-12T13:46:55.000Z</time>
      </trkpt>
      <trkpt lat="47.021149" lon="9.857833">
        <ele>2403.069424</ele>
        <time>2026-09-12T13:46:56.000Z</time>
      </trkpt>
      <trkpt lat="47.021146" lon="9.857851">
        <ele>2402.823237</ele>
        <time>2026-09-12T13:46:57.000Z</time>
      </trkpt>
      <trkpt lat="47.021141" lon="9.857865">
        <ele>2402.613257</ele>
        <time>2026-09-12T13:46:58.000Z</time>
      </trkpt>
      <trkpt lat="47.021134" lon="9.857876">
        <ele>2402.413337</ele>
        <time>2026-09-12T13:46:59.000Z</time>
      </trkpt>
      <trkpt lat="47.021130" lon="9.857888">
        <ele>2402.235870</ele>
        <time>2026-09-12T13:47:00.000Z</time>
      </trkpt>
      <trkpt lat="47.021129" lon="9.857900">
        <ele>2402.075254</ele>
        <time>2026-09-12T13:47:01.000Z</time>
      </trkpt>
      <trkpt lat="47.021130" lon="9.857912">
        <ele>2401.914638</ele>
        <time>2026-09-12T13:47:02.000Z</time>
      </trkpt>
      <trkpt lat="47.021130" lon="9.857924">
        <ele>2401.755208</ele>
        <time>2026-09-12T13:47:03.000Z</time>
      </trkpt>
      <trkpt lat="47.021130" lon="9.857938">
        <ele>2401.569207</ele>
        <time>2026-09-12T13:47:04.000Z</time>
      </trkpt>
      <trkpt lat="47.021129" lon="9.857955">
        <ele>2401.342509</ele>
        <time>2026-09-12T13:47:05.000Z</time>
      </trkpt>
      <trkpt lat="47.021128" lon="9.857971">
        <ele>2401.129045</ele>
        <time>2026-09-12T13:47:06.000Z</time>
      </trkpt>
      <trkpt lat="47.021127" lon="9.857984">
        <ele>2400.955234</ele>
        <time>2026-09-12T13:47:07.000Z</time>
      </trkpt>
      <trkpt lat="47.021126" lon="9.857991">
        <ele>2400.860213</ele>
        <time>2026-09-12T13:47:08.000Z</time>
      </trkpt>
      <trkpt lat="47.021127" lon="9.857993">
        <ele>2400.827261</ele>
        <time>2026-09-12T13:47:09.000Z</time>
      </trkpt>
      <trkpt lat="47.021129" lon="9.857994">
        <ele>2400.786082</ele>
        <time>2026-09-12T13:47:09.999Z</time>
      </trkpt>
      <trkpt lat="47.021133" lon="9.857999">
        <ele>2400.683664</ele>
        <time>2026-09-12T13:47:10.999Z</time>
      </trkpt>
      <trkpt lat="47.021137" lon="9.858008">
        <ele>2400.540925</ele>
        <time>2026-09-12T13:47:11.999Z</time>
      </trkpt>
      <trkpt lat="47.021141" lon="9.858020">
        <ele>2400.363458</ele>
        <time>2026-09-12T13:47:12.999Z</time>
      </trkpt>
      <trkpt lat="47.021145" lon="9.858031">
        <ele>2400.197824</ele>
        <time>2026-09-12T13:47:13.999Z</time>
      </trkpt>
      <trkpt lat="47.021149" lon="9.858042">
        <ele>2400.032190</ele>
        <time>2026-09-12T13:47:14.999Z</time>
      </trkpt>
      <trkpt lat="47.021152" lon="9.858055">
        <ele>2399.849847</ele>
        <time>2026-09-12T13:47:15.999Z</time>
      </trkpt>
      <trkpt lat="47.021154" lon="9.858068">
        <ele>2399.672789</ele>
        <time>2026-09-12T13:47:16.999Z</time>
      </trkpt>
      <trkpt lat="47.021155" lon="9.858080">
        <ele>2399.512173</ele>
        <time>2026-09-12T13:47:17.999Z</time>
      </trkpt>
      <trkpt lat="47.021156" lon="9.858090">
        <ele>2399.377893</ele>
        <time>2026-09-12T13:47:18.999Z</time>
      </trkpt>
      <trkpt lat="47.021157" lon="9.858101">
        <ele>2399.230456</ele>
        <time>2026-09-12T13:47:19.999Z</time>
      </trkpt>
      <trkpt lat="47.021159" lon="9.858116">
        <ele>2399.027393</ele>
        <time>2026-09-12T13:47:20.999Z</time>
      </trkpt>
      <trkpt lat="47.021159" lon="9.858134">
        <ele>2398.788249</ele>
        <time>2026-09-12T13:47:21.999Z</time>
      </trkpt>
      <trkpt lat="47.021159" lon="9.858151">
        <ele>2398.562391</ele>
        <time>2026-09-12T13:47:22.999Z</time>
      </trkpt>
      <trkpt lat="47.021157" lon="9.858167">
        <ele>2398.346274</ele>
        <time>2026-09-12T13:47:23.999Z</time>
      </trkpt>
      <trkpt lat="47.021156" lon="9.858181">
        <ele>2398.159255</ele>
        <time>2026-09-12T13:47:24.999Z</time>
      </trkpt>
      <trkpt lat="47.021154" lon="9.858196">
        <ele>2397.956193</ele>
        <time>2026-09-12T13:47:25.999Z</time>
      </trkpt>
      <trkpt lat="47.021152" lon="9.858208">
        <ele>2397.792068</ele>
        <time>2026-09-12T13:47:26.999Z</time>
      </trkpt>
      <trkpt lat="47.021150" lon="9.858218">
        <ele>2397.653611</ele>
        <time>2026-09-12T13:47:27.999Z</time>
      </trkpt>
      <trkpt lat="47.021146" lon="9.858226">
        <ele>2397.521802</ele>
        <time>2026-09-12T13:47:28.999Z</time>
      </trkpt>
      <trkpt lat="47.021141" lon="9.858236">
        <ele>2397.357041</ele>
        <time>2026-09-12T13:47:29.999Z</time>
      </trkpt>
      <trkpt lat="47.021134" lon="9.858246">
        <ele>2397.166617</ele>
        <time>2026-09-12T13:47:30.999Z</time>
      </trkpt>
      <trkpt lat="47.021130" lon="9.858257">
        <ele>2397.000983</ele>
        <time>2026-09-12T13:47:31.999Z</time>
      </trkpt>
      <trkpt lat="47.021127" lon="9.858269">
        <ele>2396.831171</ele>
        <time>2026-09-12T13:47:32.999Z</time>
      </trkpt>
      <trkpt lat="47.021126" lon="9.858283">
        <ele>2396.644152</ele>
        <time>2026-09-12T13:47:33.999Z</time>
      </trkpt>
      <trkpt lat="47.021126" lon="9.858296">
        <ele>2396.471437</ele>
        <time>2026-09-12T13:47:34.999Z</time>
      </trkpt>
      <trkpt lat="47.021128" lon="9.858305">
        <ele>2396.345672</ele>
        <time>2026-09-12T13:47:35.999Z</time>
      </trkpt>
      <trkpt lat="47.021131" lon="9.858311">
        <ele>2396.246816</ele>
        <time>2026-09-12T13:47:36.999Z</time>
      </trkpt>
      <trkpt lat="47.021133" lon="9.858320">
        <ele>2396.121051</ele>
        <time>2026-09-12T13:47:37.999Z</time>
      </trkpt>
      <trkpt lat="47.021134" lon="9.858332">
        <ele>2395.960435</ele>
        <time>2026-09-12T13:47:38.999Z</time>
      </trkpt>
      <trkpt lat="47.021134" lon="9.858342">
        <ele>2395.827577</ele>
        <time>2026-09-12T13:47:39.999Z</time>
      </trkpt>
      <trkpt lat="47.021135" lon="9.858352">
        <ele>2395.693298</ele>
        <time>2026-09-12T13:47:40.999Z</time>
      </trkpt>
      <trkpt lat="47.021135" lon="9.858367">
        <ele>2395.494011</ele>
        <time>2026-09-12T13:47:41.999Z</time>
      </trkpt>
      <trkpt lat="47.021130" lon="9.858385">
        <ele>2395.235776</ele>
        <time>2026-09-12T13:47:42.999Z</time>
      </trkpt>
      <trkpt lat="47.021122" lon="9.858401">
        <ele>2394.972159</ele>
        <time>2026-09-12T13:47:43.999Z</time>
      </trkpt>
      <trkpt lat="47.021115" lon="9.858414">
        <ele>2394.752067</ele>
        <time>2026-09-12T13:47:44.999Z</time>
      </trkpt>
      <trkpt lat="47.021111" lon="9.858422">
        <ele>2394.620258</ele>
        <time>2026-09-12T13:47:45.999Z</time>
      </trkpt>
      <trkpt lat="47.021111" lon="9.858427">
        <ele>2394.553829</ele>
        <time>2026-09-12T13:47:46.999Z</time>
      </trkpt>
      <trkpt lat="47.021112" lon="9.858431">
        <ele>2394.497225</ele>
        <time>2026-09-12T13:47:47.999Z</time>
      </trkpt>
      <trkpt lat="47.021113" lon="9.858435">
        <ele>2394.440621</ele>
        <time>2026-09-12T13:47:48.999Z</time>
      </trkpt>
      <trkpt lat="47.021114" lon="9.858438">
        <ele>2394.396254</ele>
        <time>2026-09-12T13:47:49.999Z</time>
      </trkpt>
      <trkpt lat="47.021116" lon="9.858440">
        <ele>2394.349082</ele>
        <time>2026-09-12T13:47:50.999Z</time>
      </trkpt>
      <trkpt lat="47.021121" lon="9.858442">
        <ele>2394.248082</ele>
        <time>2026-09-12T13:47:51.999Z</time>
      </trkpt>
      <trkpt lat="47.021128" lon="9.858444">
        <ele>2394.109100</ele>
        <time>2026-09-12T13:47:52.999Z</time>
      </trkpt>
      <trkpt lat="47.021135" lon="9.858450">
        <ele>2393.951098</ele>
        <time>2026-09-12T13:47:53.999Z</time>
      </trkpt>
      <trkpt lat="47.021140" lon="9.858460">
        <ele>2393.786337</ele>
        <time>2026-09-12T13:47:54.999Z</time>
      </trkpt>
      <trkpt lat="47.021138" lon="9.858471">
        <ele>2393.635085</ele>
        <time>2026-09-12T13:47:55.999Z</time>
      </trkpt>
      <trkpt lat="47.021133" lon="9.858480">
        <ele>2393.480837</ele>
        <time>2026-09-12T13:47:56.999Z</time>
      </trkpt>
      <trkpt lat="47.021128" lon="9.858486">
        <ele>2393.354943</ele>
        <time>2026-09-12T13:47:57.999Z</time>
      </trkpt>
      <trkpt lat="47.021126" lon="9.858491">
        <ele>2393.277923</ele>
        <time>2026-09-12T13:47:58.999Z</time>
      </trkpt>
      <trkpt lat="47.021123" lon="9.858496">
        <ele>2393.189431</ele>
        <time>2026-09-12T13:47:59.999Z</time>
      </trkpt>
      <trkpt lat="47.021121" lon="9.858504">
        <ele>2393.076223</ele>
        <time>2026-09-12T13:48:00.999Z</time>
      </trkpt>
      <trkpt lat="47.021122" lon="9.858516">
        <ele>2392.915607</ele>
        <time>2026-09-12T13:48:01.999Z</time>
      </trkpt>
      <trkpt lat="47.021125" lon="9.858531">
        <ele>2392.707921</ele>
        <time>2026-09-12T13:48:02.999Z</time>
      </trkpt>
      <trkpt lat="47.021128" lon="9.858547">
        <ele>2392.487455</ele>
        <time>2026-09-12T13:48:03.999Z</time>
      </trkpt>
      <trkpt lat="47.021131" lon="9.858562">
        <ele>2392.279769</ele>
        <time>2026-09-12T13:48:04.999Z</time>
      </trkpt>
      <trkpt lat="47.021133" lon="9.858577">
        <ele>2392.076706</ele>
        <time>2026-09-12T13:48:05.999Z</time>
      </trkpt>
      <trkpt lat="47.021136" lon="9.858592">
        <ele>2391.869020</ele>
        <time>2026-09-12T13:48:06.999Z</time>
      </trkpt>
      <trkpt lat="47.021139" lon="9.858609">
        <ele>2391.635717</ele>
        <time>2026-09-12T13:48:07.999Z</time>
      </trkpt>
      <trkpt lat="47.021142" lon="9.858628">
        <ele>2391.376605</ele>
        <time>2026-09-12T13:48:08.999Z</time>
      </trkpt>
      <trkpt lat="47.021144" lon="9.858644">
        <ele>2391.160489</ele>
        <time>2026-09-12T13:48:09.999Z</time>
      </trkpt>
      <trkpt lat="47.021145" lon="9.858657">
        <ele>2390.986677</ele>
        <time>2026-09-12T13:48:10.999Z</time>
      </trkpt>
      <trkpt lat="47.021145" lon="9.858669">
        <ele>2390.827248</ele>
        <time>2026-09-12T13:48:11.999Z</time>
      </trkpt>
      <trkpt lat="47.021146" lon="9.858680">
        <ele>2390.679811</ele>
        <time>2026-09-12T13:48:12.999Z</time>
      </trkpt>
      <trkpt lat="47.021149" lon="9.858693">
        <ele>2390.497468</ele>
        <time>2026-09-12T13:48:13.999Z</time>
      </trkpt>
      <trkpt lat="47.021152" lon="9.858709">
        <ele>2390.277002</ele>
        <time>2026-09-12T13:48:14.999Z</time>
      </trkpt>
      <trkpt lat="47.021157" lon="9.858725">
        <ele>2390.043160</ele>
        <time>2026-09-12T13:48:15.999Z</time>
      </trkpt>
      <trkpt lat="47.021162" lon="9.858741">
        <ele>2389.809318</ele>
        <time>2026-09-12T13:48:16.999Z</time>
      </trkpt>
      <trkpt lat="47.021168" lon="9.858757">
        <ele>2389.566708</ele>
        <time>2026-09-12T13:48:17.999Z</time>
      </trkpt>
      <trkpt lat="47.021171" lon="9.858774">
        <ele>2389.333405</ele>
        <time>2026-09-12T13:48:18.999Z</time>
      </trkpt>
      <trkpt lat="47.021171" lon="9.858791">
        <ele>2389.107547</ele>
        <time>2026-09-12T13:48:19.999Z</time>
      </trkpt>
      <trkpt lat="47.021169" lon="9.858807">
        <ele>2388.891431</ele>
        <time>2026-09-12T13:48:20.999Z</time>
      </trkpt>
      <trkpt lat="47.021165" lon="9.858820">
        <ele>2388.701939</ele>
        <time>2026-09-12T13:48:21.999Z</time>
      </trkpt>
      <trkpt lat="47.021159" lon="9.858828">
        <ele>2388.543921</ele>
        <time>2026-09-12T13:48:22.999Z</time>
      </trkpt>
      <trkpt lat="47.021152" lon="9.858832">
        <ele>2388.397517</ele>
        <time>2026-09-12T13:48:23.999Z</time>
      </trkpt>
      <trkpt lat="47.021146" lon="9.858836">
        <ele>2388.269077</ele>
        <time>2026-09-12T13:48:24.999Z</time>
      </trkpt>
      <trkpt lat="47.021141" lon="9.858842">
        <ele>2388.143182</ele>
        <time>2026-09-12T13:48:25.999Z</time>
      </trkpt>
      <trkpt lat="47.021137" lon="9.858851">
        <ele>2388.000444</ele>
        <time>2026-09-12T13:48:26.999Z</time>
      </trkpt>
      <trkpt lat="47.021135" lon="9.858861">
        <ele>2387.861987</ele>
        <time>2026-09-12T13:48:27.999Z</time>
      </trkpt>
      <trkpt lat="47.021134" lon="9.858871">
        <ele>2387.727707</ele>
        <time>2026-09-12T13:48:28.999Z</time>
      </trkpt>
      <trkpt lat="47.021134" lon="9.858881">
        <ele>2387.594849</ele>
        <time>2026-09-12T13:48:29.999Z</time>
      </trkpt>
      <trkpt lat="47.021134" lon="9.858890">
        <ele>2387.475277</ele>
        <time>2026-09-12T13:48:30.999Z</time>
      </trkpt>
      <trkpt lat="47.021134" lon="9.858899">
        <ele>2387.355705</ele>
        <time>2026-09-12T13:48:31.999Z</time>
      </trkpt>
      <trkpt lat="47.021135" lon="9.858907">
        <ele>2387.247647</ele>
        <time>2026-09-12T13:48:32.999Z</time>
      </trkpt>
      <trkpt lat="47.021135" lon="9.858916">
        <ele>2387.128074</ele>
        <time>2026-09-12T13:48:33.999Z</time>
      </trkpt>
      <trkpt lat="47.021135" lon="9.858928">
        <ele>2386.968645</ele>
        <time>2026-09-12T13:48:34.999Z</time>
      </trkpt>
      <trkpt lat="47.021135" lon="9.858938">
        <ele>2386.835787</ele>
        <time>2026-09-12T13:48:35.999Z</time>
      </trkpt>
      <trkpt lat="47.021135" lon="9.858945">
        <ele>2386.742786</ele>
        <time>2026-09-12T13:48:36.999Z</time>
      </trkpt>
      <trkpt lat="47.021137" lon="9.858955">
        <ele>2386.604329</ele>
        <time>2026-09-12T13:48:37.999Z</time>
      </trkpt>
      <trkpt lat="47.021141" lon="9.858966">
        <ele>2386.438695</ele>
        <time>2026-09-12T13:48:38.999Z</time>
      </trkpt>
      <trkpt lat="47.021144" lon="9.858974">
        <ele>2386.317390</ele>
        <time>2026-09-12T13:48:39.999Z</time>
      </trkpt>
      <trkpt lat="47.021148" lon="9.858982">
        <ele>2386.185581</ele>
        <time>2026-09-12T13:48:40.999Z</time>
      </trkpt>
      <trkpt lat="47.021151" lon="9.858991">
        <ele>2386.052481</ele>
        <time>2026-09-12T13:48:41.999Z</time>
      </trkpt>
      <trkpt lat="47.021155" lon="9.859001">
        <ele>2385.898442</ele>
        <time>2026-09-12T13:48:42.999Z</time>
      </trkpt>
      <trkpt lat="47.021158" lon="9.859012">
        <ele>2385.741037</ele>
        <time>2026-09-12T13:48:43.999Z</time>
      </trkpt>
      <trkpt lat="47.021160" lon="9.859023">
        <ele>2385.589786</ele>
        <time>2026-09-12T13:48:44.999Z</time>
      </trkpt>
      <trkpt lat="47.021162" lon="9.859036">
        <ele>2385.412727</ele>
        <time>2026-09-12T13:48:45.999Z</time>
      </trkpt>
      <trkpt lat="47.021162" lon="9.859050">
        <ele>2385.226726</ele>
        <time>2026-09-12T13:48:46.999Z</time>
      </trkpt>
      <trkpt lat="47.021163" lon="9.859061">
        <ele>2385.079289</ele>
        <time>2026-09-12T13:48:47.999Z</time>
      </trkpt>
      <trkpt lat="47.021164" lon="9.859072">
        <ele>2384.931851</ele>
        <time>2026-09-12T13:48:48.999Z</time>
      </trkpt>
      <trkpt lat="47.021166" lon="9.859082">
        <ele>2384.793394</ele>
        <time>2026-09-12T13:48:49.999Z</time>
      </trkpt>
      <trkpt lat="47.021170" lon="9.859092">
        <ele>2384.639355</ele>
        <time>2026-09-12T13:48:50.999Z</time>
      </trkpt>
      <trkpt lat="47.021172" lon="9.859102">
        <ele>2384.500898</ele>
        <time>2026-09-12T13:48:51.999Z</time>
      </trkpt>
      <trkpt lat="47.021172" lon="9.859113">
        <ele>2384.354755</ele>
        <time>2026-09-12T13:48:52.999Z</time>
      </trkpt>
      <trkpt lat="47.021172" lon="9.859127">
        <ele>2384.168754</ele>
        <time>2026-09-12T13:48:53.999Z</time>
      </trkpt>
      <trkpt lat="47.021170" lon="9.859144">
        <ele>2383.939557</ele>
        <time>2026-09-12T13:48:54.999Z</time>
      </trkpt>
      <trkpt lat="47.021167" lon="9.859160">
        <ele>2383.719091</ele>
        <time>2026-09-12T13:48:55.999Z</time>
      </trkpt>
      <trkpt lat="47.021165" lon="9.859174">
        <ele>2383.529050</ele>
        <time>2026-09-12T13:48:56.999Z</time>
      </trkpt>
      <trkpt lat="47.021164" lon="9.859189">
        <ele>2383.328813</ele>
        <time>2026-09-12T13:48:57.999Z</time>
      </trkpt>
      <trkpt lat="47.021163" lon="9.859205">
        <ele>2383.115349</ele>
        <time>2026-09-12T13:48:58.999Z</time>
      </trkpt>
      <trkpt lat="47.021163" lon="9.859221">
        <ele>2382.902776</ele>
        <time>2026-09-12T13:48:59.999Z</time>
      </trkpt>
      <trkpt lat="47.021160" lon="9.859235">
        <ele>2382.707803</ele>
        <time>2026-09-12T13:49:00.999Z</time>
      </trkpt>
      <trkpt lat="47.021154" lon="9.859250">
        <ele>2382.476745</ele>
        <time>2026-09-12T13:49:01.999Z</time>
      </trkpt>
      <trkpt lat="47.021147" lon="9.859264">
        <ele>2382.246079</ele>
        <time>2026-09-12T13:49:02.999Z</time>
      </trkpt>
      <trkpt lat="47.021142" lon="9.859277">
        <ele>2382.047773</ele>
        <time>2026-09-12T13:49:03.999Z</time>
      </trkpt>
      <trkpt lat="47.021138" lon="9.859292">
        <ele>2381.833782</ele>
        <time>2026-09-12T13:49:04.999Z</time>
      </trkpt>
      <trkpt lat="47.021136" lon="9.859310">
        <ele>2381.591482</ele>
        <time>2026-09-12T13:49:05.999Z</time>
      </trkpt>
      <trkpt lat="47.021134" lon="9.859327">
        <ele>2381.362286</ele>
        <time>2026-09-12T13:49:06.999Z</time>
      </trkpt>
      <trkpt lat="47.021131" lon="9.859344">
        <ele>2381.128983</ele>
        <time>2026-09-12T13:49:07.999Z</time>
      </trkpt>
      <trkpt lat="47.021130" lon="9.859360">
        <ele>2380.915519</ele>
        <time>2026-09-12T13:49:08.999Z</time>
      </trkpt>
      <trkpt lat="47.021129" lon="9.859375">
        <ele>2380.715281</ele>
        <time>2026-09-12T13:49:09.999Z</time>
      </trkpt>
      <trkpt lat="47.021131" lon="9.859389">
        <ele>2380.525240</ele>
        <time>2026-09-12T13:49:10.999Z</time>
      </trkpt>
      <trkpt lat="47.021137" lon="9.859403">
        <ele>2380.305538</ele>
        <time>2026-09-12T13:49:11.999Z</time>
      </trkpt>
      <trkpt lat="47.021144" lon="9.859415">
        <ele>2380.095710</ele>
        <time>2026-09-12T13:49:12.999Z</time>
      </trkpt>
      <trkpt lat="47.021151" lon="9.859425">
        <ele>2379.905286</ele>
        <time>2026-09-12T13:49:13.999Z</time>
      </trkpt>
      <trkpt lat="47.021156" lon="9.859431">
        <ele>2379.779391</ele>
        <time>2026-09-12T13:49:14.999Z</time>
      </trkpt>
      <trkpt lat="47.021159" lon="9.859434">
        <ele>2379.708633</ele>
        <time>2026-09-12T13:49:15.999Z</time>
      </trkpt>
      <trkpt lat="47.021162" lon="9.859439">
        <ele>2379.620140</ele>
        <time>2026-09-12T13:49:16.999Z</time>
      </trkpt>
      <trkpt lat="47.021165" lon="9.859447">
        <ele>2379.498835</ele>
        <time>2026-09-12T13:49:17.999Z</time>
      </trkpt>
      <trkpt lat="47.021165" lon="9.859457">
        <ele>2379.365977</ele>
        <time>2026-09-12T13:49:18.999Z</time>
      </trkpt>
      <trkpt lat="47.021165" lon="9.859468">
        <ele>2379.219833</ele>
        <time>2026-09-12T13:49:19.999Z</time>
      </trkpt>
      <trkpt lat="47.021166" lon="9.859481">
        <ele>2379.046022</ele>
        <time>2026-09-12T13:49:20.999Z</time>
      </trkpt>
      <trkpt lat="47.021168" lon="9.859492">
        <ele>2378.894770</ele>
        <time>2026-09-12T13:49:21.999Z</time>
      </trkpt>
      <trkpt lat="47.021169" lon="9.859500">
        <ele>2378.786712</ele>
        <time>2026-09-12T13:49:22.999Z</time>
      </trkpt>
      <trkpt lat="47.021171" lon="9.859506">
        <ele>2378.697979</ele>
        <time>2026-09-12T13:49:23.999Z</time>
      </trkpt>
      <trkpt lat="47.021173" lon="9.859514">
        <ele>2378.584771</ele>
        <time>2026-09-12T13:49:24.999Z</time>
      </trkpt>
      <trkpt lat="47.021176" lon="9.859526">
        <ele>2378.414960</ele>
        <time>2026-09-12T13:49:25.999Z</time>
      </trkpt>
      <trkpt lat="47.021178" lon="9.859540">
        <ele>2378.224919</ele>
        <time>2026-09-12T13:49:26.999Z</time>
      </trkpt>
      <trkpt lat="47.021180" lon="9.859553">
        <ele>2378.047860</ele>
        <time>2026-09-12T13:49:27.999Z</time>
      </trkpt>
      <trkpt lat="47.021180" lon="9.859567">
        <ele>2377.861859</ele>
        <time>2026-09-12T13:49:28.999Z</time>
      </trkpt>
      <trkpt lat="47.021179" lon="9.859582">
        <ele>2377.661622</ele>
        <time>2026-09-12T13:49:29.999Z</time>
      </trkpt>
      <trkpt lat="47.021172" lon="9.859598">
        <ele>2377.409041</ele>
        <time>2026-09-12T13:49:30.999Z</time>
      </trkpt>
      <trkpt lat="47.021161" lon="9.859608">
        <ele>2377.156837</ele>
        <time>2026-09-12T13:49:31.999Z</time>
      </trkpt>
      <trkpt lat="47.021148" lon="9.859613">
        <ele>2376.894924</ele>
        <time>2026-09-12T13:49:32.999Z</time>
      </trkpt>
      <trkpt lat="47.021137" lon="9.859612">
        <ele>2376.680141</ele>
        <time>2026-09-12T13:49:33.999Z</time>
      </trkpt>
      <trkpt lat="47.021132" lon="9.859611">
        <ele>2376.581797</ele>
        <time>2026-09-12T13:49:34.999Z</time>
      </trkpt>
      <trkpt lat="47.021131" lon="9.859613">
        <ele>2376.548845</ele>
        <time>2026-09-12T13:49:35.999Z</time>
      </trkpt>
      <trkpt lat="47.021130" lon="9.859620">
        <ele>2376.453824</ele>
        <time>2026-09-12T13:49:36.999Z</time>
      </trkpt>
      <trkpt lat="47.021129" lon="9.859631">
        <ele>2376.306387</ele>
        <time>2026-09-12T13:49:37.999Z</time>
      </trkpt>
      <trkpt lat="47.021127" lon="9.859646">
        <ele>2376.103324</ele>
        <time>2026-09-12T13:49:38.999Z</time>
      </trkpt>
      <trkpt lat="47.021126" lon="9.859663">
        <ele>2375.876627</ele>
        <time>2026-09-12T13:49:39.999Z</time>
      </trkpt>
      <trkpt lat="47.021121" lon="9.859679">
        <ele>2375.642784</ele>
        <time>2026-09-12T13:49:40.999Z</time>
      </trkpt>
      <trkpt lat="47.021115" lon="9.859693">
        <ele>2375.423082</ele>
        <time>2026-09-12T13:49:41.999Z</time>
      </trkpt>
      <trkpt lat="47.021107" lon="9.859706">
        <ele>2375.190407</ele>
        <time>2026-09-12T13:49:42.999Z</time>
      </trkpt>
      <trkpt lat="47.021101" lon="9.859720">
        <ele>2374.970705</ele>
        <time>2026-09-12T13:49:43.999Z</time>
      </trkpt>
      <trkpt lat="47.021097" lon="9.859734">
        <ele>2374.769029</ele>
        <time>2026-09-12T13:49:44.999Z</time>
      </trkpt>
      <trkpt lat="47.021092" lon="9.859746">
        <ele>2374.582179</ele>
        <time>2026-09-12T13:49:45.999Z</time>
      </trkpt>
      <trkpt lat="47.021085" lon="9.859754">
        <ele>2374.409243</ele>
        <time>2026-09-12T13:49:46.999Z</time>
      </trkpt>
      <trkpt lat="47.021075" lon="9.859752">
        <ele>2374.212556</ele>
        <time>2026-09-12T13:49:47.999Z</time>
      </trkpt>
      <trkpt lat="47.021063" lon="9.859744">
        <ele>2373.955676</ele>
        <time>2026-09-12T13:49:48.999Z</time>
      </trkpt>
      <trkpt lat="47.021051" lon="9.859735">
        <ele>2373.693019</ele>
        <time>2026-09-12T13:49:49.999Z</time>
      </trkpt>
      <trkpt lat="47.021040" lon="9.859728">
        <ele>2373.459343</ele>
        <time>2026-09-12T13:49:50.999Z</time>
      </trkpt>
      <trkpt lat="47.021030" lon="9.859725">
        <ele>2373.260425</ele>
        <time>2026-09-12T13:49:51.999Z</time>
      </trkpt>
      <trkpt lat="47.021021" lon="9.859721">
        <ele>2373.077155</ele>
        <time>2026-09-12T13:49:52.999Z</time>
      </trkpt>
      <trkpt lat="47.021014" lon="9.859717">
        <ele>2372.930751</ele>
        <time>2026-09-12T13:49:53.999Z</time>
      </trkpt>
      <trkpt lat="47.021006" lon="9.859712">
        <ele>2372.761282</ele>
        <time>2026-09-12T13:49:54.999Z</time>
      </trkpt>
      <trkpt lat="47.020999" lon="9.859707">
        <ele>2372.609549</ele>
        <time>2026-09-12T13:49:55.999Z</time>
      </trkpt>
      <trkpt lat="47.020994" lon="9.859705">
        <ele>2372.508549</ele>
        <time>2026-09-12T13:49:56.999Z</time>
      </trkpt>
      <trkpt lat="47.020989" lon="9.859703">
        <ele>2372.407549</ele>
        <time>2026-09-12T13:49:57.999Z</time>
      </trkpt>
      <trkpt lat="47.020983" lon="9.859700">
        <ele>2372.284012</ele>
        <time>2026-09-12T13:49:58.999Z</time>
      </trkpt>
      <trkpt lat="47.020976" lon="9.859696">
        <ele>2372.137608</ele>
        <time>2026-09-12T13:49:59.999Z</time>
      </trkpt>
      <trkpt lat="47.020969" lon="9.859693">
        <ele>2371.995485</ele>
        <time>2026-09-12T13:50:00.999Z</time>
      </trkpt>
      <trkpt lat="47.020959" lon="9.859691">
        <ele>2371.798798</ele>
        <time>2026-09-12T13:50:01.999Z</time>
      </trkpt>
      <trkpt lat="47.020949" lon="9.859692">
        <ele>2371.603462</ele>
        <time>2026-09-12T13:50:02.999Z</time>
      </trkpt>
      <trkpt lat="47.020937" lon="9.859695">
        <ele>2371.327378</ele>
        <time>2026-09-12T13:50:03.999Z</time>
      </trkpt>
      <trkpt lat="47.020925" lon="9.859701">
        <ele>2370.964108</ele>
        <time>2026-09-12T13:50:04.999Z</time>
      </trkpt>
      <trkpt lat="47.020915" lon="9.859708">
        <ele>2370.646619</ele>
        <time>2026-09-12T13:50:05.999Z</time>
      </trkpt>
      <trkpt lat="47.020905" lon="9.859716">
        <ele>2370.320239</ele>
        <time>2026-09-12T13:50:06.999Z</time>
      </trkpt>
      <trkpt lat="47.020898" lon="9.859724">
        <ele>2370.065973</ele>
        <time>2026-09-12T13:50:07.999Z</time>
      </trkpt>
      <trkpt lat="47.020893" lon="9.859728">
        <ele>2369.902783</ele>
        <time>2026-09-12T13:50:08.999Z</time>
      </trkpt>
      <trkpt lat="47.020889" lon="9.859729">
        <ele>2369.786516</ele>
        <time>2026-09-12T13:50:09.999Z</time>
      </trkpt>
      <trkpt lat="47.020886" lon="9.859729">
        <ele>2369.700556</ele>
        <time>2026-09-12T13:50:10.999Z</time>
      </trkpt>
      <trkpt lat="47.020882" lon="9.859731">
        <ele>2369.579466</ele>
        <time>2026-09-12T13:50:11.999Z</time>
      </trkpt>
      <trkpt lat="47.020874" lon="9.859736">
        <ele>2369.330297</ele>
        <time>2026-09-12T13:50:12.999Z</time>
      </trkpt>
      <trkpt lat="47.020862" lon="9.859741">
        <ele>2368.972852</ele>
        <time>2026-09-12T13:50:13.999Z</time>
      </trkpt>
      <trkpt lat="47.020850" lon="9.859744">
        <ele>2368.624051</ele>
        <time>2026-09-12T13:50:14.999Z</time>
      </trkpt>
      <trkpt lat="47.020839" lon="9.859745">
        <ele>2368.308258</ele>
        <time>2026-09-12T13:50:15.999Z</time>
      </trkpt>
      <trkpt lat="47.020829" lon="9.859747">
        <ele>2368.019071</ele>
        <time>2026-09-12T13:50:16.999Z</time>
      </trkpt>
      <trkpt lat="47.020819" lon="9.859751">
        <ele>2367.722073</ele>
        <time>2026-09-12T13:50:17.999Z</time>
      </trkpt>
      <trkpt lat="47.020811" lon="9.859755">
        <ele>2367.479894</ele>
        <time>2026-09-12T13:50:18.999Z</time>
      </trkpt>
      <trkpt lat="47.020806" lon="9.859758">
        <ele>2367.325104</ele>
        <time>2026-09-12T13:50:19.999Z</time>
      </trkpt>
      <trkpt lat="47.020801" lon="9.859760">
        <ele>2367.176605</ele>
        <time>2026-09-12T13:50:20.999Z</time>
      </trkpt>
      <trkpt lat="47.020797" lon="9.859763">
        <ele>2367.047878</ele>
        <time>2026-09-12T13:50:21.999Z</time>
      </trkpt>
      <trkpt lat="47.020791" lon="9.859766">
        <ele>2366.866243</ele>
        <time>2026-09-12T13:50:22.999Z</time>
      </trkpt>
      <trkpt lat="47.020782" lon="9.859770">
        <ele>2366.596784</ele>
        <time>2026-09-12T13:50:23.999Z</time>
      </trkpt>
      <trkpt lat="47.020771" lon="9.859774">
        <ele>2366.272054</ele>
        <time>2026-09-12T13:50:24.999Z</time>
      </trkpt>
      <trkpt lat="47.020761" lon="9.859776">
        <ele>2365.982868</ele>
        <time>2026-09-12T13:50:25.999Z</time>
      </trkpt>
      <trkpt lat="47.020755" lon="9.859777">
        <ele>2365.809840</ele>
        <time>2026-09-12T13:50:26.999Z</time>
      </trkpt>
      <trkpt lat="47.020749" lon="9.859777">
        <ele>2365.637919</ele>
        <time>2026-09-12T13:50:27.999Z</time>
      </trkpt>
      <trkpt lat="47.020743" lon="9.859776">
        <ele>2365.464892</ele>
        <time>2026-09-12T13:50:28.999Z</time>
      </trkpt>
      <trkpt lat="47.020735" lon="9.859776">
        <ele>2365.235663</ele>
        <time>2026-09-12T13:50:29.999Z</time>
      </trkpt>
      <trkpt lat="47.020727" lon="9.859775">
        <ele>2365.005604</ele>
        <time>2026-09-12T13:50:30.999Z</time>
      </trkpt>
      <trkpt lat="47.020718" lon="9.859776">
        <ele>2364.746983</ele>
        <time>2026-09-12T13:50:31.999Z</time>
      </trkpt>
      <trkpt lat="47.020708" lon="9.859776">
        <ele>2364.460448</ele>
        <time>2026-09-12T13:50:32.999Z</time>
      </trkpt>
      <trkpt lat="47.020698" lon="9.859776">
        <ele>2364.173913</ele>
        <time>2026-09-12T13:50:33.999Z</time>
      </trkpt>
      <trkpt lat="47.020689" lon="9.859776">
        <ele>2363.916031</ele>
        <time>2026-09-12T13:50:34.999Z</time>
      </trkpt>
      <trkpt lat="47.020681" lon="9.859777">
        <ele>2363.685972</ele>
        <time>2026-09-12T13:50:35.999Z</time>
      </trkpt>
      <trkpt lat="47.020673" lon="9.859780">
        <ele>2363.449371</ele>
        <time>2026-09-12T13:50:36.999Z</time>
      </trkpt>
      <trkpt lat="47.020667" lon="9.859783">
        <ele>2363.267736</ele>
        <time>2026-09-12T13:50:37.999Z</time>
      </trkpt>
      <trkpt lat="47.020663" lon="9.859787">
        <ele>2363.129022</ele>
        <time>2026-09-12T13:50:38.999Z</time>
      </trkpt>
      <trkpt lat="47.020661" lon="9.859790">
        <ele>2363.047056</ele>
        <time>2026-09-12T13:50:39.999Z</time>
      </trkpt>
      <trkpt lat="47.020660" lon="9.859792">
        <ele>2362.998607</ele>
        <time>2026-09-12T13:50:40.999Z</time>
      </trkpt>
      <trkpt lat="47.020660" lon="9.859792">
        <ele>2362.998607</ele>
        <time>2026-09-12T13:50:41.999Z</time>
      </trkpt>
      <trkpt lat="47.020661" lon="9.859791">
        <ele>2362.963928</ele>
        <time>2026-09-12T13:50:42.999Z</time>
      </trkpt>
      <trkpt lat="47.020662" lon="9.859790">
        <ele>2362.929250</ele>
        <time>2026-09-12T13:50:43.999Z</time>
      </trkpt>
      <trkpt lat="47.020662" lon="9.859790">
        <ele>2362.929250</ele>
        <time>2026-09-12T13:50:44.999Z</time>
      </trkpt>
      <trkpt lat="47.020661" lon="9.859790">
        <ele>2362.900596</ele>
        <time>2026-09-12T13:50:45.999Z</time>
      </trkpt>
      <trkpt lat="47.020660" lon="9.859789">
        <ele>2362.865917</ele>
        <time>2026-09-12T13:50:46.999Z</time>
      </trkpt>
      <trkpt lat="47.020659" lon="9.859788">
        <ele>2362.831239</ele>
        <time>2026-09-12T13:50:47.999Z</time>
      </trkpt>
      <trkpt lat="47.020658" lon="9.859786">
        <ele>2362.782789</ele>
        <time>2026-09-12T13:50:48.999Z</time>
      </trkpt>
      <trkpt lat="47.020656" lon="9.859784">
        <ele>2362.713432</ele>
        <time>2026-09-12T13:50:49.999Z</time>
      </trkpt>
      <trkpt lat="47.020653" lon="9.859783">
        <ele>2362.625280</ele>
        <time>2026-09-12T13:50:50.999Z</time>
      </trkpt>
      <trkpt lat="47.020652" lon="9.859782">
        <ele>2362.590601</ele>
        <time>2026-09-12T13:50:51.999Z</time>
      </trkpt>
      <trkpt lat="47.020653" lon="9.859780">
        <ele>2362.542152</ele>
        <time>2026-09-12T13:50:52.999Z</time>
      </trkpt>
      <trkpt lat="47.020654" lon="9.859778">
        <ele>2362.493702</ele>
        <time>2026-09-12T13:50:53.999Z</time>
      </trkpt>
      <trkpt lat="47.020656" lon="9.859776">
        <ele>2362.424345</ele>
        <time>2026-09-12T13:50:54.999Z</time>
      </trkpt>
      <trkpt lat="47.020657" lon="9.859773">
        <ele>2362.359113</ele>
        <time>2026-09-12T13:50:55.999Z</time>
      </trkpt>
      <trkpt lat="47.020657" lon="9.859770">
        <ele>2362.300510</ele>
        <time>2026-09-12T13:50:56.999Z</time>
      </trkpt>
      <trkpt lat="47.020658" lon="9.859769">
        <ele>2362.265832</ele>
        <time>2026-09-12T13:50:57.999Z</time>
      </trkpt>
      <trkpt lat="47.020659" lon="9.859768">
        <ele>2362.231153</ele>
        <time>2026-09-12T13:50:58.999Z</time>
      </trkpt>
      <trkpt lat="47.020660" lon="9.859768">
        <ele>2362.202500</ele>
        <time>2026-09-12T13:50:59.999Z</time>
      </trkpt>
      <trkpt lat="47.020660" lon="9.859767">
        <ele>2362.182965</ele>
        <time>2026-09-12T13:51:00.999Z</time>
      </trkpt>
      <trkpt lat="47.020661" lon="9.859766">
        <ele>2362.148287</ele>
        <time>2026-09-12T13:51:01.999Z</time>
      </trkpt>
      <trkpt lat="47.020661" lon="9.859765">
        <ele>2362.128753</ele>
        <time>2026-09-12T13:51:02.999Z</time>
      </trkpt>
      <trkpt lat="47.020661" lon="9.859765">
        <ele>2362.128753</ele>
        <time>2026-09-12T13:51:03.999Z</time>
      </trkpt>
      <trkpt lat="47.020662" lon="9.859764">
        <ele>2362.094074</ele>
        <time>2026-09-12T13:51:04.999Z</time>
      </trkpt>
      <trkpt lat="47.020661" lon="9.859763">
        <ele>2362.059395</ele>
        <time>2026-09-12T13:51:05.999Z</time>
      </trkpt>
      <trkpt lat="47.020661" lon="9.859762">
        <ele>2362.039861</ele>
        <time>2026-09-12T13:51:06.999Z</time>
      </trkpt>
      <trkpt lat="47.020661" lon="9.859762">
        <ele>2362.039861</ele>
        <time>2026-09-12T13:51:07.999Z</time>
      </trkpt>
      <trkpt lat="47.020661" lon="9.859762">
        <ele>2362.039861</ele>
        <time>2026-09-12T13:51:08.999Z</time>
      </trkpt>
      <trkpt lat="47.020661" lon="9.859763">
        <ele>2362.020327</ele>
        <time>2026-09-12T13:51:09.999Z</time>
      </trkpt>
      <trkpt lat="47.020661" lon="9.859764">
        <ele>2362.000793</ele>
        <time>2026-09-12T13:51:10.999Z</time>
      </trkpt>
      <trkpt lat="47.020661" lon="9.859765">
        <ele>2361.981259</ele>
        <time>2026-09-12T13:51:11.999Z</time>
      </trkpt>
      <trkpt lat="47.020661" lon="9.859765">
        <ele>2361.981259</ele>
        <time>2026-09-12T13:51:12.999Z</time>
      </trkpt>
      <trkpt lat="47.020660" lon="9.859766">
        <ele>2361.946580</ele>
        <time>2026-09-12T13:51:13.999Z</time>
      </trkpt>
      <trkpt lat="47.020660" lon="9.859765">
        <ele>2361.927046</ele>
        <time>2026-09-12T13:51:14.999Z</time>
      </trkpt>
      <trkpt lat="47.020660" lon="9.859765">
        <ele>2361.927046</ele>
        <time>2026-09-12T13:51:15.999Z</time>
      </trkpt>
      <trkpt lat="47.020660" lon="9.859765">
        <ele>2361.927046</ele>
        <time>2026-09-12T13:51:16.999Z</time>
      </trkpt>
      <trkpt lat="47.020660" lon="9.859765">
        <ele>2361.927046</ele>
        <time>2026-09-12T13:51:17.999Z</time>
      </trkpt>
      <trkpt lat="47.020660" lon="9.859765">
        <ele>2361.927046</ele>
        <time>2026-09-12T13:51:18.999Z</time>
      </trkpt>
      <trkpt lat="47.020660" lon="9.859764">
        <ele>2361.907512</ele>
        <time>2026-09-12T13:51:19.999Z</time>
      </trkpt>
      <trkpt lat="47.020659" lon="9.859764">
        <ele>2361.878859</ele>
        <time>2026-09-12T13:51:20.999Z</time>
      </trkpt>
      <trkpt lat="47.020658" lon="9.859763">
        <ele>2361.844180</ele>
        <time>2026-09-12T13:51:21.999Z</time>
      </trkpt>
      <trkpt lat="47.020658" lon="9.859763">
        <ele>2361.844180</ele>
        <time>2026-09-12T13:51:22.999Z</time>
      </trkpt>
      <trkpt lat="47.020658" lon="9.859763">
        <ele>2361.844180</ele>
        <time>2026-09-12T13:51:23.999Z</time>
      </trkpt>
      <trkpt lat="47.020658" lon="9.859763">
        <ele>2361.844180</ele>
        <time>2026-09-12T13:51:24.999Z</time>
      </trkpt>
      <trkpt lat="47.020658" lon="9.859763">
        <ele>2361.844180</ele>
        <time>2026-09-12T13:51:25.999Z</time>
      </trkpt>
      <trkpt lat="47.020658" lon="9.859763">
        <ele>2361.844180</ele>
        <time>2026-09-12T13:51:26.999Z</time>
      </trkpt>
      <trkpt lat="47.020659" lon="9.859763">
        <ele>2361.815526</ele>
        <time>2026-09-12T13:51:27.999Z</time>
      </trkpt>
      <trkpt lat="47.020659" lon="9.859763">
        <ele>2361.815526</ele>
        <time>2026-09-12T13:51:28.999Z</time>
      </trkpt>
      <trkpt lat="47.020659" lon="9.859763">
        <ele>2361.815526</ele>
        <time>2026-09-12T13:51:29.999Z</time>
      </trkpt>
      <trkpt lat="47.020659" lon="9.859764">
        <ele>2361.795992</ele>
        <time>2026-09-12T13:51:30.999Z</time>
      </trkpt>
      <trkpt lat="47.020659" lon="9.859764">
        <ele>2361.795992</ele>
        <time>2026-09-12T13:51:31.999Z</time>
      </trkpt>
      <trkpt lat="47.020659" lon="9.859765">
        <ele>2361.776458</ele>
        <time>2026-09-12T13:51:32.999Z</time>
      </trkpt>
      <trkpt lat="47.020659" lon="9.859765">
        <ele>2361.776458</ele>
        <time>2026-09-12T13:51:33.999Z</time>
      </trkpt>
      <trkpt lat="47.020659" lon="9.859766">
        <ele>2361.756924</ele>
        <time>2026-09-12T13:51:34.999Z</time>
      </trkpt>
      <trkpt lat="47.020660" lon="9.859767">
        <ele>2361.722245</ele>
        <time>2026-09-12T13:51:35.999Z</time>
      </trkpt>
      <trkpt lat="47.020661" lon="9.859767">
        <ele>2361.693592</ele>
        <time>2026-09-12T13:51:36.999Z</time>
      </trkpt>
      <trkpt lat="47.020661" lon="9.859767">
        <ele>2361.693592</ele>
        <time>2026-09-12T13:51:37.999Z</time>
      </trkpt>
      <trkpt lat="47.020661" lon="9.859767">
        <ele>2361.693592</ele>
        <time>2026-09-12T13:51:38.999Z</time>
      </trkpt>
      <trkpt lat="47.020661" lon="9.859767">
        <ele>2361.693592</ele>
        <time>2026-09-12T13:51:39.999Z</time>
      </trkpt>
      <trkpt lat="47.020660" lon="9.859768">
        <ele>2361.658913</ele>
        <time>2026-09-12T13:51:40.999Z</time>
      </trkpt>
      <trkpt lat="47.020659" lon="9.859768">
        <ele>2361.630260</ele>
        <time>2026-09-12T13:51:41.999Z</time>
      </trkpt>
      <trkpt lat="47.020659" lon="9.859768">
        <ele>2361.630260</ele>
        <time>2026-09-12T13:51:42.999Z</time>
      </trkpt>
      <trkpt lat="47.020659" lon="9.859769">
        <ele>2361.610726</ele>
        <time>2026-09-12T13:51:43.999Z</time>
      </trkpt>
      <trkpt lat="47.020660" lon="9.859771">
        <ele>2361.562276</ele>
        <time>2026-09-12T13:51:44.999Z</time>
      </trkpt>
      <trkpt lat="47.020660" lon="9.859774">
        <ele>2361.503674</ele>
        <time>2026-09-12T13:51:45.999Z</time>
      </trkpt>
      <trkpt lat="47.020660" lon="9.859777">
        <ele>2361.445072</ele>
        <time>2026-09-12T13:51:46.999Z</time>
      </trkpt>
      <trkpt lat="47.020659" lon="9.859781">
        <ele>2361.361847</ele>
        <time>2026-09-12T13:51:47.999Z</time>
      </trkpt>
      <trkpt lat="47.020658" lon="9.859784">
        <ele>2361.296615</ele>
        <time>2026-09-12T13:51:48.999Z</time>
      </trkpt>
      <trkpt lat="47.020656" lon="9.859785">
        <ele>2361.236070</ele>
        <time>2026-09-12T13:51:49.999Z</time>
      </trkpt>
      <trkpt lat="47.020654" lon="9.859788">
        <ele>2361.154104</ele>
        <time>2026-09-12T13:51:50.999Z</time>
      </trkpt>
      <trkpt lat="47.020648" lon="9.859791">
        <ele>2360.972470</ele>
        <time>2026-09-12T13:51:51.999Z</time>
      </trkpt>
      <trkpt lat="47.020641" lon="9.859795">
        <ele>2360.757213</ele>
        <time>2026-09-12T13:51:52.999Z</time>
      </trkpt>
      <trkpt lat="47.020633" lon="9.859799">
        <ele>2360.515033</ele>
        <time>2026-09-12T13:51:53.999Z</time>
      </trkpt>
      <trkpt lat="47.020624" lon="9.859801">
        <ele>2360.254209</ele>
        <time>2026-09-12T13:51:54.999Z</time>
      </trkpt>
      <trkpt lat="47.020615" lon="9.859801">
        <ele>2359.996327</ele>
        <time>2026-09-12T13:51:55.999Z</time>
      </trkpt>
      <trkpt lat="47.020607" lon="9.859801">
        <ele>2359.767098</ele>
        <time>2026-09-12T13:51:56.999Z</time>
      </trkpt>
      <trkpt lat="47.020601" lon="9.859801">
        <ele>2359.595177</ele>
        <time>2026-09-12T13:51:57.999Z</time>
      </trkpt>
      <trkpt lat="47.020593" lon="9.859802">
        <ele>2359.365118</ele>
        <time>2026-09-12T13:51:58.999Z</time>
      </trkpt>
      <trkpt lat="47.020585" lon="9.859803">
        <ele>2359.135059</ele>
        <time>2026-09-12T13:51:59.999Z</time>
      </trkpt>
      <trkpt lat="47.020577" lon="9.859804">
        <ele>2358.905000</ele>
        <time>2026-09-12T13:52:00.999Z</time>
      </trkpt>
      <trkpt lat="47.020571" lon="9.859804">
        <ele>2358.733078</ele>
        <time>2026-09-12T13:52:01.999Z</time>
      </trkpt>
      <trkpt lat="47.020566" lon="9.859803">
        <ele>2358.588485</ele>
        <time>2026-09-12T13:52:02.999Z</time>
      </trkpt>
      <trkpt lat="47.020560" lon="9.859801">
        <ele>2358.412181</ele>
        <time>2026-09-12T13:52:03.999Z</time>
      </trkpt>
      <trkpt lat="47.020555" lon="9.859798">
        <ele>2358.257391</ele>
        <time>2026-09-12T13:52:04.999Z</time>
      </trkpt>
      <trkpt lat="47.020552" lon="9.859796">
        <ele>2358.162969</ele>
        <time>2026-09-12T13:52:05.999Z</time>
      </trkpt>
      <trkpt lat="47.020550" lon="9.859795">
        <ele>2358.102424</ele>
        <time>2026-09-12T13:52:06.999Z</time>
      </trkpt>
      <trkpt lat="47.020549" lon="9.859795">
        <ele>2358.073770</ele>
        <time>2026-09-12T13:52:07.999Z</time>
      </trkpt>
      <trkpt lat="47.020546" lon="9.859795">
        <ele>2357.987810</ele>
        <time>2026-09-12T13:52:08.999Z</time>
      </trkpt>
      <trkpt lat="47.020541" lon="9.859794">
        <ele>2357.843216</ele>
        <time>2026-09-12T13:52:09.999Z</time>
      </trkpt>
      <trkpt lat="47.020536" lon="9.859792">
        <ele>2357.694717</ele>
        <time>2026-09-12T13:52:10.999Z</time>
      </trkpt>
      <trkpt lat="47.020530" lon="9.859793">
        <ele>2357.521690</ele>
        <time>2026-09-12T13:52:11.999Z</time>
      </trkpt>
      <trkpt lat="47.020521" lon="9.859795">
        <ele>2357.260865</ele>
        <time>2026-09-12T13:52:12.999Z</time>
      </trkpt>
      <trkpt lat="47.020509" lon="9.859798">
        <ele>2356.912065</ele>
        <time>2026-09-12T13:52:13.999Z</time>
      </trkpt>
      <trkpt lat="47.020496" lon="9.859803">
        <ele>2356.526976</ele>
        <time>2026-09-12T13:52:14.999Z</time>
      </trkpt>
      <trkpt lat="47.020488" lon="9.859807">
        <ele>2356.284797</ele>
        <time>2026-09-12T13:52:15.999Z</time>
      </trkpt>
      <trkpt lat="47.020485" lon="9.859811">
        <ele>2356.168631</ele>
        <time>2026-09-12T13:52:16.999Z</time>
      </trkpt>
      <trkpt lat="47.020486" lon="9.859814">
        <ele>2356.103398</ele>
        <time>2026-09-12T13:52:17.999Z</time>
      </trkpt>
      <trkpt lat="47.020488" lon="9.859818">
        <ele>2356.006499</ele>
        <time>2026-09-12T13:52:18.999Z</time>
      </trkpt>
      <trkpt lat="47.020491" lon="9.859824">
        <ele>2355.861150</ele>
        <time>2026-09-12T13:52:19.999Z</time>
      </trkpt>
      <trkpt lat="47.020496" lon="9.859832">
        <ele>2355.649143</ele>
        <time>2026-09-12T13:52:20.999Z</time>
      </trkpt>
      <trkpt lat="47.020502" lon="9.859841">
        <ele>2355.403246</ele>
        <time>2026-09-12T13:52:21.999Z</time>
      </trkpt>
      <trkpt lat="47.020509" lon="9.859851">
        <ele>2355.123267</ele>
        <time>2026-09-12T13:52:22.999Z</time>
      </trkpt>
      <trkpt lat="47.020518" lon="9.859861">
        <ele>2354.799753</ele>
        <time>2026-09-12T13:52:23.999Z</time>
      </trkpt>
      <trkpt lat="47.020525" lon="9.859874">
        <ele>2354.476151</ele>
        <time>2026-09-12T13:52:24.999Z</time>
      </trkpt>
      <trkpt lat="47.020530" lon="9.859888">
        <ele>2354.167418</ele>
        <time>2026-09-12T13:52:25.999Z</time>
      </trkpt>
      <trkpt lat="47.020532" lon="9.859903">
        <ele>2353.868855</ele>
        <time>2026-09-12T13:52:26.999Z</time>
      </trkpt>
      <trkpt lat="47.020531" lon="9.859919">
        <ele>2353.554997</ele>
        <time>2026-09-12T13:52:27.999Z</time>
      </trkpt>
      <trkpt lat="47.020524" lon="9.859934">
        <ele>2353.199911</ele>
        <time>2026-09-12T13:52:28.999Z</time>
      </trkpt>
      <trkpt lat="47.020511" lon="9.859941">
        <ele>2352.803110</ele>
        <time>2026-09-12T13:52:29.999Z</time>
      </trkpt>
      <trkpt lat="47.020495" lon="9.859940">
        <ele>2352.344237</ele>
        <time>2026-09-12T13:52:30.999Z</time>
      </trkpt>
      <trkpt lat="47.020481" lon="9.859933">
        <ele>2351.920423</ele>
        <time>2026-09-12T13:52:31.999Z</time>
      </trkpt>
      <trkpt lat="47.020469" lon="9.859928">
        <ele>2351.562977</ele>
        <time>2026-09-12T13:52:32.999Z</time>
      </trkpt>
      <trkpt lat="47.020463" lon="9.859925">
        <ele>2351.381343</ele>
        <time>2026-09-12T13:52:33.999Z</time>
      </trkpt>
      <trkpt lat="47.020463" lon="9.859923">
        <ele>2351.342274</ele>
        <time>2026-09-12T13:52:34.999Z</time>
      </trkpt>
      <trkpt lat="47.020462" lon="9.859923">
        <ele>2351.313621</ele>
        <time>2026-09-12T13:52:35.999Z</time>
      </trkpt>
      <trkpt lat="47.020457" lon="9.859924">
        <ele>2351.169027</ele>
        <time>2026-09-12T13:52:36.999Z</time>
      </trkpt>
      <trkpt lat="47.020448" lon="9.859927">
        <ele>2350.904571</ele>
        <time>2026-09-12T13:52:37.999Z</time>
      </trkpt>
      <trkpt lat="47.020439" lon="9.859935">
        <ele>2350.603034</ele>
        <time>2026-09-12T13:52:38.999Z</time>
      </trkpt>
      <trkpt lat="47.020435" lon="9.859945">
        <ele>2350.376550</ele>
        <time>2026-09-12T13:52:39.999Z</time>
      </trkpt>
      <trkpt lat="47.020435" lon="9.859951">
        <ele>2350.259345</ele>
        <time>2026-09-12T13:52:40.999Z</time>
      </trkpt>
      <trkpt lat="47.020436" lon="9.859955">
        <ele>2350.176120</ele>
        <time>2026-09-12T13:52:41.999Z</time>
      </trkpt>
      <trkpt lat="47.020435" lon="9.859957">
        <ele>2350.127671</ele>
        <time>2026-09-12T13:52:42.999Z</time>
      </trkpt>
      <trkpt lat="47.020432" lon="9.859959">
        <ele>2350.033248</ele>
        <time>2026-09-12T13:52:43.999Z</time>
      </trkpt>
      <trkpt lat="47.020428" lon="9.859962">
        <ele>2349.904521</ele>
        <time>2026-09-12T13:52:44.999Z</time>
      </trkpt>
      <trkpt lat="47.020422" lon="9.859965">
        <ele>2349.722886</ele>
        <time>2026-09-12T13:52:45.999Z</time>
      </trkpt>
      <trkpt lat="47.020414" lon="9.859970">
        <ele>2349.473717</ele>
        <time>2026-09-12T13:52:46.999Z</time>
      </trkpt>
      <trkpt lat="47.020406" lon="9.859976">
        <ele>2349.216263</ele>
        <time>2026-09-12T13:52:47.999Z</time>
      </trkpt>
      <trkpt lat="47.020398" lon="9.859980">
        <ele>2348.974083</ele>
        <time>2026-09-12T13:52:48.999Z</time>
      </trkpt>
      <trkpt lat="47.020390" lon="9.859981">
        <ele>2348.744024</ele>
        <time>2026-09-12T13:52:49.999Z</time>
      </trkpt>
      <trkpt lat="47.020386" lon="9.859980">
        <ele>2348.627757</ele>
        <time>2026-09-12T13:52:50.999Z</time>
      </trkpt>
      <trkpt lat="47.020384" lon="9.859977">
        <ele>2348.545792</ele>
        <time>2026-09-12T13:52:51.999Z</time>
      </trkpt>
      <trkpt lat="47.020383" lon="9.859974">
        <ele>2348.480559</ele>
        <time>2026-09-12T13:52:52.999Z</time>
      </trkpt>
      <trkpt lat="47.020383" lon="9.859972">
        <ele>2348.441491</ele>
        <time>2026-09-12T13:52:53.999Z</time>
      </trkpt>
      <trkpt lat="47.020383" lon="9.859975">
        <ele>2348.382888</ele>
        <time>2026-09-12T13:52:54.999Z</time>
      </trkpt>
      <trkpt lat="47.020382" lon="9.859980">
        <ele>2348.281101</ele>
        <time>2026-09-12T13:52:55.999Z</time>
      </trkpt>
      <trkpt lat="47.020381" lon="9.859986">
        <ele>2348.160444</ele>
        <time>2026-09-12T13:52:56.999Z</time>
      </trkpt>
      <trkpt lat="47.020378" lon="9.859992">
        <ele>2348.015095</ele>
        <time>2026-09-12T13:52:57.999Z</time>
      </trkpt>
      <trkpt lat="47.020374" lon="9.859995">
        <ele>2347.886368</ele>
        <time>2026-09-12T13:52:58.999Z</time>
      </trkpt>
      <trkpt lat="47.020370" lon="9.860000">
        <ele>2347.735782</ele>
        <time>2026-09-12T13:52:59.999Z</time>
      </trkpt>
      <trkpt lat="47.020367" lon="9.860007">
        <ele>2347.574267</ele>
        <time>2026-09-12T13:53:00.999Z</time>
      </trkpt>
      <trkpt lat="47.020365" lon="9.860017">
        <ele>2347.370693</ele>
        <time>2026-09-12T13:53:01.999Z</time>
      </trkpt>
      <trkpt lat="47.020361" lon="9.860030">
        <ele>2347.092081</ele>
        <time>2026-09-12T13:53:02.999Z</time>
      </trkpt>
      <trkpt lat="47.020358" lon="9.860043">
        <ele>2346.823982</ele>
        <time>2026-09-12T13:53:03.999Z</time>
      </trkpt>
      <trkpt lat="47.020357" lon="9.860052">
        <ele>2346.645854</ele>
        <time>2026-09-12T13:53:04.999Z</time>
      </trkpt>
      <trkpt lat="47.020355" lon="9.860060">
        <ele>2346.479404</ele>
        <time>2026-09-12T13:53:05.999Z</time>
      </trkpt>
      <trkpt lat="47.020353" lon="9.860067">
        <ele>2346.331141</ele>
        <time>2026-09-12T13:53:06.999Z</time>
      </trkpt>
      <trkpt lat="47.020350" lon="9.860075">
        <ele>2346.152786</ele>
        <time>2026-09-12T13:53:07.999Z</time>
      </trkpt>
      <trkpt lat="47.020346" lon="9.860083">
        <ele>2345.958987</ele>
        <time>2026-09-12T13:53:08.999Z</time>
      </trkpt>
      <trkpt lat="47.020342" lon="9.860089">
        <ele>2345.795056</ele>
        <time>2026-09-12T13:53:09.999Z</time>
      </trkpt>
      <trkpt lat="47.020339" lon="9.860092">
        <ele>2345.691020</ele>
        <time>2026-09-12T13:53:10.999Z</time>
      </trkpt>
      <trkpt lat="47.020336" lon="9.860092">
        <ele>2345.605059</ele>
        <time>2026-09-12T13:53:11.999Z</time>
      </trkpt>
      <trkpt lat="47.020333" lon="9.860093">
        <ele>2345.516907</ele>
        <time>2026-09-12T13:53:12.999Z</time>
      </trkpt>
      <trkpt lat="47.020330" lon="9.860094">
        <ele>2345.428755</ele>
        <time>2026-09-12T13:53:13.999Z</time>
      </trkpt>
      <trkpt lat="47.020326" lon="9.860095">
        <ele>2345.312488</ele>
        <time>2026-09-12T13:53:14.999Z</time>
      </trkpt>
      <trkpt lat="47.020322" lon="9.860097">
        <ele>2345.191398</ele>
        <time>2026-09-12T13:53:15.999Z</time>
      </trkpt>
      <trkpt lat="47.020317" lon="9.860101">
        <ele>2345.028208</ele>
        <time>2026-09-12T13:53:16.999Z</time>
      </trkpt>
      <trkpt lat="47.020310" lon="9.860106">
        <ele>2344.805116</ele>
        <time>2026-09-12T13:53:17.999Z</time>
      </trkpt>
      <trkpt lat="47.020303" lon="9.860111">
        <ele>2344.582024</ele>
        <time>2026-09-12T13:53:18.999Z</time>
      </trkpt>
      <trkpt lat="47.020297" lon="9.860114">
        <ele>2344.400390</ele>
        <time>2026-09-12T13:53:19.999Z</time>
      </trkpt>
      <trkpt lat="47.020290" lon="9.860116">
        <ele>2344.196045</ele>
        <time>2026-09-12T13:53:20.999Z</time>
      </trkpt>
      <trkpt lat="47.020283" lon="9.860118">
        <ele>2343.991701</ele>
        <time>2026-09-12T13:53:21.999Z</time>
      </trkpt>
      <trkpt lat="47.020275" lon="9.860121">
        <ele>2343.755100</ele>
        <time>2026-09-12T13:53:22.999Z</time>
      </trkpt>
      <trkpt lat="47.020266" lon="9.860123">
        <ele>2343.494276</ele>
        <time>2026-09-12T13:53:23.999Z</time>
      </trkpt>
      <trkpt lat="47.020258" lon="9.860125">
        <ele>2343.261742</ele>
        <time>2026-09-12T13:53:24.999Z</time>
      </trkpt>
      <trkpt lat="47.020250" lon="9.860126">
        <ele>2343.031683</ele>
        <time>2026-09-12T13:53:25.999Z</time>
      </trkpt>
      <trkpt lat="47.020243" lon="9.860128">
        <ele>2342.827338</ele>
        <time>2026-09-12T13:53:26.999Z</time>
      </trkpt>
      <trkpt lat="47.020237" lon="9.860131">
        <ele>2342.645704</ele>
        <time>2026-09-12T13:53:27.999Z</time>
      </trkpt>
      <trkpt lat="47.020231" lon="9.860135">
        <ele>2342.456859</ele>
        <time>2026-09-12T13:53:28.999Z</time>
      </trkpt>
      <trkpt lat="47.020227" lon="9.860139">
        <ele>2342.318144</ele>
        <time>2026-09-12T13:53:29.999Z</time>
      </trkpt>
      <trkpt lat="47.020225" lon="9.860140">
        <ele>2342.257599</ele>
        <time>2026-09-12T13:53:30.999Z</time>
      </trkpt>
      <trkpt lat="47.020221" lon="9.860141">
        <ele>2342.141332</ele>
        <time>2026-09-12T13:53:31.999Z</time>
      </trkpt>
      <trkpt lat="47.020217" lon="9.860141">
        <ele>2342.026718</ele>
        <time>2026-09-12T13:53:32.999Z</time>
      </trkpt>
      <trkpt lat="47.020212" lon="9.860141">
        <ele>2341.883450</ele>
        <time>2026-09-12T13:53:33.999Z</time>
      </trkpt>
      <trkpt lat="47.020207" lon="9.860140">
        <ele>2341.738857</ele>
        <time>2026-09-12T13:53:34.999Z</time>
      </trkpt>
      <trkpt lat="47.020205" lon="9.860140">
        <ele>2341.681550</ele>
        <time>2026-09-12T13:53:35.999Z</time>
      </trkpt>
      <trkpt lat="47.020204" lon="9.860141">
        <ele>2341.646871</ele>
        <time>2026-09-12T13:53:36.999Z</time>
      </trkpt>
      <trkpt lat="47.020203" lon="9.860142">
        <ele>2341.612192</ele>
        <time>2026-09-12T13:53:37.999Z</time>
      </trkpt>
      <trkpt lat="47.020203" lon="9.860143">
        <ele>2341.592658</ele>
        <time>2026-09-12T13:53:38.999Z</time>
      </trkpt>
      <trkpt lat="47.020202" lon="9.860145">
        <ele>2341.544208</ele>
        <time>2026-09-12T13:53:39.999Z</time>
      </trkpt>
      <trkpt lat="47.020200" lon="9.860147">
        <ele>2341.474851</ele>
        <time>2026-09-12T13:53:40.999Z</time>
      </trkpt>
      <trkpt lat="47.020197" lon="9.860149">
        <ele>2341.380429</ele>
        <time>2026-09-12T13:53:41.999Z</time>
      </trkpt>
      <trkpt lat="47.020194" lon="9.860153">
        <ele>2341.264262</ele>
        <time>2026-09-12T13:53:42.999Z</time>
      </trkpt>
      <trkpt lat="47.020192" lon="9.860156">
        <ele>2341.182296</ele>
        <time>2026-09-12T13:53:43.999Z</time>
      </trkpt>
      <trkpt lat="47.020191" lon="9.860157">
        <ele>2341.147618</ele>
        <time>2026-09-12T13:53:44.999Z</time>
      </trkpt>
      <trkpt lat="47.020190" lon="9.860156">
        <ele>2341.112939</ele>
        <time>2026-09-12T13:53:45.999Z</time>
      </trkpt>
      <trkpt lat="47.020191" lon="9.860154">
        <ele>2341.064489</ele>
        <time>2026-09-12T13:53:46.999Z</time>
      </trkpt>
      <trkpt lat="47.020191" lon="9.860153">
        <ele>2341.044955</ele>
        <time>2026-09-12T13:53:47.999Z</time>
      </trkpt>
      <trkpt lat="47.020191" lon="9.860153">
        <ele>2341.044955</ele>
        <time>2026-09-12T13:53:48.999Z</time>
      </trkpt>
      <trkpt lat="47.020187" lon="9.860156">
        <ele>2340.916228</ele>
        <time>2026-09-12T13:53:49.999Z</time>
      </trkpt>
      <trkpt lat="47.020181" lon="9.860160">
        <ele>2340.727383</ele>
        <time>2026-09-12T13:53:50.999Z</time>
      </trkpt>
      <trkpt lat="47.020172" lon="9.860166">
        <ele>2340.444116</ele>
        <time>2026-09-12T13:53:51.999Z</time>
      </trkpt>
      <trkpt lat="47.020165" lon="9.860170">
        <ele>2340.228859</ele>
        <time>2026-09-12T13:53:52.999Z</time>
      </trkpt>
      <trkpt lat="47.020162" lon="9.860171">
        <ele>2340.140706</ele>
        <time>2026-09-12T13:53:53.999Z</time>
      </trkpt>
      <trkpt lat="47.020162" lon="9.860171">
        <ele>2340.140706</ele>
        <time>2026-09-12T13:53:54.999Z</time>
      </trkpt>
      <trkpt lat="47.020163" lon="9.860170">
        <ele>2340.106028</ele>
        <time>2026-09-12T13:53:55.999Z</time>
      </trkpt>
      <trkpt lat="47.020162" lon="9.860169">
        <ele>2340.071349</ele>
        <time>2026-09-12T13:53:56.999Z</time>
      </trkpt>
      <trkpt lat="47.020162" lon="9.860167">
        <ele>2340.032280</ele>
        <time>2026-09-12T13:53:57.999Z</time>
      </trkpt>
      <trkpt lat="47.020161" lon="9.860164">
        <ele>2339.967047</ele>
        <time>2026-09-12T13:53:58.999Z</time>
      </trkpt>
      <trkpt lat="47.020160" lon="9.860161">
        <ele>2339.901815</ele>
        <time>2026-09-12T13:53:59.999Z</time>
      </trkpt>
      <trkpt lat="47.020159" lon="9.860160">
        <ele>2339.867136</ele>
        <time>2026-09-12T13:54:00.999Z</time>
      </trkpt>
      <trkpt lat="47.020157" lon="9.860160">
        <ele>2339.809829</ele>
        <time>2026-09-12T13:54:01.999Z</time>
      </trkpt>
      <trkpt lat="47.020155" lon="9.860160">
        <ele>2339.752522</ele>
        <time>2026-09-12T13:54:02.999Z</time>
      </trkpt>
      <trkpt lat="47.020151" lon="9.860161">
        <ele>2339.636255</ele>
        <time>2026-09-12T13:54:03.999Z</time>
      </trkpt>
      <trkpt lat="47.020147" lon="9.860162">
        <ele>2339.519988</ele>
        <time>2026-09-12T13:54:04.999Z</time>
      </trkpt>
      <trkpt lat="47.020144" lon="9.860163">
        <ele>2339.431836</ele>
        <time>2026-09-12T13:54:05.999Z</time>
      </trkpt>
      <trkpt lat="47.020142" lon="9.860166">
        <ele>2339.349870</ele>
        <time>2026-09-12T13:54:06.999Z</time>
      </trkpt>
      <trkpt lat="47.020140" lon="9.860169">
        <ele>2339.267904</ele>
        <time>2026-09-12T13:54:07.999Z</time>
      </trkpt>
      <trkpt lat="47.020137" lon="9.860172">
        <ele>2339.163868</ele>
        <time>2026-09-12T13:54:08.999Z</time>
      </trkpt>
      <trkpt lat="47.020133" lon="9.860173">
        <ele>2339.047601</ele>
        <time>2026-09-12T13:54:09.999Z</time>
      </trkpt>
      <trkpt lat="47.020129" lon="9.860173">
        <ele>2338.932987</ele>
        <time>2026-09-12T13:54:10.999Z</time>
      </trkpt>
      <trkpt lat="47.020126" lon="9.860171">
        <ele>2338.838564</ele>
        <time>2026-09-12T13:54:11.999Z</time>
      </trkpt>
      <trkpt lat="47.020124" lon="9.860169">
        <ele>2338.769207</ele>
        <time>2026-09-12T13:54:12.999Z</time>
      </trkpt>
      <trkpt lat="47.020124" lon="9.860170">
        <ele>2338.749673</ele>
        <time>2026-09-12T13:54:13.999Z</time>
      </trkpt>
      <trkpt lat="47.020124" lon="9.860172">
        <ele>2338.710604</ele>
        <time>2026-09-12T13:54:14.999Z</time>
      </trkpt>
      <trkpt lat="47.020123" lon="9.860176">
        <ele>2338.627379</ele>
        <time>2026-09-12T13:54:15.999Z</time>
      </trkpt>
      <trkpt lat="47.020123" lon="9.860183">
        <ele>2338.490638</ele>
        <time>2026-09-12T13:54:16.999Z</time>
      </trkpt>
      <trkpt lat="47.020121" lon="9.860191">
        <ele>2338.324188</ele>
        <time>2026-09-12T13:54:17.999Z</time>
      </trkpt>
      <trkpt lat="47.020117" lon="9.860200">
        <ele>2338.114318</ele>
        <time>2026-09-12T13:54:18.999Z</time>
      </trkpt>
      <trkpt lat="47.020112" lon="9.860208">
        <ele>2337.902311</ele>
        <time>2026-09-12T13:54:19.999Z</time>
      </trkpt>
      <trkpt lat="47.020106" lon="9.860215">
        <ele>2337.682641</ele>
        <time>2026-09-12T13:54:20.999Z</time>
      </trkpt>
      <trkpt lat="47.020099" lon="9.860221">
        <ele>2337.450332</ele>
        <time>2026-09-12T13:54:21.999Z</time>
      </trkpt>
      <trkpt lat="47.020093" lon="9.860224">
        <ele>2337.268697</ele>
        <time>2026-09-12T13:54:22.999Z</time>
      </trkpt>
      <trkpt lat="47.020091" lon="9.860224">
        <ele>2337.211390</ele>
        <time>2026-09-12T13:54:23.999Z</time>
      </trkpt>
      <trkpt lat="47.020091" lon="9.860224">
        <ele>2337.211390</ele>
        <time>2026-09-12T13:54:24.999Z</time>
      </trkpt>
      <trkpt lat="47.020092" lon="9.860225">
        <ele>2337.176711</ele>
        <time>2026-09-12T13:54:25.999Z</time>
      </trkpt>
      <trkpt lat="47.020093" lon="9.860226">
        <ele>2337.142032</ele>
        <time>2026-09-12T13:54:26.999Z</time>
      </trkpt>
      <trkpt lat="47.020093" lon="9.860228">
        <ele>2337.102964</ele>
        <time>2026-09-12T13:54:27.999Z</time>
      </trkpt>
      <trkpt lat="47.020093" lon="9.860230">
        <ele>2337.063895</ele>
        <time>2026-09-12T13:54:28.999Z</time>
      </trkpt>
      <trkpt lat="47.020091" lon="9.860233">
        <ele>2336.981929</ele>
        <time>2026-09-12T13:54:29.999Z</time>
      </trkpt>
      <trkpt lat="47.020088" lon="9.860235">
        <ele>2336.887507</ele>
        <time>2026-09-12T13:54:30.999Z</time>
      </trkpt>
      <trkpt lat="47.020082" lon="9.860236">
        <ele>2336.714479</ele>
        <time>2026-09-12T13:54:31.999Z</time>
      </trkpt>
      <trkpt lat="47.020074" lon="9.860233">
        <ele>2336.477879</ele>
        <time>2026-09-12T13:54:32.999Z</time>
      </trkpt>
      <trkpt lat="47.020065" lon="9.860228">
        <ele>2336.202120</ele>
        <time>2026-09-12T13:54:33.999Z</time>
      </trkpt>
      <trkpt lat="47.020056" lon="9.860219">
        <ele>2335.890011</ele>
        <time>2026-09-12T13:54:34.999Z</time>
      </trkpt>
      <trkpt lat="47.020050" lon="9.860211">
        <ele>2335.657678</ele>
        <time>2026-09-12T13:54:35.999Z</time>
      </trkpt>
      <trkpt lat="47.020044" lon="9.860203">
        <ele>2335.425345</ele>
        <time>2026-09-12T13:54:36.999Z</time>
      </trkpt>
      <trkpt lat="47.020040" lon="9.860197">
        <ele>2335.261413</ele>
        <time>2026-09-12T13:54:37.999Z</time>
      </trkpt>
      <trkpt lat="47.020037" lon="9.860195">
        <ele>2335.166991</ele>
        <time>2026-09-12T13:54:38.999Z</time>
      </trkpt>
      <trkpt lat="47.020037" lon="9.860196">
        <ele>2335.147456</ele>
        <time>2026-09-12T13:54:39.999Z</time>
      </trkpt>
      <trkpt lat="47.020037" lon="9.860198">
        <ele>2335.108388</ele>
        <time>2026-09-12T13:54:40.999Z</time>
      </trkpt>
      <trkpt lat="47.020037" lon="9.860203">
        <ele>2335.010716</ele>
        <time>2026-09-12T13:54:41.999Z</time>
      </trkpt>
      <trkpt lat="47.020037" lon="9.860207">
        <ele>2334.932579</ele>
        <time>2026-09-12T13:54:42.999Z</time>
      </trkpt>
      <trkpt lat="47.020036" lon="9.860210">
        <ele>2334.867346</ele>
        <time>2026-09-12T13:54:43.999Z</time>
      </trkpt>
      <trkpt lat="47.020035" lon="9.860211">
        <ele>2334.832667</ele>
        <time>2026-09-12T13:54:44.999Z</time>
      </trkpt>
      <trkpt lat="47.020034" lon="9.860213">
        <ele>2334.784217</ele>
        <time>2026-09-12T13:54:45.999Z</time>
      </trkpt>
      <trkpt lat="47.020035" lon="9.860215">
        <ele>2334.735767</ele>
        <time>2026-09-12T13:54:46.999Z</time>
      </trkpt>
      <trkpt lat="47.020036" lon="9.860217">
        <ele>2334.687317</ele>
        <time>2026-09-12T13:54:47.999Z</time>
      </trkpt>
      <trkpt lat="47.020036" lon="9.860219">
        <ele>2334.648249</ele>
        <time>2026-09-12T13:54:48.999Z</time>
      </trkpt>
      <trkpt lat="47.020036" lon="9.860222">
        <ele>2334.589646</ele>
        <time>2026-09-12T13:54:49.999Z</time>
      </trkpt>
      <trkpt lat="47.020038" lon="9.860225">
        <ele>2334.507680</ele>
        <time>2026-09-12T13:54:50.999Z</time>
      </trkpt>
      <trkpt lat="47.020041" lon="9.860229">
        <ele>2334.391513</ele>
        <time>2026-09-12T13:54:51.999Z</time>
      </trkpt>
      <trkpt lat="47.020045" lon="9.860232">
        <ele>2334.262786</ele>
        <time>2026-09-12T13:54:52.999Z</time>
      </trkpt>
      <trkpt lat="47.020049" lon="9.860236">
        <ele>2334.124071</ele>
        <time>2026-09-12T13:54:53.999Z</time>
      </trkpt>
      <trkpt lat="47.020053" lon="9.860238">
        <ele>2334.002981</ele>
        <time>2026-09-12T13:54:54.999Z</time>
      </trkpt>
      <trkpt lat="47.020053" lon="9.860239">
        <ele>2333.983447</ele>
        <time>2026-09-12T13:54:55.999Z</time>
      </trkpt>
      <trkpt lat="47.020053" lon="9.860239">
        <ele>2333.983447</ele>
        <time>2026-09-12T13:54:56.999Z</time>
      </trkpt>
      <trkpt lat="47.020052" lon="9.860239">
        <ele>2333.954793</ele>
        <time>2026-09-12T13:54:57.999Z</time>
      </trkpt>
      <trkpt lat="47.020051" lon="9.860240">
        <ele>2333.920114</ele>
        <time>2026-09-12T13:54:58.999Z</time>
      </trkpt>
      <trkpt lat="47.020049" lon="9.860242">
        <ele>2333.850757</ele>
        <time>2026-09-12T13:54:59.999Z</time>
      </trkpt>
      <trkpt lat="47.020047" lon="9.860243">
        <ele>2333.790212</ele>
        <time>2026-09-12T13:55:00.999Z</time>
      </trkpt>
      <trkpt lat="47.020044" lon="9.860244">
        <ele>2333.702060</ele>
        <time>2026-09-12T13:55:01.999Z</time>
      </trkpt>
      <trkpt lat="47.020041" lon="9.860246">
        <ele>2333.607637</ele>
        <time>2026-09-12T13:55:02.999Z</time>
      </trkpt>
      <trkpt lat="47.020038" lon="9.860248">
        <ele>2333.513215</ele>
        <time>2026-09-12T13:55:03.999Z</time>
      </trkpt>
      <trkpt lat="47.020035" lon="9.860251">
        <ele>2333.409178</ele>
        <time>2026-09-12T13:55:04.999Z</time>
      </trkpt>
      <trkpt lat="47.020031" lon="9.860254">
        <ele>2333.280451</ele>
        <time>2026-09-12T13:55:05.999Z</time>
      </trkpt>
      <trkpt lat="47.020028" lon="9.860258">
        <ele>2333.164285</ele>
        <time>2026-09-12T13:55:06.999Z</time>
      </trkpt>
      <trkpt lat="47.020025" lon="9.860260">
        <ele>2333.069862</ele>
        <time>2026-09-12T13:55:07.999Z</time>
      </trkpt>
      <trkpt lat="47.020022" lon="9.860261">
        <ele>2332.981710</ele>
        <time>2026-09-12T13:55:08.999Z</time>
      </trkpt>
      <trkpt lat="47.020018" lon="9.860257">
        <ele>2332.842995</ele>
        <time>2026-09-12T13:55:09.999Z</time>
      </trkpt>
      <trkpt lat="47.020015" lon="9.860252">
        <ele>2332.712883</ele>
        <time>2026-09-12T13:55:10.999Z</time>
      </trkpt>
      <trkpt lat="47.020016" lon="9.860250">
        <ele>2332.664434</ele>
        <time>2026-09-12T13:55:11.999Z</time>
      </trkpt>
      <trkpt lat="47.020018" lon="9.860251">
        <ele>2332.603889</ele>
        <time>2026-09-12T13:55:12.999Z</time>
      </trkpt>
      <trkpt lat="47.020019" lon="9.860252">
        <ele>2332.569210</ele>
        <time>2026-09-12T13:55:13.999Z</time>
      </trkpt>
      <trkpt lat="47.020017" lon="9.860254">
        <ele>2332.499852</ele>
        <time>2026-09-12T13:55:14.999Z</time>
      </trkpt>
      <trkpt lat="47.020015" lon="9.860256">
        <ele>2332.430495</ele>
        <time>2026-09-12T13:55:15.999Z</time>
      </trkpt>
      <trkpt lat="47.020013" lon="9.860258">
        <ele>2332.361137</ele>
        <time>2026-09-12T13:55:16.999Z</time>
      </trkpt>
      <trkpt lat="47.020012" lon="9.860261">
        <ele>2332.295904</ele>
        <time>2026-09-12T13:55:17.999Z</time>
      </trkpt>
      <trkpt lat="47.020011" lon="9.860263">
        <ele>2332.247454</ele>
        <time>2026-09-12T13:55:18.999Z</time>
      </trkpt>
      <trkpt lat="47.020010" lon="9.860265">
        <ele>2332.199005</ele>
        <time>2026-09-12T13:55:19.999Z</time>
      </trkpt>
      <trkpt lat="47.020008" lon="9.860266">
        <ele>2332.138460</ele>
        <time>2026-09-12T13:55:20.999Z</time>
      </trkpt>
      <trkpt lat="47.020006" lon="9.860268">
        <ele>2332.069102</ele>
        <time>2026-09-12T13:55:21.999Z</time>
      </trkpt>
      <trkpt lat="47.020006" lon="9.860271">
        <ele>2332.010499</ele>
        <time>2026-09-12T13:55:22.999Z</time>
      </trkpt>
      <trkpt lat="47.020008" lon="9.860275">
        <ele>2331.913599</ele>
        <time>2026-09-12T13:55:23.999Z</time>
      </trkpt>
      <trkpt lat="47.020011" lon="9.860280">
        <ele>2331.783488</ele>
        <time>2026-09-12T13:55:24.999Z</time>
      </trkpt>
      <trkpt lat="47.020014" lon="9.860283">
        <ele>2331.679452</ele>
        <time>2026-09-12T13:55:25.999Z</time>
      </trkpt>
      <trkpt lat="47.020015" lon="9.860286">
        <ele>2331.614219</ele>
        <time>2026-09-12T13:55:26.999Z</time>
      </trkpt>
      <trkpt lat="47.020015" lon="9.860288">
        <ele>2331.575150</ele>
        <time>2026-09-12T13:55:27.999Z</time>
      </trkpt>
      <trkpt lat="47.020016" lon="9.860291">
        <ele>2331.509917</ele>
        <time>2026-09-12T13:55:28.999Z</time>
      </trkpt>
      <trkpt lat="47.020017" lon="9.860294">
        <ele>2331.444684</ele>
        <time>2026-09-12T13:55:29.999Z</time>
      </trkpt>
      <trkpt lat="47.020017" lon="9.860295">
        <ele>2331.425150</ele>
        <time>2026-09-12T13:55:30.999Z</time>
      </trkpt>
      <trkpt lat="47.020016" lon="9.860294">
        <ele>2331.390471</ele>
        <time>2026-09-12T13:55:31.999Z</time>
      </trkpt>
      <trkpt lat="47.020015" lon="9.860294">
        <ele>2331.361817</ele>
        <time>2026-09-12T13:55:32.999Z</time>
      </trkpt>
      <trkpt lat="47.020015" lon="9.860295">
        <ele>2331.342283</ele>
        <time>2026-09-12T13:55:33.999Z</time>
      </trkpt>
      <trkpt lat="47.020016" lon="9.860297">
        <ele>2331.293833</ele>
        <time>2026-09-12T13:55:34.999Z</time>
      </trkpt>
      <trkpt lat="47.020017" lon="9.860301">
        <ele>2331.210608</ele>
        <time>2026-09-12T13:55:35.999Z</time>
      </trkpt>
      <trkpt lat="47.020016" lon="9.860306">
        <ele>2331.108820</ele>
        <time>2026-09-12T13:55:36.999Z</time>
      </trkpt>
      <trkpt lat="47.020013" lon="9.860311">
        <ele>2330.978708</ele>
        <time>2026-09-12T13:55:37.999Z</time>
      </trkpt>
      <trkpt lat="47.020010" lon="9.860315">
        <ele>2330.862542</ele>
        <time>2026-09-12T13:55:38.999Z</time>
      </trkpt>
      <trkpt lat="47.020008" lon="9.860317">
        <ele>2330.793184</ele>
        <time>2026-09-12T13:55:39.999Z</time>
      </trkpt>
      <trkpt lat="47.020008" lon="9.860316">
        <ele>2330.773650</ele>
        <time>2026-09-12T13:55:40.999Z</time>
      </trkpt>
      <trkpt lat="47.020009" lon="9.860316">
        <ele>2330.744996</ele>
        <time>2026-09-12T13:55:41.999Z</time>
      </trkpt>
      <trkpt lat="47.020010" lon="9.860317">
        <ele>2330.710317</ele>
        <time>2026-09-12T13:55:42.999Z</time>
      </trkpt>
      <trkpt lat="47.020009" lon="9.860320">
        <ele>2330.645084</ele>
        <time>2026-09-12T13:55:43.999Z</time>
      </trkpt>
      <trkpt lat="47.020008" lon="9.860323">
        <ele>2330.579851</ele>
        <time>2026-09-12T13:55:44.999Z</time>
      </trkpt>
      <trkpt lat="47.020007" lon="9.860325">
        <ele>2330.531402</ele>
        <time>2026-09-12T13:55:45.999Z</time>
      </trkpt>
      <trkpt lat="47.020006" lon="9.860327">
        <ele>2330.482952</ele>
        <time>2026-09-12T13:55:46.999Z</time>
      </trkpt>
      <trkpt lat="47.020002" lon="9.860327">
        <ele>2330.368337</ele>
        <time>2026-09-12T13:55:47.999Z</time>
      </trkpt>
      <trkpt lat="47.019997" lon="9.860323">
        <ele>2330.205147</ele>
        <time>2026-09-12T13:55:48.999Z</time>
      </trkpt>
      <trkpt lat="47.019991" lon="9.860320">
        <ele>2330.023512</ele>
        <time>2026-09-12T13:55:49.999Z</time>
      </trkpt>
      <trkpt lat="47.019987" lon="9.860316">
        <ele>2329.884797</ele>
        <time>2026-09-12T13:55:50.999Z</time>
      </trkpt>
      <trkpt lat="47.019984" lon="9.860312">
        <ele>2329.768631</ele>
        <time>2026-09-12T13:55:51.999Z</time>
      </trkpt>
      <trkpt lat="47.019981" lon="9.860310">
        <ele>2329.674208</ele>
        <time>2026-09-12T13:55:52.999Z</time>
      </trkpt>
      <trkpt lat="47.019977" lon="9.860310">
        <ele>2329.559594</ele>
        <time>2026-09-12T13:55:53.999Z</time>
      </trkpt>
      <trkpt lat="47.019974" lon="9.860312">
        <ele>2329.465172</ele>
        <time>2026-09-12T13:55:54.999Z</time>
      </trkpt>
      <trkpt lat="47.019972" lon="9.860314">
        <ele>2329.395814</ele>
        <time>2026-09-12T13:55:55.999Z</time>
      </trkpt>
      <trkpt lat="47.019972" lon="9.860317">
        <ele>2329.337211</ele>
        <time>2026-09-12T13:55:56.999Z</time>
      </trkpt>
      <trkpt lat="47.019973" lon="9.860318">
        <ele>2329.302532</ele>
        <time>2026-09-12T13:55:57.999Z</time>
      </trkpt>
      <trkpt lat="47.019973" lon="9.860319">
        <ele>2329.282998</ele>
        <time>2026-09-12T13:55:58.999Z</time>
      </trkpt>
      <trkpt lat="47.019971" lon="9.860318">
        <ele>2329.222453</ele>
        <time>2026-09-12T13:55:59.999Z</time>
      </trkpt>
      <trkpt lat="47.019969" lon="9.860315">
        <ele>2329.140487</ele>
        <time>2026-09-12T13:56:00.999Z</time>
      </trkpt>
      <trkpt lat="47.019967" lon="9.860311">
        <ele>2329.043587</ele>
        <time>2026-09-12T13:56:01.999Z</time>
      </trkpt>
      <trkpt lat="47.019967" lon="9.860306">
        <ele>2328.945915</ele>
        <time>2026-09-12T13:56:02.999Z</time>
      </trkpt>
      <trkpt lat="47.019966" lon="9.860302">
        <ele>2328.862690</ele>
        <time>2026-09-12T13:56:03.999Z</time>
      </trkpt>
      <trkpt lat="47.019965" lon="9.860299">
        <ele>2328.797457</ele>
        <time>2026-09-12T13:56:04.999Z</time>
      </trkpt>
      <trkpt lat="47.019963" lon="9.860298">
        <ele>2328.736912</ele>
        <time>2026-09-12T13:56:05.999Z</time>
      </trkpt>
      <trkpt lat="47.019961" lon="9.860297">
        <ele>2328.676367</ele>
        <time>2026-09-12T13:56:06.999Z</time>
      </trkpt>
      <trkpt lat="47.019959" lon="9.860296">
        <ele>2328.615822</ele>
        <time>2026-09-12T13:56:07.999Z</time>
      </trkpt>
      <trkpt lat="47.019958" lon="9.860294">
        <ele>2328.567372</ele>
        <time>2026-09-12T13:56:08.999Z</time>
      </trkpt>
      <trkpt lat="47.019957" lon="9.860290">
        <ele>2328.484146</ele>
        <time>2026-09-12T13:56:09.999Z</time>
      </trkpt>
      <trkpt lat="47.019953" lon="9.860287">
        <ele>2328.355419</ele>
        <time>2026-09-12T13:56:10.999Z</time>
      </trkpt>
      <trkpt lat="47.019949" lon="9.860280">
        <ele>2328.176997</ele>
        <time>2026-09-12T13:56:11.999Z</time>
      </trkpt>
      <trkpt lat="47.019944" lon="9.860269">
        <ele>2327.918737</ele>
        <time>2026-09-12T13:56:12.999Z</time>
      </trkpt>
      <trkpt lat="47.019939" lon="9.860257">
        <ele>2327.644010</ele>
        <time>2026-09-12T13:56:13.999Z</time>
      </trkpt>
      <trkpt lat="47.019933" lon="9.860247">
        <ele>2327.383787</ele>
        <time>2026-09-12T13:56:14.999Z</time>
      </trkpt>
      <trkpt lat="47.019926" lon="9.860242">
        <ele>2327.160695</ele>
        <time>2026-09-12T13:56:15.999Z</time>
      </trkpt>
      <trkpt lat="47.019915" lon="9.860240">
        <ele>2326.843094</ele>
        <time>2026-09-12T13:56:16.999Z</time>
      </trkpt>
      <trkpt lat="47.019902" lon="9.860239">
        <ele>2326.470086</ele>
        <time>2026-09-12T13:56:17.999Z</time>
      </trkpt>
      <trkpt lat="47.019889" lon="9.860240">
        <ele>2326.097078</ele>
        <time>2026-09-12T13:56:18.999Z</time>
      </trkpt>
      <trkpt lat="47.019878" lon="9.860241">
        <ele>2325.781284</ele>
        <time>2026-09-12T13:56:19.999Z</time>
      </trkpt>
      <trkpt lat="47.019867" lon="9.860240">
        <ele>2325.465491</ele>
        <time>2026-09-12T13:56:20.999Z</time>
      </trkpt>
      <trkpt lat="47.019858" lon="9.860235">
        <ele>2325.189732</ele>
        <time>2026-09-12T13:56:21.999Z</time>
      </trkpt>
      <trkpt lat="47.019851" lon="9.860226">
        <ele>2324.923012</ele>
        <time>2026-09-12T13:56:22.999Z</time>
      </trkpt>
      <trkpt lat="47.019847" lon="9.860218">
        <ele>2324.729213</ele>
        <time>2026-09-12T13:56:23.999Z</time>
      </trkpt>
      <trkpt lat="47.019849" lon="9.860215">
        <ele>2324.647246</ele>
        <time>2026-09-12T13:56:24.999Z</time>
      </trkpt>
      <trkpt lat="47.019856" lon="9.860218">
        <ele>2324.438286</ele>
        <time>2026-09-12T13:56:25.999Z</time>
      </trkpt>
      <trkpt lat="47.019863" lon="9.860220">
        <ele>2324.233941</ele>
        <time>2026-09-12T13:56:26.999Z</time>
      </trkpt>
      <trkpt lat="47.019866" lon="9.860220">
        <ele>2324.147981</ele>
        <time>2026-09-12T13:56:27.999Z</time>
      </trkpt>
      <trkpt lat="47.019866" lon="9.860221">
        <ele>2324.128446</ele>
        <time>2026-09-12T13:56:28.999Z</time>
      </trkpt>
      <trkpt lat="47.019864" lon="9.860223">
        <ele>2324.059089</ele>
        <time>2026-09-12T13:56:29.999Z</time>
      </trkpt>
      <trkpt lat="47.019862" lon="9.860226">
        <ele>2323.977123</ele>
        <time>2026-09-12T13:56:30.999Z</time>
      </trkpt>
      <trkpt lat="47.019860" lon="9.860227">
        <ele>2323.916578</ele>
        <time>2026-09-12T13:56:31.999Z</time>
      </trkpt>
      <trkpt lat="47.019857" lon="9.860228">
        <ele>2323.828425</ele>
        <time>2026-09-12T13:56:32.999Z</time>
      </trkpt>
      <trkpt lat="47.019853" lon="9.860227">
        <ele>2323.712158</ele>
        <time>2026-09-12T13:56:33.999Z</time>
      </trkpt>
      <trkpt lat="47.019848" lon="9.860225">
        <ele>2323.563659</ele>
        <time>2026-09-12T13:56:34.999Z</time>
      </trkpt>
      <trkpt lat="47.019843" lon="9.860224">
        <ele>2323.419066</ele>
        <time>2026-09-12T13:56:35.999Z</time>
      </trkpt>
      <trkpt lat="47.019839" lon="9.860225">
        <ele>2323.302799</ele>
        <time>2026-09-12T13:56:36.999Z</time>
      </trkpt>
      <trkpt lat="47.019839" lon="9.860228">
        <ele>2323.244196</ele>
        <time>2026-09-12T13:56:37.999Z</time>
      </trkpt>
      <trkpt lat="47.019841" lon="9.860234">
        <ele>2323.113729</ele>
        <time>2026-09-12T13:56:38.999Z</time>
      </trkpt>
      <trkpt lat="47.019846" lon="9.860243">
        <ele>2322.886937</ele>
        <time>2026-09-12T13:56:39.999Z</time>
      </trkpt>
      <trkpt lat="47.019851" lon="9.860256">
        <ele>2322.595364</ele>
        <time>2026-09-12T13:56:40.999Z</time>
      </trkpt>
      <trkpt lat="47.019857" lon="9.860271">
        <ele>2322.255636</ele>
        <time>2026-09-12T13:56:41.999Z</time>
      </trkpt>
      <trkpt lat="47.019861" lon="9.860287">
        <ele>2321.922733</ele>
        <time>2026-09-12T13:56:42.999Z</time>
      </trkpt>
      <trkpt lat="47.019862" lon="9.860299">
        <ele>2321.686576</ele>
        <time>2026-09-12T13:56:43.999Z</time>
      </trkpt>
      <trkpt lat="47.019857" lon="9.860305">
        <ele>2321.501473</ele>
        <time>2026-09-12T13:56:44.999Z</time>
      </trkpt>
      <trkpt lat="47.019847" lon="9.860302">
        <ele>2321.209006</ele>
        <time>2026-09-12T13:56:45.999Z</time>
      </trkpt>
      <trkpt lat="47.019834" lon="9.860293">
        <ele>2320.797105</ele>
        <time>2026-09-12T13:56:46.999Z</time>
      </trkpt>
      <trkpt lat="47.019822" lon="9.860282">
        <ele>2320.391642</ele>
        <time>2026-09-12T13:56:47.999Z</time>
      </trkpt>
      <trkpt lat="47.019811" lon="9.860274">
        <ele>2320.039838</ele>
        <time>2026-09-12T13:56:48.999Z</time>
      </trkpt>
      <trkpt lat="47.019801" lon="9.860269">
        <ele>2319.723998</ele>
        <time>2026-09-12T13:56:49.999Z</time>
      </trkpt>
      <trkpt lat="47.019793" lon="9.860266">
        <ele>2319.469587</ele>
        <time>2026-09-12T13:56:50.999Z</time>
      </trkpt>
      <trkpt lat="47.019788" lon="9.860266">
        <ele>2319.315535</ele>
        <time>2026-09-12T13:56:51.999Z</time>
      </trkpt>
      <trkpt lat="47.019782" lon="9.860266">
        <ele>2319.130673</ele>
        <time>2026-09-12T13:56:52.999Z</time>
      </trkpt>
      <trkpt lat="47.019774" lon="9.860264">
        <ele>2318.880635</ele>
        <time>2026-09-12T13:56:53.999Z</time>
      </trkpt>
      <trkpt lat="47.019765" lon="9.860261">
        <ele>2318.596272</ele>
        <time>2026-09-12T13:56:54.999Z</time>
      </trkpt>
      <trkpt lat="47.019756" lon="9.860257">
        <ele>2318.306529</ele>
        <time>2026-09-12T13:56:55.999Z</time>
      </trkpt>
      <trkpt lat="47.019747" lon="9.860252">
        <ele>2318.010013</ele>
        <time>2026-09-12T13:56:56.999Z</time>
      </trkpt>
      <trkpt lat="47.019738" lon="9.860245">
        <ele>2317.696149</ele>
        <time>2026-09-12T13:56:57.999Z</time>
      </trkpt>
      <trkpt lat="47.019729" lon="9.860237">
        <ele>2317.371913</ele>
        <time>2026-09-12T13:56:58.999Z</time>
      </trkpt>
      <trkpt lat="47.019720" lon="9.860227">
        <ele>2317.024045</ele>
        <time>2026-09-12T13:56:59.999Z</time>
      </trkpt>
      <trkpt lat="47.019711" lon="9.860216">
        <ele>2316.663105</ele>
        <time>2026-09-12T13:57:00.999Z</time>
      </trkpt>
      <trkpt lat="47.019703" lon="9.860206">
        <ele>2316.339262</ele>
        <time>2026-09-12T13:57:01.999Z</time>
      </trkpt>
      <trkpt lat="47.019695" lon="9.860198">
        <ele>2316.040948</ele>
        <time>2026-09-12T13:57:02.999Z</time>
      </trkpt>
      <trkpt lat="47.019689" lon="9.860193">
        <ele>2315.828335</ele>
        <time>2026-09-12T13:57:03.999Z</time>
      </trkpt>
      <trkpt lat="47.019687" lon="9.860195">
        <ele>2315.753757</ele>
        <time>2026-09-12T13:57:04.999Z</time>
      </trkpt>
      <trkpt lat="47.019689" lon="9.860205">
        <ele>2315.534856</ele>
        <time>2026-09-12T13:57:05.999Z</time>
      </trkpt>
      <trkpt lat="47.019692" lon="9.860217">
        <ele>2315.266384</ele>
        <time>2026-09-12T13:57:06.999Z</time>
      </trkpt>
      <trkpt lat="47.019695" lon="9.860230">
        <ele>2314.978101</ele>
        <time>2026-09-12T13:57:07.999Z</time>
      </trkpt>
      <trkpt lat="47.019696" lon="9.860241">
        <ele>2314.745002</ele>
        <time>2026-09-12T13:57:08.999Z</time>
      </trkpt>
      <trkpt lat="47.019694" lon="9.860247">
        <ele>2314.604714</ele>
        <time>2026-09-12T13:57:09.999Z</time>
      </trkpt>
      <trkpt lat="47.019690" lon="9.860250">
        <ele>2314.466297</ele>
        <time>2026-09-12T13:57:10.999Z</time>
      </trkpt>
      <trkpt lat="47.019683" lon="9.860249">
        <ele>2314.249604</ele>
        <time>2026-09-12T13:57:11.999Z</time>
      </trkpt>
      <trkpt lat="47.019676" lon="9.860246">
        <ele>2314.024914</ele>
        <time>2026-09-12T13:57:12.999Z</time>
      </trkpt>
      <trkpt lat="47.019671" lon="9.860242">
        <ele>2313.849439</ele>
        <time>2026-09-12T13:57:13.999Z</time>
      </trkpt>
      <trkpt lat="47.019667" lon="9.860239">
        <ele>2313.711022</ele>
        <time>2026-09-12T13:57:14.999Z</time>
      </trkpt>
      <trkpt lat="47.019663" lon="9.860238">
        <ele>2313.586003</ele>
        <time>2026-09-12T13:57:15.999Z</time>
      </trkpt>
      <trkpt lat="47.019658" lon="9.860241">
        <ele>2313.419562</ele>
        <time>2026-09-12T13:57:16.999Z</time>
      </trkpt>
      <trkpt lat="47.019653" lon="9.860247">
        <ele>2313.220525</ele>
        <time>2026-09-12T13:57:17.999Z</time>
      </trkpt>
      <trkpt lat="47.019650" lon="9.860252">
        <ele>2313.080619</ele>
        <time>2026-09-12T13:57:18.999Z</time>
      </trkpt>
      <trkpt lat="47.019651" lon="9.860257">
        <ele>2312.971169</ele>
        <time>2026-09-12T13:57:19.999Z</time>
      </trkpt>
      <trkpt lat="47.019653" lon="9.860264">
        <ele>2312.811744</ele>
        <time>2026-09-12T13:57:20.999Z</time>
      </trkpt>
      <trkpt lat="47.019655" lon="9.860271">
        <ele>2312.652319</ele>
        <time>2026-09-12T13:57:21.999Z</time>
      </trkpt>
      <trkpt lat="47.019655" lon="9.860273">
        <ele>2312.610310</ele>
        <time>2026-09-12T13:57:22.999Z</time>
      </trkpt>
      <trkpt lat="47.019654" lon="9.860273">
        <ele>2312.579499</ele>
        <time>2026-09-12T13:57:23.999Z</time>
      </trkpt>
      <trkpt lat="47.019653" lon="9.860273">
        <ele>2312.548689</ele>
        <time>2026-09-12T13:57:24.999Z</time>
      </trkpt>
      <trkpt lat="47.019651" lon="9.860275">
        <ele>2312.474110</ele>
        <time>2026-09-12T13:57:25.999Z</time>
      </trkpt>
      <trkpt lat="47.019649" lon="9.860278">
        <ele>2312.385974</ele>
        <time>2026-09-12T13:57:26.999Z</time>
      </trkpt>
      <trkpt lat="47.019645" lon="9.860283">
        <ele>2312.224052</ele>
        <time>2026-09-12T13:57:27.999Z</time>
      </trkpt>
      <trkpt lat="47.019640" lon="9.860289">
        <ele>2312.025016</ele>
        <time>2026-09-12T13:57:28.999Z</time>
      </trkpt>
      <trkpt lat="47.019633" lon="9.860296">
        <ele>2311.763992</ele>
        <time>2026-09-12T13:57:29.999Z</time>
      </trkpt>
      <trkpt lat="47.019627" lon="9.860303">
        <ele>2311.527786</ele>
        <time>2026-09-12T13:57:30.999Z</time>
      </trkpt>
      <trkpt lat="47.019620" lon="9.860309">
        <ele>2311.277989</ele>
        <time>2026-09-12T13:57:31.999Z</time>
      </trkpt>
      <trkpt lat="47.019613" lon="9.860313">
        <ele>2311.046529</ele>
        <time>2026-09-12T13:57:32.999Z</time>
      </trkpt>
      <trkpt lat="47.019607" lon="9.860311">
        <ele>2310.856953</ele>
        <time>2026-09-12T13:57:34.000Z</time>
      </trkpt>
      <trkpt lat="47.019603" lon="9.860303">
        <ele>2310.648565</ele>
        <time>2026-09-12T13:57:34.999Z</time>
      </trkpt>
      <trkpt lat="47.019601" lon="9.860292">
        <ele>2310.409435</ele>
        <time>2026-09-12T13:57:35.999Z</time>
      </trkpt>
      <trkpt lat="47.019599" lon="9.860284">
        <ele>2310.230453</ele>
        <time>2026-09-12T13:57:36.999Z</time>
      </trkpt>
      <trkpt lat="47.019597" lon="9.860278">
        <ele>2310.090166</ele>
        <time>2026-09-12T13:57:37.999Z</time>
      </trkpt>
      <trkpt lat="47.019596" lon="9.860275">
        <ele>2310.020022</ele>
        <time>2026-09-12T13:57:38.999Z</time>
      </trkpt>
      <trkpt lat="47.019594" lon="9.860274">
        <ele>2309.954919</ele>
        <time>2026-09-12T13:57:39.999Z</time>
      </trkpt>
      <trkpt lat="47.019593" lon="9.860274">
        <ele>2309.924109</ele>
        <time>2026-09-12T13:57:40.999Z</time>
      </trkpt>
      <trkpt lat="47.019592" lon="9.860274">
        <ele>2309.893299</ele>
        <time>2026-09-12T13:57:41.999Z</time>
      </trkpt>
      <trkpt lat="47.019591" lon="9.860274">
        <ele>2309.862488</ele>
        <time>2026-09-12T13:57:42.999Z</time>
      </trkpt>
      <trkpt lat="47.019589" lon="9.860273">
        <ele>2309.797386</ele>
        <time>2026-09-12T13:57:43.999Z</time>
      </trkpt>
      <trkpt lat="47.019587" lon="9.860270">
        <ele>2309.709250</ele>
        <time>2026-09-12T13:57:44.999Z</time>
      </trkpt>
      <trkpt lat="47.019585" lon="9.860264">
        <ele>2309.568962</ele>
        <time>2026-09-12T13:57:45.999Z</time>
      </trkpt>
      <trkpt lat="47.019583" lon="9.860256">
        <ele>2309.389981</ele>
        <time>2026-09-12T13:57:46.999Z</time>
      </trkpt>
      <trkpt lat="47.019582" lon="9.860247">
        <ele>2309.198442</ele>
        <time>2026-09-12T13:57:47.999Z</time>
      </trkpt>
      <trkpt lat="47.019582" lon="9.860242">
        <ele>2309.093417</ele>
        <time>2026-09-12T13:57:48.999Z</time>
      </trkpt>
      <trkpt lat="47.019581" lon="9.860243">
        <ele>2309.056128</ele>
        <time>2026-09-12T13:57:49.999Z</time>
      </trkpt>
      <trkpt lat="47.019580" lon="9.860246">
        <ele>2308.985984</ele>
        <time>2026-09-12T13:57:50.999Z</time>
      </trkpt>
      <trkpt lat="47.019579" lon="9.860249">
        <ele>2308.915840</ele>
        <time>2026-09-12T13:57:51.999Z</time>
      </trkpt>
      <trkpt lat="47.019577" lon="9.860251">
        <ele>2308.841262</ele>
        <time>2026-09-12T13:57:52.999Z</time>
      </trkpt>
      <trkpt lat="47.019575" lon="9.860252">
        <ele>2308.776160</ele>
        <time>2026-09-12T13:57:53.999Z</time>
      </trkpt>
      <trkpt lat="47.019572" lon="9.860251">
        <ele>2308.681372</ele>
        <time>2026-09-12T13:57:54.999Z</time>
      </trkpt>
      <trkpt lat="47.019569" lon="9.860249">
        <ele>2308.579842</ele>
        <time>2026-09-12T13:57:55.999Z</time>
      </trkpt>
      <trkpt lat="47.019566" lon="9.860248">
        <ele>2308.485054</ele>
        <time>2026-09-12T13:57:56.999Z</time>
      </trkpt>
      <trkpt lat="47.019564" lon="9.860249">
        <ele>2308.419951</ele>
        <time>2026-09-12T13:57:57.999Z</time>
      </trkpt>
      <trkpt lat="47.019560" lon="9.860253">
        <ele>2308.270794</ele>
        <time>2026-09-12T13:57:58.999Z</time>
      </trkpt>
      <trkpt lat="47.019555" lon="9.860258">
        <ele>2308.084348</ele>
        <time>2026-09-12T13:57:59.999Z</time>
      </trkpt>
      <trkpt lat="47.019552" lon="9.860263">
        <ele>2307.944442</ele>
        <time>2026-09-12T13:58:00.999Z</time>
      </trkpt>
      <trkpt lat="47.019549" lon="9.860267">
        <ele>2307.819531</ele>
        <time>2026-09-12T13:58:01.999Z</time>
      </trkpt>
      <trkpt lat="47.019547" lon="9.860271">
        <ele>2307.715336</ele>
        <time>2026-09-12T13:58:02.999Z</time>
      </trkpt>
      <trkpt lat="47.019543" lon="9.860275">
        <ele>2307.566179</ele>
        <time>2026-09-12T13:58:03.999Z</time>
      </trkpt>
      <trkpt lat="47.019539" lon="9.860277">
        <ele>2307.435974</ele>
        <time>2026-09-12T13:58:04.999Z</time>
      </trkpt>
      <trkpt lat="47.019535" lon="9.860274">
        <ele>2307.297557</ele>
        <time>2026-09-12T13:58:05.999Z</time>
      </trkpt>
      <trkpt lat="47.019531" lon="9.860267">
        <ele>2307.105704</ele>
        <time>2026-09-12T13:58:06.999Z</time>
      </trkpt>
      <trkpt lat="47.019529" lon="9.860258">
        <ele>2306.906870</ele>
        <time>2026-09-12T13:58:07.999Z</time>
      </trkpt>
      <trkpt lat="47.019527" lon="9.860251">
        <ele>2306.747445</ele>
        <time>2026-09-12T13:58:08.999Z</time>
      </trkpt>
      <trkpt lat="47.019525" lon="9.860249">
        <ele>2306.672866</ele>
        <time>2026-09-12T13:58:09.999Z</time>
      </trkpt>
      <trkpt lat="47.019522" lon="9.860247">
        <ele>2306.571336</ele>
        <time>2026-09-12T13:58:10.999Z</time>
      </trkpt>
      <trkpt lat="47.019515" lon="9.860246">
        <ele>2306.354643</ele>
        <time>2026-09-12T13:58:11.999Z</time>
      </trkpt>
      <trkpt lat="47.019509" lon="9.860246">
        <ele>2306.169781</ele>
        <time>2026-09-12T13:58:12.999Z</time>
      </trkpt>
      <trkpt lat="47.019502" lon="9.860245">
        <ele>2305.953087</ele>
        <time>2026-09-12T13:58:13.999Z</time>
      </trkpt>
      <trkpt lat="47.019498" lon="9.860242">
        <ele>2305.814670</ele>
        <time>2026-09-12T13:58:14.999Z</time>
      </trkpt>
      <trkpt lat="47.019495" lon="9.860241">
        <ele>2305.719882</ele>
        <time>2026-09-12T13:58:15.999Z</time>
      </trkpt>
      <trkpt lat="47.019495" lon="9.860244">
        <ele>2305.656867</ele>
        <time>2026-09-12T13:58:16.999Z</time>
      </trkpt>
      <trkpt lat="47.019494" lon="9.860248">
        <ele>2305.567376</ele>
        <time>2026-09-12T13:58:17.999Z</time>
      </trkpt>
      <trkpt lat="47.019495" lon="9.860255">
        <ele>2305.417148</ele>
        <time>2026-09-12T13:58:18.999Z</time>
      </trkpt>
      <trkpt lat="47.019498" lon="9.860264">
        <ele>2305.206717</ele>
        <time>2026-09-12T13:58:19.999Z</time>
      </trkpt>
      <trkpt lat="47.019503" lon="9.860275">
        <ele>2304.929015</ele>
        <time>2026-09-12T13:58:20.999Z</time>
      </trkpt>
      <trkpt lat="47.019510" lon="9.860287">
        <ele>2304.597279</ele>
        <time>2026-09-12T13:58:21.999Z</time>
      </trkpt>
      <trkpt lat="47.019517" lon="9.860298">
        <ele>2304.281208</ele>
        <time>2026-09-12T13:58:22.999Z</time>
      </trkpt>
      <trkpt lat="47.019521" lon="9.860305">
        <ele>2304.089354</ele>
        <time>2026-09-12T13:58:23.999Z</time>
      </trkpt>
      <trkpt lat="47.019522" lon="9.860308">
        <ele>2304.019211</ele>
        <time>2026-09-12T13:58:24.999Z</time>
      </trkpt>
      <trkpt lat="47.019519" lon="9.860308">
        <ele>2303.926779</ele>
        <time>2026-09-12T13:58:25.999Z</time>
      </trkpt>
      <trkpt lat="47.019514" lon="9.860309">
        <ele>2303.771302</ele>
        <time>2026-09-12T13:58:26.999Z</time>
      </trkpt>
      <trkpt lat="47.019508" lon="9.860311">
        <ele>2303.581726</ele>
        <time>2026-09-12T13:58:27.999Z</time>
      </trkpt>
      <trkpt lat="47.019504" lon="9.860313">
        <ele>2303.451521</ele>
        <time>2026-09-12T13:58:28.999Z</time>
      </trkpt>
      <trkpt lat="47.019499" lon="9.860313">
        <ele>2303.297469</ele>
        <time>2026-09-12T13:58:29.999Z</time>
      </trkpt>
      <trkpt lat="47.019493" lon="9.860310">
        <ele>2303.102162</ele>
        <time>2026-09-12T13:58:30.999Z</time>
      </trkpt>
      <trkpt lat="47.019485" lon="9.860304">
        <ele>2302.825327</ele>
        <time>2026-09-12T13:58:31.999Z</time>
      </trkpt>
      <trkpt lat="47.019477" lon="9.860297">
        <ele>2302.538320</ele>
        <time>2026-09-12T13:58:32.999Z</time>
      </trkpt>
      <trkpt lat="47.019468" lon="9.860290">
        <ele>2302.224455</ele>
        <time>2026-09-12T13:58:33.999Z</time>
      </trkpt>
      <trkpt lat="47.019459" lon="9.860284">
        <ele>2301.919865</ele>
        <time>2026-09-12T13:58:34.999Z</time>
      </trkpt>
      <trkpt lat="47.019451" lon="9.860280">
        <ele>2301.659455</ele>
        <time>2026-09-12T13:58:35.999Z</time>
      </trkpt>
      <trkpt lat="47.019442" lon="9.860276">
        <ele>2301.369712</ele>
        <time>2026-09-12T13:58:36.999Z</time>
      </trkpt>
      <trkpt lat="47.019434" lon="9.860272">
        <ele>2301.109302</ele>
        <time>2026-09-12T13:58:37.999Z</time>
      </trkpt>
      <trkpt lat="47.019426" lon="9.860270">
        <ele>2300.859265</ele>
        <time>2026-09-12T13:58:38.999Z</time>
      </trkpt>
      <trkpt lat="47.019418" lon="9.860267">
        <ele>2300.604854</ele>
        <time>2026-09-12T13:58:39.999Z</time>
      </trkpt>
      <trkpt lat="47.019411" lon="9.860264">
        <ele>2300.380164</ele>
        <time>2026-09-12T13:58:40.999Z</time>
      </trkpt>
      <trkpt lat="47.019404" lon="9.860259">
        <ele>2300.140279</ele>
        <time>2026-09-12T13:58:41.999Z</time>
      </trkpt>
      <trkpt lat="47.019398" lon="9.860253">
        <ele>2299.916543</ele>
        <time>2026-09-12T13:58:42.999Z</time>
      </trkpt>
      <trkpt lat="47.019393" lon="9.860248">
        <ele>2299.730096</ele>
        <time>2026-09-12T13:58:43.999Z</time>
      </trkpt>
      <trkpt lat="47.019388" lon="9.860242">
        <ele>2299.531060</ele>
        <time>2026-09-12T13:58:44.999Z</time>
      </trkpt>
      <trkpt lat="47.019382" lon="9.860234">
        <ele>2299.281237</ele>
        <time>2026-09-12T13:58:45.999Z</time>
      </trkpt>
      <trkpt lat="47.019374" lon="9.860224">
        <ele>2298.957393</ele>
        <time>2026-09-12T13:58:46.999Z</time>
      </trkpt>
      <trkpt lat="47.019364" lon="9.860212">
        <ele>2298.559319</ele>
        <time>2026-09-12T13:58:47.999Z</time>
      </trkpt>
      <trkpt lat="47.019353" lon="9.860199">
        <ele>2298.124086</ele>
        <time>2026-09-12T13:58:48.999Z</time>
      </trkpt>
      <trkpt lat="47.019342" lon="9.860187">
        <ele>2297.701715</ele>
        <time>2026-09-12T13:58:49.999Z</time>
      </trkpt>
      <trkpt lat="47.019330" lon="9.860179">
        <ele>2297.295595</ele>
        <time>2026-09-12T13:58:50.999Z</time>
      </trkpt>
      <trkpt lat="47.019317" lon="9.860175">
        <ele>2296.886342</ele>
        <time>2026-09-12T13:58:51.999Z</time>
      </trkpt>
      <trkpt lat="47.019304" lon="9.860172">
        <ele>2296.480880</ele>
        <time>2026-09-12T13:58:52.999Z</time>
      </trkpt>
      <trkpt lat="47.019291" lon="9.860167">
        <ele>2296.066804</ele>
        <time>2026-09-12T13:58:53.999Z</time>
      </trkpt>
      <trkpt lat="47.019280" lon="9.860158">
        <ele>2295.678731</ele>
        <time>2026-09-12T13:58:54.999Z</time>
      </trkpt>
      <trkpt lat="47.019270" lon="9.860146">
        <ele>2295.280657</ele>
        <time>2026-09-12T13:58:55.999Z</time>
      </trkpt>
      <trkpt lat="47.019262" lon="9.860137">
        <ele>2294.970025</ele>
        <time>2026-09-12T13:58:56.999Z</time>
      </trkpt>
      <trkpt lat="47.019256" lon="9.860135">
        <ele>2294.780450</ele>
        <time>2026-09-12T13:58:57.999Z</time>
      </trkpt>
      <trkpt lat="47.019248" lon="9.860138">
        <ele>2294.526039</ele>
        <time>2026-09-12T13:58:58.999Z</time>
      </trkpt>
      <trkpt lat="47.019238" lon="9.860141">
        <ele>2294.211557</ele>
        <time>2026-09-12T13:58:59.999Z</time>
      </trkpt>
      <trkpt lat="47.019225" lon="9.860141">
        <ele>2293.811022</ele>
        <time>2026-09-12T13:59:00.999Z</time>
      </trkpt>
      <trkpt lat="47.019212" lon="9.860138">
        <ele>2293.405560</ele>
        <time>2026-09-12T13:59:01.999Z</time>
      </trkpt>
      <trkpt lat="47.019200" lon="9.860130">
        <ele>2292.999439</ele>
        <time>2026-09-12T13:59:02.999Z</time>
      </trkpt>
      <trkpt lat="47.019189" lon="9.860121">
        <ele>2292.611365</ele>
        <time>2026-09-12T13:59:03.999Z</time>
      </trkpt>
      <trkpt lat="47.019181" lon="9.860112">
        <ele>2292.300733</ele>
        <time>2026-09-12T13:59:04.999Z</time>
      </trkpt>
      <trkpt lat="47.019175" lon="9.860104">
        <ele>2292.050910</ele>
        <time>2026-09-12T13:59:05.999Z</time>
      </trkpt>
      <trkpt lat="47.019169" lon="9.860097">
        <ele>2291.814703</ele>
        <time>2026-09-12T13:59:07.000Z</time>
      </trkpt>
      <trkpt lat="47.019165" lon="9.860091">
        <ele>2291.638430</ele>
        <time>2026-09-12T13:59:08.000Z</time>
      </trkpt>
      <trkpt lat="47.019162" lon="9.860088">
        <ele>2291.526562</ele>
        <time>2026-09-12T13:59:09.000Z</time>
      </trkpt>
      <trkpt lat="47.019158" lon="9.860087">
        <ele>2291.401543</ele>
        <time>2026-09-12T13:59:10.000Z</time>
      </trkpt>
      <trkpt lat="47.019152" lon="9.860085">
        <ele>2291.211967</ele>
        <time>2026-09-12T13:59:11.000Z</time>
      </trkpt>
      <trkpt lat="47.019143" lon="9.860079">
        <ele>2290.907377</ele>
        <time>2026-09-12T13:59:12.000Z</time>
      </trkpt>
      <trkpt lat="47.019132" lon="9.860070">
        <ele>2290.519303</ele>
        <time>2026-09-12T13:59:13.000Z</time>
      </trkpt>
      <trkpt lat="47.019121" lon="9.860062">
        <ele>2290.141016</ele>
        <time>2026-09-12T13:59:14.000Z</time>
      </trkpt>
      <trkpt lat="47.019113" lon="9.860055">
        <ele>2289.854009</ele>
        <time>2026-09-12T13:59:15.000Z</time>
      </trkpt>
      <trkpt lat="47.019106" lon="9.860050">
        <ele>2289.614123</ele>
        <time>2026-09-12T13:59:16.000Z</time>
      </trkpt>
      <trkpt lat="47.019100" lon="9.860047">
        <ele>2289.418815</ele>
        <time>2026-09-12T13:59:17.000Z</time>
      </trkpt>
      <trkpt lat="47.019093" lon="9.860046">
        <ele>2289.202122</ele>
        <time>2026-09-12T13:59:18.000Z</time>
      </trkpt>
      <trkpt lat="47.019085" lon="9.860045">
        <ele>2288.954746</ele>
        <time>2026-09-12T13:59:19.000Z</time>
      </trkpt>
      <trkpt lat="47.019078" lon="9.860045">
        <ele>2288.739073</ele>
        <time>2026-09-12T13:59:20.000Z</time>
      </trkpt>
      <trkpt lat="47.019073" lon="9.860047">
        <ele>2288.579396</ele>
        <time>2026-09-12T13:59:21.000Z</time>
      </trkpt>
      <trkpt lat="47.019069" lon="9.860049">
        <ele>2288.449191</ele>
        <time>2026-09-12T13:59:22.000Z</time>
      </trkpt>
      <trkpt lat="47.019065" lon="9.860052">
        <ele>2288.310773</ele>
        <time>2026-09-12T13:59:23.000Z</time>
      </trkpt>
      <trkpt lat="47.019061" lon="9.860055">
        <ele>2288.172355</ele>
        <time>2026-09-12T13:59:24.000Z</time>
      </trkpt>
      <trkpt lat="47.019057" lon="9.860059">
        <ele>2288.023198</ele>
        <time>2026-09-12T13:59:25.000Z</time>
      </trkpt>
      <trkpt lat="47.019054" lon="9.860062">
        <ele>2287.911330</ele>
        <time>2026-09-12T13:59:26.000Z</time>
      </trkpt>
      <trkpt lat="47.019048" lon="9.860065">
        <ele>2287.716022</ele>
        <time>2026-09-12T13:59:27.000Z</time>
      </trkpt>
      <trkpt lat="47.019040" lon="9.860065">
        <ele>2287.469539</ele>
        <time>2026-09-12T13:59:28.000Z</time>
      </trkpt>
      <trkpt lat="47.019034" lon="9.860064">
        <ele>2287.283487</ele>
        <time>2026-09-12T13:59:29.000Z</time>
      </trkpt>
      <trkpt lat="47.019030" lon="9.860064">
        <ele>2287.160246</ele>
        <time>2026-09-12T13:59:30.000Z</time>
      </trkpt>
      <trkpt lat="47.019030" lon="9.860066">
        <ele>2287.118235</ele>
        <time>2026-09-12T13:59:31.000Z</time>
      </trkpt>
      <trkpt lat="47.019032" lon="9.860071">
        <ele>2286.996467</ele>
        <time>2026-09-12T13:59:32.000Z</time>
      </trkpt>
      <trkpt lat="47.019035" lon="9.860082">
        <ele>2286.747608</ele>
        <time>2026-09-12T13:59:33.000Z</time>
      </trkpt>
      <trkpt lat="47.019040" lon="9.860099">
        <ele>2286.358708</ele>
        <time>2026-09-12T13:59:34.000Z</time>
      </trkpt>
      <trkpt lat="47.019044" lon="9.860117">
        <ele>2285.961036</ele>
        <time>2026-09-12T13:59:35.000Z</time>
      </trkpt>
      <trkpt lat="47.019044" lon="9.860136">
        <ele>2285.561938</ele>
        <time>2026-09-12T13:59:36.000Z</time>
      </trkpt>
      <trkpt lat="47.019043" lon="9.860155">
        <ele>2285.161653</ele>
        <time>2026-09-12T13:59:37.000Z</time>
      </trkpt>
      <trkpt lat="47.019041" lon="9.860172">
        <ele>2284.799288</ele>
        <time>2026-09-12T13:59:38.000Z</time>
      </trkpt>
      <trkpt lat="47.019041" lon="9.860189">
        <ele>2284.442200</ele>
        <time>2026-09-12T13:59:39.000Z</time>
      </trkpt>
      <trkpt lat="47.019045" lon="9.860205">
        <ele>2284.084234</ele>
        <time>2026-09-12T13:59:40.000Z</time>
      </trkpt>
      <trkpt lat="47.019051" lon="9.860219">
        <ele>2283.736883</ele>
        <time>2026-09-12T13:59:41.000Z</time>
      </trkpt>
      <trkpt lat="47.019059" lon="9.860231">
        <ele>2283.384337</ele>
        <time>2026-09-12T13:59:42.000Z</time>
      </trkpt>
      <trkpt lat="47.019067" lon="9.860241">
        <ele>2283.060492</ele>
        <time>2026-09-12T13:59:43.000Z</time>
      </trkpt>
      <trkpt lat="47.019074" lon="9.860251">
        <ele>2282.759433</ele>
        <time>2026-09-12T13:59:44.000Z</time>
      </trkpt>
      <trkpt lat="47.019079" lon="9.860261">
        <ele>2282.498946</ele>
        <time>2026-09-12T13:59:45.000Z</time>
      </trkpt>
      <trkpt lat="47.019083" lon="9.860272">
        <ele>2282.237077</ele>
        <time>2026-09-12T13:59:46.000Z</time>
      </trkpt>
      <trkpt lat="47.019086" lon="9.860283">
        <ele>2281.988218</ele>
        <time>2026-09-12T13:59:47.000Z</time>
      </trkpt>
      <trkpt lat="47.019088" lon="9.860293">
        <ele>2281.769315</ele>
        <time>2026-09-12T13:59:48.000Z</time>
      </trkpt>
      <trkpt lat="47.019089" lon="9.860305">
        <ele>2281.515377</ele>
        <time>2026-09-12T13:59:49.000Z</time>
      </trkpt>
      <trkpt lat="47.019089" lon="9.860313">
        <ele>2281.347336</ele>
        <time>2026-09-12T13:59:50.000Z</time>
      </trkpt>
      <trkpt lat="47.019086" lon="9.860312">
        <ele>2281.252548</ele>
        <time>2026-09-12T13:59:51.000Z</time>
      </trkpt>
      <trkpt lat="47.019084" lon="9.860307">
        <ele>2281.130780</ele>
        <time>2026-09-12T13:59:52.000Z</time>
      </trkpt>
      <trkpt lat="47.019083" lon="9.860304">
        <ele>2281.060636</ele>
        <time>2026-09-12T13:59:53.000Z</time>
      </trkpt>
      <trkpt lat="47.019083" lon="9.860306">
        <ele>2281.018625</ele>
        <time>2026-09-12T13:59:54.000Z</time>
      </trkpt>
      <trkpt lat="47.019083" lon="9.860310">
        <ele>2280.934605</ele>
        <time>2026-09-12T13:59:55.000Z</time>
      </trkpt>
      <trkpt lat="47.019083" lon="9.860316">
        <ele>2280.808574</ele>
        <time>2026-09-12T13:59:56.000Z</time>
      </trkpt>
      <trkpt lat="47.019083" lon="9.860324">
        <ele>2280.640533</ele>
        <time>2026-09-12T13:59:57.000Z</time>
      </trkpt>
      <trkpt lat="47.019082" lon="9.860333">
        <ele>2280.448993</ele>
        <time>2026-09-12T13:59:58.000Z</time>
      </trkpt>
      <trkpt lat="47.019082" lon="9.860345">
        <ele>2280.196931</ele>
        <time>2026-09-12T13:59:59.000Z</time>
      </trkpt>
      <trkpt lat="47.019082" lon="9.860357">
        <ele>2279.944869</ele>
        <time>2026-09-12T14:00:00.000Z</time>
      </trkpt>
      <trkpt lat="47.019082" lon="9.860369">
        <ele>2279.692808</ele>
        <time>2026-09-12T14:00:01.000Z</time>
      </trkpt>
      <trkpt lat="47.019079" lon="9.860378">
        <ele>2279.482375</ele>
        <time>2026-09-12T14:00:02.000Z</time>
      </trkpt>
      <trkpt lat="47.019075" lon="9.860381">
        <ele>2279.343957</ele>
        <time>2026-09-12T14:00:03.000Z</time>
      </trkpt>
      <trkpt lat="47.019069" lon="9.860378">
        <ele>2279.148650</ele>
        <time>2026-09-12T14:00:04.000Z</time>
      </trkpt>
      <trkpt lat="47.019065" lon="9.860375">
        <ele>2279.010232</ele>
        <time>2026-09-12T14:00:05.000Z</time>
      </trkpt>
      <trkpt lat="47.019063" lon="9.860373">
        <ele>2278.935653</ele>
        <time>2026-09-12T14:00:06.000Z</time>
      </trkpt>
      <trkpt lat="47.019062" lon="9.860372">
        <ele>2278.898364</ele>
        <time>2026-09-12T14:00:07.000Z</time>
      </trkpt>
      <trkpt lat="47.019061" lon="9.860372">
        <ele>2278.867554</ele>
        <time>2026-09-12T14:00:08.000Z</time>
      </trkpt>
      <trkpt lat="47.019059" lon="9.860374">
        <ele>2278.792975</ele>
        <time>2026-09-12T14:00:09.000Z</time>
      </trkpt>
      <trkpt lat="47.019056" lon="9.860375">
        <ele>2278.698187</ele>
        <time>2026-09-12T14:00:10.000Z</time>
      </trkpt>
      <trkpt lat="47.019053" lon="9.860375">
        <ele>2278.605756</ele>
        <time>2026-09-12T14:00:11.000Z</time>
      </trkpt>
      <trkpt lat="47.019049" lon="9.860372">
        <ele>2278.467338</ele>
        <time>2026-09-12T14:00:12.000Z</time>
      </trkpt>
      <trkpt lat="47.019045" lon="9.860366">
        <ele>2278.291065</ele>
        <time>2026-09-12T14:00:13.000Z</time>
      </trkpt>
      <trkpt lat="47.019041" lon="9.860356">
        <ele>2278.047528</ele>
        <time>2026-09-12T14:00:14.000Z</time>
      </trkpt>
      <trkpt lat="47.019039" lon="9.860345">
        <ele>2277.808396</ele>
        <time>2026-09-12T14:00:15.000Z</time>
      </trkpt>
      <trkpt lat="47.019038" lon="9.860335">
        <ele>2277.596097</ele>
        <time>2026-09-12T14:00:16.000Z</time>
      </trkpt>
      <trkpt lat="47.019039" lon="9.860326">
        <ele>2277.404556</ele>
        <time>2026-09-12T14:00:17.000Z</time>
      </trkpt>
      <trkpt lat="47.019042" lon="9.860318">
        <ele>2277.212772</ele>
        <time>2026-09-12T14:00:18.000Z</time>
      </trkpt>
      <trkpt lat="47.019044" lon="9.860312">
        <ele>2277.072483</ele>
        <time>2026-09-12T14:00:19.000Z</time>
      </trkpt>
      <trkpt lat="47.019045" lon="9.860312">
        <ele>2277.041673</ele>
        <time>2026-09-12T14:00:20.000Z</time>
      </trkpt>
      <trkpt lat="47.019043" lon="9.860316">
        <ele>2276.937478</ele>
        <time>2026-09-12T14:00:21.000Z</time>
      </trkpt>
      <trkpt lat="47.019040" lon="9.860321">
        <ele>2276.797571</ele>
        <time>2026-09-12T14:00:22.000Z</time>
      </trkpt>
      <trkpt lat="47.019037" lon="9.860325">
        <ele>2276.672659</ele>
        <time>2026-09-12T14:00:23.000Z</time>
      </trkpt>
      <trkpt lat="47.019033" lon="9.860327">
        <ele>2276.542454</ele>
        <time>2026-09-12T14:00:24.000Z</time>
      </trkpt>
      <trkpt lat="47.019028" lon="9.860327">
        <ele>2276.388402</ele>
        <time>2026-09-12T14:00:25.000Z</time>
      </trkpt>
      <trkpt lat="47.019021" lon="9.860326">
        <ele>2276.171709</ele>
        <time>2026-09-12T14:00:26.000Z</time>
      </trkpt>
      <trkpt lat="47.019014" lon="9.860324">
        <ele>2275.951982</ele>
        <time>2026-09-12T14:00:27.000Z</time>
      </trkpt>
      <trkpt lat="47.019008" lon="9.860319">
        <ele>2275.739369</ele>
        <time>2026-09-12T14:00:28.000Z</time>
      </trkpt>
      <trkpt lat="47.019002" lon="9.860312">
        <ele>2275.503162</ele>
        <time>2026-09-12T14:00:29.000Z</time>
      </trkpt>
      <trkpt lat="47.018996" lon="9.860305">
        <ele>2275.266955</ele>
        <time>2026-09-12T14:00:30.000Z</time>
      </trkpt>
      <trkpt lat="47.018990" lon="9.860298">
        <ele>2275.030748</ele>
        <time>2026-09-12T14:00:31.000Z</time>
      </trkpt>
      <trkpt lat="47.018982" lon="9.860291">
        <ele>2274.743740</ele>
        <time>2026-09-12T14:00:32.000Z</time>
      </trkpt>
      <trkpt lat="47.018975" lon="9.860285">
        <ele>2274.493943</ele>
        <time>2026-09-12T14:00:33.000Z</time>
      </trkpt>
      <trkpt lat="47.018968" lon="9.860279">
        <ele>2274.244146</ele>
        <time>2026-09-12T14:00:34.000Z</time>
      </trkpt>
      <trkpt lat="47.018961" lon="9.860272">
        <ele>2273.983120</ele>
        <time>2026-09-12T14:00:35.000Z</time>
      </trkpt>
      <trkpt lat="47.018955" lon="9.860265">
        <ele>2273.746913</ele>
        <time>2026-09-12T14:00:36.000Z</time>
      </trkpt>
      <trkpt lat="47.018952" lon="9.860263">
        <ele>2273.645383</ele>
        <time>2026-09-12T14:00:37.000Z</time>
      </trkpt>
      <trkpt lat="47.018950" lon="9.860264">
        <ele>2273.580280</ele>
        <time>2026-09-12T14:00:38.000Z</time>
      </trkpt>
      <trkpt lat="47.018946" lon="9.860263">
        <ele>2273.455262</ele>
        <time>2026-09-12T14:00:39.000Z</time>
      </trkpt>
      <trkpt lat="47.018938" lon="9.860255">
        <ele>2273.156946</ele>
        <time>2026-09-12T14:00:40.000Z</time>
      </trkpt>
      <trkpt lat="47.018929" lon="9.860241">
        <ele>2272.752755</ele>
        <time>2026-09-12T14:00:41.000Z</time>
      </trkpt>
      <trkpt lat="47.018920" lon="9.860225">
        <ele>2272.317045</ele>
        <time>2026-09-12T14:00:42.000Z</time>
      </trkpt>
      <trkpt lat="47.018912" lon="9.860210">
        <ele>2271.917010</ele>
        <time>2026-09-12T14:00:43.000Z</time>
      </trkpt>
      <trkpt lat="47.018904" lon="9.860196">
        <ele>2271.533301</ele>
        <time>2026-09-12T14:00:44.000Z</time>
      </trkpt>
      <trkpt lat="47.018896" lon="9.860182">
        <ele>2271.149591</ele>
        <time>2026-09-12T14:00:45.000Z</time>
      </trkpt>
      <trkpt lat="47.018891" lon="9.860166">
        <ele>2270.779883</ele>
        <time>2026-09-12T14:00:46.000Z</time>
      </trkpt>
      <trkpt lat="47.018887" lon="9.860150">
        <ele>2270.421916</ele>
        <time>2026-09-12T14:00:47.000Z</time>
      </trkpt>
      <trkpt lat="47.018883" lon="9.860133">
        <ele>2270.044159</ele>
        <time>2026-09-12T14:00:48.000Z</time>
      </trkpt>
      <trkpt lat="47.018878" lon="9.860116">
        <ele>2269.655257</ele>
        <time>2026-09-12T14:00:49.000Z</time>
      </trkpt>
      <trkpt lat="47.018876" lon="9.860100">
        <ele>2269.313571</ele>
        <time>2026-09-12T14:00:50.000Z</time>
      </trkpt>
      <trkpt lat="47.018876" lon="9.860093">
        <ele>2269.166535</ele>
        <time>2026-09-12T14:00:51.000Z</time>
      </trkpt>
      <trkpt lat="47.018874" lon="9.860093">
        <ele>2269.104914</ele>
        <time>2026-09-12T14:00:52.000Z</time>
      </trkpt>
      <trkpt lat="47.018868" lon="9.860091">
        <ele>2268.915338</ele>
        <time>2026-09-12T14:00:53.000Z</time>
      </trkpt>
      <trkpt lat="47.018858" lon="9.860083">
        <ele>2268.564388</ele>
        <time>2026-09-12T14:00:54.000Z</time>
      </trkpt>
      <trkpt lat="47.018848" lon="9.860069">
        <ele>2268.138469</ele>
        <time>2026-09-12T14:00:55.000Z</time>
      </trkpt>
      <trkpt lat="47.018842" lon="9.860054">
        <ele>2267.773163</ele>
        <time>2026-09-12T14:00:56.000Z</time>
      </trkpt>
      <trkpt lat="47.018838" lon="9.860040">
        <ele>2267.454310</ele>
        <time>2026-09-12T14:00:57.000Z</time>
      </trkpt>
      <trkpt lat="47.018834" lon="9.860028">
        <ele>2267.173731</ele>
        <time>2026-09-12T14:00:58.000Z</time>
      </trkpt>
      <trkpt lat="47.018830" lon="9.860017">
        <ele>2266.911861</ele>
        <time>2026-09-12T14:00:59.000Z</time>
      </trkpt>
      <trkpt lat="47.018825" lon="9.860008">
        <ele>2266.667995</ele>
        <time>2026-09-12T14:01:00.000Z</time>
      </trkpt>
      <trkpt lat="47.018818" lon="9.859995">
        <ele>2266.320028</ele>
        <time>2026-09-12T14:01:01.000Z</time>
      </trkpt>
      <trkpt lat="47.018809" lon="9.859979">
        <ele>2265.884317</ele>
        <time>2026-09-12T14:01:02.000Z</time>
      </trkpt>
      <trkpt lat="47.018802" lon="9.859962">
        <ele>2265.467151</ele>
        <time>2026-09-12T14:01:03.000Z</time>
      </trkpt>
      <trkpt lat="47.018796" lon="9.859949">
        <ele>2265.137393</ele>
        <time>2026-09-12T14:01:04.000Z</time>
      </trkpt>
      <trkpt lat="47.018792" lon="9.859939">
        <ele>2264.893856</ele>
        <time>2026-09-12T14:01:05.000Z</time>
      </trkpt>
      <trkpt lat="47.018786" lon="9.859928">
        <ele>2264.597947</ele>
        <time>2026-09-12T14:01:06.000Z</time>
      </trkpt>
      <trkpt lat="47.018780" lon="9.859916">
        <ele>2264.271681</ele>
        <time>2026-09-12T14:01:07.000Z</time>
      </trkpt>
      <trkpt lat="47.018771" lon="9.859907">
        <ele>2263.914116</ele>
        <time>2026-09-12T14:01:08.000Z</time>
      </trkpt>
      <trkpt lat="47.018761" lon="9.859898">
        <ele>2263.528983</ele>
        <time>2026-09-12T14:01:09.000Z</time>
      </trkpt>
      <trkpt lat="47.018750" lon="9.859891">
        <ele>2263.135374</ele>
        <time>2026-09-12T14:01:10.000Z</time>
      </trkpt>
      <trkpt lat="47.018738" lon="9.859885">
        <ele>2262.719198</ele>
        <time>2026-09-12T14:01:11.000Z</time>
      </trkpt>
      <trkpt lat="47.018728" lon="9.859877">
        <ele>2262.345283</ele>
        <time>2026-09-12T14:01:12.000Z</time>
      </trkpt>
      <trkpt lat="47.018717" lon="9.859866">
        <ele>2261.908259</ele>
        <time>2026-09-12T14:01:13.000Z</time>
      </trkpt>
      <trkpt lat="47.018708" lon="9.859853">
        <ele>2261.493617</ele>
        <time>2026-09-12T14:01:14.000Z</time>
      </trkpt>
      <trkpt lat="47.018701" lon="9.859838">
        <ele>2261.086808</ele>
        <time>2026-09-12T14:01:15.000Z</time>
      </trkpt>
      <trkpt lat="47.018694" lon="9.859822">
        <ele>2260.661344</ele>
        <time>2026-09-12T14:01:16.000Z</time>
      </trkpt>
      <trkpt lat="47.018687" lon="9.859808">
        <ele>2260.272797</ele>
        <time>2026-09-12T14:01:17.000Z</time>
      </trkpt>
      <trkpt lat="47.018680" lon="9.859792">
        <ele>2259.847332</ele>
        <time>2026-09-12T14:01:18.000Z</time>
      </trkpt>
      <trkpt lat="47.018672" lon="9.859777">
        <ele>2259.421120</ele>
        <time>2026-09-12T14:01:19.000Z</time>
      </trkpt>
      <trkpt lat="47.018664" lon="9.859764">
        <ele>2259.029189</ele>
        <time>2026-09-12T14:01:20.000Z</time>
      </trkpt>
      <trkpt lat="47.018656" lon="9.859754">
        <ele>2258.684153</ele>
        <time>2026-09-12T14:01:21.000Z</time>
      </trkpt>
      <trkpt lat="47.018648" lon="9.859745">
        <ele>2258.353193</ele>
        <time>2026-09-12T14:01:22.000Z</time>
      </trkpt>
      <trkpt lat="47.018641" lon="9.859736">
        <ele>2258.047627</ele>
        <time>2026-09-12T14:01:23.000Z</time>
      </trkpt>
      <trkpt lat="47.018633" lon="9.859730">
        <ele>2257.752677</ele>
        <time>2026-09-12T14:01:24.000Z</time>
      </trkpt>
      <trkpt lat="47.018623" lon="9.859724">
        <ele>2257.398010</ele>
        <time>2026-09-12T14:01:25.000Z</time>
      </trkpt>
      <trkpt lat="47.018611" lon="9.859719">
        <ele>2256.988507</ele>
        <time>2026-09-12T14:01:26.000Z</time>
      </trkpt>
      <trkpt lat="47.018598" lon="9.859717">
        <ele>2256.559422</ele>
        <time>2026-09-12T14:01:27.000Z</time>
      </trkpt>
      <trkpt lat="47.018586" lon="9.859716">
        <ele>2256.164869</ele>
        <time>2026-09-12T14:01:28.000Z</time>
      </trkpt>
      <trkpt lat="47.018575" lon="9.859715">
        <ele>2255.803085</ele>
        <time>2026-09-12T14:01:29.000Z</time>
      </trkpt>
      <trkpt lat="47.018566" lon="9.859714">
        <ele>2255.506800</ele>
        <time>2026-09-12T14:01:30.000Z</time>
      </trkpt>
      <trkpt lat="47.018557" lon="9.859714">
        <ele>2255.211362</ele>
        <time>2026-09-12T14:01:31.000Z</time>
      </trkpt>
      <trkpt lat="47.018548" lon="9.859715">
        <ele>2254.915077</ele>
        <time>2026-09-12T14:01:32.000Z</time>
      </trkpt>
      <trkpt lat="47.018540" lon="9.859714">
        <ele>2254.651514</ele>
        <time>2026-09-12T14:01:33.000Z</time>
      </trkpt>
      <trkpt lat="47.018533" lon="9.859713">
        <ele>2254.420641</ele>
        <time>2026-09-12T14:01:34.000Z</time>
      </trkpt>
      <trkpt lat="47.018524" lon="9.859711">
        <ele>2254.121831</ele>
        <time>2026-09-12T14:01:35.000Z</time>
      </trkpt>
      <trkpt lat="47.018514" lon="9.859706">
        <ele>2253.775018</ele>
        <time>2026-09-12T14:01:36.000Z</time>
      </trkpt>
      <trkpt lat="47.018502" lon="9.859698">
        <ele>2253.342322</ele>
        <time>2026-09-12T14:01:37.000Z</time>
      </trkpt>
      <trkpt lat="47.018489" lon="9.859690">
        <ele>2252.879542</ele>
        <time>2026-09-12T14:01:38.000Z</time>
      </trkpt>
      <trkpt lat="47.018476" lon="9.859682">
        <ele>2252.416762</ele>
        <time>2026-09-12T14:01:39.000Z</time>
      </trkpt>
      <trkpt lat="47.018464" lon="9.859675">
        <ele>2251.992836</ele>
        <time>2026-09-12T14:01:40.000Z</time>
      </trkpt>
      <trkpt lat="47.018452" lon="9.859669">
        <ele>2251.576660</ele>
        <time>2026-09-12T14:01:41.000Z</time>
      </trkpt>
      <trkpt lat="47.018442" lon="9.859664">
        <ele>2251.229847</ele>
        <time>2026-09-12T14:01:42.000Z</time>
      </trkpt>
      <trkpt lat="47.018436" lon="9.859659">
        <ele>2251.003321</ele>
        <time>2026-09-12T14:01:43.000Z</time>
      </trkpt>
      <trkpt lat="47.018434" lon="9.859656">
        <ele>2250.909416</ele>
        <time>2026-09-12T14:01:44.000Z</time>
      </trkpt>
      <trkpt lat="47.018433" lon="9.859656">
        <ele>2250.876590</ele>
        <time>2026-09-12T14:01:45.000Z</time>
      </trkpt>
      <trkpt lat="47.018430" lon="9.859656">
        <ele>2250.778110</ele>
        <time>2026-09-12T14:01:46.000Z</time>
      </trkpt>
      <trkpt lat="47.018423" lon="9.859658">
        <ele>2250.544006</ele>
        <time>2026-09-12T14:01:47.000Z</time>
      </trkpt>
      <trkpt lat="47.018413" lon="9.859659">
        <ele>2250.214980</ele>
        <time>2026-09-12T14:01:48.000Z</time>
      </trkpt>
      <trkpt lat="47.018403" lon="9.859655">
        <ele>2249.874727</ele>
        <time>2026-09-12T14:01:49.000Z</time>
      </trkpt>
      <trkpt lat="47.018394" lon="9.859646">
        <ele>2249.517161</ele>
        <time>2026-09-12T14:01:50.000Z</time>
      </trkpt>
      <trkpt lat="47.018385" lon="9.859634">
        <ele>2249.117903</ele>
        <time>2026-09-12T14:01:51.000Z</time>
      </trkpt>
      <trkpt lat="47.018376" lon="9.859623">
        <ele>2248.733341</ele>
        <time>2026-09-12T14:01:52.000Z</time>
      </trkpt>
      <trkpt lat="47.018368" lon="9.859613">
        <ele>2248.388303</ele>
        <time>2026-09-12T14:01:53.000Z</time>
      </trkpt>
      <trkpt lat="47.018361" lon="9.859605">
        <ele>2248.097002</ele>
        <time>2026-09-12T14:01:54.000Z</time>
      </trkpt>
      <trkpt lat="47.018356" lon="9.859598">
        <ele>2247.870106</ele>
        <time>2026-09-12T14:01:55.000Z</time>
      </trkpt>
      <trkpt lat="47.018350" lon="9.859590">
        <ele>2247.603934</ele>
        <time>2026-09-12T14:01:56.000Z</time>
      </trkpt>
      <trkpt lat="47.018346" lon="9.859581">
        <ele>2247.363495</ele>
        <time>2026-09-12T14:01:57.000Z</time>
      </trkpt>
      <trkpt lat="47.018341" lon="9.859572">
        <ele>2247.103670</ele>
        <time>2026-09-12T14:01:58.000Z</time>
      </trkpt>
      <trkpt lat="47.018335" lon="9.859565">
        <ele>2246.852005</ele>
        <time>2026-09-12T14:01:59.000Z</time>
      </trkpt>
      <trkpt lat="47.018328" lon="9.859559">
        <ele>2246.585862</ele>
        <time>2026-09-12T14:02:00.000Z</time>
      </trkpt>
      <trkpt lat="47.018318" lon="9.859554">
        <ele>2246.239049</ele>
        <time>2026-09-12T14:02:01.000Z</time>
      </trkpt>
      <trkpt lat="47.018309" lon="9.859550">
        <ele>2245.930346</ele>
        <time>2026-09-12T14:02:02.000Z</time>
      </trkpt>
      <trkpt lat="47.018300" lon="9.859547">
        <ele>2245.627375</ele>
        <time>2026-09-12T14:02:03.000Z</time>
      </trkpt>
      <trkpt lat="47.018292" lon="9.859545">
        <ele>2245.360976</ele>
        <time>2026-09-12T14:02:04.000Z</time>
      </trkpt>
      <trkpt lat="47.018285" lon="9.859545">
        <ele>2245.131190</ele>
        <time>2026-09-12T14:02:05.000Z</time>
      </trkpt>
      <trkpt lat="47.018279" lon="9.859545">
        <ele>2244.934231</ele>
        <time>2026-09-12T14:02:06.000Z</time>
      </trkpt>
      <trkpt lat="47.018275" lon="9.859544">
        <ele>2244.801032</ele>
        <time>2026-09-12T14:02:07.000Z</time>
      </trkpt>
      <trkpt lat="47.018271" lon="9.859544">
        <ele>2244.669726</ele>
        <time>2026-09-12T14:02:08.000Z</time>
      </trkpt>
      <trkpt lat="47.018267" lon="9.859546">
        <ele>2244.531001</ele>
        <time>2026-09-12T14:02:09.000Z</time>
      </trkpt>
      <trkpt lat="47.018262" lon="9.859549">
        <ele>2244.353667</ele>
        <time>2026-09-12T14:02:10.000Z</time>
      </trkpt>
      <trkpt lat="47.018256" lon="9.859554">
        <ele>2244.127140</ele>
        <time>2026-09-12T14:02:11.000Z</time>
      </trkpt>
      <trkpt lat="47.018250" lon="9.859560">
        <ele>2243.888763</ele>
        <time>2026-09-12T14:02:12.000Z</time>
      </trkpt>
      <trkpt lat="47.018246" lon="9.859567">
        <ele>2243.684353</ele>
        <time>2026-09-12T14:02:13.000Z</time>
      </trkpt>
      <trkpt lat="47.018243" lon="9.859572">
        <ele>2243.535290</ele>
        <time>2026-09-12T14:02:14.000Z</time>
      </trkpt>
      <trkpt lat="47.018240" lon="9.859576">
        <ele>2243.402203</ele>
        <time>2026-09-12T14:02:15.000Z</time>
      </trkpt>
      <trkpt lat="47.018235" lon="9.859581">
        <ele>2243.203556</ele>
        <time>2026-09-12T14:02:16.000Z</time>
      </trkpt>
      <trkpt lat="47.018229" lon="9.859584">
        <ele>2242.995468</ele>
        <time>2026-09-12T14:02:17.000Z</time>
      </trkpt>
      <trkpt lat="47.018223" lon="9.859585">
        <ele>2242.797241</ele>
        <time>2026-09-12T14:02:18.000Z</time>
      </trkpt>
      <trkpt lat="47.018219" lon="9.859584">
        <ele>2242.664042</ele>
        <time>2026-09-12T14:02:19.000Z</time>
      </trkpt>
      <trkpt lat="47.018215" lon="9.859584">
        <ele>2242.532736</ele>
        <time>2026-09-12T14:02:20.000Z</time>
      </trkpt>
      <trkpt lat="47.018213" lon="9.859586">
        <ele>2242.453277</ele>
        <time>2026-09-12T14:02:21.000Z</time>
      </trkpt>
      <trkpt lat="47.018211" lon="9.859588">
        <ele>2242.373818</ele>
        <time>2026-09-12T14:02:22.000Z</time>
      </trkpt>
      <trkpt lat="47.018212" lon="9.859590">
        <ele>2242.318311</ele>
        <time>2026-09-12T14:02:23.000Z</time>
      </trkpt>
      <trkpt lat="47.018213" lon="9.859592">
        <ele>2242.262804</ele>
        <time>2026-09-12T14:02:24.000Z</time>
      </trkpt>
      <trkpt lat="47.018214" lon="9.859596">
        <ele>2242.167455</ele>
        <time>2026-09-12T14:02:25.000Z</time>
      </trkpt>
      <trkpt lat="47.018214" lon="9.859602">
        <ele>2242.033175</ele>
        <time>2026-09-12T14:02:26.000Z</time>
      </trkpt>
      <trkpt lat="47.018214" lon="9.859609">
        <ele>2241.876515</ele>
        <time>2026-09-12T14:02:27.000Z</time>
      </trkpt>
      <trkpt lat="47.018214" lon="9.859617">
        <ele>2241.697475</ele>
        <time>2026-09-12T14:02:28.000Z</time>
      </trkpt>
      <trkpt lat="47.018214" lon="9.859624">
        <ele>2241.540816</ele>
        <time>2026-09-12T14:02:29.000Z</time>
      </trkpt>
      <trkpt lat="47.018213" lon="9.859629">
        <ele>2241.424200</ele>
        <time>2026-09-12T14:02:30.000Z</time>
      </trkpt>
      <trkpt lat="47.018209" lon="9.859633">
        <ele>2241.265282</ele>
        <time>2026-09-12T14:02:31.000Z</time>
      </trkpt>
      <trkpt lat="47.018203" lon="9.859633">
        <ele>2241.068323</ele>
        <time>2026-09-12T14:02:32.000Z</time>
      </trkpt>
      <trkpt lat="47.018198" lon="9.859631">
        <ele>2240.898197</ele>
        <time>2026-09-12T14:02:33.000Z</time>
      </trkpt>
      <trkpt lat="47.018196" lon="9.859628">
        <ele>2240.804292</ele>
        <time>2026-09-12T14:02:34.000Z</time>
      </trkpt>
      <trkpt lat="47.018196" lon="9.859629">
        <ele>2240.781912</ele>
        <time>2026-09-12T14:02:35.000Z</time>
      </trkpt>
      <trkpt lat="47.018198" lon="9.859631">
        <ele>2240.702453</ele>
        <time>2026-09-12T14:02:36.000Z</time>
      </trkpt>
      <trkpt lat="47.018200" lon="9.859635">
        <ele>2240.591439</ele>
        <time>2026-09-12T14:02:37.000Z</time>
      </trkpt>
      <trkpt lat="47.018202" lon="9.859639">
        <ele>2240.480425</ele>
        <time>2026-09-12T14:02:38.000Z</time>
      </trkpt>
      <trkpt lat="47.018204" lon="9.859641">
        <ele>2240.400966</ele>
        <time>2026-09-12T14:02:39.000Z</time>
      </trkpt>
      <trkpt lat="47.018205" lon="9.859641">
        <ele>2240.368139</ele>
        <time>2026-09-12T14:02:40.000Z</time>
      </trkpt>
      <trkpt lat="47.018206" lon="9.859641">
        <ele>2240.335313</ele>
        <time>2026-09-12T14:02:41.000Z</time>
      </trkpt>
      <trkpt lat="47.018207" lon="9.859642">
        <ele>2240.295583</ele>
        <time>2026-09-12T14:02:42.000Z</time>
      </trkpt>
      <trkpt lat="47.018208" lon="9.859643">
        <ele>2240.255854</ele>
        <time>2026-09-12T14:02:43.000Z</time>
      </trkpt>
      <trkpt lat="47.018209" lon="9.859646">
        <ele>2240.181118</ele>
        <time>2026-09-12T14:02:44.000Z</time>
      </trkpt>
      <trkpt lat="47.018210" lon="9.859650">
        <ele>2240.085770</ele>
        <time>2026-09-12T14:02:45.000Z</time>
      </trkpt>
      <trkpt lat="47.018211" lon="9.859657">
        <ele>2239.925708</ele>
        <time>2026-09-12T14:02:46.000Z</time>
      </trkpt>
      <trkpt lat="47.018213" lon="9.859668">
        <ele>2239.670924</ele>
        <time>2026-09-12T14:02:47.000Z</time>
      </trkpt>
      <trkpt lat="47.018216" lon="9.859680">
        <ele>2239.384878</ele>
        <time>2026-09-12T14:02:48.000Z</time>
      </trkpt>
      <trkpt lat="47.018221" lon="9.859691">
        <ele>2239.088999</ele>
        <time>2026-09-12T14:02:49.000Z</time>
      </trkpt>
      <trkpt lat="47.018226" lon="9.859701">
        <ele>2238.811464</ele>
        <time>2026-09-12T14:02:50.000Z</time>
      </trkpt>
      <trkpt lat="47.018233" lon="9.859709">
        <ele>2238.520163</ele>
        <time>2026-09-12T14:02:51.000Z</time>
      </trkpt>
      <trkpt lat="47.018240" lon="9.859712">
        <ele>2238.280770</ele>
        <time>2026-09-12T14:02:52.000Z</time>
      </trkpt>
      <trkpt lat="47.018247" lon="9.859713">
        <ele>2238.049897</ele>
        <time>2026-09-12T14:02:53.000Z</time>
      </trkpt>
      <trkpt lat="47.018252" lon="9.859713">
        <ele>2237.885765</ele>
        <time>2026-09-12T14:02:54.000Z</time>
      </trkpt>
      <trkpt lat="47.018256" lon="9.859714">
        <ele>2237.752565</ele>
        <time>2026-09-12T14:02:55.000Z</time>
      </trkpt>
      <trkpt lat="47.018262" lon="9.859716">
        <ele>2237.550585</ele>
        <time>2026-09-12T14:02:56.000Z</time>
      </trkpt>
      <trkpt lat="47.018272" lon="9.859721">
        <ele>2237.203771</ele>
        <time>2026-09-12T14:02:57.000Z</time>
      </trkpt>
      <trkpt lat="47.018285" lon="9.859728">
        <ele>2236.749181</ele>
        <time>2026-09-12T14:02:58.000Z</time>
      </trkpt>
      <trkpt lat="47.018297" lon="9.859735">
        <ele>2236.325254</ele>
        <time>2026-09-12T14:02:59.000Z</time>
      </trkpt>
      <trkpt lat="47.018307" lon="9.859740">
        <ele>2235.978441</ele>
        <time>2026-09-12T14:03:00.000Z</time>
      </trkpt>
      <trkpt lat="47.018315" lon="9.859744">
        <ele>2235.700991</ele>
        <time>2026-09-12T14:03:01.000Z</time>
      </trkpt>
      <trkpt lat="47.018321" lon="9.859749">
        <ele>2235.474464</ele>
        <time>2026-09-12T14:03:02.000Z</time>
      </trkpt>
      <trkpt lat="47.018326" lon="9.859754">
        <ele>2235.275817</ele>
        <time>2026-09-12T14:03:03.000Z</time>
      </trkpt>
      <trkpt lat="47.018330" lon="9.859761">
        <ele>2235.071407</ele>
        <time>2026-09-12T14:03:04.000Z</time>
      </trkpt>
      <trkpt lat="47.018333" lon="9.859767">
        <ele>2234.904886</ele>
        <time>2026-09-12T14:03:05.000Z</time>
      </trkpt>
      <trkpt lat="47.018335" lon="9.859769">
        <ele>2234.825427</ele>
        <time>2026-09-12T14:03:06.000Z</time>
      </trkpt>
      <trkpt lat="47.018336" lon="9.859772">
        <ele>2234.750692</ele>
        <time>2026-09-12T14:03:07.000Z</time>
      </trkpt>
      <trkpt lat="47.018337" lon="9.859774">
        <ele>2234.695185</ele>
        <time>2026-09-12T14:03:08.000Z</time>
      </trkpt>
      <trkpt lat="47.018337" lon="9.859775">
        <ele>2234.672805</ele>
        <time>2026-09-12T14:03:09.000Z</time>
      </trkpt>
      <trkpt lat="47.018336" lon="9.859777">
        <ele>2234.617298</ele>
        <time>2026-09-12T14:03:10.000Z</time>
      </trkpt>
      <trkpt lat="47.018335" lon="9.859778">
        <ele>2234.577568</ele>
        <time>2026-09-12T14:03:11.000Z</time>
      </trkpt>
      <trkpt lat="47.018334" lon="9.859779">
        <ele>2234.537839</ele>
        <time>2026-09-12T14:03:12.000Z</time>
      </trkpt>
      <trkpt lat="47.018334" lon="9.859782">
        <ele>2234.470699</ele>
        <time>2026-09-12T14:03:13.000Z</time>
      </trkpt>
      <trkpt lat="47.018333" lon="9.859788">
        <ele>2234.332465</ele>
        <time>2026-09-12T14:03:14.000Z</time>
      </trkpt>
      <trkpt lat="47.018333" lon="9.859796">
        <ele>2234.153426</ele>
        <time>2026-09-12T14:03:15.000Z</time>
      </trkpt>
      <trkpt lat="47.018335" lon="9.859806">
        <ele>2233.920195</ele>
        <time>2026-09-12T14:03:16.000Z</time>
      </trkpt>
      <trkpt lat="47.018339" lon="9.859816">
        <ele>2233.660720</ele>
        <time>2026-09-12T14:03:17.000Z</time>
      </trkpt>
      <trkpt lat="47.018345" lon="9.859826">
        <ele>2233.362595</ele>
        <time>2026-09-12T14:03:18.000Z</time>
      </trkpt>
      <trkpt lat="47.018352" lon="9.859833">
        <ele>2233.084488</ele>
        <time>2026-09-12T14:03:19.000Z</time>
      </trkpt>
      <trkpt lat="47.018357" lon="9.859839">
        <ele>2232.872426</ele>
        <time>2026-09-12T14:03:20.000Z</time>
      </trkpt>
      <trkpt lat="47.018361" lon="9.859843">
        <ele>2232.713507</ele>
        <time>2026-09-12T14:03:21.000Z</time>
      </trkpt>
      <trkpt lat="47.018361" lon="9.859845">
        <ele>2232.668748</ele>
        <time>2026-09-12T14:03:22.000Z</time>
      </trkpt>
      <trkpt lat="47.018361" lon="9.859847">
        <ele>2232.623988</ele>
        <time>2026-09-12T14:03:23.000Z</time>
      </trkpt>
      <trkpt lat="47.018360" lon="9.859852">
        <ele>2232.507373</ele>
        <time>2026-09-12T14:03:24.000Z</time>
      </trkpt>
      <trkpt lat="47.018359" lon="9.859859">
        <ele>2232.347311</ele>
        <time>2026-09-12T14:03:25.000Z</time>
      </trkpt>
      <trkpt lat="47.018356" lon="9.859864">
        <ele>2232.198248</ele>
        <time>2026-09-12T14:03:26.000Z</time>
      </trkpt>
      <trkpt lat="47.018351" lon="9.859867">
        <ele>2232.020915</ele>
        <time>2026-09-12T14:03:27.000Z</time>
      </trkpt>
      <trkpt lat="47.018346" lon="9.859869">
        <ele>2231.850789</ele>
        <time>2026-09-12T14:03:28.000Z</time>
      </trkpt>
      <trkpt lat="47.018340" lon="9.859873">
        <ele>2231.634440</ele>
        <time>2026-09-12T14:03:29.000Z</time>
      </trkpt>
      <trkpt lat="47.018333" lon="9.859878">
        <ele>2231.378857</ele>
        <time>2026-09-12T14:03:30.000Z</time>
      </trkpt>
      <trkpt lat="47.018326" lon="9.859883">
        <ele>2231.123274</ele>
        <time>2026-09-12T14:03:31.000Z</time>
      </trkpt>
      <trkpt lat="47.018320" lon="9.859886">
        <ele>2230.915186</ele>
        <time>2026-09-12T14:03:32.000Z</time>
      </trkpt>
      <trkpt lat="47.018313" lon="9.859890">
        <ele>2230.668579</ele>
        <time>2026-09-12T14:03:33.000Z</time>
      </trkpt>
      <trkpt lat="47.018306" lon="9.859892">
        <ele>2230.434475</ele>
        <time>2026-09-12T14:03:34.000Z</time>
      </trkpt>
      <trkpt lat="47.018299" lon="9.859895">
        <ele>2230.195082</ele>
        <time>2026-09-12T14:03:35.000Z</time>
      </trkpt>
      <trkpt lat="47.018293" lon="9.859897">
        <ele>2229.993101</ele>
        <time>2026-09-12T14:03:36.000Z</time>
      </trkpt>
      <trkpt lat="47.018289" lon="9.859899">
        <ele>2229.854376</ele>
        <time>2026-09-12T14:03:37.000Z</time>
      </trkpt>
      <trkpt lat="47.018286" lon="9.859903">
        <ele>2229.721289</ele>
        <time>2026-09-12T14:03:38.000Z</time>
      </trkpt>
      <trkpt lat="47.018282" lon="9.859910">
        <ele>2229.516879</ele>
        <time>2026-09-12T14:03:39.000Z</time>
      </trkpt>
      <trkpt lat="47.018277" lon="9.859916">
        <ele>2229.304817</ele>
        <time>2026-09-12T14:03:40.000Z</time>
      </trkpt>
      <trkpt lat="47.018272" lon="9.859921">
        <ele>2229.106169</ele>
        <time>2026-09-12T14:03:41.000Z</time>
      </trkpt>
      <trkpt lat="47.018268" lon="9.859924">
        <ele>2228.958693</ele>
        <time>2026-09-12T14:03:42.000Z</time>
      </trkpt>
      <trkpt lat="47.018264" lon="9.859926">
        <ele>2228.819968</ele>
        <time>2026-09-12T14:03:43.000Z</time>
      </trkpt>
      <trkpt lat="47.018261" lon="9.859928">
        <ele>2228.711794</ele>
        <time>2026-09-12T14:03:44.000Z</time>
      </trkpt>
      <trkpt lat="47.018259" lon="9.859930">
        <ele>2228.632335</ele>
        <time>2026-09-12T14:03:45.000Z</time>
      </trkpt>
      <trkpt lat="47.018260" lon="9.859932">
        <ele>2228.576828</ele>
        <time>2026-09-12T14:03:46.000Z</time>
      </trkpt>
      <trkpt lat="47.018264" lon="9.859934">
        <ele>2228.438103</ele>
        <time>2026-09-12T14:03:47.000Z</time>
      </trkpt>
      <trkpt lat="47.018268" lon="9.859938">
        <ele>2228.279184</ele>
        <time>2026-09-12T14:03:48.000Z</time>
      </trkpt>
      <trkpt lat="47.018272" lon="9.859945">
        <ele>2228.074774</ele>
        <time>2026-09-12T14:03:49.000Z</time>
      </trkpt>
      <trkpt lat="47.018276" lon="9.859954">
        <ele>2227.834335</ele>
        <time>2026-09-12T14:03:50.000Z</time>
      </trkpt>
      <trkpt lat="47.018280" lon="9.859962">
        <ele>2227.612307</ele>
        <time>2026-09-12T14:03:51.000Z</time>
      </trkpt>
      <trkpt lat="47.018283" lon="9.859969">
        <ele>2227.427265</ele>
        <time>2026-09-12T14:03:52.000Z</time>
      </trkpt>
      <trkpt lat="47.018287" lon="9.859977">
        <ele>2227.205237</ele>
        <time>2026-09-12T14:03:53.000Z</time>
      </trkpt>
      <trkpt lat="47.018288" lon="9.859984">
        <ele>2227.045176</ele>
        <time>2026-09-12T14:03:54.000Z</time>
      </trkpt>
      <trkpt lat="47.018287" lon="9.859988">
        <ele>2226.949827</ele>
        <time>2026-09-12T14:03:55.000Z</time>
      </trkpt>
      <trkpt lat="47.018281" lon="9.859989">
        <ele>2226.751601</ele>
        <time>2026-09-12T14:03:56.000Z</time>
      </trkpt>
      <trkpt lat="47.018273" lon="9.859990">
        <ele>2226.488037</ele>
        <time>2026-09-12T14:03:57.000Z</time>
      </trkpt>
      <trkpt lat="47.018266" lon="9.859991">
        <ele>2226.257164</ele>
        <time>2026-09-12T14:03:58.000Z</time>
      </trkpt>
      <trkpt lat="47.018260" lon="9.859994">
        <ele>2226.049076</ele>
        <time>2026-09-12T14:03:59.000Z</time>
      </trkpt>
      <trkpt lat="47.018252" lon="9.859998">
        <ele>2225.771626</ele>
        <time>2026-09-12T14:04:00.000Z</time>
      </trkpt>
      <trkpt lat="47.018244" lon="9.860002">
        <ele>2225.494176</ele>
        <time>2026-09-12T14:04:01.000Z</time>
      </trkpt>
      <trkpt lat="47.018236" lon="9.860004">
        <ele>2225.227777</ele>
        <time>2026-09-12T14:04:02.000Z</time>
      </trkpt>
      <trkpt lat="47.018230" lon="9.860002">
        <ele>2225.025796</ele>
        <time>2026-09-12T14:04:03.000Z</time>
      </trkpt>
      <trkpt lat="47.018224" lon="9.859997">
        <ele>2224.799269</ele>
        <time>2026-09-12T14:04:04.000Z</time>
      </trkpt>
      <trkpt lat="47.018220" lon="9.859991">
        <ele>2224.611460</ele>
        <time>2026-09-12T14:04:05.000Z</time>
      </trkpt>
      <trkpt lat="47.018218" lon="9.859984">
        <ele>2224.441599</ele>
        <time>2026-09-12T14:04:06.000Z</time>
      </trkpt>
      <trkpt lat="47.018218" lon="9.859979">
        <ele>2224.329699</ele>
        <time>2026-09-12T14:04:07.000Z</time>
      </trkpt>
      <trkpt lat="47.018219" lon="9.859976">
        <ele>2224.254964</ele>
        <time>2026-09-12T14:04:08.000Z</time>
      </trkpt>
      <trkpt lat="47.018219" lon="9.859977">
        <ele>2224.232584</ele>
        <time>2026-09-12T14:04:09.000Z</time>
      </trkpt>
      <trkpt lat="47.018218" lon="9.859979">
        <ele>2224.177077</ele>
        <time>2026-09-12T14:04:10.000Z</time>
      </trkpt>
      <trkpt lat="47.018216" lon="9.859982">
        <ele>2224.083173</ele>
        <time>2026-09-12T14:04:11.000Z</time>
      </trkpt>
      <trkpt lat="47.018214" lon="9.859985">
        <ele>2223.989268</ele>
        <time>2026-09-12T14:04:12.000Z</time>
      </trkpt>
      <trkpt lat="47.018211" lon="9.859988">
        <ele>2223.870079</ele>
        <time>2026-09-12T14:04:13.000Z</time>
      </trkpt>
      <trkpt lat="47.018209" lon="9.859991">
        <ele>2223.776175</ele>
        <time>2026-09-12T14:04:14.000Z</time>
      </trkpt>
      <trkpt lat="47.018207" lon="9.859994">
        <ele>2223.682270</ele>
        <time>2026-09-12T14:04:15.000Z</time>
      </trkpt>
      <trkpt lat="47.018205" lon="9.859996">
        <ele>2223.602811</ele>
        <time>2026-09-12T14:04:16.000Z</time>
      </trkpt>
      <trkpt lat="47.018204" lon="9.859999">
        <ele>2223.528076</ele>
        <time>2026-09-12T14:04:17.000Z</time>
      </trkpt>
      <trkpt lat="47.018203" lon="9.860001">
        <ele>2223.472569</ele>
        <time>2026-09-12T14:04:18.000Z</time>
      </trkpt>
      <trkpt lat="47.018201" lon="9.860004">
        <ele>2223.378664</ele>
        <time>2026-09-12T14:04:19.000Z</time>
      </trkpt>
      <trkpt lat="47.018200" lon="9.860007">
        <ele>2223.303929</ele>
        <time>2026-09-12T14:04:20.000Z</time>
      </trkpt>
      <trkpt lat="47.018198" lon="9.860010">
        <ele>2223.210024</ele>
        <time>2026-09-12T14:04:21.000Z</time>
      </trkpt>
      <trkpt lat="47.018195" lon="9.860013">
        <ele>2223.090835</ele>
        <time>2026-09-12T14:04:22.000Z</time>
      </trkpt>
      <trkpt lat="47.018192" lon="9.860017">
        <ele>2222.957749</ele>
        <time>2026-09-12T14:04:23.000Z</time>
      </trkpt>
      <trkpt lat="47.018189" lon="9.860018">
        <ele>2222.856758</ele>
        <time>2026-09-12T14:04:24.000Z</time>
      </trkpt>
      <trkpt lat="47.018186" lon="9.860017">
        <ele>2222.755768</ele>
        <time>2026-09-12T14:04:25.000Z</time>
      </trkpt>
      <trkpt lat="47.018183" lon="9.860015">
        <ele>2222.647594</ele>
        <time>2026-09-12T14:04:26.000Z</time>
      </trkpt>
      <trkpt lat="47.018180" lon="9.860015">
        <ele>2222.549114</ele>
        <time>2026-09-12T14:04:27.000Z</time>
      </trkpt>
      <trkpt lat="47.018178" lon="9.860017">
        <ele>2222.469655</ele>
        <time>2026-09-12T14:04:28.000Z</time>
      </trkpt>
      <trkpt lat="47.018175" lon="9.860019">
        <ele>2222.361481</ele>
        <time>2026-09-12T14:04:29.000Z</time>
      </trkpt>
      <trkpt lat="47.018170" lon="9.860023">
        <ele>2222.174523</ele>
        <time>2026-09-12T14:04:30.000Z</time>
      </trkpt>
      <trkpt lat="47.018165" lon="9.860026">
        <ele>2221.997190</ele>
        <time>2026-09-12T14:04:31.000Z</time>
      </trkpt>
      <trkpt lat="47.018160" lon="9.860027">
        <ele>2221.831538</ele>
        <time>2026-09-12T14:04:32.000Z</time>
      </trkpt>
      <trkpt lat="47.018156" lon="9.860026">
        <ele>2221.698339</ele>
        <time>2026-09-12T14:04:33.000Z</time>
      </trkpt>
      <trkpt lat="47.018154" lon="9.860026">
        <ele>2221.632686</ele>
        <time>2026-09-12T14:04:34.000Z</time>
      </trkpt>
      <trkpt lat="47.018151" lon="9.860027">
        <ele>2221.531696</ele>
        <time>2026-09-12T14:04:35.000Z</time>
      </trkpt>
      <trkpt lat="47.018147" lon="9.860032">
        <ele>2221.359176</ele>
        <time>2026-09-12T14:04:36.000Z</time>
      </trkpt>
      <trkpt lat="47.018143" lon="9.860039">
        <ele>2221.154766</ele>
        <time>2026-09-12T14:04:37.000Z</time>
      </trkpt>
      <trkpt lat="47.018138" lon="9.860047">
        <ele>2220.911878</ele>
        <time>2026-09-12T14:04:38.000Z</time>
      </trkpt>
      <trkpt lat="47.018132" lon="9.860053">
        <ele>2220.673500</ele>
        <time>2026-09-12T14:04:39.000Z</time>
      </trkpt>
      <trkpt lat="47.018125" lon="9.860055">
        <ele>2220.439396</ele>
        <time>2026-09-12T14:04:40.000Z</time>
      </trkpt>
      <trkpt lat="47.018117" lon="9.860054">
        <ele>2220.175832</ele>
        <time>2026-09-12T14:04:41.000Z</time>
      </trkpt>
      <trkpt lat="47.018109" lon="9.860053">
        <ele>2219.912268</ele>
        <time>2026-09-12T14:04:42.000Z</time>
      </trkpt>
      <trkpt lat="47.018103" lon="9.860053">
        <ele>2219.715310</ele>
        <time>2026-09-12T14:04:43.000Z</time>
      </trkpt>
      <trkpt lat="47.018097" lon="9.860054">
        <ele>2219.517083</ele>
        <time>2026-09-12T14:04:44.000Z</time>
      </trkpt>
      <trkpt lat="47.018092" lon="9.860056">
        <ele>2219.346957</ele>
        <time>2026-09-12T14:04:45.000Z</time>
      </trkpt>
      <trkpt lat="47.018090" lon="9.860059">
        <ele>2219.253052</ele>
        <time>2026-09-12T14:04:46.000Z</time>
      </trkpt>
      <trkpt lat="47.018090" lon="9.860061">
        <ele>2219.208292</ele>
        <time>2026-09-12T14:04:47.000Z</time>
      </trkpt>
      <trkpt lat="47.018089" lon="9.860063">
        <ele>2219.152785</ele>
        <time>2026-09-12T14:04:48.000Z</time>
      </trkpt>
      <trkpt lat="47.018088" lon="9.860064">
        <ele>2219.113056</ele>
        <time>2026-09-12T14:04:49.000Z</time>
      </trkpt>
      <trkpt lat="47.018088" lon="9.860065">
        <ele>2219.090676</ele>
        <time>2026-09-12T14:04:50.000Z</time>
      </trkpt>
      <trkpt lat="47.018086" lon="9.860066">
        <ele>2219.021313</ele>
        <time>2026-09-12T14:04:51.000Z</time>
      </trkpt>
      <trkpt lat="47.018084" lon="9.860067">
        <ele>2218.951950</ele>
        <time>2026-09-12T14:04:52.000Z</time>
      </trkpt>
      <trkpt lat="47.018083" lon="9.860067">
        <ele>2218.919124</ele>
        <time>2026-09-12T14:04:53.000Z</time>
      </trkpt>
      <trkpt lat="47.018082" lon="9.860068">
        <ele>2218.879394</ele>
        <time>2026-09-12T14:04:54.000Z</time>
      </trkpt>
      <trkpt lat="47.018082" lon="9.860068">
        <ele>2218.879394</ele>
        <time>2026-09-12T14:04:55.000Z</time>
      </trkpt>
      <trkpt lat="47.018082" lon="9.860070">
        <ele>2218.834634</ele>
        <time>2026-09-12T14:04:56.000Z</time>
      </trkpt>
      <trkpt lat="47.018082" lon="9.860072">
        <ele>2218.789874</ele>
        <time>2026-09-12T14:04:57.000Z</time>
      </trkpt>
      <trkpt lat="47.018081" lon="9.860074">
        <ele>2218.734367</ele>
        <time>2026-09-12T14:04:58.000Z</time>
      </trkpt>
      <trkpt lat="47.018080" lon="9.860075">
        <ele>2218.694637</ele>
        <time>2026-09-12T14:04:59.000Z</time>
      </trkpt>
      <trkpt lat="47.018079" lon="9.860077">
        <ele>2218.639130</ele>
        <time>2026-09-12T14:05:00.000Z</time>
      </trkpt>
      <trkpt lat="47.018077" lon="9.860081">
        <ele>2218.528116</ele>
        <time>2026-09-12T14:05:01.000Z</time>
      </trkpt>
      <trkpt lat="47.018075" lon="9.860088">
        <ele>2218.358255</ele>
        <time>2026-09-12T14:05:02.000Z</time>
      </trkpt>
      <trkpt lat="47.018073" lon="9.860094">
        <ele>2218.208785</ele>
        <time>2026-09-12T14:05:03.000Z</time>
      </trkpt>
      <trkpt lat="47.018074" lon="9.860096">
        <ele>2218.153277</ele>
        <time>2026-09-12T14:05:04.000Z</time>
      </trkpt>
      <trkpt lat="47.018075" lon="9.860094">
        <ele>2218.097770</ele>
        <time>2026-09-12T14:05:05.000Z</time>
      </trkpt>
      <trkpt lat="47.018076" lon="9.860092">
        <ele>2218.042263</ele>
        <time>2026-09-12T14:05:06.000Z</time>
      </trkpt>
      <trkpt lat="47.018076" lon="9.860091">
        <ele>2218.019883</ele>
        <time>2026-09-12T14:05:07.000Z</time>
      </trkpt>
      <trkpt lat="47.018077" lon="9.860091">
        <ele>2217.987057</ele>
        <time>2026-09-12T14:05:08.000Z</time>
      </trkpt>
      <trkpt lat="47.018077" lon="9.860092">
        <ele>2217.964677</ele>
        <time>2026-09-12T14:05:09.000Z</time>
      </trkpt>
      <trkpt lat="47.018076" lon="9.860094">
        <ele>2217.909170</ele>
        <time>2026-09-12T14:05:10.000Z</time>
      </trkpt>
      <trkpt lat="47.018076" lon="9.860097">
        <ele>2217.842029</ele>
        <time>2026-09-12T14:05:11.000Z</time>
      </trkpt>
      <trkpt lat="47.018076" lon="9.860099">
        <ele>2217.797269</ele>
        <time>2026-09-12T14:05:12.000Z</time>
      </trkpt>
      <trkpt lat="47.018076" lon="9.860102">
        <ele>2217.730129</ele>
        <time>2026-09-12T14:05:13.000Z</time>
      </trkpt>
      <trkpt lat="47.018076" lon="9.860105">
        <ele>2217.662989</ele>
        <time>2026-09-12T14:05:14.000Z</time>
      </trkpt>
      <trkpt lat="47.018077" lon="9.860109">
        <ele>2217.567640</ele>
        <time>2026-09-12T14:05:15.000Z</time>
      </trkpt>
      <trkpt lat="47.018078" lon="9.860113">
        <ele>2217.472291</ele>
        <time>2026-09-12T14:05:16.000Z</time>
      </trkpt>
      <trkpt lat="47.018079" lon="9.860117">
        <ele>2217.376942</ele>
        <time>2026-09-12T14:05:17.000Z</time>
      </trkpt>
      <trkpt lat="47.018078" lon="9.860120">
        <ele>2217.302207</ele>
        <time>2026-09-12T14:05:18.000Z</time>
      </trkpt>
      <trkpt lat="47.018076" lon="9.860122">
        <ele>2217.222748</ele>
        <time>2026-09-12T14:05:19.000Z</time>
      </trkpt>
      <trkpt lat="47.018078" lon="9.860125">
        <ele>2217.128843</ele>
        <time>2026-09-12T14:05:20.000Z</time>
      </trkpt>
      <trkpt lat="47.018083" lon="9.860129">
        <ele>2216.941885</ele>
        <time>2026-09-12T14:05:21.000Z</time>
      </trkpt>
      <trkpt lat="47.018089" lon="9.860136">
        <ele>2216.690220</ele>
        <time>2026-09-12T14:05:22.000Z</time>
      </trkpt>
      <trkpt lat="47.018096" lon="9.860145">
        <ele>2216.384653</ele>
        <time>2026-09-12T14:05:23.000Z</time>
      </trkpt>
      <trkpt lat="47.018105" lon="9.860157">
        <ele>2215.985393</ele>
        <time>2026-09-12T14:05:24.000Z</time>
      </trkpt>
      <trkpt lat="47.018113" lon="9.860172">
        <ele>2215.559178</ele>
        <time>2026-09-12T14:05:25.000Z</time>
      </trkpt>
      <trkpt lat="47.018122" lon="9.860188">
        <ele>2215.094952</ele>
        <time>2026-09-12T14:05:26.000Z</time>
      </trkpt>
      <trkpt lat="47.018131" lon="9.860204">
        <ele>2214.630727</ele>
        <time>2026-09-12T14:05:27.000Z</time>
      </trkpt>
      <trkpt lat="47.018138" lon="9.860218">
        <ele>2214.242177</ele>
        <time>2026-09-12T14:05:28.000Z</time>
      </trkpt>
      <trkpt lat="47.018146" lon="9.860230">
        <ele>2213.866559</ele>
        <time>2026-09-12T14:05:29.000Z</time>
      </trkpt>
      <trkpt lat="47.018155" lon="9.860243">
        <ele>2213.451914</ele>
        <time>2026-09-12T14:05:30.000Z</time>
      </trkpt>
      <trkpt lat="47.018165" lon="9.860257">
        <ele>2212.998122</ele>
        <time>2026-09-12T14:05:31.000Z</time>
      </trkpt>
      <trkpt lat="47.018174" lon="9.860271">
        <ele>2212.567480</ele>
        <time>2026-09-12T14:05:32.000Z</time>
      </trkpt>
      <trkpt lat="47.018181" lon="9.860285">
        <ele>2212.178930</ele>
        <time>2026-09-12T14:05:33.000Z</time>
      </trkpt>
      <trkpt lat="47.018188" lon="9.860298">
        <ele>2211.808192</ele>
        <time>2026-09-12T14:05:34.000Z</time>
      </trkpt>
      <trkpt lat="47.018194" lon="9.860309">
        <ele>2211.492918</ele>
        <time>2026-09-12T14:05:35.000Z</time>
      </trkpt>
      <trkpt lat="47.018200" lon="9.860315">
        <ele>2211.254541</ele>
        <time>2026-09-12T14:05:36.000Z</time>
      </trkpt>
      <trkpt lat="47.018208" lon="9.860317">
        <ele>2210.988142</ele>
        <time>2026-09-12T14:05:37.000Z</time>
      </trkpt>
      <trkpt lat="47.018216" lon="9.860319">
        <ele>2210.721743</ele>
        <time>2026-09-12T14:05:38.000Z</time>
      </trkpt>
      <trkpt lat="47.018226" lon="9.860322">
        <ele>2210.386682</ele>
        <time>2026-09-12T14:05:39.000Z</time>
      </trkpt>
      <trkpt lat="47.018236" lon="9.860328">
        <ele>2210.032015</ele>
        <time>2026-09-12T14:05:40.000Z</time>
      </trkpt>
      <trkpt lat="47.018245" lon="9.860338">
        <ele>2209.661380</ele>
        <time>2026-09-12T14:05:41.000Z</time>
      </trkpt>
      <trkpt lat="47.018254" lon="9.860352">
        <ele>2209.230738</ele>
        <time>2026-09-12T14:05:42.000Z</time>
      </trkpt>
      <trkpt lat="47.018262" lon="9.860366">
        <ele>2208.821918</ele>
        <time>2026-09-12T14:05:43.000Z</time>
      </trkpt>
      <trkpt lat="47.018269" lon="9.860380">
        <ele>2208.433369</ele>
        <time>2026-09-12T14:05:44.000Z</time>
      </trkpt>
      <trkpt lat="47.018274" lon="9.860391">
        <ele>2208.137491</ele>
        <time>2026-09-12T14:05:45.000Z</time>
      </trkpt>
      <trkpt lat="47.018277" lon="9.860399">
        <ele>2207.933155</ele>
        <time>2026-09-12T14:05:46.000Z</time>
      </trkpt>
      <trkpt lat="47.018278" lon="9.860408">
        <ele>2207.729078</ele>
        <time>2026-09-12T14:05:47.000Z</time>
      </trkpt>
      <trkpt lat="47.018280" lon="9.860416">
        <ele>2207.538380</ele>
        <time>2026-09-12T14:05:48.000Z</time>
      </trkpt>
      <trkpt lat="47.018284" lon="9.860424">
        <ele>2207.316353</ele>
        <time>2026-09-12T14:05:49.000Z</time>
      </trkpt>
      <trkpt lat="47.018292" lon="9.860432">
        <ele>2206.998516</ele>
        <time>2026-09-12T14:05:50.000Z</time>
      </trkpt>
      <trkpt lat="47.018302" lon="9.860441">
        <ele>2206.613383</ele>
        <time>2026-09-12T14:05:51.000Z</time>
      </trkpt>
      <trkpt lat="47.018313" lon="9.860451">
        <ele>2206.188562</ele>
        <time>2026-09-12T14:05:52.000Z</time>
      </trkpt>
      <trkpt lat="47.018323" lon="9.860464">
        <ele>2205.749924</ele>
        <time>2026-09-12T14:05:53.000Z</time>
      </trkpt>
      <trkpt lat="47.018332" lon="9.860480">
        <ele>2205.277478</ele>
        <time>2026-09-12T14:05:54.000Z</time>
      </trkpt>
      <trkpt lat="47.018339" lon="9.860496">
        <ele>2204.830893</ele>
        <time>2026-09-12T14:05:55.000Z</time>
      </trkpt>
      <trkpt lat="47.018346" lon="9.860511">
        <ele>2204.403889</ele>
        <time>2026-09-12T14:05:56.000Z</time>
      </trkpt>
      <trkpt lat="47.018351" lon="9.860524">
        <ele>2204.053264</ele>
        <time>2026-09-12T14:05:57.000Z</time>
      </trkpt>
      <trkpt lat="47.018353" lon="9.860537">
        <ele>2203.740205</ele>
        <time>2026-09-12T14:05:58.000Z</time>
      </trkpt>
      <trkpt lat="47.018353" lon="9.860549">
        <ele>2203.458315</ele>
        <time>2026-09-12T14:05:59.000Z</time>
      </trkpt>
      <trkpt lat="47.018353" lon="9.860562">
        <ele>2203.152935</ele>
        <time>2026-09-12T14:06:00.000Z</time>
      </trkpt>
      <trkpt lat="47.018353" lon="9.860574">
        <ele>2202.871045</ele>
        <time>2026-09-12T14:06:01.000Z</time>
      </trkpt>
      <trkpt lat="47.018355" lon="9.860583">
        <ele>2202.648680</ele>
        <time>2026-09-12T14:06:02.000Z</time>
      </trkpt>
      <trkpt lat="47.018356" lon="9.860589">
        <ele>2202.503585</ele>
        <time>2026-09-12T14:06:03.000Z</time>
      </trkpt>
      <trkpt lat="47.018357" lon="9.860596">
        <ele>2202.335578</ele>
        <time>2026-09-12T14:06:04.000Z</time>
      </trkpt>
      <trkpt lat="47.018358" lon="9.860602">
        <ele>2202.190483</ele>
        <time>2026-09-12T14:06:05.000Z</time>
      </trkpt>
      <trkpt lat="47.018358" lon="9.860609">
        <ele>2202.026047</ele>
        <time>2026-09-12T14:06:06.000Z</time>
      </trkpt>
      <trkpt lat="47.018357" lon="9.860619">
        <ele>2201.788626</ele>
        <time>2026-09-12T14:06:07.000Z</time>
      </trkpt>
      <trkpt lat="47.018357" lon="9.860629">
        <ele>2201.553718</ele>
        <time>2026-09-12T14:06:08.000Z</time>
      </trkpt>
      <trkpt lat="47.018358" lon="9.860637">
        <ele>2201.362659</ele>
        <time>2026-09-12T14:06:09.000Z</time>
      </trkpt>
      <trkpt lat="47.018357" lon="9.860643">
        <ele>2201.217563</ele>
        <time>2026-09-12T14:06:10.000Z</time>
      </trkpt>
      <trkpt lat="47.018355" lon="9.860648">
        <ele>2201.081386</ele>
        <time>2026-09-12T14:06:11.000Z</time>
      </trkpt>
      <trkpt lat="47.018352" lon="9.860655">
        <ele>2200.887159</ele>
        <time>2026-09-12T14:06:12.000Z</time>
      </trkpt>
      <trkpt lat="47.018349" lon="9.860665">
        <ele>2200.630514</ele>
        <time>2026-09-12T14:06:13.000Z</time>
      </trkpt>
      <trkpt lat="47.018348" lon="9.860675">
        <ele>2200.393093</ele>
        <time>2026-09-12T14:06:14.000Z</time>
      </trkpt>
      <trkpt lat="47.018350" lon="9.860684">
        <ele>2200.170728</ele>
        <time>2026-09-12T14:06:15.000Z</time>
      </trkpt>
      <trkpt lat="47.018353" lon="9.860693">
        <ele>2199.935394</ele>
        <time>2026-09-12T14:06:16.000Z</time>
      </trkpt>
      <trkpt lat="47.018356" lon="9.860702">
        <ele>2199.700060</ele>
        <time>2026-09-12T14:06:17.000Z</time>
      </trkpt>
      <trkpt lat="47.018360" lon="9.860711">
        <ele>2199.447686</ele>
        <time>2026-09-12T14:06:18.000Z</time>
      </trkpt>
      <trkpt lat="47.018363" lon="9.860721">
        <ele>2199.191041</ele>
        <time>2026-09-12T14:06:19.000Z</time>
      </trkpt>
      <trkpt lat="47.018366" lon="9.860728">
        <ele>2198.996814</ele>
        <time>2026-09-12T14:06:20.000Z</time>
      </trkpt>
      <trkpt lat="47.018368" lon="9.860734">
        <ele>2198.839925</ele>
        <time>2026-09-12T14:06:21.000Z</time>
      </trkpt>
      <trkpt lat="47.018368" lon="9.860741">
        <ele>2198.675489</ele>
        <time>2026-09-12T14:06:22.000Z</time>
      </trkpt>
      <trkpt lat="47.018367" lon="9.860747">
        <ele>2198.530394</ele>
        <time>2026-09-12T14:06:23.000Z</time>
      </trkpt>
      <trkpt lat="47.018363" lon="9.860754">
        <ele>2198.315837</ele>
        <time>2026-09-12T14:06:24.000Z</time>
      </trkpt>
      <trkpt lat="47.018358" lon="9.860760">
        <ele>2198.093249</ele>
        <time>2026-09-12T14:06:25.000Z</time>
      </trkpt>
      <trkpt lat="47.018352" lon="9.860766">
        <ele>2197.843039</ele>
        <time>2026-09-12T14:06:26.000Z</time>
      </trkpt>
      <trkpt lat="47.018347" lon="9.860772">
        <ele>2197.620450</ele>
        <time>2026-09-12T14:06:27.000Z</time>
      </trkpt>
      <trkpt lat="47.018342" lon="9.860779">
        <ele>2197.382292</ele>
        <time>2026-09-12T14:06:28.000Z</time>
      </trkpt>
      <trkpt lat="47.018336" lon="9.860788">
        <ele>2197.086595</ele>
        <time>2026-09-12T14:06:29.000Z</time>
      </trkpt>
      <trkpt lat="47.018331" lon="9.860798">
        <ele>2196.795284</ele>
        <time>2026-09-12T14:06:30.000Z</time>
      </trkpt>
      <trkpt lat="47.018327" lon="9.860809">
        <ele>2196.502427</ele>
        <time>2026-09-12T14:06:31.000Z</time>
      </trkpt>
      <trkpt lat="47.018324" lon="9.860823">
        <ele>2196.157693</ele>
        <time>2026-09-12T14:06:32.000Z</time>
      </trkpt>
      <trkpt lat="47.018322" lon="9.860839">
        <ele>2195.775575</ele>
        <time>2026-09-12T14:06:33.000Z</time>
      </trkpt>
      <trkpt lat="47.018322" lon="9.860856">
        <ele>2195.376231</ele>
        <time>2026-09-12T14:06:34.000Z</time>
      </trkpt>
      <trkpt lat="47.018321" lon="9.860870">
        <ele>2195.045559</ele>
        <time>2026-09-12T14:06:35.000Z</time>
      </trkpt>
      <trkpt lat="47.018320" lon="9.860876">
        <ele>2194.900464</ele>
        <time>2026-09-12T14:06:36.000Z</time>
      </trkpt>
      <trkpt lat="47.018319" lon="9.860872">
        <ele>2194.800382</ele>
        <time>2026-09-12T14:06:37.000Z</time>
      </trkpt>
      <trkpt lat="47.018319" lon="9.860866">
        <ele>2194.659437</ele>
        <time>2026-09-12T14:06:38.000Z</time>
      </trkpt>
      <trkpt lat="47.018319" lon="9.860859">
        <ele>2194.495001</ele>
        <time>2026-09-12T14:06:39.000Z</time>
      </trkpt>
      <trkpt lat="47.018318" lon="9.860854">
        <ele>2194.372598</ele>
        <time>2026-09-12T14:06:40.000Z</time>
      </trkpt>
      <trkpt lat="47.018316" lon="9.860850">
        <ele>2194.256073</ele>
        <time>2026-09-12T14:06:41.000Z</time>
      </trkpt>
      <trkpt lat="47.018315" lon="9.860850">
        <ele>2194.221617</ele>
        <time>2026-09-12T14:06:42.000Z</time>
      </trkpt>
      <trkpt lat="47.018313" lon="9.860853">
        <ele>2194.123052</ele>
        <time>2026-09-12T14:06:43.000Z</time>
      </trkpt>
      <trkpt lat="47.018312" lon="9.860858">
        <ele>2194.000648</ele>
        <time>2026-09-12T14:06:44.000Z</time>
      </trkpt>
      <trkpt lat="47.018313" lon="9.860863">
        <ele>2193.878244</ele>
        <time>2026-09-12T14:06:45.000Z</time>
      </trkpt>
      <trkpt lat="47.018315" lon="9.860868">
        <ele>2193.742067</ele>
        <time>2026-09-12T14:06:46.000Z</time>
      </trkpt>
      <trkpt lat="47.018317" lon="9.860874">
        <ele>2193.585177</ele>
        <time>2026-09-12T14:06:47.000Z</time>
      </trkpt>
      <trkpt lat="47.018318" lon="9.860881">
        <ele>2193.417170</ele>
        <time>2026-09-12T14:06:48.000Z</time>
      </trkpt>
      <trkpt lat="47.018318" lon="9.860890">
        <ele>2193.205753</ele>
        <time>2026-09-12T14:06:49.000Z</time>
      </trkpt>
      <trkpt lat="47.018317" lon="9.860903">
        <ele>2192.898434</ele>
        <time>2026-09-12T14:06:50.000Z</time>
      </trkpt>
      <trkpt lat="47.018315" lon="9.860918">
        <ele>2192.539397</ele>
        <time>2026-09-12T14:06:51.000Z</time>
      </trkpt>
      <trkpt lat="47.018315" lon="9.860935">
        <ele>2192.140053</ele>
        <time>2026-09-12T14:06:52.000Z</time>
      </trkpt>
      <trkpt lat="47.018317" lon="9.860952">
        <ele>2191.734807</ele>
        <time>2026-09-12T14:06:53.000Z</time>
      </trkpt>
      <trkpt lat="47.018321" lon="9.860968">
        <ele>2191.334480</ele>
        <time>2026-09-12T14:06:54.000Z</time>
      </trkpt>
      <trkpt lat="47.018324" lon="9.860984">
        <ele>2190.944672</ele>
        <time>2026-09-12T14:06:55.000Z</time>
      </trkpt>
      <trkpt lat="47.018325" lon="9.860999">
        <ele>2190.590629</ele>
        <time>2026-09-12T14:06:56.000Z</time>
      </trkpt>
      <trkpt lat="47.018324" lon="9.861016">
        <ele>2190.189802</ele>
        <time>2026-09-12T14:06:57.000Z</time>
      </trkpt>
      <trkpt lat="47.018323" lon="9.861035">
        <ele>2189.742148</ele>
        <time>2026-09-12T14:06:58.000Z</time>
      </trkpt>
      <trkpt lat="47.018322" lon="9.861055">
        <ele>2189.271070</ele>
        <time>2026-09-12T14:06:59.000Z</time>
      </trkpt>
      <trkpt lat="47.018322" lon="9.861075">
        <ele>2188.801254</ele>
        <time>2026-09-12T14:07:00.000Z</time>
      </trkpt>
      <trkpt lat="47.018322" lon="9.861094">
        <ele>2188.354928</ele>
        <time>2026-09-12T14:07:01.000Z</time>
      </trkpt>
      <trkpt lat="47.018319" lon="9.861112">
        <ele>2187.919642</ele>
        <time>2026-09-12T14:07:02.000Z</time>
      </trkpt>
      <trkpt lat="47.018313" lon="9.861129">
        <ele>2187.469958</ele>
        <time>2026-09-12T14:07:03.000Z</time>
      </trkpt>
      <trkpt lat="47.018306" lon="9.861145">
        <ele>2187.023372</ele>
        <time>2026-09-12T14:07:04.000Z</time>
      </trkpt>
      <trkpt lat="47.018300" lon="9.861160">
        <ele>2186.614840</ele>
        <time>2026-09-12T14:07:05.000Z</time>
      </trkpt>
      <trkpt lat="47.018296" lon="9.861174">
        <ele>2186.258256</ele>
        <time>2026-09-12T14:07:06.000Z</time>
      </trkpt>
      <trkpt lat="47.018292" lon="9.861184">
        <ele>2185.985901</ele>
        <time>2026-09-12T14:07:07.000Z</time>
      </trkpt>
      <trkpt lat="47.018289" lon="9.861186">
        <ele>2185.872357</ele>
        <time>2026-09-12T14:07:08.000Z</time>
      </trkpt>
      <trkpt lat="47.018287" lon="9.861184">
        <ele>2185.788954</ele>
        <time>2026-09-12T14:07:09.000Z</time>
      </trkpt>
      <trkpt lat="47.018281" lon="9.861185">
        <ele>2185.580888</ele>
        <time>2026-09-12T14:07:10.000Z</time>
      </trkpt>
      <trkpt lat="47.018273" lon="9.861194">
        <ele>2185.233500</ele>
        <time>2026-09-12T14:07:11.000Z</time>
      </trkpt>
      <trkpt lat="47.018268" lon="9.861211">
        <ele>2184.798579</ele>
        <time>2026-09-12T14:07:12.000Z</time>
      </trkpt>
      <trkpt lat="47.018267" lon="9.861230">
        <ele>2184.350925</ele>
        <time>2026-09-12T14:07:13.000Z</time>
      </trkpt>
      <trkpt lat="47.018268" lon="9.861250">
        <ele>2183.879846</ele>
        <time>2026-09-12T14:07:14.000Z</time>
      </trkpt>
      <trkpt lat="47.018270" lon="9.861268">
        <ele>2183.451432</ele>
        <time>2026-09-12T14:07:15.000Z</time>
      </trkpt>
      <trkpt lat="47.018272" lon="9.861286">
        <ele>2183.023018</ele>
        <time>2026-09-12T14:07:16.000Z</time>
      </trkpt>
      <trkpt lat="47.018275" lon="9.861301">
        <ele>2182.655807</ele>
        <time>2026-09-12T14:07:17.000Z</time>
      </trkpt>
      <trkpt lat="47.018280" lon="9.861314">
        <ele>2182.305182</ele>
        <time>2026-09-12T14:07:18.000Z</time>
      </trkpt>
      <trkpt lat="47.018286" lon="9.861327">
        <ele>2181.936404</ele>
        <time>2026-09-12T14:07:19.000Z</time>
      </trkpt>
      <trkpt lat="47.018289" lon="9.861341">
        <ele>2181.591670</ele>
        <time>2026-09-12T14:07:20.000Z</time>
      </trkpt>
      <trkpt lat="47.018289" lon="9.861355">
        <ele>2181.262799</ele>
        <time>2026-09-12T14:07:21.000Z</time>
      </trkpt>
      <trkpt lat="47.018287" lon="9.861369">
        <ele>2180.926785</ele>
        <time>2026-09-12T14:07:22.000Z</time>
      </trkpt>
      <trkpt lat="47.018285" lon="9.861381">
        <ele>2180.636594</ele>
        <time>2026-09-12T14:07:23.000Z</time>
      </trkpt>
      <trkpt lat="47.018285" lon="9.861392">
        <ele>2180.378194</ele>
        <time>2026-09-12T14:07:24.000Z</time>
      </trkpt>
      <trkpt lat="47.018284" lon="9.861404">
        <ele>2180.094206</ele>
        <time>2026-09-12T14:07:25.000Z</time>
      </trkpt>
      <trkpt lat="47.018279" lon="9.861414">
        <ele>2179.802895</ele>
        <time>2026-09-12T14:07:26.000Z</time>
      </trkpt>
      <trkpt lat="47.018271" lon="9.861420">
        <ele>2179.493304</ele>
        <time>2026-09-12T14:07:27.000Z</time>
      </trkpt>
      <trkpt lat="47.018260" lon="9.861423">
        <ele>2179.107793</ele>
        <time>2026-09-12T14:07:28.000Z</time>
      </trkpt>
      <trkpt lat="47.018250" lon="9.861423">
        <ele>2178.763233</ele>
        <time>2026-09-12T14:07:29.000Z</time>
      </trkpt>
      <trkpt lat="47.018242" lon="9.861424">
        <ele>2178.486587</ele>
        <time>2026-09-12T14:07:30.000Z</time>
      </trkpt>
      <trkpt lat="47.018237" lon="9.861430">
        <ele>2178.263998</ele>
        <time>2026-09-12T14:07:31.000Z</time>
      </trkpt>
      <trkpt lat="47.018235" lon="9.861440">
        <ele>2178.019190</ele>
        <time>2026-09-12T14:07:32.000Z</time>
      </trkpt>
      <trkpt lat="47.018237" lon="9.861450">
        <ele>2177.774382</ele>
        <time>2026-09-12T14:07:33.000Z</time>
      </trkpt>
      <trkpt lat="47.018242" lon="9.861456">
        <ele>2177.551794</ele>
        <time>2026-09-12T14:07:34.000Z</time>
      </trkpt>
      <trkpt lat="47.018246" lon="9.861462">
        <ele>2177.354662</ele>
        <time>2026-09-12T14:07:35.000Z</time>
      </trkpt>
      <trkpt lat="47.018249" lon="9.861472">
        <ele>2177.098016</ele>
        <time>2026-09-12T14:07:36.000Z</time>
      </trkpt>
      <trkpt lat="47.018250" lon="9.861483">
        <ele>2176.837330</ele>
        <time>2026-09-12T14:07:37.000Z</time>
      </trkpt>
      <trkpt lat="47.018251" lon="9.861496">
        <ele>2176.530011</ele>
        <time>2026-09-12T14:07:38.000Z</time>
      </trkpt>
      <trkpt lat="47.018250" lon="9.861511">
        <ele>2176.175968</ele>
        <time>2026-09-12T14:07:39.000Z</time>
      </trkpt>
      <trkpt lat="47.018250" lon="9.861525">
        <ele>2175.847096</ele>
        <time>2026-09-12T14:07:40.000Z</time>
      </trkpt>
      <trkpt lat="47.018250" lon="9.861541">
        <ele>2175.471242</ele>
        <time>2026-09-12T14:07:41.000Z</time>
      </trkpt>
      <trkpt lat="47.018251" lon="9.861555">
        <ele>2175.140570</ele>
        <time>2026-09-12T14:07:42.000Z</time>
      </trkpt>
      <trkpt lat="47.018255" lon="9.861569">
        <ele>2174.783986</ele>
        <time>2026-09-12T14:07:43.000Z</time>
      </trkpt>
      <trkpt lat="47.018257" lon="9.861580">
        <ele>2174.516556</ele>
        <time>2026-09-12T14:07:44.000Z</time>
      </trkpt>
      <trkpt lat="47.018257" lon="9.861591">
        <ele>2174.258157</ele>
        <time>2026-09-12T14:07:45.000Z</time>
      </trkpt>
      <trkpt lat="47.018254" lon="9.861601">
        <ele>2174.001511</ele>
        <time>2026-09-12T14:07:46.000Z</time>
      </trkpt>
      <trkpt lat="47.018252" lon="9.861613">
        <ele>2173.711320</ele>
        <time>2026-09-12T14:07:47.000Z</time>
      </trkpt>
      <trkpt lat="47.018253" lon="9.861628">
        <ele>2173.357277</ele>
        <time>2026-09-12T14:07:48.000Z</time>
      </trkpt>
      <trkpt lat="47.018255" lon="9.861642">
        <ele>2173.021262</ele>
        <time>2026-09-12T14:07:49.000Z</time>
      </trkpt>
      <trkpt lat="47.018256" lon="9.861656">
        <ele>2172.690590</ele>
        <time>2026-09-12T14:07:50.000Z</time>
      </trkpt>
      <trkpt lat="47.018255" lon="9.861670">
        <ele>2172.359918</ele>
        <time>2026-09-12T14:07:51.000Z</time>
      </trkpt>
      <trkpt lat="47.018251" lon="9.861684">
        <ele>2172.003334</ele>
        <time>2026-09-12T14:07:52.000Z</time>
      </trkpt>
      <trkpt lat="47.018244" lon="9.861698">
        <ele>2171.595499</ele>
        <time>2026-09-12T14:07:53.000Z</time>
      </trkpt>
      <trkpt lat="47.018237" lon="9.861711">
        <ele>2171.206357</ele>
        <time>2026-09-12T14:07:54.000Z</time>
      </trkpt>
      <trkpt lat="47.018230" lon="9.861722">
        <ele>2170.852884</ele>
        <time>2026-09-12T14:07:55.000Z</time>
      </trkpt>
      <trkpt lat="47.018226" lon="9.861731">
        <ele>2170.600509</ele>
        <time>2026-09-12T14:07:56.000Z</time>
      </trkpt>
      <trkpt lat="47.018225" lon="9.861741">
        <ele>2170.363087</ele>
        <time>2026-09-12T14:07:57.000Z</time>
      </trkpt>
      <trkpt lat="47.018223" lon="9.861751">
        <ele>2170.118279</ele>
        <time>2026-09-12T14:07:58.000Z</time>
      </trkpt>
      <trkpt lat="47.018220" lon="9.861759">
        <ele>2169.903800</ele>
        <time>2026-09-12T14:07:59.000Z</time>
      </trkpt>
      <trkpt lat="47.018214" lon="9.861764">
        <ele>2169.666029</ele>
        <time>2026-09-12T14:08:00.000Z</time>
      </trkpt>
      <trkpt lat="47.018207" lon="9.861766">
        <ele>2169.420304</ele>
        <time>2026-09-12T14:08:01.000Z</time>
      </trkpt>
      <trkpt lat="47.018199" lon="9.861763">
        <ele>2169.135791</ele>
        <time>2026-09-12T14:08:02.000Z</time>
      </trkpt>
      <trkpt lat="47.018192" lon="9.861758">
        <ele>2168.867521</ele>
        <time>2026-09-12T14:08:03.000Z</time>
      </trkpt>
      <trkpt lat="47.018187" lon="9.861753">
        <ele>2168.659012</ele>
        <time>2026-09-12T14:08:04.000Z</time>
      </trkpt>
      <trkpt lat="47.018181" lon="9.861749">
        <ele>2168.431925</ele>
        <time>2026-09-12T14:08:05.000Z</time>
      </trkpt>
      <trkpt lat="47.018175" lon="9.861747">
        <ele>2168.219918</ele>
        <time>2026-09-12T14:08:06.000Z</time>
      </trkpt>
      <trkpt lat="47.018169" lon="9.861745">
        <ele>2168.007911</ele>
        <time>2026-09-12T14:08:07.000Z</time>
      </trkpt>
      <trkpt lat="47.018161" lon="9.861744">
        <ele>2167.731265</ele>
        <time>2026-09-12T14:08:08.000Z</time>
      </trkpt>
      <trkpt lat="47.018150" lon="9.861740">
        <ele>2167.340776</ele>
        <time>2026-09-12T14:08:09.000Z</time>
      </trkpt>
      <trkpt lat="47.018139" lon="9.861735">
        <ele>2166.943979</ele>
        <time>2026-09-12T14:08:10.000Z</time>
      </trkpt>
      <trkpt lat="47.018129" lon="9.861731">
        <ele>2166.586837</ele>
        <time>2026-09-12T14:08:11.000Z</time>
      </trkpt>
      <trkpt lat="47.018120" lon="9.861727">
        <ele>2166.262811</ele>
        <time>2026-09-12T14:08:12.000Z</time>
      </trkpt>
      <trkpt lat="47.018114" lon="9.861726">
        <ele>2166.054745</ele>
        <time>2026-09-12T14:08:13.000Z</time>
      </trkpt>
      <trkpt lat="47.018109" lon="9.861725">
        <ele>2165.880871</ele>
        <time>2026-09-12T14:08:14.000Z</time>
      </trkpt>
      <trkpt lat="47.018106" lon="9.861726">
        <ele>2165.774868</ele>
        <time>2026-09-12T14:08:15.000Z</time>
      </trkpt>
      <trkpt lat="47.018101" lon="9.861726">
        <ele>2165.602588</ele>
        <time>2026-09-12T14:08:16.000Z</time>
      </trkpt>
      <trkpt lat="47.018093" lon="9.861725">
        <ele>2165.325942</ele>
        <time>2026-09-12T14:08:17.000Z</time>
      </trkpt>
      <trkpt lat="47.018084" lon="9.861723">
        <ele>2165.012300</ele>
        <time>2026-09-12T14:08:18.000Z</time>
      </trkpt>
      <trkpt lat="47.018077" lon="9.861720">
        <ele>2164.761023</ele>
        <time>2026-09-12T14:08:19.000Z</time>
      </trkpt>
      <trkpt lat="47.018073" lon="9.861716">
        <ele>2164.594217</ele>
        <time>2026-09-12T14:08:20.000Z</time>
      </trkpt>
      <trkpt lat="47.018070" lon="9.861712">
        <ele>2164.454524</ele>
        <time>2026-09-12T14:08:21.000Z</time>
      </trkpt>
      <trkpt lat="47.018068" lon="9.861708">
        <ele>2164.337999</ele>
        <time>2026-09-12T14:08:22.000Z</time>
      </trkpt>
      <trkpt lat="47.018063" lon="9.861706">
        <ele>2164.159428</ele>
        <time>2026-09-12T14:08:23.000Z</time>
      </trkpt>
      <trkpt lat="47.018056" lon="9.861707">
        <ele>2163.917095</ele>
        <time>2026-09-12T14:08:24.000Z</time>
      </trkpt>
      <trkpt lat="47.018047" lon="9.861709">
        <ele>2163.603453</ele>
        <time>2026-09-12T14:08:25.000Z</time>
      </trkpt>
      <trkpt lat="47.018039" lon="9.861713">
        <ele>2163.312231</ele>
        <time>2026-09-12T14:08:26.000Z</time>
      </trkpt>
      <trkpt lat="47.018031" lon="9.861717">
        <ele>2163.021008</ele>
        <time>2026-09-12T14:08:27.000Z</time>
      </trkpt>
      <trkpt lat="47.018024" lon="9.861720">
        <ele>2162.769732</ele>
        <time>2026-09-12T14:08:28.000Z</time>
      </trkpt>
      <trkpt lat="47.018016" lon="9.861721">
        <ele>2162.493085</ele>
        <time>2026-09-12T14:08:29.000Z</time>
      </trkpt>
      <trkpt lat="47.018007" lon="9.861722">
        <ele>2162.182094</ele>
        <time>2026-09-12T14:08:30.000Z</time>
      </trkpt>
      <trkpt lat="47.017998" lon="9.861723">
        <ele>2161.871102</ele>
        <time>2026-09-12T14:08:31.000Z</time>
      </trkpt>
      <trkpt lat="47.017992" lon="9.861724">
        <ele>2161.663036</ele>
        <time>2026-09-12T14:08:32.000Z</time>
      </trkpt>
      <trkpt lat="47.017988" lon="9.861727">
        <ele>2161.508240</ele>
        <time>2026-09-12T14:08:33.000Z</time>
      </trkpt>
      <trkpt lat="47.017985" lon="9.861731">
        <ele>2161.368547</ele>
        <time>2026-09-12T14:08:34.000Z</time>
      </trkpt>
      <trkpt lat="47.017982" lon="9.861737">
        <ele>2161.193760</ele>
        <time>2026-09-12T14:08:35.000Z</time>
      </trkpt>
      <trkpt lat="47.017978" lon="9.861745">
        <ele>2160.960710</ele>
        <time>2026-09-12T14:08:36.000Z</time>
      </trkpt>
      <trkpt lat="47.017976" lon="9.861752">
        <ele>2160.782417</ele>
        <time>2026-09-12T14:08:36.999Z</time>
      </trkpt>
      <trkpt lat="47.017974" lon="9.861757">
        <ele>2160.646239</ele>
        <time>2026-09-12T14:08:37.999Z</time>
      </trkpt>
      <trkpt lat="47.017971" lon="9.861762">
        <ele>2160.489777</ele>
        <time>2026-09-12T14:08:38.999Z</time>
      </trkpt>
      <trkpt lat="47.017966" lon="9.861768">
        <ele>2160.267187</ele>
        <time>2026-09-12T14:08:39.999Z</time>
      </trkpt>
      <trkpt lat="47.017958" lon="9.861775">
        <ele>2159.946219</ele>
        <time>2026-09-12T14:08:40.999Z</time>
      </trkpt>
      <trkpt lat="47.017948" lon="9.861781">
        <ele>2159.573946</ele>
        <time>2026-09-12T14:08:41.999Z</time>
      </trkpt>
      <trkpt lat="47.017937" lon="9.861785">
        <ele>2159.183457</ele>
        <time>2026-09-12T14:08:42.999Z</time>
      </trkpt>
      <trkpt lat="47.017926" lon="9.861785">
        <ele>2158.804442</ele>
        <time>2026-09-12T14:08:43.999Z</time>
      </trkpt>
      <trkpt lat="47.017917" lon="9.861784">
        <ele>2158.493450</ele>
        <time>2026-09-12T14:08:44.999Z</time>
      </trkpt>
      <trkpt lat="47.017910" lon="9.861783">
        <ele>2158.251118</ele>
        <time>2026-09-12T14:08:45.999Z</time>
      </trkpt>
      <trkpt lat="47.017905" lon="9.861783">
        <ele>2158.078838</ele>
        <time>2026-09-12T14:08:46.999Z</time>
      </trkpt>
      <trkpt lat="47.017901" lon="9.861785">
        <ele>2157.933227</ele>
        <time>2026-09-12T14:08:47.999Z</time>
      </trkpt>
      <trkpt lat="47.017896" lon="9.861788">
        <ele>2157.747090</ele>
        <time>2026-09-12T14:08:48.999Z</time>
      </trkpt>
      <trkpt lat="47.017891" lon="9.861792">
        <ele>2157.550852</ele>
        <time>2026-09-12T14:08:49.999Z</time>
      </trkpt>
      <trkpt lat="47.017887" lon="9.861797">
        <ele>2157.369769</ele>
        <time>2026-09-12T14:08:50.999Z</time>
      </trkpt>
      <trkpt lat="47.017883" lon="9.861801">
        <ele>2157.202962</ele>
        <time>2026-09-12T14:08:51.999Z</time>
      </trkpt>
      <trkpt lat="47.017878" lon="9.861805">
        <ele>2157.006724</ele>
        <time>2026-09-12T14:08:52.999Z</time>
      </trkpt>
      <trkpt lat="47.017872" lon="9.861807">
        <ele>2156.794717</ele>
        <time>2026-09-12T14:08:53.999Z</time>
      </trkpt>
      <trkpt lat="47.017868" lon="9.861806">
        <ele>2156.654905</ele>
        <time>2026-09-12T14:08:54.999Z</time>
      </trkpt>
      <trkpt lat="47.017864" lon="9.861801">
        <ele>2156.473822</ele>
        <time>2026-09-12T14:08:55.999Z</time>
      </trkpt>
      <trkpt lat="47.017861" lon="9.861794">
        <ele>2156.279595</ele>
        <time>2026-09-12T14:08:56.999Z</time>
      </trkpt>
      <trkpt lat="47.017858" lon="9.861787">
        <ele>2156.085367</ele>
        <time>2026-09-12T14:08:57.999Z</time>
      </trkpt>
      <trkpt lat="47.017854" lon="9.861784">
        <ele>2155.930571</ele>
        <time>2026-09-12T14:08:58.999Z</time>
      </trkpt>
      <trkpt lat="47.017850" lon="9.861782">
        <ele>2155.784959</ele>
        <time>2026-09-12T14:08:59.999Z</time>
      </trkpt>
      <trkpt lat="47.017845" lon="9.861781">
        <ele>2155.611085</ele>
        <time>2026-09-12T14:09:00.999Z</time>
      </trkpt>
      <trkpt lat="47.017841" lon="9.861782">
        <ele>2155.471274</ele>
        <time>2026-09-12T14:09:01.999Z</time>
      </trkpt>
      <trkpt lat="47.017838" lon="9.861786">
        <ele>2155.331581</ele>
        <time>2026-09-12T14:09:02.999Z</time>
      </trkpt>
      <trkpt lat="47.017838" lon="9.861793">
        <ele>2155.167144</ele>
        <time>2026-09-12T14:09:03.999Z</time>
      </trkpt>
      <trkpt lat="47.017839" lon="9.861802">
        <ele>2154.952935</ele>
        <time>2026-09-12T14:09:04.999Z</time>
      </trkpt>
      <trkpt lat="47.017841" lon="9.861812">
        <ele>2154.708126</ele>
        <time>2026-09-12T14:09:05.999Z</time>
      </trkpt>
      <trkpt lat="47.017844" lon="9.861823">
        <ele>2154.429816</ele>
        <time>2026-09-12T14:09:06.999Z</time>
      </trkpt>
      <trkpt lat="47.017847" lon="9.861835">
        <ele>2154.129569</ele>
        <time>2026-09-12T14:09:07.999Z</time>
      </trkpt>
      <trkpt lat="47.017852" lon="9.861846">
        <ele>2153.819003</ele>
        <time>2026-09-12T14:09:08.999Z</time>
      </trkpt>
      <trkpt lat="47.017858" lon="9.861856">
        <ele>2153.506078</ele>
        <time>2026-09-12T14:09:09.999Z</time>
      </trkpt>
      <trkpt lat="47.017865" lon="9.861863">
        <ele>2153.214165</ele>
        <time>2026-09-12T14:09:10.999Z</time>
      </trkpt>
      <trkpt lat="47.017871" lon="9.861867">
        <ele>2152.987077</ele>
        <time>2026-09-12T14:09:11.999Z</time>
      </trkpt>
      <trkpt lat="47.017875" lon="9.861868">
        <ele>2152.847266</ele>
        <time>2026-09-12T14:09:12.999Z</time>
      </trkpt>
      <trkpt lat="47.017878" lon="9.861870">
        <ele>2152.733722</ele>
        <time>2026-09-12T14:09:13.999Z</time>
      </trkpt>
      <trkpt lat="47.017880" lon="9.861873">
        <ele>2152.635156</ele>
        <time>2026-09-12T14:09:14.999Z</time>
      </trkpt>
      <trkpt lat="47.017881" lon="9.861877">
        <ele>2152.535074</ele>
        <time>2026-09-12T14:09:15.999Z</time>
      </trkpt>
      <trkpt lat="47.017880" lon="9.861883">
        <ele>2152.389977</ele>
        <time>2026-09-12T14:09:16.999Z</time>
      </trkpt>
      <trkpt lat="47.017879" lon="9.861890">
        <ele>2152.221969</ele>
        <time>2026-09-12T14:09:17.999Z</time>
      </trkpt>
      <trkpt lat="47.017876" lon="9.861898">
        <ele>2152.007489</ele>
        <time>2026-09-12T14:09:18.999Z</time>
      </trkpt>
      <trkpt lat="47.017874" lon="9.861902">
        <ele>2151.890964</ele>
        <time>2026-09-12T14:09:19.999Z</time>
      </trkpt>
      <trkpt lat="47.017872" lon="9.861905">
        <ele>2151.792397</ele>
        <time>2026-09-12T14:09:20.999Z</time>
      </trkpt>
      <trkpt lat="47.017872" lon="9.861908">
        <ele>2151.721924</ele>
        <time>2026-09-12T14:09:21.999Z</time>
      </trkpt>
      <trkpt lat="47.017873" lon="9.861915">
        <ele>2151.553916</ele>
        <time>2026-09-12T14:09:22.999Z</time>
      </trkpt>
      <trkpt lat="47.017873" lon="9.861925">
        <ele>2151.319006</ele>
        <time>2026-09-12T14:09:23.999Z</time>
      </trkpt>
      <trkpt lat="47.017874" lon="9.861934">
        <ele>2151.104797</ele>
        <time>2026-09-12T14:09:24.999Z</time>
      </trkpt>
      <trkpt lat="47.017874" lon="9.861941">
        <ele>2150.940360</ele>
        <time>2026-09-12T14:09:25.999Z</time>
      </trkpt>
      <trkpt lat="47.017874" lon="9.861949">
        <ele>2150.752432</ele>
        <time>2026-09-12T14:09:26.999Z</time>
      </trkpt>
      <trkpt lat="47.017873" lon="9.861954">
        <ele>2150.630027</ele>
        <time>2026-09-12T14:09:27.999Z</time>
      </trkpt>
      <trkpt lat="47.017870" lon="9.861960">
        <ele>2150.455240</ele>
        <time>2026-09-12T14:09:28.999Z</time>
      </trkpt>
      <trkpt lat="47.017866" lon="9.861967">
        <ele>2150.240682</ele>
        <time>2026-09-12T14:09:29.999Z</time>
      </trkpt>
      <trkpt lat="47.017863" lon="9.861973">
        <ele>2150.065895</ele>
        <time>2026-09-12T14:09:30.999Z</time>
      </trkpt>
      <trkpt lat="47.017862" lon="9.861976">
        <ele>2149.987449</ele>
        <time>2026-09-12T14:09:31.999Z</time>
      </trkpt>
      <trkpt lat="47.017861" lon="9.861976">
        <ele>2149.952994</ele>
        <time>2026-09-12T14:09:32.999Z</time>
      </trkpt>
      <trkpt lat="47.017859" lon="9.861978">
        <ele>2149.869590</ele>
        <time>2026-09-12T14:09:33.999Z</time>
      </trkpt>
      <trkpt lat="47.017855" lon="9.861982">
        <ele>2149.702783</ele>
        <time>2026-09-12T14:09:34.999Z</time>
      </trkpt>
      <trkpt lat="47.017851" lon="9.861986">
        <ele>2149.535976</ele>
        <time>2026-09-12T14:09:35.999Z</time>
      </trkpt>
      <trkpt lat="47.017849" lon="9.861987">
        <ele>2149.463170</ele>
        <time>2026-09-12T14:09:36.999Z</time>
      </trkpt>
      <trkpt lat="47.017849" lon="9.861988">
        <ele>2149.439679</ele>
        <time>2026-09-12T14:09:37.999Z</time>
      </trkpt>
      <trkpt lat="47.017849" lon="9.861988">
        <ele>2149.439679</ele>
        <time>2026-09-12T14:09:38.999Z</time>
      </trkpt>
      <trkpt lat="47.017848" lon="9.861991">
        <ele>2149.361234</ele>
        <time>2026-09-12T14:09:39.999Z</time>
      </trkpt>
      <trkpt lat="47.017848" lon="9.861996">
        <ele>2149.243779</ele>
        <time>2026-09-12T14:09:40.999Z</time>
      </trkpt>
      <trkpt lat="47.017850" lon="9.862005">
        <ele>2149.021412</ele>
        <time>2026-09-12T14:09:41.999Z</time>
      </trkpt>
      <trkpt lat="47.017854" lon="9.862012">
        <ele>2148.806854</ele>
        <time>2026-09-12T14:09:42.999Z</time>
      </trkpt>
      <trkpt lat="47.017857" lon="9.862018">
        <ele>2148.632067</ele>
        <time>2026-09-12T14:09:43.999Z</time>
      </trkpt>
      <trkpt lat="47.017860" lon="9.862021">
        <ele>2148.506961</ele>
        <time>2026-09-12T14:09:44.999Z</time>
      </trkpt>
      <trkpt lat="47.017862" lon="9.862022">
        <ele>2148.434156</ele>
        <time>2026-09-12T14:09:45.999Z</time>
      </trkpt>
      <trkpt lat="47.017862" lon="9.862023">
        <ele>2148.410665</ele>
        <time>2026-09-12T14:09:46.999Z</time>
      </trkpt>
      <trkpt lat="47.017861" lon="9.862024">
        <ele>2148.368963</ele>
        <time>2026-09-12T14:09:47.999Z</time>
      </trkpt>
      <trkpt lat="47.017860" lon="9.862026">
        <ele>2148.310700</ele>
        <time>2026-09-12T14:09:48.999Z</time>
      </trkpt>
      <trkpt lat="47.017859" lon="9.862029">
        <ele>2148.232255</ele>
        <time>2026-09-12T14:09:49.999Z</time>
      </trkpt>
      <trkpt lat="47.017859" lon="9.862033">
        <ele>2148.138291</ele>
        <time>2026-09-12T14:09:50.999Z</time>
      </trkpt>
      <trkpt lat="47.017861" lon="9.862038">
        <ele>2148.002113</ele>
        <time>2026-09-12T14:09:51.999Z</time>
      </trkpt>
      <trkpt lat="47.017865" lon="9.862046">
        <ele>2147.769062</ele>
        <time>2026-09-12T14:09:52.999Z</time>
      </trkpt>
      <trkpt lat="47.017870" lon="9.862057">
        <ele>2147.458496</ele>
        <time>2026-09-12T14:09:53.999Z</time>
      </trkpt>
      <trkpt lat="47.017875" lon="9.862069">
        <ele>2147.128127</ele>
        <time>2026-09-12T14:09:54.999Z</time>
      </trkpt>
      <trkpt lat="47.017878" lon="9.862081">
        <ele>2146.827881</ele>
        <time>2026-09-12T14:09:55.999Z</time>
      </trkpt>
      <trkpt lat="47.017877" lon="9.862093">
        <ele>2146.543891</ele>
        <time>2026-09-12T14:09:56.999Z</time>
      </trkpt>
      <trkpt lat="47.017873" lon="9.862107">
        <ele>2146.187304</ele>
        <time>2026-09-12T14:09:57.999Z</time>
      </trkpt>
      <trkpt lat="47.017866" lon="9.862119">
        <ele>2145.816311</ele>
        <time>2026-09-12T14:09:58.999Z</time>
      </trkpt>
      <trkpt lat="47.017860" lon="9.862130">
        <ele>2145.485386</ele>
        <time>2026-09-12T14:09:59.999Z</time>
      </trkpt>
      <trkpt lat="47.017856" lon="9.862138">
        <ele>2145.252336</ele>
        <time>2026-09-12T14:10:00.999Z</time>
      </trkpt>
      <trkpt lat="47.017855" lon="9.862142">
        <ele>2145.152254</ele>
        <time>2026-09-12T14:10:01.999Z</time>
      </trkpt>
      <trkpt lat="47.017854" lon="9.862145">
        <ele>2145.073809</ele>
        <time>2026-09-12T14:10:02.999Z</time>
      </trkpt>
      <trkpt lat="47.017851" lon="9.862148">
        <ele>2144.948703</ele>
        <time>2026-09-12T14:10:03.999Z</time>
      </trkpt>
      <trkpt lat="47.017844" lon="9.862150">
        <ele>2144.702979</ele>
        <time>2026-09-12T14:10:04.999Z</time>
      </trkpt>
      <trkpt lat="47.017836" lon="9.862150">
        <ele>2144.427331</ele>
        <time>2026-09-12T14:10:05.999Z</time>
      </trkpt>
      <trkpt lat="47.017829" lon="9.862148">
        <ele>2144.181607</ele>
        <time>2026-09-12T14:10:06.999Z</time>
      </trkpt>
      <trkpt lat="47.017826" lon="9.862145">
        <ele>2144.056501</ele>
        <time>2026-09-12T14:10:07.999Z</time>
      </trkpt>
      <trkpt lat="47.017824" lon="9.862142">
        <ele>2143.957935</ele>
        <time>2026-09-12T14:10:08.999Z</time>
      </trkpt>
      <trkpt lat="47.017822" lon="9.862141">
        <ele>2143.885129</ele>
        <time>2026-09-12T14:10:09.999Z</time>
      </trkpt>
      <trkpt lat="47.017820" lon="9.862141">
        <ele>2143.816218</ele>
        <time>2026-09-12T14:10:10.999Z</time>
      </trkpt>
      <trkpt lat="47.017818" lon="9.862144">
        <ele>2143.717651</ele>
        <time>2026-09-12T14:10:11.999Z</time>
      </trkpt>
      <trkpt lat="47.017815" lon="9.862149">
        <ele>2143.561188</ele>
        <time>2026-09-12T14:10:12.999Z</time>
      </trkpt>
      <trkpt lat="47.017813" lon="9.862155">
        <ele>2143.406617</ele>
        <time>2026-09-12T14:10:13.999Z</time>
      </trkpt>
      <trkpt lat="47.017810" lon="9.862161">
        <ele>2143.237374</ele>
        <time>2026-09-12T14:10:14.999Z</time>
      </trkpt>
      <trkpt lat="47.017808" lon="9.862165">
        <ele>2143.124546</ele>
        <time>2026-09-12T14:10:15.999Z</time>
      </trkpt>
      <trkpt lat="47.017806" lon="9.862168">
        <ele>2143.029106</ele>
        <time>2026-09-12T14:10:16.999Z</time>
      </trkpt>
      <trkpt lat="47.017805" lon="9.862171">
        <ele>2142.953150</ele>
        <time>2026-09-12T14:10:17.999Z</time>
      </trkpt>
      <trkpt lat="47.017804" lon="9.862177">
        <ele>2142.812656</ele>
        <time>2026-09-12T14:10:18.999Z</time>
      </trkpt>
      <trkpt lat="47.017803" lon="9.862185">
        <ele>2142.627656</ele>
        <time>2026-09-12T14:10:19.999Z</time>
      </trkpt>
      <trkpt lat="47.017802" lon="9.862192">
        <ele>2142.464977</ele>
        <time>2026-09-12T14:10:20.999Z</time>
      </trkpt>
      <trkpt lat="47.017801" lon="9.862200">
        <ele>2142.279977</ele>
        <time>2026-09-12T14:10:21.999Z</time>
      </trkpt>
      <trkpt lat="47.017800" lon="9.862208">
        <ele>2142.094977</ele>
        <time>2026-09-12T14:10:22.999Z</time>
      </trkpt>
      <trkpt lat="47.017797" lon="9.862218">
        <ele>2141.846472</ele>
        <time>2026-09-12T14:10:23.999Z</time>
      </trkpt>
      <trkpt lat="47.017793" lon="9.862229">
        <ele>2141.562903</ele>
        <time>2026-09-12T14:10:24.999Z</time>
      </trkpt>
      <trkpt lat="47.017786" lon="9.862234">
        <ele>2141.303143</ele>
        <time>2026-09-12T14:10:25.999Z</time>
      </trkpt>
      <trkpt lat="47.017779" lon="9.862227">
        <ele>2141.020491</ele>
        <time>2026-09-12T14:10:26.999Z</time>
      </trkpt>
      <trkpt lat="47.017774" lon="9.862214">
        <ele>2140.680986</ele>
        <time>2026-09-12T14:10:27.999Z</time>
      </trkpt>
      <trkpt lat="47.017770" lon="9.862203">
        <ele>2140.397417</ele>
        <time>2026-09-12T14:10:28.999Z</time>
      </trkpt>
      <trkpt lat="47.017766" lon="9.862194">
        <ele>2140.153047</ele>
        <time>2026-09-12T14:10:29.999Z</time>
      </trkpt>
      <trkpt lat="47.017760" lon="9.862183">
        <ele>2139.832621</ele>
        <time>2026-09-12T14:10:30.999Z</time>
      </trkpt>
      <trkpt lat="47.017756" lon="9.862171">
        <ele>2139.528793</ele>
        <time>2026-09-12T14:10:31.999Z</time>
      </trkpt>
      <trkpt lat="47.017753" lon="9.862162">
        <ele>2139.300923</ele>
        <time>2026-09-12T14:10:32.999Z</time>
      </trkpt>
      <trkpt lat="47.017752" lon="9.862156">
        <ele>2139.160429</ele>
        <time>2026-09-12T14:10:33.999Z</time>
      </trkpt>
      <trkpt lat="47.017750" lon="9.862154">
        <ele>2139.079671</ele>
        <time>2026-09-12T14:10:34.999Z</time>
      </trkpt>
      <trkpt lat="47.017747" lon="9.862154">
        <ele>2138.979583</ele>
        <time>2026-09-12T14:10:35.999Z</time>
      </trkpt>
      <trkpt lat="47.017741" lon="9.862155">
        <ele>2138.778117</ele>
        <time>2026-09-12T14:10:36.999Z</time>
      </trkpt>
      <trkpt lat="47.017734" lon="9.862154">
        <ele>2138.543472</ele>
        <time>2026-09-12T14:10:37.999Z</time>
      </trkpt>
      <trkpt lat="47.017727" lon="9.862152">
        <ele>2138.305543</ele>
        <time>2026-09-12T14:10:38.999Z</time>
      </trkpt>
      <trkpt lat="47.017721" lon="9.862150">
        <ele>2138.100261</ele>
        <time>2026-09-12T14:10:39.999Z</time>
      </trkpt>
      <trkpt lat="47.017716" lon="9.862151">
        <ele>2137.931903</ele>
        <time>2026-09-12T14:10:40.999Z</time>
      </trkpt>
      <trkpt lat="47.017711" lon="9.862152">
        <ele>2137.763546</ele>
        <time>2026-09-12T14:10:41.999Z</time>
      </trkpt>
      <trkpt lat="47.017707" lon="9.862154">
        <ele>2137.622553</ele>
        <time>2026-09-12T14:10:42.999Z</time>
      </trkpt>
      <trkpt lat="47.017702" lon="9.862159">
        <ele>2137.420659</ele>
        <time>2026-09-12T14:10:43.999Z</time>
      </trkpt>
      <trkpt lat="47.017697" lon="9.862167">
        <ele>2137.173801</ele>
        <time>2026-09-12T14:10:44.999Z</time>
      </trkpt>
      <trkpt lat="47.017689" lon="9.862177">
        <ele>2136.823123</ele>
        <time>2026-09-12T14:10:45.999Z</time>
      </trkpt>
      <trkpt lat="47.017682" lon="9.862186">
        <ele>2136.512562</ele>
        <time>2026-09-12T14:10:46.999Z</time>
      </trkpt>
      <trkpt lat="47.017675" lon="9.862189">
        <ele>2136.269257</ele>
        <time>2026-09-12T14:10:47.999Z</time>
      </trkpt>
      <trkpt lat="47.017669" lon="9.862188">
        <ele>2136.067791</ele>
        <time>2026-09-12T14:10:48.999Z</time>
      </trkpt>
      <trkpt lat="47.017663" lon="9.862186">
        <ele>2135.862510</ele>
        <time>2026-09-12T14:10:49.999Z</time>
      </trkpt>
      <trkpt lat="47.017656" lon="9.862186">
        <ele>2135.628970</ele>
        <time>2026-09-12T14:10:50.999Z</time>
      </trkpt>
      <trkpt lat="47.017649" lon="9.862190">
        <ele>2135.378333</ele>
        <time>2026-09-12T14:10:51.999Z</time>
      </trkpt>
      <trkpt lat="47.017642" lon="9.862195">
        <ele>2135.118573</ele>
        <time>2026-09-12T14:10:52.999Z</time>
      </trkpt>
      <trkpt lat="47.017633" lon="9.862201">
        <ele>2134.788747</ele>
        <time>2026-09-12T14:10:53.999Z</time>
      </trkpt>
      <trkpt lat="47.017622" lon="9.862205">
        <ele>2134.410646</ele>
        <time>2026-09-12T14:10:54.999Z</time>
      </trkpt>
      <trkpt lat="47.017611" lon="9.862207">
        <ele>2134.040845</ele>
        <time>2026-09-12T14:10:55.999Z</time>
      </trkpt>
      <trkpt lat="47.017601" lon="9.862210">
        <ele>2133.700310</ele>
        <time>2026-09-12T14:10:56.999Z</time>
      </trkpt>
      <trkpt lat="47.017591" lon="9.862214">
        <ele>2133.354498</ele>
        <time>2026-09-12T14:10:57.999Z</time>
      </trkpt>
      <trkpt lat="47.017581" lon="9.862216">
        <ele>2133.017782</ele>
        <time>2026-09-12T14:10:58.999Z</time>
      </trkpt>
      <trkpt lat="47.017572" lon="9.862209">
        <ele>2132.677913</ele>
        <time>2026-09-12T14:10:59.999Z</time>
      </trkpt>
      <trkpt lat="47.017566" lon="9.862193">
        <ele>2132.262558</ele>
        <time>2026-09-12T14:11:00.999Z</time>
      </trkpt>
      <trkpt lat="47.017563" lon="9.862174">
        <ele>2131.818946</ele>
        <time>2026-09-12T14:11:01.999Z</time>
      </trkpt>
      <trkpt lat="47.017557" lon="9.862160">
        <ele>2131.442812</ele>
        <time>2026-09-12T14:11:02.999Z</time>
      </trkpt>
      <trkpt lat="47.017549" lon="9.862154">
        <ele>2131.143041</ele>
        <time>2026-09-12T14:11:03.999Z</time>
      </trkpt>
      <trkpt lat="47.017538" lon="9.862155">
        <ele>2130.775345</ele>
        <time>2026-09-12T14:11:04.999Z</time>
      </trkpt>
      <trkpt lat="47.017529" lon="9.862162">
        <ele>2130.435476</ele>
        <time>2026-09-12T14:11:05.999Z</time>
      </trkpt>
      <trkpt lat="47.017520" lon="9.862172">
        <ele>2130.058784</ele>
        <time>2026-09-12T14:11:06.999Z</time>
      </trkpt>
      <trkpt lat="47.017512" lon="9.862179">
        <ele>2129.747996</ele>
        <time>2026-09-12T14:11:07.999Z</time>
      </trkpt>
      <trkpt lat="47.017502" lon="9.862179">
        <ele>2129.414368</ele>
        <time>2026-09-12T14:11:08.999Z</time>
      </trkpt>
      <trkpt lat="47.017494" lon="9.862170">
        <ele>2129.077998</ele>
        <time>2026-09-12T14:11:09.999Z</time>
      </trkpt>
      <trkpt lat="47.017488" lon="9.862156">
        <ele>2128.701863</ele>
        <time>2026-09-12T14:11:10.999Z</time>
      </trkpt>
      <trkpt lat="47.017485" lon="9.862141">
        <ele>2128.346296</ele>
        <time>2026-09-12T14:11:11.999Z</time>
      </trkpt>
      <trkpt lat="47.017485" lon="9.862132">
        <ele>2128.141582</ele>
        <time>2026-09-12T14:11:12.999Z</time>
      </trkpt>
      <trkpt lat="47.017483" lon="9.862126">
        <ele>2127.989668</ele>
        <time>2026-09-12T14:11:13.999Z</time>
      </trkpt>
      <trkpt lat="47.017477" lon="9.862116">
        <ele>2127.686668</ele>
        <time>2026-09-12T14:11:14.999Z</time>
      </trkpt>
      <trkpt lat="47.017468" lon="9.862105">
        <ele>2127.295820</ele>
        <time>2026-09-12T14:11:15.999Z</time>
      </trkpt>
      <trkpt lat="47.017459" lon="9.862095">
        <ele>2126.919127</ele>
        <time>2026-09-12T14:11:16.999Z</time>
      </trkpt>
      <trkpt lat="47.017450" lon="9.862086">
        <ele>2126.555716</ele>
        <time>2026-09-12T14:11:17.999Z</time>
      </trkpt>
      <trkpt lat="47.017443" lon="9.862079">
        <ele>2126.273064</ele>
        <time>2026-09-12T14:11:18.999Z</time>
      </trkpt>
      <trkpt lat="47.017440" lon="9.862074">
        <ele>2126.121564</ele>
        <time>2026-09-12T14:11:19.999Z</time>
      </trkpt>
      <trkpt lat="47.017441" lon="9.862069">
        <ele>2126.003041</ele>
        <time>2026-09-12T14:11:20.999Z</time>
      </trkpt>
      <trkpt lat="47.017442" lon="9.862061">
        <ele>2125.818040</ele>
        <time>2026-09-12T14:11:21.999Z</time>
      </trkpt>
      <trkpt lat="47.017442" lon="9.862051">
        <ele>2125.590580</ele>
        <time>2026-09-12T14:11:22.999Z</time>
      </trkpt>
      <trkpt lat="47.017442" lon="9.862041">
        <ele>2125.363120</ele>
        <time>2026-09-12T14:11:23.999Z</time>
      </trkpt>
      <trkpt lat="47.017442" lon="9.862030">
        <ele>2125.112914</ele>
        <time>2026-09-12T14:11:24.999Z</time>
      </trkpt>
      <trkpt lat="47.017443" lon="9.862019">
        <ele>2124.860494</ele>
        <time>2026-09-12T14:11:25.999Z</time>
      </trkpt>
      <trkpt lat="47.017445" lon="9.862009">
        <ele>2124.623449</ele>
        <time>2026-09-12T14:11:26.999Z</time>
      </trkpt>
      <trkpt lat="47.017449" lon="9.862000">
        <ele>2124.379078</ele>
        <time>2026-09-12T14:11:27.999Z</time>
      </trkpt>
      <trkpt lat="47.017451" lon="9.861992">
        <ele>2124.185262</ele>
        <time>2026-09-12T14:11:28.999Z</time>
      </trkpt>
      <trkpt lat="47.017450" lon="9.861984">
        <ele>2124.000261</ele>
        <time>2026-09-12T14:11:29.999Z</time>
      </trkpt>
      <trkpt lat="47.017447" lon="9.861973">
        <ele>2123.730779</ele>
        <time>2026-09-12T14:11:30.999Z</time>
      </trkpt>
      <trkpt lat="47.017442" lon="9.861961">
        <ele>2123.410889</ele>
        <time>2026-09-12T14:11:31.999Z</time>
      </trkpt>
      <trkpt lat="47.017436" lon="9.861947">
        <ele>2123.034754</ele>
        <time>2026-09-12T14:11:32.999Z</time>
      </trkpt>
      <trkpt lat="47.017431" lon="9.861935">
        <ele>2122.714864</ele>
        <time>2026-09-12T14:11:33.999Z</time>
      </trkpt>
      <trkpt lat="47.017427" lon="9.861926">
        <ele>2122.470493</ele>
        <time>2026-09-12T14:11:34.999Z</time>
      </trkpt>
      <trkpt lat="47.017422" lon="9.861919">
        <ele>2122.239888</ele>
        <time>2026-09-12T14:11:35.999Z</time>
      </trkpt>
      <trkpt lat="47.017418" lon="9.861910">
        <ele>2121.995517</ele>
        <time>2026-09-12T14:11:36.999Z</time>
      </trkpt>
      <trkpt lat="47.017414" lon="9.861900">
        <ele>2121.731799</ele>
        <time>2026-09-12T14:11:37.999Z</time>
      </trkpt>
      <trkpt lat="47.017410" lon="9.861888">
        <ele>2121.427970</ele>
        <time>2026-09-12T14:11:38.999Z</time>
      </trkpt>
      <trkpt lat="47.017405" lon="9.861875">
        <ele>2121.088464</ele>
        <time>2026-09-12T14:11:39.999Z</time>
      </trkpt>
      <trkpt lat="47.017398" lon="9.861861">
        <ele>2120.693562</ele>
        <time>2026-09-12T14:11:40.999Z</time>
      </trkpt>
      <trkpt lat="47.017391" lon="9.861848">
        <ele>2120.316762</ele>
        <time>2026-09-12T14:11:41.999Z</time>
      </trkpt>
      <trkpt lat="47.017383" lon="9.861837">
        <ele>2119.950920</ele>
        <time>2026-09-12T14:11:42.999Z</time>
      </trkpt>
      <trkpt lat="47.017376" lon="9.861826">
        <ele>2119.608657</ele>
        <time>2026-09-12T14:11:43.999Z</time>
      </trkpt>
      <trkpt lat="47.017370" lon="9.861817">
        <ele>2119.322337</ele>
        <time>2026-09-12T14:11:44.999Z</time>
      </trkpt>
      <trkpt lat="47.017363" lon="9.861809">
        <ele>2119.026274</ele>
        <time>2026-09-12T14:11:45.999Z</time>
      </trkpt>
      <trkpt lat="47.017357" lon="9.861802">
        <ele>2118.770496</ele>
        <time>2026-09-12T14:11:46.999Z</time>
      </trkpt>
      <trkpt lat="47.017355" lon="9.861803">
        <ele>2118.700000</ele>
        <time>2026-09-12T14:11:47.999Z</time>
      </trkpt>
      <trkpt lat="47.017356" lon="9.861807">
        <ele>2118.603092</ele>
        <time>2026-09-12T14:11:48.999Z</time>
      </trkpt>
      <trkpt lat="47.017355" lon="9.861810">
        <ele>2118.527134</ele>
        <time>2026-09-12T14:11:49.999Z</time>
      </trkpt>
      <trkpt lat="47.017353" lon="9.861809">
        <ele>2118.456638</ele>
        <time>2026-09-12T14:11:50.999Z</time>
      </trkpt>
      <trkpt lat="47.017349" lon="9.861804">
        <ele>2118.281299</ele>
        <time>2026-09-12T14:11:51.999Z</time>
      </trkpt>
      <trkpt lat="47.017344" lon="9.861797">
        <ele>2118.050694</ele>
        <time>2026-09-12T14:11:52.999Z</time>
      </trkpt>
      <trkpt lat="47.017340" lon="9.861788">
        <ele>2117.806323</ele>
        <time>2026-09-12T14:11:53.999Z</time>
      </trkpt>
      <trkpt lat="47.017337" lon="9.861777">
        <ele>2117.536840</ele>
        <time>2026-09-12T14:11:54.999Z</time>
      </trkpt>
      <trkpt lat="47.017335" lon="9.861767">
        <ele>2117.299795</ele>
        <time>2026-09-12T14:11:55.999Z</time>
      </trkpt>
      <trkpt lat="47.017332" lon="9.861759">
        <ele>2117.092116</ele>
        <time>2026-09-12T14:11:56.999Z</time>
      </trkpt>
      <trkpt lat="47.017331" lon="9.861752">
        <ele>2116.929436</ele>
        <time>2026-09-12T14:11:57.999Z</time>
      </trkpt>
      <trkpt lat="47.017331" lon="9.861745">
        <ele>2116.770214</ele>
        <time>2026-09-12T14:11:58.999Z</time>
      </trkpt>
      <trkpt lat="47.017335" lon="9.861734">
        <ele>2116.486643</ele>
        <time>2026-09-12T14:11:59.999Z</time>
      </trkpt>
      <trkpt lat="47.017341" lon="9.861720">
        <ele>2116.110508</ele>
        <time>2026-09-12T14:12:00.999Z</time>
      </trkpt>
      <trkpt lat="47.017346" lon="9.861710">
        <ele>2115.828435</ele>
        <time>2026-09-12T14:12:01.999Z</time>
      </trkpt>
      <trkpt lat="47.017345" lon="9.861705">
        <ele>2115.709912</ele>
        <time>2026-09-12T14:12:02.999Z</time>
      </trkpt>
      <trkpt lat="47.017342" lon="9.861700">
        <ele>2115.558412</ele>
        <time>2026-09-12T14:12:03.999Z</time>
      </trkpt>
      <trkpt lat="47.017336" lon="9.861692">
        <ele>2115.287888</ele>
        <time>2026-09-12T14:12:04.999Z</time>
      </trkpt>
      <trkpt lat="47.017328" lon="9.861682">
        <ele>2114.937209</ele>
        <time>2026-09-12T14:12:05.999Z</time>
      </trkpt>
      <trkpt lat="47.017320" lon="9.861670">
        <ele>2114.555450</ele>
        <time>2026-09-12T14:12:06.999Z</time>
      </trkpt>
      <trkpt lat="47.017313" lon="9.861659">
        <ele>2114.213187</ele>
        <time>2026-09-12T14:12:07.999Z</time>
      </trkpt>
      <trkpt lat="47.017308" lon="9.861656">
        <ele>2114.032955</ele>
        <time>2026-09-12T14:12:08.999Z</time>
      </trkpt>
      <trkpt lat="47.017303" lon="9.861662">
        <ele>2113.817426</ele>
        <time>2026-09-12T14:12:09.999Z</time>
      </trkpt>
      <trkpt lat="47.017296" lon="9.861670">
        <ele>2113.521363</ele>
        <time>2026-09-12T14:12:10.999Z</time>
      </trkpt>
      <trkpt lat="47.017287" lon="9.861678">
        <ele>2113.170261</ele>
        <time>2026-09-12T14:12:11.999Z</time>
      </trkpt>
      <trkpt lat="47.017278" lon="9.861682">
        <ele>2112.856514</ele>
        <time>2026-09-12T14:12:12.999Z</time>
      </trkpt>
      <trkpt lat="47.017273" lon="9.861679">
        <ele>2112.676282</ele>
        <time>2026-09-12T14:12:13.999Z</time>
      </trkpt>
      <trkpt lat="47.017270" lon="9.861673">
        <ele>2112.507038</ele>
        <time>2026-09-12T14:12:14.999Z</time>
      </trkpt>
      <trkpt lat="47.017268" lon="9.861668">
        <ele>2112.375179</ele>
        <time>2026-09-12T14:12:15.999Z</time>
      </trkpt>
      <trkpt lat="47.017266" lon="9.861664">
        <ele>2112.262349</ele>
        <time>2026-09-12T14:12:16.999Z</time>
      </trkpt>
      <trkpt lat="47.017264" lon="9.861660">
        <ele>2112.149520</ele>
        <time>2026-09-12T14:12:17.999Z</time>
      </trkpt>
      <trkpt lat="47.017261" lon="9.861658">
        <ele>2112.039578</ele>
        <time>2026-09-12T14:12:18.999Z</time>
      </trkpt>
      <trkpt lat="47.017259" lon="9.861658">
        <ele>2111.972852</ele>
        <time>2026-09-12T14:12:19.999Z</time>
      </trkpt>
      <trkpt lat="47.017255" lon="9.861658">
        <ele>2111.839401</ele>
        <time>2026-09-12T14:12:20.999Z</time>
      </trkpt>
      <trkpt lat="47.017250" lon="9.861660">
        <ele>2111.666495</ele>
        <time>2026-09-12T14:12:21.999Z</time>
      </trkpt>
      <trkpt lat="47.017244" lon="9.861664">
        <ele>2111.446610</ele>
        <time>2026-09-12T14:12:22.999Z</time>
      </trkpt>
      <trkpt lat="47.017240" lon="9.861673">
        <ele>2111.202239</ele>
        <time>2026-09-12T14:12:23.999Z</time>
      </trkpt>
      <trkpt lat="47.017237" lon="9.861685">
        <ele>2110.911514</ele>
        <time>2026-09-12T14:12:24.999Z</time>
      </trkpt>
      <trkpt lat="47.017232" lon="9.861700">
        <ele>2110.531727</ele>
        <time>2026-09-12T14:12:25.999Z</time>
      </trkpt>
      <trkpt lat="47.017227" lon="9.861715">
        <ele>2110.151939</ele>
        <time>2026-09-12T14:12:26.999Z</time>
      </trkpt>
      <trkpt lat="47.017224" lon="9.861727">
        <ele>2109.861214</ele>
        <time>2026-09-12T14:12:27.999Z</time>
      </trkpt>
      <trkpt lat="47.017223" lon="9.861737">
        <ele>2109.631320</ele>
        <time>2026-09-12T14:12:28.999Z</time>
      </trkpt>
      <trkpt lat="47.017223" lon="9.861747">
        <ele>2109.403859</ele>
        <time>2026-09-12T14:12:29.999Z</time>
      </trkpt>
      <trkpt lat="47.017222" lon="9.861761">
        <ele>2109.083671</ele>
        <time>2026-09-12T14:12:30.999Z</time>
      </trkpt>
      <trkpt lat="47.017220" lon="9.861773">
        <ele>2108.802680</ele>
        <time>2026-09-12T14:12:31.999Z</time>
      </trkpt>
      <trkpt lat="47.017217" lon="9.861781">
        <ele>2108.595002</ele>
        <time>2026-09-12T14:12:32.999Z</time>
      </trkpt>
      <trkpt lat="47.017218" lon="9.861781">
        <ele>2108.561639</ele>
        <time>2026-09-12T14:12:33.999Z</time>
      </trkpt>
      <trkpt lat="47.017220" lon="9.861778">
        <ele>2108.466199</ele>
        <time>2026-09-12T14:12:34.999Z</time>
      </trkpt>
      <trkpt lat="47.017223" lon="9.861776">
        <ele>2108.356257</ele>
        <time>2026-09-12T14:12:35.999Z</time>
      </trkpt>
      <trkpt lat="47.017225" lon="9.861777">
        <ele>2108.285761</ele>
        <time>2026-09-12T14:12:36.999Z</time>
      </trkpt>
      <trkpt lat="47.017225" lon="9.861780">
        <ele>2108.217523</ele>
        <time>2026-09-12T14:12:37.999Z</time>
      </trkpt>
      <trkpt lat="47.017224" lon="9.861786">
        <ele>2108.077027</ele>
        <time>2026-09-12T14:12:38.999Z</time>
      </trkpt>
      <trkpt lat="47.017221" lon="9.861795">
        <ele>2107.849155</ele>
        <time>2026-09-12T14:12:39.999Z</time>
      </trkpt>
      <trkpt lat="47.017217" lon="9.861806">
        <ele>2107.565584</ele>
        <time>2026-09-12T14:12:40.999Z</time>
      </trkpt>
      <trkpt lat="47.017212" lon="9.861819">
        <ele>2107.226077</ele>
        <time>2026-09-12T14:12:41.999Z</time>
      </trkpt>
      <trkpt lat="47.017207" lon="9.861832">
        <ele>2106.886570</ele>
        <time>2026-09-12T14:12:42.999Z</time>
      </trkpt>
      <trkpt lat="47.017204" lon="9.861842">
        <ele>2106.638062</ele>
        <time>2026-09-12T14:12:43.999Z</time>
      </trkpt>
      <trkpt lat="47.017205" lon="9.861848">
        <ele>2106.497566</ele>
        <time>2026-09-12T14:12:44.999Z</time>
      </trkpt>
      <trkpt lat="47.017206" lon="9.861855">
        <ele>2106.334886</ele>
        <time>2026-09-12T14:12:45.999Z</time>
      </trkpt>
      <trkpt lat="47.017205" lon="9.861864">
        <ele>2106.127470</ele>
        <time>2026-09-12T14:12:46.999Z</time>
      </trkpt>
      <trkpt lat="47.017204" lon="9.861872">
        <ele>2105.942468</ele>
        <time>2026-09-12T14:12:47.999Z</time>
      </trkpt>
      <trkpt lat="47.017203" lon="9.861879">
        <ele>2105.779788</ele>
        <time>2026-09-12T14:12:48.999Z</time>
      </trkpt>
      <trkpt lat="47.017201" lon="9.861885">
        <ele>2105.627873</ele>
        <time>2026-09-12T14:12:49.999Z</time>
      </trkpt>
      <trkpt lat="47.017198" lon="9.861891">
        <ele>2105.458629</ele>
        <time>2026-09-12T14:12:50.999Z</time>
      </trkpt>
      <trkpt lat="47.017196" lon="9.861896">
        <ele>2105.326769</ele>
        <time>2026-09-12T14:12:51.999Z</time>
      </trkpt>
      <trkpt lat="47.017193" lon="9.861900">
        <ele>2105.191507</ele>
        <time>2026-09-12T14:12:52.999Z</time>
      </trkpt>
      <trkpt lat="47.017187" lon="9.861903">
        <ele>2104.980019</ele>
        <time>2026-09-12T14:12:53.999Z</time>
      </trkpt>
      <trkpt lat="47.017182" lon="9.861908">
        <ele>2104.778123</ele>
        <time>2026-09-12T14:12:54.999Z</time>
      </trkpt>
      <trkpt lat="47.017176" lon="9.861915">
        <ele>2104.522345</ele>
        <time>2026-09-12T14:12:55.999Z</time>
      </trkpt>
      <trkpt lat="47.017172" lon="9.861922">
        <ele>2104.314592</ele>
        <time>2026-09-12T14:12:56.999Z</time>
      </trkpt>
      <trkpt lat="47.017170" lon="9.861928">
        <ele>2104.162677</ele>
        <time>2026-09-12T14:12:57.999Z</time>
      </trkpt>
      <trkpt lat="47.017169" lon="9.861932">
        <ele>2104.065769</ele>
        <time>2026-09-12T14:12:58.999Z</time>
      </trkpt>
      <trkpt lat="47.017168" lon="9.861937">
        <ele>2103.947246</ele>
        <time>2026-09-12T14:12:59.999Z</time>
      </trkpt>
      <trkpt lat="47.017166" lon="9.861945">
        <ele>2103.753429</ele>
        <time>2026-09-12T14:13:00.999Z</time>
      </trkpt>
      <trkpt lat="47.017164" lon="9.861954">
        <ele>2103.538114</ele>
        <time>2026-09-12T14:13:01.999Z</time>
      </trkpt>
      <trkpt lat="47.017163" lon="9.861962">
        <ele>2103.353112</ele>
        <time>2026-09-12T14:13:02.999Z</time>
      </trkpt>
      <trkpt lat="47.017162" lon="9.861967">
        <ele>2103.234589</ele>
        <time>2026-09-12T14:13:03.999Z</time>
      </trkpt>
      <trkpt lat="47.017161" lon="9.861972">
        <ele>2103.116066</ele>
        <time>2026-09-12T14:13:04.999Z</time>
      </trkpt>
      <trkpt lat="47.017159" lon="9.861978">
        <ele>2102.964150</ele>
        <time>2026-09-12T14:13:05.999Z</time>
      </trkpt>
      <trkpt lat="47.017158" lon="9.861984">
        <ele>2102.823655</ele>
        <time>2026-09-12T14:13:06.999Z</time>
      </trkpt>
      <trkpt lat="47.017159" lon="9.861985">
        <ele>2102.783276</ele>
        <time>2026-09-12T14:13:07.999Z</time>
      </trkpt>
      <trkpt lat="47.017163" lon="9.861984">
        <ele>2102.647900</ele>
        <time>2026-09-12T14:13:08.999Z</time>
      </trkpt>
      <trkpt lat="47.017168" lon="9.861983">
        <ele>2102.479542</ele>
        <time>2026-09-12T14:13:09.999Z</time>
      </trkpt>
      <trkpt lat="47.017170" lon="9.861986">
        <ele>2102.384102</ele>
        <time>2026-09-12T14:13:10.999Z</time>
      </trkpt>
      <trkpt lat="47.017168" lon="9.861993">
        <ele>2102.211463</ele>
        <time>2026-09-12T14:13:11.999Z</time>
      </trkpt>
      <trkpt lat="47.017164" lon="9.862001">
        <ele>2101.985804</ele>
        <time>2026-09-12T14:13:12.999Z</time>
      </trkpt>
      <trkpt lat="47.017159" lon="9.862007">
        <ele>2101.770275</ele>
        <time>2026-09-12T14:13:13.999Z</time>
      </trkpt>
      <trkpt lat="47.017154" lon="9.862013">
        <ele>2101.554746</ele>
        <time>2026-09-12T14:13:14.999Z</time>
      </trkpt>
      <trkpt lat="47.017149" lon="9.862016">
        <ele>2101.374514</ele>
        <time>2026-09-12T14:13:15.999Z</time>
      </trkpt>
      <trkpt lat="47.017147" lon="9.862019">
        <ele>2101.279074</ele>
        <time>2026-09-12T14:13:16.999Z</time>
      </trkpt>
      <trkpt lat="47.017146" lon="9.862025">
        <ele>2101.138578</ele>
        <time>2026-09-12T14:13:17.999Z</time>
      </trkpt>
      <trkpt lat="47.017144" lon="9.862033">
        <ele>2100.944761</ele>
        <time>2026-09-12T14:13:18.999Z</time>
      </trkpt>
      <trkpt lat="47.017142" lon="9.862040">
        <ele>2100.772122</ele>
        <time>2026-09-12T14:13:19.999Z</time>
      </trkpt>
      <trkpt lat="47.017139" lon="9.862044">
        <ele>2100.636860</ele>
        <time>2026-09-12T14:13:20.999Z</time>
      </trkpt>
      <trkpt lat="47.017136" lon="9.862045">
        <ele>2100.534219</ele>
        <time>2026-09-12T14:13:21.999Z</time>
      </trkpt>
      <trkpt lat="47.017134" lon="9.862046">
        <ele>2100.463723</ele>
        <time>2026-09-12T14:13:22.999Z</time>
      </trkpt>
      <trkpt lat="47.017133" lon="9.862046">
        <ele>2100.430360</ele>
        <time>2026-09-12T14:13:23.999Z</time>
      </trkpt>
      <trkpt lat="47.017132" lon="9.862047">
        <ele>2100.389981</ele>
        <time>2026-09-12T14:13:24.999Z</time>
      </trkpt>
      <trkpt lat="47.017131" lon="9.862050">
        <ele>2100.314024</ele>
        <time>2026-09-12T14:13:25.999Z</time>
      </trkpt>
      <trkpt lat="47.017130" lon="9.862056">
        <ele>2100.173528</ele>
        <time>2026-09-12T14:13:26.999Z</time>
      </trkpt>
      <trkpt lat="47.017130" lon="9.862064">
        <ele>2099.991559</ele>
        <time>2026-09-12T14:13:27.999Z</time>
      </trkpt>
      <trkpt lat="47.017130" lon="9.862072">
        <ele>2099.809590</ele>
        <time>2026-09-12T14:13:28.999Z</time>
      </trkpt>
      <trkpt lat="47.017130" lon="9.862080">
        <ele>2099.627621</ele>
        <time>2026-09-12T14:13:29.999Z</time>
      </trkpt>
      <trkpt lat="47.017130" lon="9.862087">
        <ele>2099.468398</ele>
        <time>2026-09-12T14:13:30.999Z</time>
      </trkpt>
      <trkpt lat="47.017130" lon="9.862093">
        <ele>2099.331922</ele>
        <time>2026-09-12T14:13:31.999Z</time>
      </trkpt>
      <trkpt lat="47.017130" lon="9.862098">
        <ele>2099.218191</ele>
        <time>2026-09-12T14:13:32.999Z</time>
      </trkpt>
      <trkpt lat="47.017129" lon="9.862101">
        <ele>2099.142234</ele>
        <time>2026-09-12T14:13:33.999Z</time>
      </trkpt>
      <trkpt lat="47.017128" lon="9.862104">
        <ele>2099.066276</ele>
        <time>2026-09-12T14:13:34.999Z</time>
      </trkpt>
      <trkpt lat="47.017128" lon="9.862107">
        <ele>2098.998038</ele>
        <time>2026-09-12T14:13:35.999Z</time>
      </trkpt>
      <trkpt lat="47.017127" lon="9.862111">
        <ele>2098.901129</ele>
        <time>2026-09-12T14:13:36.999Z</time>
      </trkpt>
      <trkpt lat="47.017126" lon="9.862114">
        <ele>2098.825172</ele>
        <time>2026-09-12T14:13:37.999Z</time>
      </trkpt>
      <trkpt lat="47.017123" lon="9.862119">
        <ele>2098.673671</ele>
        <time>2026-09-12T14:13:38.999Z</time>
      </trkpt>
      <trkpt lat="47.017119" lon="9.862125">
        <ele>2098.482791</ele>
        <time>2026-09-12T14:13:39.999Z</time>
      </trkpt>
      <trkpt lat="47.017116" lon="9.862129">
        <ele>2098.347529</ele>
        <time>2026-09-12T14:13:40.999Z</time>
      </trkpt>
      <trkpt lat="47.017112" lon="9.862135">
        <ele>2098.156649</ele>
        <time>2026-09-12T14:13:41.999Z</time>
      </trkpt>
      <trkpt lat="47.017109" lon="9.862143">
        <ele>2097.948970</ele>
        <time>2026-09-12T14:13:42.999Z</time>
      </trkpt>
      <trkpt lat="47.017105" lon="9.862153">
        <ele>2097.685250</ele>
        <time>2026-09-12T14:13:43.999Z</time>
      </trkpt>
      <trkpt lat="47.017103" lon="9.862162">
        <ele>2097.469935</ele>
        <time>2026-09-12T14:13:44.999Z</time>
      </trkpt>
      <trkpt lat="47.017105" lon="9.862170">
        <ele>2097.276118</ele>
        <time>2026-09-12T14:13:45.999Z</time>
      </trkpt>
      <trkpt lat="47.017108" lon="9.862180">
        <ele>2097.027610</ele>
        <time>2026-09-12T14:13:46.999Z</time>
      </trkpt>
      <trkpt lat="47.017111" lon="9.862190">
        <ele>2096.779102</ele>
        <time>2026-09-12T14:13:47.999Z</time>
      </trkpt>
      <trkpt lat="47.017112" lon="9.862198">
        <ele>2096.594099</ele>
        <time>2026-09-12T14:13:48.999Z</time>
      </trkpt>
      <trkpt lat="47.017110" lon="9.862204">
        <ele>2096.442184</ele>
        <time>2026-09-12T14:13:49.999Z</time>
      </trkpt>
      <trkpt lat="47.017108" lon="9.862210">
        <ele>2096.290269</ele>
        <time>2026-09-12T14:13:50.999Z</time>
      </trkpt>
      <trkpt lat="47.017106" lon="9.862218">
        <ele>2096.096452</ele>
        <time>2026-09-12T14:13:51.999Z</time>
      </trkpt>
      <trkpt lat="47.017103" lon="9.862229">
        <ele>2095.826968</ele>
        <time>2026-09-12T14:13:52.999Z</time>
      </trkpt>
      <trkpt lat="47.017099" lon="9.862243">
        <ele>2095.481690</ele>
        <time>2026-09-12T14:13:53.999Z</time>
      </trkpt>
      <trkpt lat="47.017094" lon="9.862255">
        <ele>2095.161798</ele>
        <time>2026-09-12T14:13:54.999Z</time>
      </trkpt>
      <trkpt lat="47.017085" lon="9.862261">
        <ele>2094.831972</ele>
        <time>2026-09-12T14:13:55.999Z</time>
      </trkpt>
      <trkpt lat="47.017074" lon="9.862257">
        <ele>2094.453870</ele>
        <time>2026-09-12T14:13:56.999Z</time>
      </trkpt>
      <trkpt lat="47.017062" lon="9.862244">
        <ele>2093.956153</ele>
        <time>2026-09-12T14:13:57.999Z</time>
      </trkpt>
      <trkpt lat="47.017051" lon="9.862229">
        <ele>2093.455060</ele>
        <time>2026-09-12T14:13:58.999Z</time>
      </trkpt>
      <trkpt lat="47.017041" lon="9.862215">
        <ele>2092.993848</ele>
        <time>2026-09-12T14:13:59.999Z</time>
      </trkpt>
      <trkpt lat="47.017033" lon="9.862202">
        <ele>2092.595507</ele>
        <time>2026-09-12T14:14:00.999Z</time>
      </trkpt>
      <trkpt lat="47.017025" lon="9.862191">
        <ele>2092.229664</ele>
        <time>2026-09-12T14:14:01.999Z</time>
      </trkpt>
      <trkpt lat="47.017017" lon="9.862181">
        <ele>2091.878985</ele>
        <time>2026-09-12T14:14:02.999Z</time>
      </trkpt>
      <trkpt lat="47.017011" lon="9.862173">
        <ele>2091.608460</ele>
        <time>2026-09-12T14:14:03.999Z</time>
      </trkpt>
      <trkpt lat="47.017006" lon="9.862169">
        <ele>2091.418446</ele>
        <time>2026-09-12T14:14:04.999Z</time>
      </trkpt>
      <trkpt lat="47.017001" lon="9.862170">
        <ele>2091.250088</ele>
        <time>2026-09-12T14:14:05.999Z</time>
      </trkpt>
      <trkpt lat="47.016996" lon="9.862176">
        <ele>2091.034558</ele>
        <time>2026-09-12T14:14:06.999Z</time>
      </trkpt>
      <trkpt lat="47.016989" lon="9.862184">
        <ele>2090.738494</ele>
        <time>2026-09-12T14:14:07.999Z</time>
      </trkpt>
      <trkpt lat="47.016982" lon="9.862193">
        <ele>2090.427931</ele>
        <time>2026-09-12T14:14:08.999Z</time>
      </trkpt>
      <trkpt lat="47.016974" lon="9.862196">
        <ele>2090.152443</ele>
        <time>2026-09-12T14:14:09.999Z</time>
      </trkpt>
      <trkpt lat="47.016966" lon="9.862193">
        <ele>2089.876955</ele>
        <time>2026-09-12T14:14:10.999Z</time>
      </trkpt>
      <trkpt lat="47.016961" lon="9.862186">
        <ele>2089.646349</ele>
        <time>2026-09-12T14:14:11.999Z</time>
      </trkpt>
      <trkpt lat="47.016955" lon="9.862175">
        <ele>2089.325920</ele>
        <time>2026-09-12T14:14:12.999Z</time>
      </trkpt>
      <trkpt lat="47.016948" lon="9.862163">
        <ele>2088.966691</ele>
        <time>2026-09-12T14:14:13.999Z</time>
      </trkpt>
      <trkpt lat="47.016942" lon="9.862155">
        <ele>2088.696166</ele>
        <time>2026-09-12T14:14:14.999Z</time>
      </trkpt>
      <trkpt lat="47.016937" lon="9.862152">
        <ele>2088.515935</ele>
        <time>2026-09-12T14:14:15.999Z</time>
      </trkpt>
      <trkpt lat="47.016931" lon="9.862149">
        <ele>2088.304446</ele>
        <time>2026-09-12T14:14:16.999Z</time>
      </trkpt>
      <trkpt lat="47.016927" lon="9.862144">
        <ele>2088.129106</ele>
        <time>2026-09-12T14:14:17.999Z</time>
      </trkpt>
      <trkpt lat="47.016924" lon="9.862136">
        <ele>2087.921427</ele>
        <time>2026-09-12T14:14:18.999Z</time>
      </trkpt>
      <trkpt lat="47.016922" lon="9.862125">
        <ele>2087.662474</ele>
        <time>2026-09-12T14:14:19.999Z</time>
      </trkpt>
      <trkpt lat="47.016920" lon="9.862113">
        <ele>2087.381482</ele>
        <time>2026-09-12T14:14:20.999Z</time>
      </trkpt>
      <trkpt lat="47.016920" lon="9.862102">
        <ele>2087.131274</ele>
        <time>2026-09-12T14:14:21.999Z</time>
      </trkpt>
      <trkpt lat="47.016920" lon="9.862093">
        <ele>2086.926558</ele>
        <time>2026-09-12T14:14:22.999Z</time>
      </trkpt>
      <trkpt lat="47.016921" lon="9.862089">
        <ele>2086.829649</ele>
        <time>2026-09-12T14:14:23.999Z</time>
      </trkpt>
      <trkpt lat="47.016920" lon="9.862085">
        <ele>2086.732740</ele>
        <time>2026-09-12T14:14:24.999Z</time>
      </trkpt>
      <trkpt lat="47.016918" lon="9.862080">
        <ele>2086.600880</ele>
        <time>2026-09-12T14:14:25.999Z</time>
      </trkpt>
      <trkpt lat="47.016916" lon="9.862077">
        <ele>2086.505440</ele>
        <time>2026-09-12T14:14:26.999Z</time>
      </trkpt>
      <trkpt lat="47.016914" lon="9.862074">
        <ele>2086.410000</ele>
        <time>2026-09-12T14:14:27.999Z</time>
      </trkpt>
      <trkpt lat="47.016910" lon="9.862072">
        <ele>2086.269007</ele>
        <time>2026-09-12T14:14:28.999Z</time>
      </trkpt>
      <trkpt lat="47.016906" lon="9.862070">
        <ele>2086.128015</ele>
        <time>2026-09-12T14:14:29.999Z</time>
      </trkpt>
      <trkpt lat="47.016902" lon="9.862069">
        <ele>2085.992639</ele>
        <time>2026-09-12T14:14:30.999Z</time>
      </trkpt>
      <trkpt lat="47.016898" lon="9.862069">
        <ele>2085.859188</ele>
        <time>2026-09-12T14:14:31.999Z</time>
      </trkpt>
      <trkpt lat="47.016893" lon="9.862067">
        <ele>2085.686281</ele>
        <time>2026-09-12T14:14:32.999Z</time>
      </trkpt>
      <trkpt lat="47.016888" lon="9.862066">
        <ele>2085.517923</ele>
        <time>2026-09-12T14:14:33.999Z</time>
      </trkpt>
      <trkpt lat="47.016884" lon="9.862063">
        <ele>2085.368037</ele>
        <time>2026-09-12T14:14:34.999Z</time>
      </trkpt>
      <trkpt lat="47.016877" lon="9.862058">
        <ele>2085.108276</ele>
        <time>2026-09-12T14:14:35.999Z</time>
      </trkpt>
      <trkpt lat="47.016871" lon="9.862052">
        <ele>2084.866002</ele>
        <time>2026-09-12T14:14:36.999Z</time>
      </trkpt>
      <trkpt lat="47.016866" lon="9.862044">
        <ele>2084.619141</ele>
        <time>2026-09-12T14:14:37.999Z</time>
      </trkpt>
      <trkpt lat="47.016862" lon="9.862038">
        <ele>2084.428261</ele>
        <time>2026-09-12T14:14:38.999Z</time>
      </trkpt>
      <trkpt lat="47.016861" lon="9.862036">
        <ele>2084.371846</ele>
        <time>2026-09-12T14:14:39.999Z</time>
      </trkpt>
      <trkpt lat="47.016860" lon="9.862035">
        <ele>2084.331467</ele>
        <time>2026-09-12T14:14:40.999Z</time>
      </trkpt>
      <trkpt lat="47.016859" lon="9.862035">
        <ele>2084.298104</ele>
        <time>2026-09-12T14:14:41.999Z</time>
      </trkpt>
      <trkpt lat="47.016857" lon="9.862035">
        <ele>2084.231378</ele>
        <time>2026-09-12T14:14:42.999Z</time>
      </trkpt>
      <trkpt lat="47.016854" lon="9.862035">
        <ele>2084.131290</ele>
        <time>2026-09-12T14:14:43.999Z</time>
      </trkpt>
      <trkpt lat="47.016851" lon="9.862036">
        <ele>2084.028649</ele>
        <time>2026-09-12T14:14:44.999Z</time>
      </trkpt>
      <trkpt lat="47.016849" lon="9.862039">
        <ele>2083.933209</ele>
        <time>2026-09-12T14:14:45.999Z</time>
      </trkpt>
      <trkpt lat="47.016848" lon="9.862042">
        <ele>2083.857251</ele>
        <time>2026-09-12T14:14:46.999Z</time>
      </trkpt>
      <trkpt lat="47.016847" lon="9.862044">
        <ele>2083.800836</ele>
        <time>2026-09-12T14:14:47.999Z</time>
      </trkpt>
      <trkpt lat="47.016846" lon="9.862045">
        <ele>2083.760457</ele>
        <time>2026-09-12T14:14:48.999Z</time>
      </trkpt>
      <trkpt lat="47.016844" lon="9.862047">
        <ele>2083.679699</ele>
        <time>2026-09-12T14:14:49.999Z</time>
      </trkpt>
      <trkpt lat="47.016841" lon="9.862049">
        <ele>2083.569756</ele>
        <time>2026-09-12T14:14:50.999Z</time>
      </trkpt>
      <trkpt lat="47.016838" lon="9.862052">
        <ele>2083.453213</ele>
        <time>2026-09-12T14:14:51.999Z</time>
      </trkpt>
      <trkpt lat="47.016835" lon="9.862054">
        <ele>2083.367426</ele>
        <time>2026-09-12T14:14:52.999Z</time>
      </trkpt>
      <trkpt lat="47.016831" lon="9.862058">
        <ele>2083.241396</ele>
        <time>2026-09-12T14:14:53.999Z</time>
      </trkpt>
      <trkpt lat="47.016826" lon="9.862063">
        <ele>2083.083859</ele>
        <time>2026-09-12T14:14:54.999Z</time>
      </trkpt>
      <trkpt lat="47.016822" lon="9.862070">
        <ele>2082.921751</ele>
        <time>2026-09-12T14:14:55.999Z</time>
      </trkpt>
      <trkpt lat="47.016817" lon="9.862077">
        <ele>2082.741811</ele>
        <time>2026-09-12T14:14:56.999Z</time>
      </trkpt>
      <trkpt lat="47.016812" lon="9.862082">
        <ele>2082.584274</ele>
        <time>2026-09-12T14:14:57.999Z</time>
      </trkpt>
      <trkpt lat="47.016808" lon="9.862086">
        <ele>2082.458244</ele>
        <time>2026-09-12T14:14:58.999Z</time>
      </trkpt>
      <trkpt lat="47.016804" lon="9.862089">
        <ele>2082.341290</ele>
        <time>2026-09-12T14:14:59.999Z</time>
      </trkpt>
      <trkpt lat="47.016800" lon="9.862096">
        <ele>2082.179182</ele>
        <time>2026-09-12T14:15:00.999Z</time>
      </trkpt>
      <trkpt lat="47.016796" lon="9.862105">
        <ele>2081.988500</ele>
        <time>2026-09-12T14:15:01.999Z</time>
      </trkpt>
      <trkpt lat="47.016793" lon="9.862117">
        <ele>2081.761648</ele>
        <time>2026-09-12T14:15:02.999Z</time>
      </trkpt>
      <trkpt lat="47.016790" lon="9.862134">
        <ele>2081.449977</ele>
        <time>2026-09-12T14:15:03.999Z</time>
      </trkpt>
      <trkpt lat="47.016788" lon="9.862153">
        <ele>2081.108756</ele>
        <time>2026-09-12T14:15:04.999Z</time>
      </trkpt>
      <trkpt lat="47.016787" lon="9.862171">
        <ele>2080.788220</ele>
        <time>2026-09-12T14:15:05.999Z</time>
      </trkpt>
      <trkpt lat="47.016786" lon="9.862184">
        <ele>2080.556023</ele>
        <time>2026-09-12T14:15:06.999Z</time>
      </trkpt>
      <trkpt lat="47.016783" lon="9.862194">
        <ele>2080.362114</ele>
        <time>2026-09-12T14:15:07.999Z</time>
      </trkpt>
      <trkpt lat="47.016780" lon="9.862203">
        <ele>2080.184306</ele>
        <time>2026-09-12T14:15:08.999Z</time>
      </trkpt>
      <trkpt lat="47.016776" lon="9.862213">
        <ele>2079.978527</ele>
        <time>2026-09-12T14:15:09.999Z</time>
      </trkpt>
      <trkpt lat="47.016772" lon="9.862224">
        <ele>2079.757257</ele>
        <time>2026-09-12T14:15:10.999Z</time>
      </trkpt>
      <trkpt lat="47.016766" lon="9.862235">
        <ele>2079.507229</ele>
        <time>2026-09-12T14:15:11.999Z</time>
      </trkpt>
      <trkpt lat="47.016761" lon="9.862245">
        <ele>2079.287128</ele>
        <time>2026-09-12T14:15:12.999Z</time>
      </trkpt>
      <trkpt lat="47.016757" lon="9.862253">
        <ele>2079.111048</ele>
        <time>2026-09-12T14:15:13.999Z</time>
      </trkpt>
      <trkpt lat="47.016757" lon="9.862265">
        <ele>2078.898063</ele>
        <time>2026-09-12T14:15:14.999Z</time>
      </trkpt>
      <trkpt lat="47.016757" lon="9.862277">
        <ele>2078.685079</ele>
        <time>2026-09-12T14:15:15.999Z</time>
      </trkpt>
      <trkpt lat="47.016757" lon="9.862287">
        <ele>2078.507592</ele>
        <time>2026-09-12T14:15:16.999Z</time>
      </trkpt>
      <trkpt lat="47.016757" lon="9.862297">
        <ele>2078.330105</ele>
        <time>2026-09-12T14:15:17.999Z</time>
      </trkpt>
      <trkpt lat="47.016756" lon="9.862309">
        <ele>2078.115535</ele>
        <time>2026-09-12T14:15:18.999Z</time>
      </trkpt>
      <trkpt lat="47.016755" lon="9.862325">
        <ele>2077.830365</ele>
        <time>2026-09-12T14:15:19.999Z</time>
      </trkpt>
      <trkpt lat="47.016753" lon="9.862342">
        <ele>2077.524178</ele>
        <time>2026-09-12T14:15:20.999Z</time>
      </trkpt>
      <trkpt lat="47.016752" lon="9.862361">
        <ele>2077.185949</ele>
        <time>2026-09-12T14:15:21.999Z</time>
      </trkpt>
      <trkpt lat="47.016750" lon="9.862378">
        <ele>2076.879762</ele>
        <time>2026-09-12T14:15:22.999Z</time>
      </trkpt>
      <trkpt lat="47.016745" lon="9.862392">
        <ele>2076.599252</ele>
        <time>2026-09-12T14:15:23.999Z</time>
      </trkpt>
      <trkpt lat="47.016737" lon="9.862401">
        <ele>2076.336784</ele>
        <time>2026-09-12T14:15:24.999Z</time>
      </trkpt>
      <trkpt lat="47.016727" lon="9.862405">
        <ele>2076.066949</ele>
        <time>2026-09-12T14:15:25.999Z</time>
      </trkpt>
      <trkpt lat="47.016718" lon="9.862405">
        <ele>2075.832655</ele>
        <time>2026-09-12T14:15:26.999Z</time>
      </trkpt>
      <trkpt lat="47.016713" lon="9.862404">
        <ele>2075.701287</ele>
        <time>2026-09-12T14:15:27.999Z</time>
      </trkpt>
      <trkpt lat="47.016709" lon="9.862406">
        <ele>2075.591272</ele>
        <time>2026-09-12T14:15:28.999Z</time>
      </trkpt>
      <trkpt lat="47.016707" lon="9.862413">
        <ele>2075.456562</ele>
        <time>2026-09-12T14:15:29.999Z</time>
      </trkpt>
      <trkpt lat="47.016703" lon="9.862425">
        <ele>2075.219485</ele>
        <time>2026-09-12T14:15:30.999Z</time>
      </trkpt>
      <trkpt lat="47.016698" lon="9.862438">
        <ele>2074.954569</ele>
        <time>2026-09-12T14:15:31.999Z</time>
      </trkpt>
      <trkpt lat="47.016692" lon="9.862450">
        <ele>2074.690448</ele>
        <time>2026-09-12T14:15:32.999Z</time>
      </trkpt>
      <trkpt lat="47.016686" lon="9.862457">
        <ele>2074.490865</ele>
        <time>2026-09-12T14:15:33.999Z</time>
      </trkpt>
      <trkpt lat="47.016680" lon="9.862460">
        <ele>2074.325843</ele>
        <time>2026-09-12T14:15:34.999Z</time>
      </trkpt>
      <trkpt lat="47.016674" lon="9.862460">
        <ele>2074.169646</ele>
        <time>2026-09-12T14:15:35.999Z</time>
      </trkpt>
      <trkpt lat="47.016667" lon="9.862459">
        <ele>2073.986555</ele>
        <time>2026-09-12T14:15:36.999Z</time>
      </trkpt>
      <trkpt lat="47.016662" lon="9.862458">
        <ele>2073.855187</ele>
        <time>2026-09-12T14:15:37.999Z</time>
      </trkpt>
      <trkpt lat="47.016659" lon="9.862457">
        <ele>2073.775097</ele>
        <time>2026-09-12T14:15:38.999Z</time>
      </trkpt>
      <trkpt lat="47.016658" lon="9.862455">
        <ele>2073.731077</ele>
        <time>2026-09-12T14:15:39.999Z</time>
      </trkpt>
      <trkpt lat="47.016659" lon="9.862455">
        <ele>2073.705044</ele>
        <time>2026-09-12T14:15:40.999Z</time>
      </trkpt>
      <trkpt lat="47.016659" lon="9.862457">
        <ele>2073.669547</ele>
        <time>2026-09-12T14:15:41.999Z</time>
      </trkpt>
      <trkpt lat="47.016658" lon="9.862460">
        <ele>2073.610277</ele>
        <time>2026-09-12T14:15:42.999Z</time>
      </trkpt>
      <trkpt lat="47.016656" lon="9.862465">
        <ele>2073.507388</ele>
        <time>2026-09-12T14:15:43.999Z</time>
      </trkpt>
      <trkpt lat="47.016654" lon="9.862472">
        <ele>2073.372678</ele>
        <time>2026-09-12T14:15:44.999Z</time>
      </trkpt>
      <trkpt lat="47.016651" lon="9.862482">
        <ele>2073.178768</ele>
        <time>2026-09-12T14:15:45.999Z</time>
      </trkpt>
      <trkpt lat="47.016647" lon="9.862493">
        <ele>2072.957498</ele>
        <time>2026-09-12T14:15:46.999Z</time>
      </trkpt>
      <trkpt lat="47.016641" lon="9.862503">
        <ele>2072.721068</ele>
        <time>2026-09-12T14:15:47.999Z</time>
      </trkpt>
      <trkpt lat="47.016633" lon="9.862508">
        <ele>2072.494687</ele>
        <time>2026-09-12T14:15:48.999Z</time>
      </trkpt>
      <trkpt lat="47.016623" lon="9.862508">
        <ele>2072.234360</ele>
        <time>2026-09-12T14:15:49.999Z</time>
      </trkpt>
      <trkpt lat="47.016614" lon="9.862506">
        <ele>2071.997391</ele>
        <time>2026-09-12T14:15:50.999Z</time>
      </trkpt>
      <trkpt lat="47.016611" lon="9.862505">
        <ele>2071.917302</ele>
        <time>2026-09-12T14:15:51.999Z</time>
      </trkpt>
      <trkpt lat="47.016612" lon="9.862506">
        <ele>2071.885794</ele>
        <time>2026-09-12T14:15:52.999Z</time>
      </trkpt>
      <trkpt lat="47.016611" lon="9.862512">
        <ele>2071.776166</ele>
        <time>2026-09-12T14:15:53.999Z</time>
      </trkpt>
      <trkpt lat="47.016607" lon="9.862522">
        <ele>2071.570387</ele>
        <time>2026-09-12T14:15:54.999Z</time>
      </trkpt>
      <trkpt lat="47.016602" lon="9.862535">
        <ele>2071.305470</ele>
        <time>2026-09-12T14:15:55.999Z</time>
      </trkpt>
      <trkpt lat="47.016598" lon="9.862547">
        <ele>2071.068392</ele>
        <time>2026-09-12T14:15:56.999Z</time>
      </trkpt>
      <trkpt lat="47.016596" lon="9.862558">
        <ele>2070.866333</ele>
        <time>2026-09-12T14:15:57.999Z</time>
      </trkpt>
      <trkpt lat="47.016596" lon="9.862569">
        <ele>2070.671097</ele>
        <time>2026-09-12T14:15:58.999Z</time>
      </trkpt>
      <trkpt lat="47.016598" lon="9.862576">
        <ele>2070.536387</ele>
        <time>2026-09-12T14:15:59.999Z</time>
      </trkpt>
      <trkpt lat="47.016601" lon="9.862577">
        <ele>2070.456297</ele>
        <time>2026-09-12T14:16:00.999Z</time>
      </trkpt>
      <trkpt lat="47.016607" lon="9.862572">
        <ele>2070.276651</ele>
        <time>2026-09-12T14:16:01.999Z</time>
      </trkpt>
      <trkpt lat="47.016611" lon="9.862566">
        <ele>2070.127708</ele>
        <time>2026-09-12T14:16:02.999Z</time>
      </trkpt>
      <trkpt lat="47.016613" lon="9.862563">
        <ele>2070.053237</ele>
        <time>2026-09-12T14:16:03.999Z</time>
      </trkpt>
      <trkpt lat="47.016613" lon="9.862564">
        <ele>2070.035488</ele>
        <time>2026-09-12T14:16:04.999Z</time>
      </trkpt>
      <trkpt lat="47.016613" lon="9.862567">
        <ele>2069.982242</ele>
        <time>2026-09-12T14:16:05.999Z</time>
      </trkpt>
      <trkpt lat="47.016615" lon="9.862572">
        <ele>2069.879352</ele>
        <time>2026-09-12T14:16:06.999Z</time>
      </trkpt>
      <trkpt lat="47.016617" lon="9.862578">
        <ele>2069.760813</ele>
        <time>2026-09-12T14:16:07.999Z</time>
      </trkpt>
      <trkpt lat="47.016618" lon="9.862586">
        <ele>2069.616457</ele>
        <time>2026-09-12T14:16:08.999Z</time>
      </trkpt>
      <trkpt lat="47.016618" lon="9.862593">
        <ele>2069.492215</ele>
        <time>2026-09-12T14:16:09.999Z</time>
      </trkpt>
      <trkpt lat="47.016617" lon="9.862598">
        <ele>2069.399732</ele>
        <time>2026-09-12T14:16:10.999Z</time>
      </trkpt>
      <trkpt lat="47.016616" lon="9.862600">
        <ele>2069.355712</ele>
        <time>2026-09-12T14:16:11.999Z</time>
      </trkpt>
      <trkpt lat="47.016615" lon="9.862598">
        <ele>2069.311692</ele>
        <time>2026-09-12T14:16:12.999Z</time>
      </trkpt>
      <trkpt lat="47.016614" lon="9.862595">
        <ele>2069.252422</ele>
        <time>2026-09-12T14:16:13.999Z</time>
      </trkpt>
      <trkpt lat="47.016613" lon="9.862593">
        <ele>2069.208402</ele>
        <time>2026-09-12T14:16:14.999Z</time>
      </trkpt>
      <trkpt lat="47.016612" lon="9.862591">
        <ele>2069.164382</ele>
        <time>2026-09-12T14:16:15.999Z</time>
      </trkpt>
      <trkpt lat="47.016611" lon="9.862589">
        <ele>2069.120362</ele>
        <time>2026-09-12T14:16:16.999Z</time>
      </trkpt>
      <trkpt lat="47.016612" lon="9.862588">
        <ele>2069.088854</ele>
        <time>2026-09-12T14:16:17.999Z</time>
      </trkpt>
      <trkpt lat="47.016613" lon="9.862588">
        <ele>2069.062822</ele>
        <time>2026-09-12T14:16:18.999Z</time>
      </trkpt>
      <trkpt lat="47.016615" lon="9.862592">
        <ele>2068.974781</ele>
        <time>2026-09-12T14:16:19.999Z</time>
      </trkpt>
      <trkpt lat="47.016616" lon="9.862597">
        <ele>2068.882298</ele>
        <time>2026-09-12T14:16:20.999Z</time>
      </trkpt>
      <trkpt lat="47.016616" lon="9.862603">
        <ele>2068.775805</ele>
        <time>2026-09-12T14:16:21.999Z</time>
      </trkpt>
      <trkpt lat="47.016614" lon="9.862609">
        <ele>2068.657266</ele>
        <time>2026-09-12T14:16:22.999Z</time>
      </trkpt>
      <trkpt lat="47.016608" lon="9.862614">
        <ele>2068.477620</ele>
        <time>2026-09-12T14:16:23.999Z</time>
      </trkpt>
      <trkpt lat="47.016602" lon="9.862616">
        <ele>2068.317441</ele>
        <time>2026-09-12T14:16:24.999Z</time>
      </trkpt>
      <trkpt lat="47.016595" lon="9.862617">
        <ele>2068.134350</ele>
        <time>2026-09-12T14:16:25.999Z</time>
      </trkpt>
      <trkpt lat="47.016589" lon="9.862619">
        <ele>2067.974170</ele>
        <time>2026-09-12T14:16:26.999Z</time>
      </trkpt>
      <trkpt lat="47.016586" lon="9.862620">
        <ele>2067.894081</ele>
        <time>2026-09-12T14:16:27.999Z</time>
      </trkpt>
      <trkpt lat="47.016584" lon="9.862621">
        <ele>2067.839073</ele>
        <time>2026-09-12T14:16:28.999Z</time>
      </trkpt>
      <trkpt lat="47.016582" lon="9.862621">
        <ele>2067.787008</ele>
        <time>2026-09-12T14:16:29.999Z</time>
      </trkpt>
      <trkpt lat="47.016580" lon="9.862622">
        <ele>2067.732000</ele>
        <time>2026-09-12T14:16:30.999Z</time>
      </trkpt>
      <trkpt lat="47.016575" lon="9.862622">
        <ele>2067.601837</ele>
        <time>2026-09-12T14:16:31.999Z</time>
      </trkpt>
      <trkpt lat="47.016571" lon="9.862625">
        <ele>2067.484882</ele>
        <time>2026-09-12T14:16:32.999Z</time>
      </trkpt>
      <trkpt lat="47.016569" lon="9.862629">
        <ele>2067.396841</ele>
        <time>2026-09-12T14:16:33.999Z</time>
      </trkpt>
      <trkpt lat="47.016568" lon="9.862633">
        <ele>2067.321224</ele>
        <time>2026-09-12T14:16:34.999Z</time>
      </trkpt>
      <trkpt lat="47.016568" lon="9.862638">
        <ele>2067.232480</ele>
        <time>2026-09-12T14:16:35.999Z</time>
      </trkpt>
      <trkpt lat="47.016568" lon="9.862643">
        <ele>2067.143736</ele>
        <time>2026-09-12T14:16:36.999Z</time>
      </trkpt>
      <trkpt lat="47.016566" lon="9.862650">
        <ele>2067.009026</ele>
        <time>2026-09-12T14:16:37.999Z</time>
      </trkpt>
      <trkpt lat="47.016563" lon="9.862658">
        <ele>2066.846975</ele>
        <time>2026-09-12T14:16:38.999Z</time>
      </trkpt>
      <trkpt lat="47.016560" lon="9.862663">
        <ele>2066.728760</ele>
        <time>2026-09-12T14:16:39.999Z</time>
      </trkpt>
      <trkpt lat="47.016556" lon="9.862668">
        <ele>2066.591944</ele>
        <time>2026-09-12T14:16:40.999Z</time>
      </trkpt>
      <trkpt lat="47.016552" lon="9.862674">
        <ele>2066.443001</ele>
        <time>2026-09-12T14:16:41.999Z</time>
      </trkpt>
      <trkpt lat="47.016546" lon="9.862682">
        <ele>2066.231912</ele>
        <time>2026-09-12T14:16:42.999Z</time>
      </trkpt>
      <trkpt lat="47.016540" lon="9.862693">
        <ele>2065.981883</ele>
        <time>2026-09-12T14:16:43.999Z</time>
      </trkpt>
      <trkpt lat="47.016535" lon="9.862702">
        <ele>2065.775827</ele>
        <time>2026-09-12T14:16:44.999Z</time>
      </trkpt>
      <trkpt lat="47.016531" lon="9.862705">
        <ele>2065.658872</ele>
        <time>2026-09-12T14:16:45.999Z</time>
      </trkpt>
      <trkpt lat="47.016529" lon="9.862703">
        <ele>2065.595857</ele>
        <time>2026-09-12T14:16:46.999Z</time>
      </trkpt>
      <trkpt lat="47.016528" lon="9.862699">
        <ele>2065.520239</ele>
        <time>2026-09-12T14:16:47.999Z</time>
      </trkpt>
      <trkpt lat="47.016527" lon="9.862696">
        <ele>2065.460970</ele>
        <time>2026-09-12T14:16:48.999Z</time>
      </trkpt>
      <trkpt lat="47.016525" lon="9.862693">
        <ele>2065.386499</ele>
        <time>2026-09-12T14:16:49.999Z</time>
      </trkpt>
      <trkpt lat="47.016523" lon="9.862691">
        <ele>2065.323484</ele>
        <time>2026-09-12T14:16:50.999Z</time>
      </trkpt>
      <trkpt lat="47.016520" lon="9.862690">
        <ele>2065.243394</ele>
        <time>2026-09-12T14:16:51.999Z</time>
      </trkpt>
      <trkpt lat="47.016516" lon="9.862688">
        <ele>2065.133379</ele>
        <time>2026-09-12T14:16:52.999Z</time>
      </trkpt>
      <trkpt lat="47.016512" lon="9.862686">
        <ele>2065.023364</ele>
        <time>2026-09-12T14:16:53.999Z</time>
      </trkpt>
      <trkpt lat="47.016510" lon="9.862686">
        <ele>2064.971298</ele>
        <time>2026-09-12T14:16:54.999Z</time>
      </trkpt>
      <trkpt lat="47.016507" lon="9.862689">
        <ele>2064.876776</ele>
        <time>2026-09-12T14:16:55.999Z</time>
      </trkpt>
      <trkpt lat="47.016503" lon="9.862694">
        <ele>2064.739959</ele>
        <time>2026-09-12T14:16:56.999Z</time>
      </trkpt>
      <trkpt lat="47.016498" lon="9.862701">
        <ele>2064.560019</ele>
        <time>2026-09-12T14:16:57.999Z</time>
      </trkpt>
      <trkpt lat="47.016494" lon="9.862705">
        <ele>2064.433989</ele>
        <time>2026-09-12T14:16:58.999Z</time>
      </trkpt>
      <trkpt lat="47.016490" lon="9.862709">
        <ele>2064.307959</ele>
        <time>2026-09-12T14:16:59.999Z</time>
      </trkpt>
      <trkpt lat="47.016486" lon="9.862712">
        <ele>2064.191004</ele>
        <time>2026-09-12T14:17:00.999Z</time>
      </trkpt>
      <trkpt lat="47.016481" lon="9.862719">
        <ele>2064.011064</ele>
        <time>2026-09-12T14:17:01.999Z</time>
      </trkpt>
      <trkpt lat="47.016473" lon="9.862728">
        <ele>2063.748595</ele>
        <time>2026-09-12T14:17:02.999Z</time>
      </trkpt>
      <trkpt lat="47.016465" lon="9.862740">
        <ele>2063.450710</ele>
        <time>2026-09-12T14:17:03.999Z</time>
      </trkpt>
      <trkpt lat="47.016460" lon="9.862750">
        <ele>2063.230608</ele>
        <time>2026-09-12T14:17:04.999Z</time>
      </trkpt>
      <trkpt lat="47.016459" lon="9.862756">
        <ele>2063.120980</ele>
        <time>2026-09-12T14:17:05.999Z</time>
      </trkpt>
      <trkpt lat="47.016460" lon="9.862758">
        <ele>2063.076960</ele>
        <time>2026-09-12T14:17:06.999Z</time>
      </trkpt>
      <trkpt lat="47.016460" lon="9.862760">
        <ele>2063.041462</ele>
        <time>2026-09-12T14:17:07.999Z</time>
      </trkpt>
      <trkpt lat="47.016459" lon="9.862764">
        <ele>2062.965844</ele>
        <time>2026-09-12T14:17:08.999Z</time>
      </trkpt>
      <trkpt lat="47.016457" lon="9.862769">
        <ele>2062.862955</ele>
        <time>2026-09-12T14:17:09.999Z</time>
      </trkpt>
      <trkpt lat="47.016455" lon="9.862775">
        <ele>2062.744415</ele>
        <time>2026-09-12T14:17:10.999Z</time>
      </trkpt>
      <trkpt lat="47.016456" lon="9.862780">
        <ele>2062.651932</ele>
        <time>2026-09-12T14:17:11.999Z</time>
      </trkpt>
      <trkpt lat="47.016459" lon="9.862786">
        <ele>2062.519871</ele>
        <time>2026-09-12T14:17:12.999Z</time>
      </trkpt>
      <trkpt lat="47.016462" lon="9.862792">
        <ele>2062.387810</ele>
        <time>2026-09-12T14:17:13.999Z</time>
      </trkpt>
      <trkpt lat="47.016464" lon="9.862798">
        <ele>2062.269271</ele>
        <time>2026-09-12T14:17:14.999Z</time>
      </trkpt>
      <trkpt lat="47.016463" lon="9.862803">
        <ele>2062.176787</ele>
        <time>2026-09-12T14:17:15.999Z</time>
      </trkpt>
      <trkpt lat="47.016462" lon="9.862808">
        <ele>2062.084304</ele>
        <time>2026-09-12T14:17:16.999Z</time>
      </trkpt>
      <trkpt lat="47.016461" lon="9.862813">
        <ele>2061.991820</ele>
        <time>2026-09-12T14:17:17.999Z</time>
      </trkpt>
      <trkpt lat="47.016458" lon="9.862818">
        <ele>2061.873605</ele>
        <time>2026-09-12T14:17:18.999Z</time>
      </trkpt>
      <trkpt lat="47.016455" lon="9.862824">
        <ele>2061.741544</ele>
        <time>2026-09-12T14:17:19.999Z</time>
      </trkpt>
      <trkpt lat="47.016453" lon="9.862832">
        <ele>2061.590309</ele>
        <time>2026-09-12T14:17:20.999Z</time>
      </trkpt>
      <trkpt lat="47.016451" lon="9.862839">
        <ele>2061.455599</ele>
        <time>2026-09-12T14:17:21.999Z</time>
      </trkpt>
      <trkpt lat="47.016450" lon="9.862847">
        <ele>2061.311242</ele>
        <time>2026-09-12T14:17:22.999Z</time>
      </trkpt>
      <trkpt lat="47.016448" lon="9.862853">
        <ele>2061.192703</ele>
        <time>2026-09-12T14:17:23.999Z</time>
      </trkpt>
      <trkpt lat="47.016446" lon="9.862857">
        <ele>2061.104662</ele>
        <time>2026-09-12T14:17:24.999Z</time>
      </trkpt>
      <trkpt lat="47.016443" lon="9.862862">
        <ele>2060.986447</ele>
        <time>2026-09-12T14:17:25.999Z</time>
      </trkpt>
      <trkpt lat="47.016439" lon="9.862868">
        <ele>2060.837504</ele>
        <time>2026-09-12T14:17:26.999Z</time>
      </trkpt>
      <trkpt lat="47.016436" lon="9.862874">
        <ele>2060.705443</ele>
        <time>2026-09-12T14:17:27.999Z</time>
      </trkpt>
      <trkpt lat="47.016435" lon="9.862879">
        <ele>2060.612960</ele>
        <time>2026-09-12T14:17:28.999Z</time>
      </trkpt>
      <trkpt lat="47.016434" lon="9.862883">
        <ele>2060.537342</ele>
        <time>2026-09-12T14:17:29.999Z</time>
      </trkpt>
      <trkpt lat="47.016433" lon="9.862885">
        <ele>2060.493322</ele>
        <time>2026-09-12T14:17:30.999Z</time>
      </trkpt>
      <trkpt lat="47.016430" lon="9.862887">
        <ele>2060.407535</ele>
        <time>2026-09-12T14:17:31.999Z</time>
      </trkpt>
      <trkpt lat="47.016427" lon="9.862889">
        <ele>2060.321748</ele>
        <time>2026-09-12T14:17:32.999Z</time>
      </trkpt>
      <trkpt lat="47.016424" lon="9.862893">
        <ele>2060.216203</ele>
        <time>2026-09-12T14:17:33.999Z</time>
      </trkpt>
      <trkpt lat="47.016422" lon="9.862898">
        <ele>2060.113313</ele>
        <time>2026-09-12T14:17:34.999Z</time>
      </trkpt>
      <trkpt lat="47.016420" lon="9.862903">
        <ele>2060.010423</ele>
        <time>2026-09-12T14:17:35.999Z</time>
      </trkpt>
      <trkpt lat="47.016418" lon="9.862909">
        <ele>2059.891884</ele>
        <time>2026-09-12T14:17:36.999Z</time>
      </trkpt>
      <trkpt lat="47.016416" lon="9.862915">
        <ele>2059.773345</ele>
        <time>2026-09-12T14:17:37.999Z</time>
      </trkpt>
      <trkpt lat="47.016414" lon="9.862922">
        <ele>2059.638635</ele>
        <time>2026-09-12T14:17:38.999Z</time>
      </trkpt>
      <trkpt lat="47.016412" lon="9.862928">
        <ele>2059.520095</ele>
        <time>2026-09-12T14:17:39.999Z</time>
      </trkpt>
      <trkpt lat="47.016409" lon="9.862933">
        <ele>2059.401880</ele>
        <time>2026-09-12T14:17:40.999Z</time>
      </trkpt>
      <trkpt lat="47.016407" lon="9.862936">
        <ele>2059.327409</ele>
        <time>2026-09-12T14:17:41.999Z</time>
      </trkpt>
      <trkpt lat="47.016403" lon="9.862937">
        <ele>2059.221776</ele>
        <time>2026-09-12T14:17:42.999Z</time>
      </trkpt>
      <trkpt lat="47.016398" lon="9.862937">
        <ele>2059.091612</ele>
        <time>2026-09-12T14:17:43.999Z</time>
      </trkpt>
      <trkpt lat="47.016392" lon="9.862937">
        <ele>2058.935416</ele>
        <time>2026-09-12T14:17:44.999Z</time>
      </trkpt>
      <trkpt lat="47.016387" lon="9.862937">
        <ele>2058.805252</ele>
        <time>2026-09-12T14:17:45.999Z</time>
      </trkpt>
      <trkpt lat="47.016383" lon="9.862938">
        <ele>2058.699620</ele>
        <time>2026-09-12T14:17:46.999Z</time>
      </trkpt>
      <trkpt lat="47.016380" lon="9.862939">
        <ele>2058.619530</ele>
        <time>2026-09-12T14:17:47.999Z</time>
      </trkpt>
      <trkpt lat="47.016375" lon="9.862940">
        <ele>2058.488162</ele>
        <time>2026-09-12T14:17:48.999Z</time>
      </trkpt>
      <trkpt lat="47.016370" lon="9.862941">
        <ele>2058.356794</ele>
        <time>2026-09-12T14:17:49.999Z</time>
      </trkpt>
      <trkpt lat="47.016366" lon="9.862943">
        <ele>2058.246778</ele>
        <time>2026-09-12T14:17:50.999Z</time>
      </trkpt>
      <trkpt lat="47.016363" lon="9.862946">
        <ele>2058.152256</ele>
        <time>2026-09-12T14:17:51.999Z</time>
      </trkpt>
      <trkpt lat="47.016359" lon="9.862949">
        <ele>2058.035301</ele>
        <time>2026-09-12T14:17:52.999Z</time>
      </trkpt>
      <trkpt lat="47.016356" lon="9.862950">
        <ele>2057.955211</ele>
        <time>2026-09-12T14:17:53.999Z</time>
      </trkpt>
      <trkpt lat="47.016351" lon="9.862950">
        <ele>2057.825048</ele>
        <time>2026-09-12T14:17:54.999Z</time>
      </trkpt>
      <trkpt lat="47.016344" lon="9.862949">
        <ele>2057.641956</ele>
        <time>2026-09-12T14:17:55.999Z</time>
      </trkpt>
      <trkpt lat="47.016339" lon="9.862947">
        <ele>2057.507039</ele>
        <time>2026-09-12T14:17:56.999Z</time>
      </trkpt>
      <trkpt lat="47.016335" lon="9.862945">
        <ele>2057.397024</ele>
        <time>2026-09-12T14:17:57.999Z</time>
      </trkpt>
      <trkpt lat="47.016333" lon="9.862941">
        <ele>2057.308983</ele>
        <time>2026-09-12T14:17:58.999Z</time>
      </trkpt>
      <trkpt lat="47.016332" lon="9.862937">
        <ele>2057.233366</ele>
        <time>2026-09-12T14:17:59.999Z</time>
      </trkpt>
      <trkpt lat="47.016330" lon="9.862934">
        <ele>2057.158894</ele>
        <time>2026-09-12T14:18:00.999Z</time>
      </trkpt>
      <trkpt lat="47.016327" lon="9.862933">
        <ele>2057.078804</ele>
        <time>2026-09-12T14:18:01.999Z</time>
      </trkpt>
      <trkpt lat="47.016324" lon="9.862933">
        <ele>2057.000706</ele>
        <time>2026-09-12T14:18:02.999Z</time>
      </trkpt>
      <trkpt lat="47.016322" lon="9.862932">
        <ele>2056.945699</ele>
        <time>2026-09-12T14:18:03.999Z</time>
      </trkpt>
      <trkpt lat="47.016319" lon="9.862932">
        <ele>2056.867600</ele>
        <time>2026-09-12T14:18:04.999Z</time>
      </trkpt>
      <trkpt lat="47.016316" lon="9.862932">
        <ele>2056.789502</ele>
        <time>2026-09-12T14:18:05.999Z</time>
      </trkpt>
      <trkpt lat="47.016312" lon="9.862934">
        <ele>2056.679487</ele>
        <time>2026-09-12T14:18:06.999Z</time>
      </trkpt>
      <trkpt lat="47.016306" lon="9.862938">
        <ele>2056.507913</ele>
        <time>2026-09-12T14:18:07.999Z</time>
      </trkpt>
      <trkpt lat="47.016299" lon="9.862944">
        <ele>2056.296848</ele>
        <time>2026-09-12T14:18:08.999Z</time>
      </trkpt>
      <trkpt lat="47.016291" lon="9.862952">
        <ele>2056.044788</ele>
        <time>2026-09-12T14:18:09.999Z</time>
      </trkpt>
      <trkpt lat="47.016284" lon="9.862960">
        <ele>2055.813771</ele>
        <time>2026-09-12T14:18:10.999Z</time>
      </trkpt>
      <trkpt lat="47.016277" lon="9.862965">
        <ele>2055.611082</ele>
        <time>2026-09-12T14:18:11.999Z</time>
      </trkpt>
      <trkpt lat="47.016272" lon="9.862966">
        <ele>2055.479714</ele>
        <time>2026-09-12T14:18:12.999Z</time>
      </trkpt>
      <trkpt lat="47.016268" lon="9.862964">
        <ele>2055.369698</ele>
        <time>2026-09-12T14:18:13.999Z</time>
      </trkpt>
      <trkpt lat="47.016265" lon="9.862961">
        <ele>2055.275176</ele>
        <time>2026-09-12T14:18:14.999Z</time>
      </trkpt>
      <trkpt lat="47.016262" lon="9.862956">
        <ele>2055.156960</ele>
        <time>2026-09-12T14:18:15.999Z</time>
      </trkpt>
      <trkpt lat="47.016260" lon="9.862949">
        <ele>2055.022250</ele>
        <time>2026-09-12T14:18:16.999Z</time>
      </trkpt>
      <trkpt lat="47.016259" lon="9.862940">
        <ele>2054.860403</ele>
        <time>2026-09-12T14:18:17.999Z</time>
      </trkpt>
      <trkpt lat="47.016258" lon="9.862927">
        <ele>2054.628203</ele>
        <time>2026-09-12T14:18:18.999Z</time>
      </trkpt>
      <trkpt lat="47.016258" lon="9.862908">
        <ele>2054.290975</ele>
        <time>2026-09-12T14:18:19.999Z</time>
      </trkpt>
      <trkpt lat="47.016259" lon="9.862888">
        <ele>2053.935044</ele>
        <time>2026-09-12T14:18:20.999Z</time>
      </trkpt>
      <trkpt lat="47.016261" lon="9.862867">
        <ele>2053.558699</ele>
        <time>2026-09-12T14:18:21.999Z</time>
      </trkpt>
      <trkpt lat="47.016264" lon="9.862848">
        <ele>2053.212545</ele>
        <time>2026-09-12T14:18:22.999Z</time>
      </trkpt>
      <trkpt lat="47.016265" lon="9.862832">
        <ele>2052.927372</ele>
        <time>2026-09-12T14:18:23.999Z</time>
      </trkpt>
      <trkpt lat="47.016264" lon="9.862818">
        <ele>2052.677528</ele>
        <time>2026-09-12T14:18:24.999Z</time>
      </trkpt>
      <trkpt lat="47.016261" lon="9.862807">
        <ele>2052.467249</ele>
        <time>2026-09-12T14:18:25.999Z</time>
      </trkpt>
      <trkpt lat="47.016258" lon="9.862795">
        <ele>2052.240396</ele>
        <time>2026-09-12T14:18:26.999Z</time>
      </trkpt>
      <trkpt lat="47.016255" lon="9.862781">
        <ele>2051.979927</ele>
        <time>2026-09-12T14:18:27.999Z</time>
      </trkpt>
      <trkpt lat="47.016255" lon="9.862763">
        <ele>2051.660448</ele>
        <time>2026-09-12T14:18:28.999Z</time>
      </trkpt>
      <trkpt lat="47.016259" lon="9.862745">
        <ele>2051.324426</ele>
        <time>2026-09-12T14:18:29.999Z</time>
      </trkpt>
      <trkpt lat="47.016266" lon="9.862728">
        <ele>2050.971936</ele>
        <time>2026-09-12T14:18:30.999Z</time>
      </trkpt>
      <trkpt lat="47.016275" lon="9.862713">
        <ele>2050.617290</ele>
        <time>2026-09-12T14:18:31.999Z</time>
      </trkpt>
      <trkpt lat="47.016283" lon="9.862699">
        <ele>2050.293072</ele>
        <time>2026-09-12T14:18:32.999Z</time>
      </trkpt>
      <trkpt lat="47.016289" lon="9.862685">
        <ele>2049.999573</ele>
        <time>2026-09-12T14:18:33.999Z</time>
      </trkpt>
      <trkpt lat="47.016295" lon="9.862673">
        <ele>2049.735451</ele>
        <time>2026-09-12T14:18:34.999Z</time>
      </trkpt>
      <trkpt lat="47.016300" lon="9.862662">
        <ele>2049.500802</ele>
        <time>2026-09-12T14:18:35.999Z</time>
      </trkpt>
      <trkpt lat="47.016303" lon="9.862650">
        <ele>2049.273948</ele>
        <time>2026-09-12T14:18:36.999Z</time>
      </trkpt>
      <trkpt lat="47.016304" lon="9.862637">
        <ele>2049.041749</ele>
        <time>2026-09-12T14:18:37.999Z</time>
      </trkpt>
      <trkpt lat="47.016303" lon="9.862622">
        <ele>2048.774247</ele>
        <time>2026-09-12T14:18:38.999Z</time>
      </trkpt>
      <trkpt lat="47.016302" lon="9.862607">
        <ele>2048.506744</ele>
        <time>2026-09-12T14:18:39.999Z</time>
      </trkpt>
      <trkpt lat="47.016304" lon="9.862592">
        <ele>2048.235468</ele>
        <time>2026-09-12T14:18:40.999Z</time>
      </trkpt>
      <trkpt lat="47.016309" lon="9.862580">
        <ele>2047.985857</ele>
        <time>2026-09-12T14:18:41.999Z</time>
      </trkpt>
      <trkpt lat="47.016315" lon="9.862574">
        <ele>2047.796811</ele>
        <time>2026-09-12T14:18:42.999Z</time>
      </trkpt>
      <trkpt lat="47.016321" lon="9.862570">
        <ele>2047.625237</ele>
        <time>2026-09-12T14:18:43.999Z</time>
      </trkpt>
      <trkpt lat="47.016327" lon="9.862564">
        <ele>2047.436192</ele>
        <time>2026-09-12T14:18:44.999Z</time>
      </trkpt>
      <trkpt lat="47.016332" lon="9.862551">
        <ele>2047.171275</ele>
        <time>2026-09-12T14:18:45.999Z</time>
      </trkpt>
      <trkpt lat="47.016336" lon="9.862533">
        <ele>2046.835253</ele>
        <time>2026-09-12T14:18:46.999Z</time>
      </trkpt>
      <trkpt lat="47.016338" lon="9.862511">
        <ele>2046.441323</ele>
        <time>2026-09-12T14:18:47.999Z</time>
      </trkpt>
      <trkpt lat="47.016338" lon="9.862490">
        <ele>2046.068597</ele>
        <time>2026-09-12T14:18:48.999Z</time>
      </trkpt>
      <trkpt lat="47.016340" lon="9.862470">
        <ele>2045.709822</ele>
        <time>2026-09-12T14:18:49.999Z</time>
      </trkpt>
      <trkpt lat="47.016343" lon="9.862453">
        <ele>2045.398148</ele>
        <time>2026-09-12T14:18:50.999Z</time>
      </trkpt>
      <trkpt lat="47.016349" lon="9.862435">
        <ele>2045.042530</ele>
        <time>2026-09-12T14:18:51.999Z</time>
      </trkpt>
      <trkpt lat="47.016354" lon="9.862418">
        <ele>2044.713921</ele>
        <time>2026-09-12T14:18:52.999Z</time>
      </trkpt>
      <trkpt lat="47.016357" lon="9.862406">
        <ele>2044.487068</ele>
        <time>2026-09-12T14:18:53.999Z</time>
      </trkpt>
      <trkpt lat="47.016359" lon="9.862395">
        <ele>2044.285008</ele>
        <time>2026-09-12T14:18:54.999Z</time>
      </trkpt>
      <trkpt lat="47.016362" lon="9.862383">
        <ele>2044.058154</ele>
        <time>2026-09-12T14:18:55.999Z</time>
      </trkpt>
      <trkpt lat="47.016367" lon="9.862368">
        <ele>2043.761806</ele>
        <time>2026-09-12T14:18:56.999Z</time>
      </trkpt>
      <trkpt lat="47.016374" lon="9.862351">
        <ele>2043.409317</ele>
        <time>2026-09-12T14:18:57.999Z</time>
      </trkpt>
      <trkpt lat="47.016380" lon="9.862334">
        <ele>2043.069555</ele>
        <time>2026-09-12T14:18:58.999Z</time>
      </trkpt>
      <trkpt lat="47.016387" lon="9.862318">
        <ele>2042.732134</ele>
        <time>2026-09-12T14:18:59.999Z</time>
      </trkpt>
      <trkpt lat="47.016394" lon="9.862304">
        <ele>2042.423992</ele>
        <time>2026-09-12T14:19:00.999Z</time>
      </trkpt>
      <trkpt lat="47.016400" lon="9.862290">
        <ele>2042.130493</ele>
        <time>2026-09-12T14:19:01.999Z</time>
      </trkpt>
      <trkpt lat="47.016407" lon="9.862276">
        <ele>2041.822351</ele>
        <time>2026-09-12T14:19:02.999Z</time>
      </trkpt>
      <trkpt lat="47.016413" lon="9.862262">
        <ele>2041.528852</ele>
        <time>2026-09-12T14:19:03.999Z</time>
      </trkpt>
      <trkpt lat="47.016418" lon="9.862250">
        <ele>2041.279242</ele>
        <time>2026-09-12T14:19:04.999Z</time>
      </trkpt>
      <trkpt lat="47.016420" lon="9.862242">
        <ele>2041.128006</ele>
        <time>2026-09-12T14:19:05.999Z</time>
      </trkpt>
      <trkpt lat="47.016419" lon="9.862242">
        <ele>2041.101973</ele>
        <time>2026-09-12T14:19:06.999Z</time>
      </trkpt>
      <trkpt lat="47.016416" lon="9.862244">
        <ele>2041.016186</ele>
        <time>2026-09-12T14:19:07.999Z</time>
      </trkpt>
      <trkpt lat="47.016414" lon="9.862245">
        <ele>2040.961179</ele>
        <time>2026-09-12T14:19:08.999Z</time>
      </trkpt>
      <trkpt lat="47.016412" lon="9.862243">
        <ele>2040.898164</ele>
        <time>2026-09-12T14:19:09.999Z</time>
      </trkpt>
      <trkpt lat="47.016410" lon="9.862236">
        <ele>2040.763454</ele>
        <time>2026-09-12T14:19:10.999Z</time>
      </trkpt>
      <trkpt lat="47.016410" lon="9.862227">
        <ele>2040.603714</ele>
        <time>2026-09-12T14:19:11.999Z</time>
      </trkpt>
      <trkpt lat="47.016412" lon="9.862218">
        <ele>2040.435704</ele>
        <time>2026-09-12T14:19:12.999Z</time>
      </trkpt>
      <trkpt lat="47.016414" lon="9.862205">
        <ele>2040.199168</ele>
        <time>2026-09-12T14:19:13.999Z</time>
      </trkpt>
      <trkpt lat="47.016416" lon="9.862190">
        <ele>2039.927892</ele>
        <time>2026-09-12T14:19:14.999Z</time>
      </trkpt>
      <trkpt lat="47.016417" lon="9.862175">
        <ele>2039.660390</ele>
        <time>2026-09-12T14:19:15.999Z</time>
      </trkpt>
      <trkpt lat="47.016415" lon="9.862161">
        <ele>2039.406510</ele>
        <time>2026-09-12T14:19:16.999Z</time>
      </trkpt>
      <trkpt lat="47.016413" lon="9.862146">
        <ele>2039.135235</ele>
        <time>2026-09-12T14:19:17.999Z</time>
      </trkpt>
      <trkpt lat="47.016413" lon="9.862131">
        <ele>2038.869002</ele>
        <time>2026-09-12T14:19:18.999Z</time>
      </trkpt>
      <trkpt lat="47.016418" lon="9.862118">
        <ele>2038.604085</ele>
        <time>2026-09-12T14:19:19.999Z</time>
      </trkpt>
      <trkpt lat="47.016427" lon="9.862111">
        <ele>2038.338887</ele>
        <time>2026-09-12T14:19:20.999Z</time>
      </trkpt>
      <trkpt lat="47.016435" lon="9.862107">
        <ele>2038.118857</ele>
        <time>2026-09-12T14:19:21.999Z</time>
      </trkpt>
      <trkpt lat="47.016439" lon="9.862104">
        <ele>2038.001902</ele>
        <time>2026-09-12T14:19:22.999Z</time>
      </trkpt>
      <trkpt lat="47.016442" lon="9.862096">
        <ele>2037.839851</ele>
        <time>2026-09-12T14:19:23.999Z</time>
      </trkpt>
      <trkpt lat="47.016445" lon="9.862083">
        <ele>2037.596258</ele>
        <time>2026-09-12T14:19:24.999Z</time>
      </trkpt>
      <trkpt lat="47.016448" lon="9.862067">
        <ele>2037.301733</ele>
        <time>2026-09-12T14:19:25.999Z</time>
      </trkpt>
      <trkpt lat="47.016451" lon="9.862052">
        <ele>2037.024283</ele>
        <time>2026-09-12T14:19:26.999Z</time>
      </trkpt>
      <trkpt lat="47.016452" lon="9.862037">
        <ele>2036.756781</ele>
        <time>2026-09-12T14:19:27.999Z</time>
      </trkpt>
      <trkpt lat="47.016452" lon="9.862024">
        <ele>2036.542400</ele>
        <time>2026-09-12T14:19:28.999Z</time>
      </trkpt>
      <trkpt lat="47.016453" lon="9.862009">
        <ele>2036.311387</ele>
        <time>2026-09-12T14:19:29.999Z</time>
      </trkpt>
      <trkpt lat="47.016454" lon="9.861995">
        <ele>2036.095623</ele>
        <time>2026-09-12T14:19:30.999Z</time>
      </trkpt>
      <trkpt lat="47.016455" lon="9.861984">
        <ele>2035.925525</ele>
        <time>2026-09-12T14:19:31.999Z</time>
      </trkpt>
      <trkpt lat="47.016455" lon="9.861976">
        <ele>2035.802903</ele>
        <time>2026-09-12T14:19:32.999Z</time>
      </trkpt>
      <trkpt lat="47.016454" lon="9.861967">
        <ele>2035.663133</ele>
        <time>2026-09-12T14:19:33.999Z</time>
      </trkpt>
      <trkpt lat="47.016453" lon="9.861956">
        <ele>2035.493035</ele>
        <time>2026-09-12T14:19:34.999Z</time>
      </trkpt>
      <trkpt lat="47.016452" lon="9.861942">
        <ele>2035.277272</ele>
        <time>2026-09-12T14:19:35.999Z</time>
      </trkpt>
      <trkpt lat="47.016453" lon="9.861927">
        <ele>2035.046258</ele>
        <time>2026-09-12T14:19:36.999Z</time>
      </trkpt>
      <trkpt lat="47.016455" lon="9.861912">
        <ele>2034.811986</ele>
        <time>2026-09-12T14:19:37.999Z</time>
      </trkpt>
      <trkpt lat="47.016458" lon="9.861897">
        <ele>2034.572381</ele>
        <time>2026-09-12T14:19:38.999Z</time>
      </trkpt>
      <trkpt lat="47.016460" lon="9.861881">
        <ele>2034.323049</ele>
        <time>2026-09-12T14:19:39.999Z</time>
      </trkpt>
      <trkpt lat="47.016463" lon="9.861868">
        <ele>2034.112683</ele>
        <time>2026-09-12T14:19:40.999Z</time>
      </trkpt>
      <trkpt lat="47.016463" lon="9.861854">
        <ele>2033.898094</ele>
        <time>2026-09-12T14:19:41.999Z</time>
      </trkpt>
      <trkpt lat="47.016462" lon="9.861841">
        <ele>2033.697569</ele>
        <time>2026-09-12T14:19:42.999Z</time>
      </trkpt>
      <trkpt lat="47.016460" lon="9.861838">
        <ele>2033.633255</ele>
        <time>2026-09-12T14:19:43.999Z</time>
      </trkpt>
      <trkpt lat="47.016457" lon="9.861846">
        <ele>2033.493309</ele>
        <time>2026-09-12T14:19:44.999Z</time>
      </trkpt>
      <trkpt lat="47.016454" lon="9.861856">
        <ele>2033.325848</ele>
        <time>2026-09-12T14:19:45.999Z</time>
      </trkpt>
      <trkpt lat="47.016449" lon="9.861867">
        <ele>2033.123207</ele>
        <time>2026-09-12T14:19:46.999Z</time>
      </trkpt>
      <trkpt lat="47.016444" lon="9.861877">
        <ele>2032.933128</ele>
        <time>2026-09-12T14:19:47.999Z</time>
      </trkpt>
      <trkpt lat="47.016437" lon="9.861879">
        <ele>2032.772798</ele>
        <time>2026-09-12T14:19:48.999Z</time>
      </trkpt>
      <trkpt lat="47.016432" lon="9.861873">
        <ele>2032.627562</ele>
        <time>2026-09-12T14:19:49.999Z</time>
      </trkpt>
      <trkpt lat="47.016429" lon="9.861863">
        <ele>2032.460102</ele>
        <time>2026-09-12T14:19:50.999Z</time>
      </trkpt>
      <trkpt lat="47.016426" lon="9.861851">
        <ele>2032.264192</ele>
        <time>2026-09-12T14:19:51.999Z</time>
      </trkpt>
      <trkpt lat="47.016424" lon="9.861837">
        <ele>2032.044943</ele>
        <time>2026-09-12T14:19:52.999Z</time>
      </trkpt>
      <trkpt lat="47.016422" lon="9.861824">
        <ele>2031.840672</ele>
        <time>2026-09-12T14:19:53.999Z</time>
      </trkpt>
      <trkpt lat="47.016421" lon="9.861811">
        <ele>2031.640146</ele>
        <time>2026-09-12T14:19:54.999Z</time>
      </trkpt>
      <trkpt lat="47.016419" lon="9.861798">
        <ele>2031.435875</ele>
        <time>2026-09-12T14:19:55.999Z</time>
      </trkpt>
      <trkpt lat="47.016418" lon="9.861784">
        <ele>2031.220111</ele>
        <time>2026-09-12T14:19:56.999Z</time>
      </trkpt>
      <trkpt lat="47.016418" lon="9.861770">
        <ele>2031.005522</ele>
        <time>2026-09-12T14:19:57.999Z</time>
      </trkpt>
      <trkpt lat="47.016419" lon="9.861754">
        <ele>2030.759249</ele>
        <time>2026-09-12T14:19:58.999Z</time>
      </trkpt>
      <trkpt lat="47.016419" lon="9.861739">
        <ele>2030.529332</ele>
        <time>2026-09-12T14:19:59.999Z</time>
      </trkpt>
      <trkpt lat="47.016414" lon="9.861724">
        <ele>2030.273407</ele>
        <time>2026-09-12T14:20:00.999Z</time>
      </trkpt>
      <trkpt lat="47.016407" lon="9.861708">
        <ele>2029.982012</ele>
        <time>2026-09-12T14:20:01.999Z</time>
      </trkpt>
      <trkpt lat="47.016400" lon="9.861691">
        <ele>2029.677605</ele>
        <time>2026-09-12T14:20:02.999Z</time>
      </trkpt>
      <trkpt lat="47.016393" lon="9.861674">
        <ele>2029.373197</ele>
        <time>2026-09-12T14:20:03.999Z</time>
      </trkpt>
      <trkpt lat="47.016387" lon="9.861658">
        <ele>2029.093303</ele>
        <time>2026-09-12T14:20:04.999Z</time>
      </trkpt>
      <trkpt lat="47.016381" lon="9.861642">
        <ele>2028.813410</ele>
        <time>2026-09-12T14:20:05.999Z</time>
      </trkpt>
      <trkpt lat="47.016373" lon="9.861626">
        <ele>2028.509284</ele>
        <time>2026-09-12T14:20:06.999Z</time>
      </trkpt>
      <trkpt lat="47.016364" lon="9.861609">
        <ele>2028.179378</ele>
        <time>2026-09-12T14:20:07.999Z</time>
      </trkpt>
      <trkpt lat="47.016357" lon="9.861592">
        <ele>2027.874970</ele>
        <time>2026-09-12T14:20:08.999Z</time>
      </trkpt>
      <trkpt lat="47.016349" lon="9.861575">
        <ele>2027.558354</ele>
        <time>2026-09-12T14:20:09.999Z</time>
      </trkpt>
      <trkpt lat="47.016341" lon="9.861559">
        <ele>2027.254228</ele>
        <time>2026-09-12T14:20:10.999Z</time>
      </trkpt>
      <trkpt lat="47.016333" lon="9.861543">
        <ele>2026.950102</ele>
        <time>2026-09-12T14:20:11.999Z</time>
      </trkpt>
      <trkpt lat="47.016324" lon="9.861529">
        <ele>2026.655164</ele>
        <time>2026-09-12T14:20:12.999Z</time>
      </trkpt>
      <trkpt lat="47.016315" lon="9.861516">
        <ele>2026.371184</ele>
        <time>2026-09-12T14:20:13.999Z</time>
      </trkpt>
      <trkpt lat="47.016306" lon="9.861503">
        <ele>2026.087203</ele>
        <time>2026-09-12T14:20:14.999Z</time>
      </trkpt>
      <trkpt lat="47.016297" lon="9.861490">
        <ele>2025.803223</ele>
        <time>2026-09-12T14:20:15.999Z</time>
      </trkpt>
      <trkpt lat="47.016287" lon="9.861477">
        <ele>2025.502810</ele>
        <time>2026-09-12T14:20:16.999Z</time>
      </trkpt>
      <trkpt lat="47.016277" lon="9.861466">
        <ele>2025.221792</ele>
        <time>2026-09-12T14:20:17.999Z</time>
      </trkpt>
      <trkpt lat="47.016266" lon="9.861456">
        <ele>2024.930843</ele>
        <time>2026-09-12T14:20:18.999Z</time>
      </trkpt>
      <trkpt lat="47.016256" lon="9.861447">
        <ele>2024.667076</ele>
        <time>2026-09-12T14:20:19.999Z</time>
      </trkpt>
      <trkpt lat="47.016245" lon="9.861437">
        <ele>2024.376127</ele>
        <time>2026-09-12T14:20:20.999Z</time>
      </trkpt>
      <trkpt lat="47.016234" lon="9.861428">
        <ele>2024.092954</ele>
        <time>2026-09-12T14:20:21.999Z</time>
      </trkpt>
      <trkpt lat="47.016225" lon="9.861419">
        <ele>2023.848066</ele>
        <time>2026-09-12T14:20:22.999Z</time>
      </trkpt>
      <trkpt lat="47.016215" lon="9.861410">
        <ele>2023.584298</ele>
        <time>2026-09-12T14:20:23.999Z</time>
      </trkpt>
      <trkpt lat="47.016205" lon="9.861403">
        <ele>2023.335190</ele>
        <time>2026-09-12T14:20:24.999Z</time>
      </trkpt>
      <trkpt lat="47.016195" lon="9.861396">
        <ele>2023.086081</ele>
        <time>2026-09-12T14:20:25.999Z</time>
      </trkpt>
      <trkpt lat="47.016185" lon="9.861391">
        <ele>2022.848560</ele>
        <time>2026-09-12T14:20:26.999Z</time>
      </trkpt>
      <trkpt lat="47.016175" lon="9.861385">
        <ele>2022.605659</ele>
        <time>2026-09-12T14:20:27.999Z</time>
      </trkpt>
      <trkpt lat="47.016165" lon="9.861377">
        <ele>2022.349575</ele>
        <time>2026-09-12T14:20:28.999Z</time>
      </trkpt>
      <trkpt lat="47.016155" lon="9.861369">
        <ele>2022.093490</ele>
        <time>2026-09-12T14:20:29.999Z</time>
      </trkpt>
      <trkpt lat="47.016146" lon="9.861363">
        <ele>2021.871234</ele>
        <time>2026-09-12T14:20:30.999Z</time>
      </trkpt>
      <trkpt lat="47.016136" lon="9.861358">
        <ele>2021.633713</ele>
        <time>2026-09-12T14:20:31.999Z</time>
      </trkpt>
      <trkpt lat="47.016127" lon="9.861353">
        <ele>2021.417349</ele>
        <time>2026-09-12T14:20:32.999Z</time>
      </trkpt>
      <trkpt lat="47.016118" lon="9.861347">
        <ele>2021.195093</ele>
        <time>2026-09-12T14:20:33.999Z</time>
      </trkpt>
      <trkpt lat="47.016110" lon="9.861339">
        <ele>2020.977415</ele>
        <time>2026-09-12T14:20:34.999Z</time>
      </trkpt>
      <trkpt lat="47.016102" lon="9.861331">
        <ele>2020.759737</ele>
        <time>2026-09-12T14:20:35.999Z</time>
      </trkpt>
      <trkpt lat="47.016093" lon="9.861324">
        <ele>2020.530713</ele>
        <time>2026-09-12T14:20:36.999Z</time>
      </trkpt>
      <trkpt lat="47.016084" lon="9.861317">
        <ele>2020.301689</ele>
        <time>2026-09-12T14:20:37.999Z</time>
      </trkpt>
      <trkpt lat="47.016074" lon="9.861310">
        <ele>2020.052580</ele>
        <time>2026-09-12T14:20:38.999Z</time>
      </trkpt>
      <trkpt lat="47.016064" lon="9.861303">
        <ele>2019.803471</ele>
        <time>2026-09-12T14:20:39.999Z</time>
      </trkpt>
      <trkpt lat="47.016054" lon="9.861294">
        <ele>2019.539704</ele>
        <time>2026-09-12T14:20:40.999Z</time>
      </trkpt>
      <trkpt lat="47.016045" lon="9.861282">
        <ele>2019.266260</ele>
        <time>2026-09-12T14:20:41.999Z</time>
      </trkpt>
      <trkpt lat="47.016036" lon="9.861268">
        <ele>2018.971321</ele>
        <time>2026-09-12T14:20:42.999Z</time>
      </trkpt>
      <trkpt lat="47.016028" lon="9.861254">
        <ele>2018.691327</ele>
        <time>2026-09-12T14:20:43.999Z</time>
      </trkpt>
      <trkpt lat="47.016020" lon="9.861239">
        <ele>2018.399419</ele>
        <time>2026-09-12T14:20:44.999Z</time>
      </trkpt>
      <trkpt lat="47.016012" lon="9.861225">
        <ele>2018.119425</ele>
        <time>2026-09-12T14:20:45.999Z</time>
      </trkpt>
      <trkpt lat="47.016004" lon="9.861211">
        <ele>2017.839431</ele>
        <time>2026-09-12T14:20:46.999Z</time>
      </trkpt>
      <trkpt lat="47.015995" lon="9.861197">
        <ele>2017.544493</ele>
        <time>2026-09-12T14:20:47.999Z</time>
      </trkpt>
      <trkpt lat="47.015987" lon="9.861183">
        <ele>2017.264499</ele>
        <time>2026-09-12T14:20:48.999Z</time>
      </trkpt>
      <trkpt lat="47.015977" lon="9.861170">
        <ele>2016.964085</ele>
        <time>2026-09-12T14:20:49.999Z</time>
      </trkpt>
      <trkpt lat="47.015967" lon="9.861158">
        <ele>2016.673611</ele>
        <time>2026-09-12T14:20:50.999Z</time>
      </trkpt>
      <trkpt lat="47.015958" lon="9.861145">
        <ele>2016.389629</ele>
        <time>2026-09-12T14:20:51.999Z</time>
      </trkpt>
      <trkpt lat="47.015948" lon="9.861131">
        <ele>2016.078837</ele>
        <time>2026-09-12T14:20:52.999Z</time>
      </trkpt>
      <trkpt lat="47.015939" lon="9.861117">
        <ele>2015.783898</ele>
        <time>2026-09-12T14:20:54.000Z</time>
      </trkpt>
      <trkpt lat="47.015930" lon="9.861103">
        <ele>2015.488959</ele>
        <time>2026-09-12T14:20:55.000Z</time>
      </trkpt>
      <trkpt lat="47.015922" lon="9.861089">
        <ele>2015.208964</ele>
        <time>2026-09-12T14:20:56.000Z</time>
      </trkpt>
      <trkpt lat="47.015912" lon="9.861077">
        <ele>2014.918491</ele>
        <time>2026-09-12T14:20:57.000Z</time>
      </trkpt>
      <trkpt lat="47.015901" lon="9.861066">
        <ele>2014.619183</ele>
        <time>2026-09-12T14:20:58.000Z</time>
      </trkpt>
      <trkpt lat="47.015891" lon="9.861055">
        <ele>2014.338164</ele>
        <time>2026-09-12T14:20:59.000Z</time>
      </trkpt>
      <trkpt lat="47.015881" lon="9.861043">
        <ele>2014.047690</ele>
        <time>2026-09-12T14:21:00.000Z</time>
      </trkpt>
      <trkpt lat="47.015872" lon="9.861032">
        <ele>2013.784312</ele>
        <time>2026-09-12T14:21:01.000Z</time>
      </trkpt>
      <trkpt lat="47.015864" lon="9.861020">
        <ele>2013.527058</ele>
        <time>2026-09-12T14:21:02.000Z</time>
      </trkpt>
      <trkpt lat="47.015856" lon="9.861009">
        <ele>2013.280530</ele>
        <time>2026-09-12T14:21:03.000Z</time>
      </trkpt>
      <trkpt lat="47.015848" lon="9.860997">
        <ele>2013.023276</ele>
        <time>2026-09-12T14:21:04.000Z</time>
      </trkpt>
      <trkpt lat="47.015841" lon="9.860985">
        <ele>2012.781205</ele>
        <time>2026-09-12T14:21:05.000Z</time>
      </trkpt>
      <trkpt lat="47.015833" lon="9.860972">
        <ele>2012.512778</ele>
        <time>2026-09-12T14:21:06.000Z</time>
      </trkpt>
      <trkpt lat="47.015825" lon="9.860961">
        <ele>2012.266250</ele>
        <time>2026-09-12T14:21:07.000Z</time>
      </trkpt>
      <trkpt lat="47.015816" lon="9.860949">
        <ele>2011.992805</ele>
        <time>2026-09-12T14:21:08.000Z</time>
      </trkpt>
      <trkpt lat="47.015807" lon="9.860936">
        <ele>2011.708823</ele>
        <time>2026-09-12T14:21:09.000Z</time>
      </trkpt>
      <trkpt lat="47.015799" lon="9.860924">
        <ele>2011.451569</ele>
        <time>2026-09-12T14:21:10.000Z</time>
      </trkpt>
      <trkpt lat="47.015791" lon="9.860911">
        <ele>2011.183141</ele>
        <time>2026-09-12T14:21:11.000Z</time>
      </trkpt>
      <trkpt lat="47.015782" lon="9.860897">
        <ele>2010.888202</ele>
        <time>2026-09-12T14:21:12.000Z</time>
      </trkpt>
      <trkpt lat="47.015772" lon="9.860883">
        <ele>2010.577409</ele>
        <time>2026-09-12T14:21:13.000Z</time>
      </trkpt>
      <trkpt lat="47.015763" lon="9.860869">
        <ele>2010.282469</ele>
        <time>2026-09-12T14:21:14.000Z</time>
      </trkpt>
      <trkpt lat="47.015754" lon="9.860854">
        <ele>2009.976197</ele>
        <time>2026-09-12T14:21:15.000Z</time>
      </trkpt>
      <trkpt lat="47.015745" lon="9.860839">
        <ele>2009.669924</ele>
        <time>2026-09-12T14:21:16.000Z</time>
      </trkpt>
      <trkpt lat="47.015736" lon="9.860827">
        <ele>2009.396479</ele>
        <time>2026-09-12T14:21:17.000Z</time>
      </trkpt>
      <trkpt lat="47.015726" lon="9.860816">
        <ele>2009.115461</ele>
        <time>2026-09-12T14:21:18.000Z</time>
      </trkpt>
      <trkpt lat="47.015717" lon="9.860805">
        <ele>2008.852082</ele>
        <time>2026-09-12T14:21:19.000Z</time>
      </trkpt>
      <trkpt lat="47.015706" lon="9.860796">
        <ele>2008.568908</ele>
        <time>2026-09-12T14:21:20.000Z</time>
      </trkpt>
      <trkpt lat="47.015694" lon="9.860787">
        <ele>2008.265902</ele>
        <time>2026-09-12T14:21:21.000Z</time>
      </trkpt>
      <trkpt lat="47.015681" lon="9.860778">
        <ele>2007.942717</ele>
        <time>2026-09-12T14:21:22.000Z</time>
      </trkpt>
      <trkpt lat="47.015668" lon="9.860770">
        <ele>2007.625773</ele>
        <time>2026-09-12T14:21:23.000Z</time>
      </trkpt>
      <trkpt lat="47.015655" lon="9.860763">
        <ele>2007.314437</ele>
        <time>2026-09-12T14:21:24.000Z</time>
      </trkpt>
      <trkpt lat="47.015642" lon="9.860756">
        <ele>2007.003101</ele>
        <time>2026-09-12T14:21:25.000Z</time>
      </trkpt>
      <trkpt lat="47.015630" lon="9.860749">
        <ele>2006.712767</ele>
        <time>2026-09-12T14:21:26.000Z</time>
      </trkpt>
      <trkpt lat="47.015619" lon="9.860740">
        <ele>2006.429593</ele>
        <time>2026-09-12T14:21:27.000Z</time>
      </trkpt>
      <trkpt lat="47.015607" lon="9.860731">
        <ele>2006.126587</ele>
        <time>2026-09-12T14:21:28.000Z</time>
      </trkpt>
      <trkpt lat="47.015596" lon="9.860721">
        <ele>2005.835637</ele>
        <time>2026-09-12T14:21:29.000Z</time>
      </trkpt>
      <trkpt lat="47.015585" lon="9.860712">
        <ele>2005.552463</ele>
        <time>2026-09-12T14:21:30.000Z</time>
      </trkpt>
      <trkpt lat="47.015575" lon="9.860702">
        <ele>2005.280364</ele>
        <time>2026-09-12T14:21:31.000Z</time>
      </trkpt>
      <trkpt lat="47.015565" lon="9.860692">
        <ele>2005.008265</ele>
        <time>2026-09-12T14:21:32.000Z</time>
      </trkpt>
      <trkpt lat="47.015556" lon="9.860682">
        <ele>2004.754426</ele>
        <time>2026-09-12T14:21:33.000Z</time>
      </trkpt>
      <trkpt lat="47.015547" lon="9.860674">
        <ele>2004.517832</ele>
        <time>2026-09-12T14:21:34.000Z</time>
      </trkpt>
      <trkpt lat="47.015538" lon="9.860665">
        <ele>2004.272943</ele>
        <time>2026-09-12T14:21:35.000Z</time>
      </trkpt>
      <trkpt lat="47.015529" lon="9.860657">
        <ele>2004.036350</ele>
        <time>2026-09-12T14:21:36.000Z</time>
      </trkpt>
      <trkpt lat="47.015520" lon="9.860648">
        <ele>2003.791461</ele>
        <time>2026-09-12T14:21:37.000Z</time>
      </trkpt>
      <trkpt lat="47.015512" lon="9.860635">
        <ele>2003.523032</ele>
        <time>2026-09-12T14:21:38.000Z</time>
      </trkpt>
      <trkpt lat="47.015506" lon="9.860619">
        <ele>2003.243135</ele>
        <time>2026-09-12T14:21:39.000Z</time>
      </trkpt>
      <trkpt lat="47.015503" lon="9.860603">
        <ele>2002.988781</ele>
        <time>2026-09-12T14:21:40.000Z</time>
      </trkpt>
      <trkpt lat="47.015499" lon="9.860587">
        <ele>2002.727565</ele>
        <time>2026-09-12T14:21:41.000Z</time>
      </trkpt>
      <trkpt lat="47.015493" lon="9.860575">
        <ele>2002.499468</ele>
        <time>2026-09-12T14:21:42.000Z</time>
      </trkpt>
      <trkpt lat="47.015483" lon="9.860570">
        <ele>2002.261947</ele>
        <time>2026-09-12T14:21:43.000Z</time>
      </trkpt>
      <trkpt lat="47.015472" lon="9.860565">
        <ele>2002.003044</ele>
        <time>2026-09-12T14:21:44.000Z</time>
      </trkpt>
      <trkpt lat="47.015463" lon="9.860555">
        <ele>2001.749204</ele>
        <time>2026-09-12T14:21:45.000Z</time>
      </trkpt>
      <trkpt lat="47.015458" lon="9.860543">
        <ele>2001.533639</ele>
        <time>2026-09-12T14:21:46.000Z</time>
      </trkpt>
      <trkpt lat="47.015453" lon="9.860530">
        <ele>2001.304854</ele>
        <time>2026-09-12T14:21:47.000Z</time>
      </trkpt>
      <trkpt lat="47.015447" lon="9.860519">
        <ele>2001.088928</ele>
        <time>2026-09-12T14:21:48.000Z</time>
      </trkpt>
      <trkpt lat="47.015438" lon="9.860511">
        <ele>2000.852334</ele>
        <time>2026-09-12T14:21:49.000Z</time>
      </trkpt>
      <trkpt lat="47.015428" lon="9.860502">
        <ele>2000.588566</ele>
        <time>2026-09-12T14:21:50.000Z</time>
      </trkpt>
      <trkpt lat="47.015419" lon="9.860491">
        <ele>2000.325186</ele>
        <time>2026-09-12T14:21:51.000Z</time>
      </trkpt>
      <trkpt lat="47.015411" lon="9.860478">
        <ele>2000.056758</ele>
        <time>2026-09-12T14:21:52.000Z</time>
      </trkpt>
      <trkpt lat="47.015407" lon="9.860462">
        <ele>1999.795541</ele>
        <time>2026-09-12T14:21:53.000Z</time>
      </trkpt>
      <trkpt lat="47.015403" lon="9.860447">
        <ele>1999.548659</ele>
        <time>2026-09-12T14:21:54.000Z</time>
      </trkpt>
      <trkpt lat="47.015396" lon="9.860435">
        <ele>1999.306587</ele>
        <time>2026-09-12T14:21:55.000Z</time>
      </trkpt>
      <trkpt lat="47.015388" lon="9.860427">
        <ele>1999.088908</ele>
        <time>2026-09-12T14:21:56.000Z</time>
      </trkpt>
      <trkpt lat="47.015379" lon="9.860422">
        <ele>1998.872544</ele>
        <time>2026-09-12T14:21:57.000Z</time>
      </trkpt>
      <trkpt lat="47.015372" lon="9.860415">
        <ele>1998.682074</ele>
        <time>2026-09-12T14:21:58.000Z</time>
      </trkpt>
      <trkpt lat="47.015365" lon="9.860405">
        <ele>1998.462390</ele>
        <time>2026-09-12T14:21:59.000Z</time>
      </trkpt>
      <trkpt lat="47.015359" lon="9.860396">
        <ele>1998.269449</ele>
        <time>2026-09-12T14:22:00.000Z</time>
      </trkpt>
      <trkpt lat="47.015351" lon="9.860388">
        <ele>1998.051770</ele>
        <time>2026-09-12T14:22:01.000Z</time>
      </trkpt>
      <trkpt lat="47.015340" lon="9.860381">
        <ele>1997.782197</ele>
        <time>2026-09-12T14:22:02.000Z</time>
      </trkpt>
      <trkpt lat="47.015329" lon="9.860374">
        <ele>1997.512624</ele>
        <time>2026-09-12T14:22:03.000Z</time>
      </trkpt>
      <trkpt lat="47.015316" lon="9.860368">
        <ele>1997.206233</ele>
        <time>2026-09-12T14:22:04.000Z</time>
      </trkpt>
      <trkpt lat="47.015305" lon="9.860364">
        <ele>1996.951447</ele>
        <time>2026-09-12T14:22:05.000Z</time>
      </trkpt>
      <trkpt lat="47.015294" lon="9.860359">
        <ele>1996.692544</ele>
        <time>2026-09-12T14:22:06.000Z</time>
      </trkpt>
      <trkpt lat="47.015285" lon="9.860356">
        <ele>1996.485049</ele>
        <time>2026-09-12T14:22:07.000Z</time>
      </trkpt>
      <trkpt lat="47.015281" lon="9.860356">
        <ele>1996.395122</ele>
        <time>2026-09-12T14:22:08.000Z</time>
      </trkpt>
      <trkpt lat="47.015282" lon="9.860358">
        <ele>1996.357105</ele>
        <time>2026-09-12T14:22:09.000Z</time>
      </trkpt>
      <trkpt lat="47.015281" lon="9.860362">
        <ele>1996.291801</ele>
        <time>2026-09-12T14:22:10.000Z</time>
      </trkpt>
      <trkpt lat="47.015278" lon="9.860368">
        <ele>1996.181298</ele>
        <time>2026-09-12T14:22:11.000Z</time>
      </trkpt>
      <trkpt lat="47.015270" lon="9.860373">
        <ele>1996.007758</ele>
        <time>2026-09-12T14:22:12.000Z</time>
      </trkpt>
      <trkpt lat="47.015259" lon="9.860378">
        <ele>1995.777941</ele>
        <time>2026-09-12T14:22:13.000Z</time>
      </trkpt>
      <trkpt lat="47.015246" lon="9.860380">
        <ele>1995.517087</ele>
        <time>2026-09-12T14:22:14.000Z</time>
      </trkpt>
      <trkpt lat="47.015232" lon="9.860379">
        <ele>1995.237370</ele>
        <time>2026-09-12T14:22:15.000Z</time>
      </trkpt>
      <trkpt lat="47.015219" lon="9.860377">
        <ele>1994.976517</ele>
        <time>2026-09-12T14:22:16.000Z</time>
      </trkpt>
      <trkpt lat="47.015205" lon="9.860373">
        <ele>1994.691879</ele>
        <time>2026-09-12T14:22:17.000Z</time>
      </trkpt>
      <trkpt lat="47.015193" lon="9.860368">
        <ele>1994.442930</ele>
        <time>2026-09-12T14:22:18.000Z</time>
      </trkpt>
      <trkpt lat="47.015182" lon="9.860363">
        <ele>1994.213112</ele>
        <time>2026-09-12T14:22:19.000Z</time>
      </trkpt>
      <trkpt lat="47.015172" lon="9.860358">
        <ele>1994.002273</ele>
        <time>2026-09-12T14:22:20.000Z</time>
      </trkpt>
      <trkpt lat="47.015164" lon="9.860353">
        <ele>1993.828733</ele>
        <time>2026-09-12T14:22:21.000Z</time>
      </trkpt>
      <trkpt lat="47.015156" lon="9.860349">
        <ele>1993.660062</ele>
        <time>2026-09-12T14:22:22.000Z</time>
      </trkpt>
      <trkpt lat="47.015148" lon="9.860346">
        <ele>1993.495277</ele>
        <time>2026-09-12T14:22:23.000Z</time>
      </trkpt>
      <trkpt lat="47.015139" lon="9.860346">
        <ele>1993.315672</ele>
        <time>2026-09-12T14:22:24.000Z</time>
      </trkpt>
      <trkpt lat="47.015130" lon="9.860348">
        <ele>1993.134017</ele>
        <time>2026-09-12T14:22:25.000Z</time>
      </trkpt>
      <trkpt lat="47.015121" lon="9.860352">
        <ele>1992.946347</ele>
        <time>2026-09-12T14:22:26.000Z</time>
      </trkpt>
      <trkpt lat="47.015111" lon="9.860356">
        <ele>1992.739497</ele>
        <time>2026-09-12T14:22:27.000Z</time>
      </trkpt>
      <trkpt lat="47.015099" lon="9.860360">
        <ele>1992.493916</ele>
        <time>2026-09-12T14:22:28.000Z</time>
      </trkpt>
      <trkpt lat="47.015087" lon="9.860365">
        <ele>1992.244967</ele>
        <time>2026-09-12T14:22:29.000Z</time>
      </trkpt>
      <trkpt lat="47.015076" lon="9.860373">
        <ele>1991.999944</ele>
        <time>2026-09-12T14:22:30.000Z</time>
      </trkpt>
      <trkpt lat="47.015065" lon="9.860381">
        <ele>1991.754921</ele>
        <time>2026-09-12T14:22:31.000Z</time>
      </trkpt>
      <trkpt lat="47.015054" lon="9.860383">
        <ele>1991.533723</ele>
        <time>2026-09-12T14:22:32.000Z</time>
      </trkpt>
      <trkpt lat="47.015042" lon="9.860378">
        <ele>1991.284773</ele>
        <time>2026-09-12T14:22:33.000Z</time>
      </trkpt>
      <trkpt lat="47.015032" lon="9.860368">
        <ele>1991.043241</ele>
        <time>2026-09-12T14:22:34.000Z</time>
      </trkpt>
      <trkpt lat="47.015022" lon="9.860357">
        <ele>1990.793791</ele>
        <time>2026-09-12T14:22:35.000Z</time>
      </trkpt>
      <trkpt lat="47.015012" lon="9.860348">
        <ele>1990.559654</ele>
        <time>2026-09-12T14:22:36.000Z</time>
      </trkpt>
      <trkpt lat="47.015002" lon="9.860342">
        <ele>1990.344039</ele>
        <time>2026-09-12T14:22:37.000Z</time>
      </trkpt>
      <trkpt lat="47.014990" lon="9.860339">
        <ele>1990.101112</ele>
        <time>2026-09-12T14:22:38.000Z</time>
      </trkpt>
      <trkpt lat="47.014978" lon="9.860337">
        <ele>1989.860097</ele>
        <time>2026-09-12T14:22:39.000Z</time>
      </trkpt>
      <trkpt lat="47.014966" lon="9.860334">
        <ele>1989.617169</ele>
        <time>2026-09-12T14:22:40.000Z</time>
      </trkpt>
      <trkpt lat="47.014955" lon="9.860329">
        <ele>1989.387351</ele>
        <time>2026-09-12T14:22:41.000Z</time>
      </trkpt>
      <trkpt lat="47.014946" lon="9.860324">
        <ele>1989.195293</ele>
        <time>2026-09-12T14:22:42.000Z</time>
      </trkpt>
      <trkpt lat="47.014941" lon="9.860318">
        <ele>1989.066371</ele>
        <time>2026-09-12T14:22:43.000Z</time>
      </trkpt>
      <trkpt lat="47.014937" lon="9.860313">
        <ele>1988.961489</ele>
        <time>2026-09-12T14:22:44.000Z</time>
      </trkpt>
      <trkpt lat="47.014931" lon="9.860307">
        <ele>1988.816570</ele>
        <time>2026-09-12T14:22:45.000Z</time>
      </trkpt>
      <trkpt lat="47.014923" lon="9.860301">
        <ele>1988.637259</ele>
        <time>2026-09-12T14:22:46.000Z</time>
      </trkpt>
      <trkpt lat="47.014914" lon="9.860291">
        <ele>1988.411934</ele>
        <time>2026-09-12T14:22:47.000Z</time>
      </trkpt>
      <trkpt lat="47.014906" lon="9.860279">
        <ele>1988.183578</ele>
        <time>2026-09-12T14:22:48.000Z</time>
      </trkpt>
      <trkpt lat="47.014899" lon="9.860265">
        <ele>1987.947358</ele>
        <time>2026-09-12T14:22:49.000Z</time>
      </trkpt>
      <trkpt lat="47.014893" lon="9.860253">
        <ele>1987.744884</ele>
        <time>2026-09-12T14:22:50.000Z</time>
      </trkpt>
      <trkpt lat="47.014887" lon="9.860242">
        <ele>1987.553213</ele>
        <time>2026-09-12T14:22:51.000Z</time>
      </trkpt>
      <trkpt lat="47.014884" lon="9.860233">
        <ele>1987.416906</ele>
        <time>2026-09-12T14:22:52.000Z</time>
      </trkpt>
      <trkpt lat="47.014883" lon="9.860224">
        <ele>1987.292834</ele>
        <time>2026-09-12T14:22:53.000Z</time>
      </trkpt>
      <trkpt lat="47.014884" lon="9.860218">
        <ele>1987.208792</ele>
        <time>2026-09-12T14:22:54.000Z</time>
      </trkpt>
      <trkpt lat="47.014886" lon="9.860220">
        <ele>1987.160486</ele>
        <time>2026-09-12T14:22:55.000Z</time>
      </trkpt>
      <trkpt lat="47.014886" lon="9.860230">
        <ele>1987.024423</ele>
        <time>2026-09-12T14:22:56.000Z</time>
      </trkpt>
      <trkpt lat="47.014883" lon="9.860240">
        <ele>1986.875772</ele>
        <time>2026-09-12T14:22:57.000Z</time>
      </trkpt>
      <trkpt lat="47.014880" lon="9.860248">
        <ele>1986.751544</ele>
        <time>2026-09-12T14:22:58.000Z</time>
      </trkpt>
      <trkpt lat="47.014875" lon="9.860255">
        <ele>1986.613603</ele>
        <time>2026-09-12T14:22:59.000Z</time>
      </trkpt>
      <trkpt lat="47.014870" lon="9.860258">
        <ele>1986.505796</ele>
        <time>2026-09-12T14:23:00.000Z</time>
      </trkpt>
      <trkpt lat="47.014866" lon="9.860260">
        <ele>1986.421461</ele>
        <time>2026-09-12T14:23:01.000Z</time>
      </trkpt>
      <trkpt lat="47.014861" lon="9.860262">
        <ele>1986.318036</ele>
        <time>2026-09-12T14:23:02.000Z</time>
      </trkpt>
      <trkpt lat="47.014854" lon="9.860266">
        <ele>1986.168115</ele>
        <time>2026-09-12T14:23:03.000Z</time>
      </trkpt>
      <trkpt lat="47.014844" lon="9.860270">
        <ele>1985.961265</ele>
        <time>2026-09-12T14:23:04.000Z</time>
      </trkpt>
      <trkpt lat="47.014833" lon="9.860272">
        <ele>1985.740067</ele>
        <time>2026-09-12T14:23:05.000Z</time>
      </trkpt>
      <trkpt lat="47.014822" lon="9.860271">
        <ele>1985.520128</ele>
        <time>2026-09-12T14:23:06.000Z</time>
      </trkpt>
      <trkpt lat="47.014811" lon="9.860271">
        <ele>1985.300610</ele>
        <time>2026-09-12T14:23:07.000Z</time>
      </trkpt>
      <trkpt lat="47.014798" lon="9.860274">
        <ele>1985.037989</ele>
        <time>2026-09-12T14:23:08.000Z</time>
      </trkpt>
      <trkpt lat="47.014785" lon="9.860278">
        <ele>1984.772912</ele>
        <time>2026-09-12T14:23:09.000Z</time>
      </trkpt>
      <trkpt lat="47.014771" lon="9.860284">
        <ele>1984.481842</ele>
        <time>2026-09-12T14:23:10.000Z</time>
      </trkpt>
      <trkpt lat="47.014757" lon="9.860289">
        <ele>1984.194293</ele>
        <time>2026-09-12T14:23:11.000Z</time>
      </trkpt>
      <trkpt lat="47.014744" lon="9.860295">
        <ele>1983.922321</ele>
        <time>2026-09-12T14:23:12.000Z</time>
      </trkpt>
      <trkpt lat="47.014731" lon="9.860299">
        <ele>1983.657244</ele>
        <time>2026-09-12T14:23:13.000Z</time>
      </trkpt>
      <trkpt lat="47.014718" lon="9.860302">
        <ele>1983.394622</ele>
        <time>2026-09-12T14:23:14.000Z</time>
      </trkpt>
      <trkpt lat="47.014706" lon="9.860306">
        <ele>1983.149042</ele>
        <time>2026-09-12T14:23:15.000Z</time>
      </trkpt>
      <trkpt lat="47.014693" lon="9.860309">
        <ele>1982.886420</ele>
        <time>2026-09-12T14:23:16.000Z</time>
      </trkpt>
      <trkpt lat="47.014681" lon="9.860313">
        <ele>1982.640839</ele>
        <time>2026-09-12T14:23:17.000Z</time>
      </trkpt>
      <trkpt lat="47.014669" lon="9.860320">
        <ele>1982.383120</ele>
        <time>2026-09-12T14:23:18.000Z</time>
      </trkpt>
      <trkpt lat="47.014657" lon="9.860328">
        <ele>1982.120069</ele>
        <time>2026-09-12T14:23:19.000Z</time>
      </trkpt>
      <trkpt lat="47.014646" lon="9.860337">
        <ele>1981.868705</ele>
        <time>2026-09-12T14:23:20.000Z</time>
      </trkpt>
      <trkpt lat="47.014635" lon="9.860342">
        <ele>1981.638887</ele>
        <time>2026-09-12T14:23:21.000Z</time>
      </trkpt>
      <trkpt lat="47.014623" lon="9.860343">
        <ele>1981.399027</ele>
        <time>2026-09-12T14:23:22.000Z</time>
      </trkpt>
      <trkpt lat="47.014611" lon="9.860340">
        <ele>1981.156099</ele>
        <time>2026-09-12T14:23:23.000Z</time>
      </trkpt>
      <trkpt lat="47.014599" lon="9.860335">
        <ele>1980.907150</ele>
        <time>2026-09-12T14:23:24.000Z</time>
      </trkpt>
      <trkpt lat="47.014589" lon="9.860331">
        <ele>1980.700300</ele>
        <time>2026-09-12T14:23:25.000Z</time>
      </trkpt>
      <trkpt lat="47.014579" lon="9.860327">
        <ele>1980.493450</ele>
        <time>2026-09-12T14:23:26.000Z</time>
      </trkpt>
      <trkpt lat="47.014569" lon="9.860325">
        <ele>1980.292041</ele>
        <time>2026-09-12T14:23:27.000Z</time>
      </trkpt>
      <trkpt lat="47.014558" lon="9.860327">
        <ele>1980.070843</ele>
        <time>2026-09-12T14:23:28.000Z</time>
      </trkpt>
      <trkpt lat="47.014547" lon="9.860334">
        <ele>1979.831554</ele>
        <time>2026-09-12T14:23:29.000Z</time>
      </trkpt>
      <trkpt lat="47.014535" lon="9.860341">
        <ele>1979.573835</ele>
        <time>2026-09-12T14:23:30.000Z</time>
      </trkpt>
      <trkpt lat="47.014523" lon="9.860339">
        <ele>1979.332820</ele>
        <time>2026-09-12T14:23:31.000Z</time>
      </trkpt>
      <trkpt lat="47.014510" lon="9.860328">
        <ele>1979.033312</ele>
        <time>2026-09-12T14:23:32.000Z</time>
      </trkpt>
      <trkpt lat="47.014497" lon="9.860317">
        <ele>1978.733804</ele>
        <time>2026-09-12T14:23:33.000Z</time>
      </trkpt>
      <trkpt lat="47.014483" lon="9.860308">
        <ele>1978.428759</ele>
        <time>2026-09-12T14:23:34.000Z</time>
      </trkpt>
      <trkpt lat="47.014466" lon="9.860301">
        <ele>1978.076388</ele>
        <time>2026-09-12T14:23:35.000Z</time>
      </trkpt>
      <trkpt lat="47.014446" lon="9.860295">
        <ele>1977.669001</ele>
        <time>2026-09-12T14:23:36.000Z</time>
      </trkpt>
      <trkpt lat="47.014425" lon="9.860289">
        <ele>1977.242045</ele>
        <time>2026-09-12T14:23:37.000Z</time>
      </trkpt>
      <trkpt lat="47.014405" lon="9.860281">
        <ele>1976.828344</ele>
        <time>2026-09-12T14:23:38.000Z</time>
      </trkpt>
      <trkpt lat="47.014385" lon="9.860272">
        <ele>1976.410858</ele>
        <time>2026-09-12T14:23:39.000Z</time>
      </trkpt>
      <trkpt lat="47.014367" lon="9.860264">
        <ele>1976.035517</ele>
        <time>2026-09-12T14:23:40.000Z</time>
      </trkpt>
      <trkpt lat="47.014349" lon="9.860258">
        <ele>1975.667146</ele>
        <time>2026-09-12T14:23:41.000Z</time>
      </trkpt>
      <trkpt lat="47.014332" lon="9.860256">
        <ele>1975.326802</ele>
        <time>2026-09-12T14:23:42.000Z</time>
      </trkpt>
      <trkpt lat="47.014317" lon="9.860256">
        <ele>1975.027460</ele>
        <time>2026-09-12T14:23:43.000Z</time>
      </trkpt>
      <trkpt lat="47.014301" lon="9.860255">
        <ele>1974.707871</ele>
        <time>2026-09-12T14:23:44.000Z</time>
      </trkpt>
      <trkpt lat="47.014285" lon="9.860252">
        <ele>1974.385975</ele>
        <time>2026-09-12T14:23:45.000Z</time>
      </trkpt>
      <trkpt lat="47.014269" lon="9.860248">
        <ele>1974.062071</ele>
        <time>2026-09-12T14:23:46.000Z</time>
      </trkpt>
      <trkpt lat="47.014253" lon="9.860243">
        <ele>1973.735605</ele>
        <time>2026-09-12T14:23:47.000Z</time>
      </trkpt>
      <trkpt lat="47.014239" lon="9.860237">
        <ele>1973.444536</ele>
        <time>2026-09-12T14:23:48.000Z</time>
      </trkpt>
      <trkpt lat="47.014226" lon="9.860233">
        <ele>1973.179458</ele>
        <time>2026-09-12T14:23:49.000Z</time>
      </trkpt>
      <trkpt lat="47.014212" lon="9.860232">
        <ele>1972.899741</ele>
        <time>2026-09-12T14:23:50.000Z</time>
      </trkpt>
      <trkpt lat="47.014195" lon="9.860235">
        <ele>1972.558040</ele>
        <time>2026-09-12T14:23:51.000Z</time>
      </trkpt>
      <trkpt lat="47.014178" lon="9.860238">
        <ele>1972.216338</ele>
        <time>2026-09-12T14:23:52.000Z</time>
      </trkpt>
      <trkpt lat="47.014163" lon="9.860236">
        <ele>1971.915762</ele>
        <time>2026-09-12T14:23:53.000Z</time>
      </trkpt>
      <trkpt lat="47.014149" lon="9.860232">
        <ele>1971.631124</ele>
        <time>2026-09-12T14:23:54.000Z</time>
      </trkpt>
      <trkpt lat="47.014135" lon="9.860228">
        <ele>1971.346486</ele>
        <time>2026-09-12T14:23:55.000Z</time>
      </trkpt>
      <trkpt lat="47.014121" lon="9.860226">
        <ele>1971.065778</ele>
        <time>2026-09-12T14:23:56.000Z</time>
      </trkpt>
      <trkpt lat="47.014108" lon="9.860230">
        <ele>1970.800700</ele>
        <time>2026-09-12T14:23:57.000Z</time>
      </trkpt>
      <trkpt lat="47.014095" lon="9.860238">
        <ele>1970.519359</ele>
        <time>2026-09-12T14:23:58.000Z</time>
      </trkpt>
      <trkpt lat="47.014083" lon="9.860250">
        <ele>1970.229519</ele>
        <time>2026-09-12T14:23:59.000Z</time>
      </trkpt>
      <trkpt lat="47.014072" lon="9.860263">
        <ele>1969.947604</ele>
        <time>2026-09-12T14:24:00.000Z</time>
      </trkpt>
      <trkpt lat="47.014062" lon="9.860274">
        <ele>1969.698152</ele>
        <time>2026-09-12T14:24:01.000Z</time>
      </trkpt>
      <trkpt lat="47.014051" lon="9.860284">
        <ele>1969.439886</ele>
        <time>2026-09-12T14:24:02.000Z</time>
      </trkpt>
      <trkpt lat="47.014039" lon="9.860292">
        <ele>1969.176834</ele>
        <time>2026-09-12T14:24:03.000Z</time>
      </trkpt>
      <trkpt lat="47.014027" lon="9.860298">
        <ele>1968.923827</ele>
        <time>2026-09-12T14:24:04.000Z</time>
      </trkpt>
      <trkpt lat="47.014015" lon="9.860300">
        <ele>1968.682812</ele>
        <time>2026-09-12T14:24:05.000Z</time>
      </trkpt>
      <trkpt lat="47.014002" lon="9.860299">
        <ele>1968.423025</ele>
        <time>2026-09-12T14:24:06.000Z</time>
      </trkpt>
      <trkpt lat="47.013990" lon="9.860301">
        <ele>1968.182010</ele>
        <time>2026-09-12T14:24:07.000Z</time>
      </trkpt>
      <trkpt lat="47.013978" lon="9.860305">
        <ele>1967.936429</ele>
        <time>2026-09-12T14:24:08.000Z</time>
      </trkpt>
      <trkpt lat="47.013967" lon="9.860308">
        <ele>1967.713149</ele>
        <time>2026-09-12T14:24:09.000Z</time>
      </trkpt>
      <trkpt lat="47.013956" lon="9.860303">
        <ele>1967.483331</ele>
        <time>2026-09-12T14:24:10.000Z</time>
      </trkpt>
      <trkpt lat="47.013945" lon="9.860293">
        <ele>1967.225064</ele>
        <time>2026-09-12T14:24:11.000Z</time>
      </trkpt>
      <trkpt lat="47.013934" lon="9.860283">
        <ele>1966.966797</ele>
        <time>2026-09-12T14:24:12.000Z</time>
      </trkpt>
      <trkpt lat="47.013923" lon="9.860277">
        <ele>1966.732590</ele>
        <time>2026-09-12T14:24:13.000Z</time>
      </trkpt>
      <trkpt lat="47.013912" lon="9.860282">
        <ele>1966.502772</ele>
        <time>2026-09-12T14:24:14.000Z</time>
      </trkpt>
      <trkpt lat="47.013901" lon="9.860293">
        <ele>1966.237085</ele>
        <time>2026-09-12T14:24:15.000Z</time>
      </trkpt>
      <trkpt lat="47.013889" lon="9.860301">
        <ele>1965.974033</ele>
        <time>2026-09-12T14:24:16.000Z</time>
      </trkpt>
      <trkpt lat="47.013876" lon="9.860303">
        <ele>1965.713179</ele>
        <time>2026-09-12T14:24:17.000Z</time>
      </trkpt>
      <trkpt lat="47.013862" lon="9.860303">
        <ele>1965.433793</ele>
        <time>2026-09-12T14:24:18.000Z</time>
      </trkpt>
      <trkpt lat="47.013849" lon="9.860302">
        <ele>1965.174007</ele>
        <time>2026-09-12T14:24:19.000Z</time>
      </trkpt>
      <trkpt lat="47.013836" lon="9.860301">
        <ele>1964.914220</ele>
        <time>2026-09-12T14:24:20.000Z</time>
      </trkpt>
      <trkpt lat="47.013823" lon="9.860301">
        <ele>1964.654790</ele>
        <time>2026-09-12T14:24:21.000Z</time>
      </trkpt>
      <trkpt lat="47.013810" lon="9.860301">
        <ele>1964.395360</ele>
        <time>2026-09-12T14:24:22.000Z</time>
      </trkpt>
      <trkpt lat="47.013797" lon="9.860301">
        <ele>1964.135930</ele>
        <time>2026-09-12T14:24:23.000Z</time>
      </trkpt>
      <trkpt lat="47.013784" lon="9.860301">
        <ele>1963.876501</ele>
        <time>2026-09-12T14:24:24.000Z</time>
      </trkpt>
      <trkpt lat="47.013770" lon="9.860300">
        <ele>1963.596783</ele>
        <time>2026-09-12T14:24:25.000Z</time>
      </trkpt>
      <trkpt lat="47.013757" lon="9.860298">
        <ele>1963.335930</ele>
        <time>2026-09-12T14:24:26.000Z</time>
      </trkpt>
      <trkpt lat="47.013744" lon="9.860296">
        <ele>1963.075077</ele>
        <time>2026-09-12T14:24:27.000Z</time>
      </trkpt>
      <trkpt lat="47.013732" lon="9.860292">
        <ele>1962.829496</ele>
        <time>2026-09-12T14:24:28.000Z</time>
      </trkpt>
      <trkpt lat="47.013721" lon="9.860287">
        <ele>1962.599678</ele>
        <time>2026-09-12T14:24:29.000Z</time>
      </trkpt>
      <trkpt lat="47.013713" lon="9.860283">
        <ele>1962.431006</ele>
        <time>2026-09-12T14:24:30.000Z</time>
      </trkpt>
      <trkpt lat="47.013706" lon="9.860284">
        <ele>1962.290652</ele>
        <time>2026-09-12T14:24:31.000Z</time>
      </trkpt>
      <trkpt lat="47.013703" lon="9.860289">
        <ele>1962.200028</ele>
        <time>2026-09-12T14:24:32.000Z</time>
      </trkpt>
      <trkpt lat="47.013701" lon="9.860294">
        <ele>1962.121152</ele>
        <time>2026-09-12T14:24:33.000Z</time>
      </trkpt>
      <trkpt lat="47.013695" lon="9.860300">
        <ele>1961.976231</ele>
        <time>2026-09-12T14:24:34.000Z</time>
      </trkpt>
      <trkpt lat="47.013686" lon="9.860304">
        <ele>1961.788561</ele>
        <time>2026-09-12T14:24:35.000Z</time>
      </trkpt>
      <trkpt lat="47.013673" lon="9.860304">
        <ele>1961.529131</ele>
        <time>2026-09-12T14:24:36.000Z</time>
      </trkpt>
      <trkpt lat="47.013660" lon="9.860299">
        <ele>1961.260929</ele>
        <time>2026-09-12T14:24:37.000Z</time>
      </trkpt>
      <trkpt lat="47.013645" lon="9.860292">
        <ele>1960.946799</ele>
        <time>2026-09-12T14:24:38.000Z</time>
      </trkpt>
      <trkpt lat="47.013630" lon="9.860287">
        <ele>1960.639823</ele>
        <time>2026-09-12T14:24:39.000Z</time>
      </trkpt>
      <trkpt lat="47.013614" lon="9.860281">
        <ele>1960.311804</ele>
        <time>2026-09-12T14:24:40.000Z</time>
      </trkpt>
      <trkpt lat="47.013595" lon="9.860273">
        <ele>1960.037993</ele>
        <time>2026-09-12T14:24:41.000Z</time>
      </trkpt>
      <trkpt lat="47.013578" lon="9.860265">
        <ele>1959.790691</ele>
        <time>2026-09-12T14:24:42.000Z</time>
      </trkpt>
      <trkpt lat="47.013563" lon="9.860260">
        <ele>1959.577619</ele>
        <time>2026-09-12T14:24:43.000Z</time>
      </trkpt>
      <trkpt lat="47.013552" lon="9.860257">
        <ele>1959.422639</ele>
        <time>2026-09-12T14:24:44.000Z</time>
      </trkpt>
      <trkpt lat="47.013543" lon="9.860256">
        <ele>1959.297618</ele>
        <time>2026-09-12T14:24:45.000Z</time>
      </trkpt>
      <trkpt lat="47.013534" lon="9.860257">
        <ele>1959.172596</ele>
        <time>2026-09-12T14:24:46.000Z</time>
      </trkpt>
      <trkpt lat="47.013525" lon="9.860259">
        <ele>1959.046509</ele>
        <time>2026-09-12T14:24:47.000Z</time>
      </trkpt>
      <trkpt lat="47.013513" lon="9.860261">
        <ele>1958.879220</ele>
        <time>2026-09-12T14:24:48.000Z</time>
      </trkpt>
      <trkpt lat="47.013499" lon="9.860261">
        <ele>1958.685297</ele>
        <time>2026-09-12T14:24:49.000Z</time>
      </trkpt>
      <trkpt lat="47.013485" lon="9.860258">
        <ele>1958.489316</ele>
        <time>2026-09-12T14:24:50.000Z</time>
      </trkpt>
      <trkpt lat="47.013471" lon="9.860256">
        <ele>1958.294476</ele>
        <time>2026-09-12T14:24:51.000Z</time>
      </trkpt>
      <trkpt lat="47.013457" lon="9.860256">
        <ele>1958.100553</ele>
        <time>2026-09-12T14:24:52.000Z</time>
      </trkpt>
      <trkpt lat="47.013443" lon="9.860256">
        <ele>1957.906631</ele>
        <time>2026-09-12T14:24:53.000Z</time>
      </trkpt>
      <trkpt lat="47.013429" lon="9.860255">
        <ele>1957.712479</ele>
        <time>2026-09-12T14:24:54.000Z</time>
      </trkpt>
      <trkpt lat="47.013415" lon="9.860255">
        <ele>1957.518556</ele>
        <time>2026-09-12T14:24:55.000Z</time>
      </trkpt>
      <trkpt lat="47.013400" lon="9.860253">
        <ele>1957.309925</ele>
        <time>2026-09-12T14:24:56.000Z</time>
      </trkpt>
      <trkpt lat="47.013386" lon="9.860251">
        <ele>1957.115085</ele>
        <time>2026-09-12T14:24:57.000Z</time>
      </trkpt>
      <trkpt lat="47.013372" lon="9.860248">
        <ele>1956.919104</ele>
        <time>2026-09-12T14:24:58.000Z</time>
      </trkpt>
      <trkpt lat="47.013357" lon="9.860243">
        <ele>1956.706031</ele>
        <time>2026-09-12T14:24:59.000Z</time>
      </trkpt>
      <trkpt lat="47.013343" lon="9.860236">
        <ele>1956.501149</ele>
        <time>2026-09-12T14:25:00.000Z</time>
      </trkpt>
      <trkpt lat="47.013329" lon="9.860229">
        <ele>1956.296268</ele>
        <time>2026-09-12T14:25:01.000Z</time>
      </trkpt>
      <trkpt lat="47.013315" lon="9.860222">
        <ele>1956.091386</ele>
        <time>2026-09-12T14:25:02.000Z</time>
      </trkpt>
      <trkpt lat="47.013302" lon="9.860214">
        <ele>1955.896106</ele>
        <time>2026-09-12T14:25:03.000Z</time>
      </trkpt>
      <trkpt lat="47.013288" lon="9.860206">
        <ele>1955.687985</ele>
        <time>2026-09-12T14:25:04.000Z</time>
      </trkpt>
      <trkpt lat="47.013274" lon="9.860200">
        <ele>1955.485953</ele>
        <time>2026-09-12T14:25:05.000Z</time>
      </trkpt>
      <trkpt lat="47.013261" lon="9.860194">
        <ele>1955.297176</ele>
        <time>2026-09-12T14:25:06.000Z</time>
      </trkpt>
      <trkpt lat="47.013247" lon="9.860189">
        <ele>1955.097587</ele>
        <time>2026-09-12T14:25:07.000Z</time>
      </trkpt>
      <trkpt lat="47.013233" lon="9.860183">
        <ele>1954.895555</ele>
        <time>2026-09-12T14:25:08.000Z</time>
      </trkpt>
      <trkpt lat="47.013220" lon="9.860177">
        <ele>1954.706778</ele>
        <time>2026-09-12T14:25:09.000Z</time>
      </trkpt>
      <trkpt lat="47.013208" lon="9.860171">
        <ele>1954.531165</ele>
        <time>2026-09-12T14:25:10.000Z</time>
      </trkpt>
      <trkpt lat="47.013197" lon="9.860164">
        <ele>1954.365073</ele>
        <time>2026-09-12T14:25:11.000Z</time>
      </trkpt>
      <trkpt lat="47.013187" lon="9.860157">
        <ele>1954.211589</ele>
        <time>2026-09-12T14:25:12.000Z</time>
      </trkpt>
      <trkpt lat="47.013178" lon="9.860150">
        <ele>1954.070479</ele>
        <time>2026-09-12T14:25:13.000Z</time>
      </trkpt>
      <trkpt lat="47.013172" lon="9.860145">
        <ele>1953.974891</ele>
        <time>2026-09-12T14:25:14.000Z</time>
      </trkpt>
      <trkpt lat="47.013170" lon="9.860146">
        <ele>1953.945622</ele>
        <time>2026-09-12T14:25:15.000Z</time>
      </trkpt>
      <trkpt lat="47.013172" lon="9.860149">
        <ele>1953.905996</ele>
        <time>2026-09-12T14:25:16.000Z</time>
      </trkpt>
      <trkpt lat="47.013174" lon="9.860151">
        <ele>1953.872466</ele>
        <time>2026-09-12T14:25:17.000Z</time>
      </trkpt>
      <trkpt lat="47.013173" lon="9.860151">
        <ele>1953.858614</ele>
        <time>2026-09-12T14:25:18.000Z</time>
      </trkpt>
      <trkpt lat="47.013170" lon="9.860147">
        <ele>1953.802454</ele>
        <time>2026-09-12T14:25:19.000Z</time>
      </trkpt>
      <trkpt lat="47.013166" lon="9.860138">
        <ele>1953.700991</ele>
        <time>2026-09-12T14:25:20.000Z</time>
      </trkpt>
      <trkpt lat="47.013163" lon="9.860125">
        <ele>1953.571371</ele>
        <time>2026-09-12T14:25:21.000Z</time>
      </trkpt>
      <trkpt lat="47.013161" lon="9.860111">
        <ele>1953.436278</ele>
        <time>2026-09-12T14:25:22.000Z</time>
      </trkpt>
      <trkpt lat="47.013158" lon="9.860100">
        <ele>1953.324387</ele>
        <time>2026-09-12T14:25:23.000Z</time>
      </trkpt>
      <trkpt lat="47.013156" lon="9.860092">
        <ele>1953.243912</ele>
        <time>2026-09-12T14:25:24.000Z</time>
      </trkpt>
      <trkpt lat="47.013155" lon="9.860085">
        <ele>1953.176366</ele>
        <time>2026-09-12T14:25:25.000Z</time>
      </trkpt>
      <trkpt lat="47.013155" lon="9.860079">
        <ele>1953.119699</ele>
        <time>2026-09-12T14:25:26.000Z</time>
      </trkpt>
      <trkpt lat="47.013156" lon="9.860071">
        <ele>1953.042884</ele>
        <time>2026-09-12T14:25:27.000Z</time>
      </trkpt>
      <trkpt lat="47.013157" lon="9.860062">
        <ele>1952.956763</ele>
        <time>2026-09-12T14:25:28.000Z</time>
      </trkpt>
      <trkpt lat="47.013156" lon="9.860050">
        <ele>1952.842586</ele>
        <time>2026-09-12T14:25:29.000Z</time>
      </trkpt>
      <trkpt lat="47.013154" lon="9.860037">
        <ele>1952.716722</ele>
        <time>2026-09-12T14:25:30.000Z</time>
      </trkpt>
      <trkpt lat="47.013150" lon="9.860022">
        <ele>1952.564606</ele>
        <time>2026-09-12T14:25:31.000Z</time>
      </trkpt>
      <trkpt lat="47.013145" lon="9.860007">
        <ele>1952.406916</ele>
        <time>2026-09-12T14:25:32.000Z</time>
      </trkpt>
      <trkpt lat="47.013140" lon="9.859995">
        <ele>1952.274096</ele>
        <time>2026-09-12T14:25:33.000Z</time>
      </trkpt>
      <trkpt lat="47.013134" lon="9.859989">
        <ele>1952.173506</ele>
        <time>2026-09-12T14:25:34.000Z</time>
      </trkpt>
      <trkpt lat="47.013126" lon="9.859989">
        <ele>1952.062693</ele>
        <time>2026-09-12T14:25:35.000Z</time>
      </trkpt>
      <trkpt lat="47.013116" lon="9.859991">
        <ele>1951.922895</ele>
        <time>2026-09-12T14:25:36.000Z</time>
      </trkpt>
      <trkpt lat="47.013104" lon="9.859991">
        <ele>1951.756676</ele>
        <time>2026-09-12T14:25:37.000Z</time>
      </trkpt>
      <trkpt lat="47.013092" lon="9.859989">
        <ele>1951.589387</ele>
        <time>2026-09-12T14:25:38.000Z</time>
      </trkpt>
      <trkpt lat="47.013080" lon="9.859983">
        <ele>1951.413774</ele>
        <time>2026-09-12T14:25:39.000Z</time>
      </trkpt>
      <trkpt lat="47.013067" lon="9.859977">
        <ele>1951.224997</ele>
        <time>2026-09-12T14:25:40.000Z</time>
      </trkpt>
      <trkpt lat="47.013054" lon="9.859971">
        <ele>1951.036221</ele>
        <time>2026-09-12T14:25:41.000Z</time>
      </trkpt>
      <trkpt lat="47.013040" lon="9.859965">
        <ele>1950.834189</ele>
        <time>2026-09-12T14:25:42.000Z</time>
      </trkpt>
      <trkpt lat="47.013027" lon="9.859957">
        <ele>1950.638909</ele>
        <time>2026-09-12T14:25:43.000Z</time>
      </trkpt>
      <trkpt lat="47.013013" lon="9.859951">
        <ele>1950.436877</ele>
        <time>2026-09-12T14:25:44.000Z</time>
      </trkpt>
      <trkpt lat="47.013000" lon="9.859946">
        <ele>1950.250717</ele>
        <time>2026-09-12T14:25:45.000Z</time>
      </trkpt>
      <trkpt lat="47.012986" lon="9.859944">
        <ele>1950.055877</ele>
        <time>2026-09-12T14:25:46.000Z</time>
      </trkpt>
      <trkpt lat="47.012972" lon="9.859947">
        <ele>1949.859895</ele>
        <time>2026-09-12T14:25:47.000Z</time>
      </trkpt>
      <trkpt lat="47.012958" lon="9.859950">
        <ele>1949.663914</ele>
        <time>2026-09-12T14:25:48.000Z</time>
      </trkpt>
      <trkpt lat="47.012944" lon="9.859950">
        <ele>1949.469991</ele>
        <time>2026-09-12T14:25:49.000Z</time>
      </trkpt>
      <trkpt lat="47.012930" lon="9.859944">
        <ele>1949.267959</ele>
        <time>2026-09-12T14:25:50.000Z</time>
      </trkpt>
      <trkpt lat="47.012917" lon="9.859937">
        <ele>1949.076136</ele>
        <time>2026-09-12T14:25:51.000Z</time>
      </trkpt>
      <trkpt lat="47.012904" lon="9.859929">
        <ele>1948.880856</ele>
        <time>2026-09-12T14:25:52.000Z</time>
      </trkpt>
      <trkpt lat="47.012892" lon="9.859921">
        <ele>1948.698270</ele>
        <time>2026-09-12T14:25:53.000Z</time>
      </trkpt>
      <trkpt lat="47.012879" lon="9.859913">
        <ele>1948.502991</ele>
        <time>2026-09-12T14:25:54.000Z</time>
      </trkpt>
      <trkpt lat="47.012867" lon="9.859905">
        <ele>1948.320405</ele>
        <time>2026-09-12T14:25:55.000Z</time>
      </trkpt>
      <trkpt lat="47.012855" lon="9.859897">
        <ele>1948.137819</ele>
        <time>2026-09-12T14:25:56.000Z</time>
      </trkpt>
      <trkpt lat="47.012843" lon="9.859890">
        <ele>1947.958935</ele>
        <time>2026-09-12T14:25:57.000Z</time>
      </trkpt>
      <trkpt lat="47.012831" lon="9.859884">
        <ele>1947.783322</ele>
        <time>2026-09-12T14:25:58.000Z</time>
      </trkpt>
      <trkpt lat="47.012819" lon="9.859876">
        <ele>1947.600736</ele>
        <time>2026-09-12T14:25:59.000Z</time>
      </trkpt>
      <trkpt lat="47.012807" lon="9.859867">
        <ele>1947.414044</ele>
        <time>2026-09-12T14:26:00.000Z</time>
      </trkpt>
      <trkpt lat="47.012796" lon="9.859856">
        <ele>1947.229629</ele>
        <time>2026-09-12T14:26:01.000Z</time>
      </trkpt>
      <trkpt lat="47.012786" lon="9.859843">
        <ele>1947.044531</ele>
        <time>2026-09-12T14:26:02.000Z</time>
      </trkpt>
      <trkpt lat="47.012776" lon="9.859829">
        <ele>1946.853038</ele>
        <time>2026-09-12T14:26:03.000Z</time>
      </trkpt>
      <trkpt lat="47.012765" lon="9.859817">
        <ele>1946.663142</ele>
        <time>2026-09-12T14:26:04.000Z</time>
      </trkpt>
      <trkpt lat="47.012754" lon="9.859807">
        <ele>1946.483877</ele>
        <time>2026-09-12T14:26:05.000Z</time>
      </trkpt>
      <trkpt lat="47.012741" lon="9.859799">
        <ele>1946.288597</ele>
        <time>2026-09-12T14:26:06.000Z</time>
      </trkpt>
      <trkpt lat="47.012728" lon="9.859795">
        <ele>1946.104606</ele>
        <time>2026-09-12T14:26:07.000Z</time>
      </trkpt>
      <trkpt lat="47.012715" lon="9.859791">
        <ele>1945.920615</ele>
        <time>2026-09-12T14:26:08.000Z</time>
      </trkpt>
      <trkpt lat="47.012702" lon="9.859787">
        <ele>1945.736624</ele>
        <time>2026-09-12T14:26:09.000Z</time>
      </trkpt>
      <trkpt lat="47.012690" lon="9.859780">
        <ele>1945.557740</ele>
        <time>2026-09-12T14:26:10.000Z</time>
      </trkpt>
      <trkpt lat="47.012680" lon="9.859770">
        <ele>1945.390090</ele>
        <time>2026-09-12T14:26:11.000Z</time>
      </trkpt>
      <trkpt lat="47.012671" lon="9.859758">
        <ele>1945.221609</ele>
        <time>2026-09-12T14:26:12.000Z</time>
      </trkpt>
      <trkpt lat="47.012664" lon="9.859742">
        <ele>1945.042063</ele>
        <time>2026-09-12T14:26:13.000Z</time>
      </trkpt>
      <trkpt lat="47.012659" lon="9.859722">
        <ele>1944.840876</ele>
        <time>2026-09-12T14:26:14.000Z</time>
      </trkpt>
      <trkpt lat="47.012655" lon="9.859701">
        <ele>1944.634947</ele>
        <time>2026-09-12T14:26:15.000Z</time>
      </trkpt>
      <trkpt lat="47.012650" lon="9.859680">
        <ele>1944.424867</ele>
        <time>2026-09-12T14:26:16.000Z</time>
      </trkpt>
      <trkpt lat="47.012641" lon="9.859662">
        <ele>1944.214055</ele>
        <time>2026-09-12T14:26:17.000Z</time>
      </trkpt>
      <trkpt lat="47.012629" lon="9.859647">
        <ele>1943.995655</ele>
        <time>2026-09-12T14:26:18.000Z</time>
      </trkpt>
      <trkpt lat="47.012614" lon="9.859635">
        <ele>1943.758981</ele>
        <time>2026-09-12T14:26:19.000Z</time>
      </trkpt>
      <trkpt lat="47.012600" lon="9.859625">
        <ele>1943.543282</ele>
        <time>2026-09-12T14:26:20.000Z</time>
      </trkpt>
      <trkpt lat="47.012585" lon="9.859615">
        <ele>1943.315050</ele>
        <time>2026-09-12T14:26:21.000Z</time>
      </trkpt>
      <trkpt lat="47.012571" lon="9.859603">
        <ele>1943.090438</ele>
        <time>2026-09-12T14:26:22.000Z</time>
      </trkpt>
      <trkpt lat="47.012557" lon="9.859588">
        <ele>1942.850280</ele>
        <time>2026-09-12T14:26:23.000Z</time>
      </trkpt>
      <trkpt lat="47.012545" lon="9.859573">
        <ele>1942.631880</ele>
        <time>2026-09-12T14:26:24.000Z</time>
      </trkpt>
      <trkpt lat="47.012534" lon="9.859557">
        <ele>1942.417285</ele>
        <time>2026-09-12T14:26:25.000Z</time>
      </trkpt>
      <trkpt lat="47.012524" lon="9.859542">
        <ele>1942.219152</ele>
        <time>2026-09-12T14:26:26.000Z</time>
      </trkpt>
      <trkpt lat="47.012514" lon="9.859527">
        <ele>1942.021019</ele>
        <time>2026-09-12T14:26:27.000Z</time>
      </trkpt>
      <trkpt lat="47.012506" lon="9.859514">
        <ele>1941.855628</ele>
        <time>2026-09-12T14:26:28.000Z</time>
      </trkpt>
      <trkpt lat="47.012497" lon="9.859503">
        <ele>1941.693349</ele>
        <time>2026-09-12T14:26:29.000Z</time>
      </trkpt>
      <trkpt lat="47.012487" lon="9.859491">
        <ele>1941.514376</ele>
        <time>2026-09-12T14:26:30.000Z</time>
      </trkpt>
      <trkpt lat="47.012478" lon="9.859479">
        <ele>1941.345894</ele>
        <time>2026-09-12T14:26:31.000Z</time>
      </trkpt>
      <trkpt lat="47.012468" lon="9.859466">
        <ele>1941.160796</ele>
        <time>2026-09-12T14:26:32.000Z</time>
      </trkpt>
      <trkpt lat="47.012459" lon="9.859454">
        <ele>1940.992315</ele>
        <time>2026-09-12T14:26:33.000Z</time>
      </trkpt>
      <trkpt lat="47.012449" lon="9.859441">
        <ele>1940.807216</ele>
        <time>2026-09-12T14:26:34.000Z</time>
      </trkpt>
      <trkpt lat="47.012439" lon="9.859428">
        <ele>1940.622117</ele>
        <time>2026-09-12T14:26:35.000Z</time>
      </trkpt>
      <trkpt lat="47.012430" lon="9.859414">
        <ele>1940.440391</ele>
        <time>2026-09-12T14:26:36.000Z</time>
      </trkpt>
      <trkpt lat="47.012421" lon="9.859399">
        <ele>1940.251682</ele>
        <time>2026-09-12T14:26:37.000Z</time>
      </trkpt>
      <trkpt lat="47.012413" lon="9.859383">
        <ele>1940.064293</ele>
        <time>2026-09-12T14:26:38.000Z</time>
      </trkpt>
      <trkpt lat="47.012406" lon="9.859367">
        <ele>1939.884747</ele>
        <time>2026-09-12T14:26:39.000Z</time>
      </trkpt>
      <trkpt lat="47.012401" lon="9.859349">
        <ele>1939.701178</ele>
        <time>2026-09-12T14:26:40.000Z</time>
      </trkpt>
      <trkpt lat="47.012395" lon="9.859332">
        <ele>1939.520386</ele>
        <time>2026-09-12T14:26:41.000Z</time>
      </trkpt>
      <trkpt lat="47.012390" lon="9.859314">
        <ele>1939.336817</ele>
        <time>2026-09-12T14:26:42.000Z</time>
      </trkpt>
      <trkpt lat="47.012385" lon="9.859295">
        <ele>1939.144468</ele>
        <time>2026-09-12T14:26:43.000Z</time>
      </trkpt>
      <trkpt lat="47.012379" lon="9.859277">
        <ele>1938.955238</ele>
        <time>2026-09-12T14:26:44.000Z</time>
      </trkpt>
      <trkpt lat="47.012372" lon="9.859259">
        <ele>1938.759529</ele>
        <time>2026-09-12T14:26:45.000Z</time>
      </trkpt>
      <trkpt lat="47.012363" lon="9.859242">
        <ele>1938.556255</ele>
        <time>2026-09-12T14:26:46.000Z</time>
      </trkpt>
      <trkpt lat="47.012353" lon="9.859228">
        <ele>1938.364761</ele>
        <time>2026-09-12T14:26:47.000Z</time>
      </trkpt>
      <trkpt lat="47.012341" lon="9.859215">
        <ele>1938.158113</ele>
        <time>2026-09-12T14:26:48.000Z</time>
      </trkpt>
      <trkpt lat="47.012328" lon="9.859205">
        <ele>1937.954777</ele>
        <time>2026-09-12T14:26:49.000Z</time>
      </trkpt>
      <trkpt lat="47.012315" lon="9.859196">
        <ele>1937.755652</ele>
        <time>2026-09-12T14:26:50.000Z</time>
      </trkpt>
      <trkpt lat="47.012302" lon="9.859189">
        <ele>1937.563828</ele>
        <time>2026-09-12T14:26:51.000Z</time>
      </trkpt>
      <trkpt lat="47.012288" lon="9.859184">
        <ele>1937.364239</ele>
        <time>2026-09-12T14:26:52.000Z</time>
      </trkpt>
      <trkpt lat="47.012275" lon="9.859181">
        <ele>1937.181952</ele>
        <time>2026-09-12T14:26:53.000Z</time>
      </trkpt>
      <trkpt lat="47.012260" lon="9.859180">
        <ele>1936.973964</ele>
        <time>2026-09-12T14:26:54.000Z</time>
      </trkpt>
      <trkpt lat="47.012246" lon="9.859180">
        <ele>1936.780041</ele>
        <time>2026-09-12T14:26:55.000Z</time>
      </trkpt>
      <trkpt lat="47.012233" lon="9.859177">
        <ele>1936.597755</ele>
        <time>2026-09-12T14:26:56.000Z</time>
      </trkpt>
      <trkpt lat="47.012220" lon="9.859172">
        <ele>1936.411595</ele>
        <time>2026-09-12T14:26:57.000Z</time>
      </trkpt>
      <trkpt lat="47.012208" lon="9.859165">
        <ele>1936.232711</ele>
        <time>2026-09-12T14:26:58.000Z</time>
      </trkpt>
      <trkpt lat="47.012196" lon="9.859156">
        <ele>1936.046018</ele>
        <time>2026-09-12T14:26:59.000Z</time>
      </trkpt>
      <trkpt lat="47.012184" lon="9.859147">
        <ele>1935.859326</ele>
        <time>2026-09-12T14:27:00.000Z</time>
      </trkpt>
      <trkpt lat="47.012173" lon="9.859136">
        <ele>1935.674910</ele>
        <time>2026-09-12T14:27:01.000Z</time>
      </trkpt>
      <trkpt lat="47.012161" lon="9.859124">
        <ele>1935.473729</ele>
        <time>2026-09-12T14:27:02.000Z</time>
      </trkpt>
      <trkpt lat="47.012150" lon="9.859112">
        <ele>1935.300039</ele>
        <time>2026-09-12T14:27:03.000Z</time>
      </trkpt>
      <trkpt lat="47.012139" lon="9.859101">
        <ele>1935.141082</ele>
        <time>2026-09-12T14:27:04.000Z</time>
      </trkpt>
      <trkpt lat="47.012128" lon="9.859091">
        <ele>1934.986564</ele>
        <time>2026-09-12T14:27:05.000Z</time>
      </trkpt>
      <trkpt lat="47.012117" lon="9.859081">
        <ele>1934.832046</ele>
        <time>2026-09-12T14:27:06.000Z</time>
      </trkpt>
      <trkpt lat="47.012107" lon="9.859073">
        <ele>1934.696044</ele>
        <time>2026-09-12T14:27:07.000Z</time>
      </trkpt>
      <trkpt lat="47.012096" lon="9.859068">
        <ele>1934.558548</ele>
        <time>2026-09-12T14:27:08.000Z</time>
      </trkpt>
      <trkpt lat="47.012084" lon="9.859069">
        <ele>1934.415044</ele>
        <time>2026-09-12T14:27:09.000Z</time>
      </trkpt>
      <trkpt lat="47.012072" lon="9.859075">
        <ele>1934.263673</ele>
        <time>2026-09-12T14:27:10.000Z</time>
      </trkpt>
      <trkpt lat="47.012059" lon="9.859082">
        <ele>1934.098330</ele>
        <time>2026-09-12T14:27:11.000Z</time>
      </trkpt>
      <trkpt lat="47.012045" lon="9.859085">
        <ele>1933.929404</ele>
        <time>2026-09-12T14:27:12.000Z</time>
      </trkpt>
      <trkpt lat="47.012032" lon="9.859083">
        <ele>1933.773340</ele>
        <time>2026-09-12T14:27:13.000Z</time>
      </trkpt>
      <trkpt lat="47.012020" lon="9.859075">
        <ele>1933.615959</ele>
        <time>2026-09-12T14:27:14.000Z</time>
      </trkpt>
      <trkpt lat="47.012009" lon="9.859063">
        <ele>1933.452277</ele>
        <time>2026-09-12T14:27:15.000Z</time>
      </trkpt>
      <trkpt lat="47.011999" lon="9.859052">
        <ele>1933.303032</ele>
        <time>2026-09-12T14:27:16.000Z</time>
      </trkpt>
      <trkpt lat="47.011989" lon="9.859043">
        <ele>1933.162950</ele>
        <time>2026-09-12T14:27:17.000Z</time>
      </trkpt>
      <trkpt lat="47.011977" lon="9.859037">
        <ele>1933.011579</ele>
        <time>2026-09-12T14:27:18.000Z</time>
      </trkpt>
      <trkpt lat="47.011965" lon="9.859032">
        <ele>1932.862637</ele>
        <time>2026-09-12T14:27:19.000Z</time>
      </trkpt>
      <trkpt lat="47.011954" lon="9.859023">
        <ele>1932.712248</ele>
        <time>2026-09-12T14:27:20.000Z</time>
      </trkpt>
      <trkpt lat="47.011943" lon="9.859013">
        <ele>1932.557730</ele>
        <time>2026-09-12T14:27:21.000Z</time>
      </trkpt>
      <trkpt lat="47.011932" lon="9.859003">
        <ele>1932.403212</ele>
        <time>2026-09-12T14:27:22.000Z</time>
      </trkpt>
      <trkpt lat="47.011921" lon="9.858995">
        <ele>1932.256617</ele>
        <time>2026-09-12T14:27:23.000Z</time>
      </trkpt>
      <trkpt lat="47.011909" lon="9.858987">
        <ele>1932.099237</ele>
        <time>2026-09-12T14:27:24.000Z</time>
      </trkpt>
      <trkpt lat="47.011898" lon="9.858976">
        <ele>1931.940279</ele>
        <time>2026-09-12T14:27:25.000Z</time>
      </trkpt>
      <trkpt lat="47.011887" lon="9.858965">
        <ele>1931.781321</ele>
        <time>2026-09-12T14:27:26.000Z</time>
      </trkpt>
      <trkpt lat="47.011876" lon="9.858953">
        <ele>1931.617639</ele>
        <time>2026-09-12T14:27:27.000Z</time>
      </trkpt>
      <trkpt lat="47.011865" lon="9.858941">
        <ele>1931.453957</ele>
        <time>2026-09-12T14:27:28.000Z</time>
      </trkpt>
      <trkpt lat="47.011855" lon="9.858928">
        <ele>1931.294410</ele>
        <time>2026-09-12T14:27:29.000Z</time>
      </trkpt>
      <trkpt lat="47.011845" lon="9.858916">
        <ele>1931.140143</ele>
        <time>2026-09-12T14:27:30.000Z</time>
      </trkpt>
      <trkpt lat="47.011835" lon="9.858907">
        <ele>1931.000060</ele>
        <time>2026-09-12T14:27:31.000Z</time>
      </trkpt>
      <trkpt lat="47.011824" lon="9.858902">
        <ele>1930.862563</ele>
        <time>2026-09-12T14:27:32.000Z</time>
      </trkpt>
      <trkpt lat="47.011813" lon="9.858898">
        <ele>1930.727253</ele>
        <time>2026-09-12T14:27:33.000Z</time>
      </trkpt>
      <trkpt lat="47.011801" lon="9.858892">
        <ele>1930.575883</ele>
        <time>2026-09-12T14:27:34.000Z</time>
      </trkpt>
      <trkpt lat="47.011789" lon="9.858884">
        <ele>1930.418502</ele>
        <time>2026-09-12T14:27:35.000Z</time>
      </trkpt>
      <trkpt lat="47.011777" lon="9.858875">
        <ele>1930.257582</ele>
        <time>2026-09-12T14:27:36.000Z</time>
      </trkpt>
      <trkpt lat="47.011764" lon="9.858868">
        <ele>1930.092239</ele>
        <time>2026-09-12T14:27:37.000Z</time>
      </trkpt>
      <trkpt lat="47.011751" lon="9.858866">
        <ele>1929.936175</ele>
        <time>2026-09-12T14:27:38.000Z</time>
      </trkpt>
      <trkpt lat="47.011738" lon="9.858869">
        <ele>1929.779053</ele>
        <time>2026-09-12T14:27:39.000Z</time>
      </trkpt>
      <trkpt lat="47.011725" lon="9.858877">
        <ele>1929.610730</ele>
        <time>2026-09-12T14:27:40.000Z</time>
      </trkpt>
      <trkpt lat="47.011713" lon="9.858886">
        <ele>1929.449810</ele>
        <time>2026-09-12T14:27:41.000Z</time>
      </trkpt>
      <trkpt lat="47.011701" lon="9.858895">
        <ele>1929.288890</ele>
        <time>2026-09-12T14:27:42.000Z</time>
      </trkpt>
      <trkpt lat="47.011690" lon="9.858904">
        <ele>1929.138501</ele>
        <time>2026-09-12T14:27:43.000Z</time>
      </trkpt>
      <trkpt lat="47.011677" lon="9.858912">
        <ele>1928.970179</ele>
        <time>2026-09-12T14:27:44.000Z</time>
      </trkpt>
      <trkpt lat="47.011664" lon="9.858917">
        <ele>1928.809718</ele>
        <time>2026-09-12T14:27:45.000Z</time>
      </trkpt>
      <trkpt lat="47.011652" lon="9.858920">
        <ele>1928.664378</ele>
        <time>2026-09-12T14:27:46.000Z</time>
      </trkpt>
      <trkpt lat="47.011638" lon="9.858920">
        <ele>1928.497226</ele>
        <time>2026-09-12T14:27:47.000Z</time>
      </trkpt>
      <trkpt lat="47.011625" lon="9.858917">
        <ele>1928.340104</ele>
        <time>2026-09-12T14:27:48.000Z</time>
      </trkpt>
      <trkpt lat="47.011613" lon="9.858911">
        <ele>1928.188734</ele>
        <time>2026-09-12T14:27:49.000Z</time>
      </trkpt>
      <trkpt lat="47.011601" lon="9.858904">
        <ele>1928.034544</ele>
        <time>2026-09-12T14:27:50.000Z</time>
      </trkpt>
      <trkpt lat="47.011591" lon="9.858898">
        <ele>1927.905544</ele>
        <time>2026-09-12T14:27:51.000Z</time>
      </trkpt>
      <trkpt lat="47.011581" lon="9.858895">
        <ele>1927.783678</ele>
        <time>2026-09-12T14:27:52.000Z</time>
      </trkpt>
      <trkpt lat="47.011572" lon="9.858896">
        <ele>1927.675915</ele>
        <time>2026-09-12T14:27:53.000Z</time>
      </trkpt>
      <trkpt lat="47.011564" lon="9.858902">
        <ele>1927.568635</ele>
        <time>2026-09-12T14:27:54.000Z</time>
      </trkpt>
      <trkpt lat="47.011556" lon="9.858909">
        <ele>1927.457412</ele>
        <time>2026-09-12T14:27:55.000Z</time>
      </trkpt>
      <trkpt lat="47.011545" lon="9.858916">
        <ele>1927.314248</ele>
        <time>2026-09-12T14:27:56.000Z</time>
      </trkpt>
      <trkpt lat="47.011533" lon="9.858920">
        <ele>1927.167321</ele>
        <time>2026-09-12T14:27:57.000Z</time>
      </trkpt>
      <trkpt lat="47.011522" lon="9.858921">
        <ele>1927.035735</ele>
        <time>2026-09-12T14:27:58.000Z</time>
      </trkpt>
      <trkpt lat="47.011510" lon="9.858920">
        <ele>1926.892231</ele>
        <time>2026-09-12T14:27:59.000Z</time>
      </trkpt>
      <trkpt lat="47.011498" lon="9.858922">
        <ele>1926.748036</ele>
        <time>2026-09-12T14:28:00.000Z</time>
      </trkpt>
      <trkpt lat="47.011484" lon="9.858923">
        <ele>1926.580686</ele>
        <time>2026-09-12T14:28:01.000Z</time>
      </trkpt>
      <trkpt lat="47.011471" lon="9.858923">
        <ele>1926.425473</ele>
        <time>2026-09-12T14:28:02.000Z</time>
      </trkpt>
      <trkpt lat="47.011458" lon="9.858921">
        <ele>1926.269409</ele>
        <time>2026-09-12T14:28:03.000Z</time>
      </trkpt>
      <trkpt lat="47.011445" lon="9.858919">
        <ele>1926.113345</ele>
        <time>2026-09-12T14:28:04.000Z</time>
      </trkpt>
      <trkpt lat="47.011431" lon="9.858915">
        <ele>1925.943051</ele>
        <time>2026-09-12T14:28:05.000Z</time>
      </trkpt>
      <trkpt lat="47.011417" lon="9.858908">
        <ele>1925.766452</ele>
        <time>2026-09-12T14:28:06.000Z</time>
      </trkpt>
      <trkpt lat="47.011404" lon="9.858897">
        <ele>1925.587259</ele>
        <time>2026-09-12T14:28:07.000Z</time>
      </trkpt>
      <trkpt lat="47.011392" lon="9.858886">
        <ele>1925.418303</ele>
        <time>2026-09-12T14:28:08.000Z</time>
      </trkpt>
      <trkpt lat="47.011379" lon="9.858876">
        <ele>1925.243036</ele>
        <time>2026-09-12T14:28:09.000Z</time>
      </trkpt>
      <trkpt lat="47.011367" lon="9.858867">
        <ele>1925.082115</ele>
        <time>2026-09-12T14:28:10.000Z</time>
      </trkpt>
      <trkpt lat="47.011354" lon="9.858859">
        <ele>1924.913793</ele>
        <time>2026-09-12T14:28:11.000Z</time>
      </trkpt>
      <trkpt lat="47.011342" lon="9.858855">
        <ele>1924.766866</ele>
        <time>2026-09-12T14:28:12.000Z</time>
      </trkpt>
      <trkpt lat="47.011330" lon="9.858855">
        <ele>1924.623593</ele>
        <time>2026-09-12T14:28:13.000Z</time>
      </trkpt>
      <trkpt lat="47.011319" lon="9.858855">
        <ele>1924.492259</ele>
        <time>2026-09-12T14:28:14.000Z</time>
      </trkpt>
      <trkpt lat="47.011309" lon="9.858852">
        <ele>1924.370393</ele>
        <time>2026-09-12T14:28:15.000Z</time>
      </trkpt>
      <trkpt lat="47.011297" lon="9.858845">
        <ele>1924.216203</ele>
        <time>2026-09-12T14:28:16.000Z</time>
      </trkpt>
      <trkpt lat="47.011285" lon="9.858837">
        <ele>1924.058822</ele>
        <time>2026-09-12T14:28:17.000Z</time>
      </trkpt>
      <trkpt lat="47.011273" lon="9.858830">
        <ele>1923.904632</ele>
        <time>2026-09-12T14:28:18.000Z</time>
      </trkpt>
      <trkpt lat="47.011260" lon="9.858825">
        <ele>1923.744171</ele>
        <time>2026-09-12T14:28:19.000Z</time>
      </trkpt>
      <trkpt lat="47.011248" lon="9.858821">
        <ele>1923.597243</ele>
        <time>2026-09-12T14:28:20.000Z</time>
      </trkpt>
      <trkpt lat="47.011235" lon="9.858818">
        <ele>1923.440121</ele>
        <time>2026-09-12T14:28:21.000Z</time>
      </trkpt>
      <trkpt lat="47.011223" lon="9.858816">
        <ele>1923.295926</ele>
        <time>2026-09-12T14:28:22.000Z</time>
      </trkpt>
      <trkpt lat="47.011211" lon="9.858813">
        <ele>1923.150586</ele>
        <time>2026-09-12T14:28:23.000Z</time>
      </trkpt>
      <trkpt lat="47.011199" lon="9.858807">
        <ele>1922.999216</ele>
        <time>2026-09-12T14:28:24.000Z</time>
      </trkpt>
      <trkpt lat="47.011187" lon="9.858800">
        <ele>1922.845026</ele>
        <time>2026-09-12T14:28:25.000Z</time>
      </trkpt>
      <trkpt lat="47.011175" lon="9.858795">
        <ele>1922.696083</ele>
        <time>2026-09-12T14:28:26.000Z</time>
      </trkpt>
      <trkpt lat="47.011162" lon="9.858792">
        <ele>1922.538960</ele>
        <time>2026-09-12T14:28:27.000Z</time>
      </trkpt>
      <trkpt lat="47.011150" lon="9.858788">
        <ele>1922.392033</ele>
        <time>2026-09-12T14:28:28.000Z</time>
      </trkpt>
      <trkpt lat="47.011137" lon="9.858785">
        <ele>1922.234911</ele>
        <time>2026-09-12T14:28:29.000Z</time>
      </trkpt>
      <trkpt lat="47.011124" lon="9.858784">
        <ele>1922.079486</ele>
        <time>2026-09-12T14:28:30.000Z</time>
      </trkpt>
      <trkpt lat="47.011110" lon="9.858783">
        <ele>1921.912136</ele>
        <time>2026-09-12T14:28:31.000Z</time>
      </trkpt>
      <trkpt lat="47.011096" lon="9.858780">
        <ele>1921.743209</ele>
        <time>2026-09-12T14:28:32.000Z</time>
      </trkpt>
      <trkpt lat="47.011083" lon="9.858775">
        <ele>1921.582748</ele>
        <time>2026-09-12T14:28:33.000Z</time>
      </trkpt>
      <trkpt lat="47.011070" lon="9.858769">
        <ele>1921.420031</ele>
        <time>2026-09-12T14:28:34.000Z</time>
      </trkpt>
      <trkpt lat="47.011056" lon="9.858765">
        <ele>1921.249737</ele>
        <time>2026-09-12T14:28:35.000Z</time>
      </trkpt>
      <trkpt lat="47.011043" lon="9.858763">
        <ele>1921.093673</ele>
        <time>2026-09-12T14:28:36.000Z</time>
      </trkpt>
      <trkpt lat="47.011029" lon="9.858764">
        <ele>1920.926323</ele>
        <time>2026-09-12T14:28:37.000Z</time>
      </trkpt>
      <trkpt lat="47.011015" lon="9.858766">
        <ele>1920.758380</ele>
        <time>2026-09-12T14:28:38.000Z</time>
      </trkpt>
      <trkpt lat="47.011001" lon="9.858762">
        <ele>1920.588085</ele>
        <time>2026-09-12T14:28:39.000Z</time>
      </trkpt>
      <trkpt lat="47.010989" lon="9.858753">
        <ele>1920.427165</ele>
        <time>2026-09-12T14:28:40.000Z</time>
      </trkpt>
      <trkpt lat="47.010978" lon="9.858740">
        <ele>1920.258496</ele>
        <time>2026-09-12T14:28:41.000Z</time>
      </trkpt>
      <trkpt lat="47.010967" lon="9.858729">
        <ele>1920.099537</ele>
        <time>2026-09-12T14:28:42.000Z</time>
      </trkpt>
      <trkpt lat="47.010955" lon="9.858723">
        <ele>1919.948167</ele>
        <time>2026-09-12T14:28:43.000Z</time>
      </trkpt>
      <trkpt lat="47.010941" lon="9.858720">
        <ele>1919.779240</ele>
        <time>2026-09-12T14:28:44.000Z</time>
      </trkpt>
      <trkpt lat="47.010928" lon="9.858715">
        <ele>1919.618779</ele>
        <time>2026-09-12T14:28:45.000Z</time>
      </trkpt>
      <trkpt lat="47.010916" lon="9.858705">
        <ele>1919.453992</ele>
        <time>2026-09-12T14:28:46.000Z</time>
      </trkpt>
      <trkpt lat="47.010906" lon="9.858692">
        <ele>1919.294444</ele>
        <time>2026-09-12T14:28:47.000Z</time>
      </trkpt>
      <trkpt lat="47.010896" lon="9.858678">
        <ele>1919.129383</ele>
        <time>2026-09-12T14:28:48.000Z</time>
      </trkpt>
      <trkpt lat="47.010886" lon="9.858664">
        <ele>1918.964322</ele>
        <time>2026-09-12T14:28:49.000Z</time>
      </trkpt>
      <trkpt lat="47.010876" lon="9.858653">
        <ele>1918.815076</ele>
        <time>2026-09-12T14:28:50.000Z</time>
      </trkpt>
      <trkpt lat="47.010864" lon="9.858643">
        <ele>1918.650290</ele>
        <time>2026-09-12T14:28:51.000Z</time>
      </trkpt>
      <trkpt lat="47.010853" lon="9.858635">
        <ele>1918.503694</ele>
        <time>2026-09-12T14:28:52.000Z</time>
      </trkpt>
      <trkpt lat="47.010841" lon="9.858628">
        <ele>1918.349504</ele>
        <time>2026-09-12T14:28:53.000Z</time>
      </trkpt>
      <trkpt lat="47.010828" lon="9.858622">
        <ele>1918.186787</ele>
        <time>2026-09-12T14:28:54.000Z</time>
      </trkpt>
      <trkpt lat="47.010814" lon="9.858619">
        <ele>1918.017860</ele>
        <time>2026-09-12T14:28:55.000Z</time>
      </trkpt>
      <trkpt lat="47.010799" lon="9.858617">
        <ele>1917.838030</ele>
        <time>2026-09-12T14:28:56.000Z</time>
      </trkpt>
      <trkpt lat="47.010785" lon="9.858616">
        <ele>1917.670680</ele>
        <time>2026-09-12T14:28:57.000Z</time>
      </trkpt>
      <trkpt lat="47.010770" lon="9.858614">
        <ele>1917.490851</ele>
        <time>2026-09-12T14:28:58.000Z</time>
      </trkpt>
      <trkpt lat="47.010756" lon="9.858609">
        <ele>1917.318814</ele>
        <time>2026-09-12T14:28:59.000Z</time>
      </trkpt>
      <trkpt lat="47.010743" lon="9.858600">
        <ele>1917.147177</ele>
        <time>2026-09-12T14:29:00.000Z</time>
      </trkpt>
      <trkpt lat="47.010730" lon="9.858589">
        <ele>1916.967983</ele>
        <time>2026-09-12T14:29:01.000Z</time>
      </trkpt>
      <trkpt lat="47.010717" lon="9.858577">
        <ele>1916.784586</ele>
        <time>2026-09-12T14:29:02.000Z</time>
      </trkpt>
      <trkpt lat="47.010703" lon="9.858567">
        <ele>1916.598663</ele>
        <time>2026-09-12T14:29:03.000Z</time>
      </trkpt>
      <trkpt lat="47.010687" lon="9.858558">
        <ele>1916.394063</ele>
        <time>2026-09-12T14:29:04.000Z</time>
      </trkpt>
      <trkpt lat="47.010671" lon="9.858550">
        <ele>1916.192235</ele>
        <time>2026-09-12T14:29:05.000Z</time>
      </trkpt>
      <trkpt lat="47.010652" lon="9.858542">
        <ele>1915.956222</ele>
        <time>2026-09-12T14:29:06.000Z</time>
      </trkpt>
      <trkpt lat="47.010633" lon="9.858534">
        <ele>1915.720209</ele>
        <time>2026-09-12T14:29:07.000Z</time>
      </trkpt>
      <trkpt lat="47.010615" lon="9.858528">
        <ele>1915.499819</ele>
        <time>2026-09-12T14:29:08.000Z</time>
      </trkpt>
      <trkpt lat="47.010600" lon="9.858525">
        <ele>1915.319070</ele>
        <time>2026-09-12T14:29:09.000Z</time>
      </trkpt>
      <trkpt lat="47.010585" lon="9.858524">
        <ele>1915.139793</ele>
        <time>2026-09-12T14:29:10.000Z</time>
      </trkpt>
      <trkpt lat="47.010571" lon="9.858523">
        <ele>1914.972444</ele>
        <time>2026-09-12T14:29:11.000Z</time>
      </trkpt>
      <trkpt lat="47.010557" lon="9.858521">
        <ele>1914.804501</ele>
        <time>2026-09-12T14:29:12.000Z</time>
      </trkpt>
      <trkpt lat="47.010543" lon="9.858518">
        <ele>1914.635574</ele>
        <time>2026-09-12T14:29:13.000Z</time>
      </trkpt>
      <trkpt lat="47.010528" lon="9.858517">
        <ele>1914.456298</ele>
        <time>2026-09-12T14:29:14.000Z</time>
      </trkpt>
      <trkpt lat="47.010514" lon="9.858516">
        <ele>1914.288948</ele>
        <time>2026-09-12T14:29:15.000Z</time>
      </trkpt>
      <trkpt lat="47.010500" lon="9.858516">
        <ele>1914.121796</ele>
        <time>2026-09-12T14:29:16.000Z</time>
      </trkpt>
      <trkpt lat="47.010486" lon="9.858514">
        <ele>1913.953853</ele>
        <time>2026-09-12T14:29:17.000Z</time>
      </trkpt>
      <trkpt lat="47.010472" lon="9.858513">
        <ele>1913.768027</ele>
        <time>2026-09-12T14:29:18.000Z</time>
      </trkpt>
      <trkpt lat="47.010458" lon="9.858510">
        <ele>1913.576805</ele>
        <time>2026-09-12T14:29:19.000Z</time>
      </trkpt>
      <trkpt lat="47.010444" lon="9.858504">
        <ele>1913.379677</ele>
        <time>2026-09-12T14:29:20.000Z</time>
      </trkpt>
      <trkpt lat="47.010432" lon="9.858493">
        <ele>1913.188420</ele>
        <time>2026-09-12T14:29:21.000Z</time>
      </trkpt>
      <trkpt lat="47.010421" lon="9.858481">
        <ele>1913.003132</ele>
        <time>2026-09-12T14:29:22.000Z</time>
      </trkpt>
      <trkpt lat="47.010410" lon="9.858472">
        <ele>1912.832893</ele>
        <time>2026-09-12T14:29:23.000Z</time>
      </trkpt>
      <trkpt lat="47.010399" lon="9.858466">
        <ele>1912.674276</ele>
        <time>2026-09-12T14:29:24.000Z</time>
      </trkpt>
      <trkpt lat="47.010387" lon="9.858464">
        <ele>1912.511049</ele>
        <time>2026-09-12T14:29:25.000Z</time>
      </trkpt>
      <trkpt lat="47.010375" lon="9.858463">
        <ele>1912.348604</ele>
        <time>2026-09-12T14:29:26.000Z</time>
      </trkpt>
      <trkpt lat="47.010363" lon="9.858459">
        <ele>1912.182285</ele>
        <time>2026-09-12T14:29:27.000Z</time>
      </trkpt>
      <trkpt lat="47.010351" lon="9.858453">
        <ele>1912.010935</ele>
        <time>2026-09-12T14:29:28.000Z</time>
      </trkpt>
      <trkpt lat="47.010339" lon="9.858443">
        <ele>1911.824398</ele>
        <time>2026-09-12T14:29:29.000Z</time>
      </trkpt>
      <trkpt lat="47.010328" lon="9.858427">
        <ele>1911.615010</ele>
        <time>2026-09-12T14:29:30.000Z</time>
      </trkpt>
      <trkpt lat="47.010318" lon="9.858411">
        <ele>1911.414991</ele>
        <time>2026-09-12T14:29:31.000Z</time>
      </trkpt>
      <trkpt lat="47.010305" lon="9.858397">
        <ele>1911.197010</ele>
        <time>2026-09-12T14:29:32.000Z</time>
      </trkpt>
      <trkpt lat="47.010291" lon="9.858383">
        <ele>1910.967996</ele>
        <time>2026-09-12T14:29:33.000Z</time>
      </trkpt>
      <trkpt lat="47.010277" lon="9.858369">
        <ele>1910.738982</ele>
        <time>2026-09-12T14:29:34.000Z</time>
      </trkpt>
      <trkpt lat="47.010264" lon="9.858355">
        <ele>1910.521001</ele>
        <time>2026-09-12T14:29:35.000Z</time>
      </trkpt>
      <trkpt lat="47.010248" lon="9.858341">
        <ele>1910.269193</ele>
        <time>2026-09-12T14:29:36.000Z</time>
      </trkpt>
      <trkpt lat="47.010230" lon="9.858326">
        <ele>1909.989387</ele>
        <time>2026-09-12T14:29:37.000Z</time>
      </trkpt>
      <trkpt lat="47.010211" lon="9.858308">
        <ele>1909.683679</ele>
        <time>2026-09-12T14:29:38.000Z</time>
      </trkpt>
      <trkpt lat="47.010194" lon="9.858289">
        <ele>1909.394805</ele>
        <time>2026-09-12T14:29:39.000Z</time>
      </trkpt>
      <trkpt lat="47.010179" lon="9.858275">
        <ele>1909.154503</ele>
        <time>2026-09-12T14:29:40.000Z</time>
      </trkpt>
      <trkpt lat="47.010165" lon="9.858266">
        <ele>1908.947910</ele>
        <time>2026-09-12T14:29:41.000Z</time>
      </trkpt>
      <trkpt lat="47.010150" lon="9.858263">
        <ele>1908.743304</ele>
        <time>2026-09-12T14:29:42.000Z</time>
      </trkpt>
      <trkpt lat="47.010135" lon="9.858261">
        <ele>1908.539740</ele>
        <time>2026-09-12T14:29:43.000Z</time>
      </trkpt>
      <trkpt lat="47.010121" lon="9.858259">
        <ele>1908.349630</ele>
        <time>2026-09-12T14:29:44.000Z</time>
      </trkpt>
      <trkpt lat="47.010107" lon="9.858258">
        <ele>1908.160193</ele>
        <time>2026-09-12T14:29:45.000Z</time>
      </trkpt>
      <trkpt lat="47.010093" lon="9.858257">
        <ele>1907.970755</ele>
        <time>2026-09-12T14:29:46.000Z</time>
      </trkpt>
      <trkpt lat="47.010078" lon="9.858255">
        <ele>1907.767190</ele>
        <time>2026-09-12T14:29:47.000Z</time>
      </trkpt>
      <trkpt lat="47.010063" lon="9.858250">
        <ele>1907.559290</ele>
        <time>2026-09-12T14:29:48.000Z</time>
      </trkpt>
      <trkpt lat="47.010047" lon="9.858244">
        <ele>1907.336089</ele>
        <time>2026-09-12T14:29:49.000Z</time>
      </trkpt>
      <trkpt lat="47.010032" lon="9.858238">
        <ele>1907.125955</ele>
        <time>2026-09-12T14:29:50.000Z</time>
      </trkpt>
      <trkpt lat="47.010018" lon="9.858232">
        <ele>1906.928827</ele>
        <time>2026-09-12T14:29:51.000Z</time>
      </trkpt>
      <trkpt lat="47.010005" lon="9.858227">
        <ele>1906.747187</ele>
        <time>2026-09-12T14:29:52.000Z</time>
      </trkpt>
      <trkpt lat="47.009993" lon="9.858221">
        <ele>1906.575838</ele>
        <time>2026-09-12T14:29:53.000Z</time>
      </trkpt>
      <trkpt lat="47.009980" lon="9.858216">
        <ele>1906.394198</ele>
        <time>2026-09-12T14:29:54.000Z</time>
      </trkpt>
      <trkpt lat="47.009967" lon="9.858213">
        <ele>1906.216337</ele>
        <time>2026-09-12T14:29:55.000Z</time>
      </trkpt>
      <trkpt lat="47.009953" lon="9.858212">
        <ele>1906.026900</ele>
        <time>2026-09-12T14:29:56.000Z</time>
      </trkpt>
      <trkpt lat="47.009940" lon="9.858214">
        <ele>1905.850237</ele>
        <time>2026-09-12T14:29:57.000Z</time>
      </trkpt>
      <trkpt lat="47.009925" lon="9.858218">
        <ele>1905.644184</ele>
        <time>2026-09-12T14:29:58.000Z</time>
      </trkpt>
      <trkpt lat="47.009911" lon="9.858225">
        <ele>1905.444276</ele>
        <time>2026-09-12T14:29:59.000Z</time>
      </trkpt>
      <trkpt lat="47.009897" lon="9.858230">
        <ele>1905.249533</ele>
        <time>2026-09-12T14:30:00.000Z</time>
      </trkpt>
      <trkpt lat="47.009883" lon="9.858232">
        <ele>1905.059424</ele>
        <time>2026-09-12T14:30:01.000Z</time>
      </trkpt>
      <trkpt lat="47.009870" lon="9.858231">
        <ele>1904.883484</ele>
        <time>2026-09-12T14:30:02.000Z</time>
      </trkpt>
      <trkpt lat="47.009857" lon="9.858224">
        <ele>1904.696317</ele>
        <time>2026-09-12T14:30:03.000Z</time>
      </trkpt>
      <trkpt lat="47.009846" lon="9.858214">
        <ele>1904.521403</ele>
        <time>2026-09-12T14:30:04.000Z</time>
      </trkpt>
      <trkpt lat="47.009835" lon="9.858202">
        <ele>1904.336114</ele>
        <time>2026-09-12T14:30:04.999Z</time>
      </trkpt>
      <trkpt lat="47.009823" lon="9.858194">
        <ele>1904.157961</ele>
        <time>2026-09-12T14:30:05.999Z</time>
      </trkpt>
      <trkpt lat="47.009811" lon="9.858193">
        <ele>1903.995516</ele>
        <time>2026-09-12T14:30:06.999Z</time>
      </trkpt>
      <trkpt lat="47.009798" lon="9.858197">
        <ele>1903.815992</ele>
        <time>2026-09-12T14:30:07.999Z</time>
      </trkpt>
      <trkpt lat="47.009785" lon="9.858197">
        <ele>1903.640294</ele>
        <time>2026-09-12T14:30:08.999Z</time>
      </trkpt>
      <trkpt lat="47.009773" lon="9.858195">
        <ele>1903.477067</ele>
        <time>2026-09-12T14:30:09.999Z</time>
      </trkpt>
      <trkpt lat="47.009762" lon="9.858195">
        <ele>1903.328399</ele>
        <time>2026-09-12T14:30:10.999Z</time>
      </trkpt>
      <trkpt lat="47.009751" lon="9.858201">
        <ele>1903.169782</ele>
        <time>2026-09-12T14:30:11.999Z</time>
      </trkpt>
      <trkpt lat="47.009741" lon="9.858207">
        <ele>1903.023755</ele>
        <time>2026-09-12T14:30:12.999Z</time>
      </trkpt>
      <trkpt lat="47.009731" lon="9.858211">
        <ele>1902.883666</ele>
        <time>2026-09-12T14:30:13.999Z</time>
      </trkpt>
      <trkpt lat="47.009721" lon="9.858211">
        <ele>1902.748513</ele>
        <time>2026-09-12T14:30:14.999Z</time>
      </trkpt>
      <trkpt lat="47.009715" lon="9.858207">
        <ele>1902.659436</ele>
        <time>2026-09-12T14:30:15.999Z</time>
      </trkpt>
      <trkpt lat="47.009711" lon="9.858199">
        <ele>1902.568014</ele>
        <time>2026-09-12T14:30:16.999Z</time>
      </trkpt>
      <trkpt lat="47.009708" lon="9.858191">
        <ele>1902.483875</ele>
        <time>2026-09-12T14:30:17.999Z</time>
      </trkpt>
      <trkpt lat="47.009707" lon="9.858187">
        <ele>1902.444612</ele>
        <time>2026-09-12T14:30:18.999Z</time>
      </trkpt>
      <trkpt lat="47.009707" lon="9.858187">
        <ele>1902.444612</ele>
        <time>2026-09-12T14:30:19.999Z</time>
      </trkpt>
      <trkpt lat="47.009706" lon="9.858189">
        <ele>1902.421757</ele>
        <time>2026-09-12T14:30:20.999Z</time>
      </trkpt>
      <trkpt lat="47.009701" lon="9.858195">
        <ele>1902.334441</ele>
        <time>2026-09-12T14:30:21.999Z</time>
      </trkpt>
      <trkpt lat="47.009692" lon="9.858203">
        <ele>1902.192205</ele>
        <time>2026-09-12T14:30:22.999Z</time>
      </trkpt>
      <trkpt lat="47.009683" lon="9.858214">
        <ele>1902.033863</ele>
        <time>2026-09-12T14:30:23.999Z</time>
      </trkpt>
      <trkpt lat="47.009673" lon="9.858226">
        <ele>1901.859232</ele>
        <time>2026-09-12T14:30:24.999Z</time>
      </trkpt>
      <trkpt lat="47.009663" lon="9.858238">
        <ele>1901.684601</ele>
        <time>2026-09-12T14:30:25.999Z</time>
      </trkpt>
      <trkpt lat="47.009652" lon="9.858250">
        <ele>1901.499312</ele>
        <time>2026-09-12T14:30:26.999Z</time>
      </trkpt>
      <trkpt lat="47.009638" lon="9.858257">
        <ele>1901.299404</ele>
        <time>2026-09-12T14:30:27.999Z</time>
      </trkpt>
      <trkpt lat="47.009624" lon="9.858257">
        <ele>1901.110191</ele>
        <time>2026-09-12T14:30:28.999Z</time>
      </trkpt>
      <trkpt lat="47.009611" lon="9.858250">
        <ele>1900.923024</ele>
        <time>2026-09-12T14:30:29.999Z</time>
      </trkpt>
      <trkpt lat="47.009598" lon="9.858239">
        <ele>1900.720178</ele>
        <time>2026-09-12T14:30:30.999Z</time>
      </trkpt>
      <trkpt lat="47.009586" lon="9.858228">
        <ele>1900.528920</ele>
        <time>2026-09-12T14:30:31.999Z</time>
      </trkpt>
      <trkpt lat="47.009574" lon="9.858216">
        <ele>1900.332621</ele>
        <time>2026-09-12T14:30:32.999Z</time>
      </trkpt>
      <trkpt lat="47.009562" lon="9.858206">
        <ele>1900.146083</ele>
        <time>2026-09-12T14:30:33.999Z</time>
      </trkpt>
      <trkpt lat="47.009551" lon="9.858197">
        <ele>1899.975844</ele>
        <time>2026-09-12T14:30:34.999Z</time>
      </trkpt>
      <trkpt lat="47.009541" lon="9.858189">
        <ele>1899.821890</ele>
        <time>2026-09-12T14:30:35.999Z</time>
      </trkpt>
      <trkpt lat="47.009532" lon="9.858183">
        <ele>1899.688275</ele>
        <time>2026-09-12T14:30:36.999Z</time>
      </trkpt>
      <trkpt lat="47.009522" lon="9.858179">
        <ele>1899.548185</ele>
        <time>2026-09-12T14:30:37.999Z</time>
      </trkpt>
      <trkpt lat="47.009512" lon="9.858182">
        <ele>1899.410234</ele>
        <time>2026-09-12T14:30:38.999Z</time>
      </trkpt>
      <trkpt lat="47.009501" lon="9.858194">
        <ele>1899.224945</ele>
        <time>2026-09-12T14:30:39.999Z</time>
      </trkpt>
      <trkpt lat="47.009490" lon="9.858205">
        <ele>1899.045004</ele>
        <time>2026-09-12T14:30:40.999Z</time>
      </trkpt>
      <trkpt lat="47.009479" lon="9.858211">
        <ele>1898.886387</ele>
        <time>2026-09-12T14:30:41.999Z</time>
      </trkpt>
      <trkpt lat="47.009467" lon="9.858213">
        <ele>1898.723160</ele>
        <time>2026-09-12T14:30:42.999Z</time>
      </trkpt>
      <trkpt lat="47.009457" lon="9.858215">
        <ele>1898.586756</ele>
        <time>2026-09-12T14:30:43.999Z</time>
      </trkpt>
      <trkpt lat="47.009449" lon="9.858220">
        <ele>1898.469225</ele>
        <time>2026-09-12T14:30:44.999Z</time>
      </trkpt>
      <trkpt lat="47.009443" lon="9.858228">
        <ele>1898.359628</ele>
        <time>2026-09-12T14:30:45.999Z</time>
      </trkpt>
      <trkpt lat="47.009436" lon="9.858237">
        <ele>1898.233812</ele>
        <time>2026-09-12T14:30:46.999Z</time>
      </trkpt>
      <trkpt lat="47.009427" lon="9.858246">
        <ele>1898.086588</ele>
        <time>2026-09-12T14:30:47.999Z</time>
      </trkpt>
      <trkpt lat="47.009418" lon="9.858251">
        <ele>1897.956515</ele>
        <time>2026-09-12T14:30:48.999Z</time>
      </trkpt>
      <trkpt lat="47.009409" lon="9.858255">
        <ele>1897.829415</ele>
        <time>2026-09-12T14:30:49.999Z</time>
      </trkpt>
      <trkpt lat="47.009406" lon="9.858255">
        <ele>1897.788869</ele>
        <time>2026-09-12T14:30:50.999Z</time>
      </trkpt>
      <trkpt lat="47.009408" lon="9.858252">
        <ele>1897.750204</ele>
        <time>2026-09-12T14:30:51.999Z</time>
      </trkpt>
      <trkpt lat="47.009408" lon="9.858247">
        <ele>1897.704125</ele>
        <time>2026-09-12T14:30:52.999Z</time>
      </trkpt>
      <trkpt lat="47.009408" lon="9.858243">
        <ele>1897.667262</ele>
        <time>2026-09-12T14:30:53.999Z</time>
      </trkpt>
      <trkpt lat="47.009408" lon="9.858239">
        <ele>1897.630399</ele>
        <time>2026-09-12T14:30:54.999Z</time>
      </trkpt>
      <trkpt lat="47.009410" lon="9.858236">
        <ele>1897.591733</ele>
        <time>2026-09-12T14:30:55.999Z</time>
      </trkpt>
      <trkpt lat="47.009411" lon="9.858234">
        <ele>1897.568878</ele>
        <time>2026-09-12T14:30:56.999Z</time>
      </trkpt>
      <trkpt lat="47.009413" lon="9.858233">
        <ele>1897.540319</ele>
        <time>2026-09-12T14:30:57.999Z</time>
      </trkpt>
      <trkpt lat="47.009413" lon="9.858232">
        <ele>1897.531103</ele>
        <time>2026-09-12T14:30:58.999Z</time>
      </trkpt>
      <trkpt lat="47.009413" lon="9.858232">
        <ele>1897.531103</ele>
        <time>2026-09-12T14:30:59.999Z</time>
      </trkpt>
      <trkpt lat="47.009411" lon="9.858232">
        <ele>1897.504073</ele>
        <time>2026-09-12T14:31:00.999Z</time>
      </trkpt>
      <trkpt lat="47.009408" lon="9.858231">
        <ele>1897.462493</ele>
        <time>2026-09-12T14:31:01.999Z</time>
      </trkpt>
      <trkpt lat="47.009403" lon="9.858229">
        <ele>1897.392448</ele>
        <time>2026-09-12T14:31:02.999Z</time>
      </trkpt>
      <trkpt lat="47.009400" lon="9.858227">
        <ele>1897.347910</ele>
        <time>2026-09-12T14:31:03.999Z</time>
      </trkpt>
      <trkpt lat="47.009398" lon="9.858224">
        <ele>1897.309244</ele>
        <time>2026-09-12T14:31:04.999Z</time>
      </trkpt>
      <trkpt lat="47.009397" lon="9.858222">
        <ele>1897.286389</ele>
        <time>2026-09-12T14:31:05.999Z</time>
      </trkpt>
      <trkpt lat="47.009397" lon="9.858221">
        <ele>1897.277173</ele>
        <time>2026-09-12T14:31:06.999Z</time>
      </trkpt>
      <trkpt lat="47.009396" lon="9.858221">
        <ele>1897.263658</ele>
        <time>2026-09-12T14:31:07.999Z</time>
      </trkpt>
      <trkpt lat="47.009395" lon="9.858221">
        <ele>1897.250142</ele>
        <time>2026-09-12T14:31:08.999Z</time>
      </trkpt>
      <trkpt lat="47.009393" lon="9.858220">
        <ele>1897.221584</ele>
        <time>2026-09-12T14:31:09.999Z</time>
      </trkpt>
      <trkpt lat="47.009388" lon="9.858220">
        <ele>1897.154008</ele>
        <time>2026-09-12T14:31:10.999Z</time>
      </trkpt>
      <trkpt lat="47.009382" lon="9.858219">
        <ele>1897.072394</ele>
        <time>2026-09-12T14:31:11.999Z</time>
      </trkpt>
      <trkpt lat="47.009377" lon="9.858215">
        <ele>1896.995417</ele>
        <time>2026-09-12T14:31:12.999Z</time>
      </trkpt>
      <trkpt lat="47.009371" lon="9.858209">
        <ele>1896.897268</ele>
        <time>2026-09-12T14:31:13.999Z</time>
      </trkpt>
      <trkpt lat="47.009365" lon="9.858204">
        <ele>1896.803999</ele>
        <time>2026-09-12T14:31:14.999Z</time>
      </trkpt>
      <trkpt lat="47.009357" lon="9.858198">
        <ele>1896.682558</ele>
        <time>2026-09-12T14:31:15.999Z</time>
      </trkpt>
      <trkpt lat="47.009348" lon="9.858192">
        <ele>1896.548943</ele>
        <time>2026-09-12T14:31:16.999Z</time>
      </trkpt>
      <trkpt lat="47.009339" lon="9.858187">
        <ele>1896.418870</ele>
        <time>2026-09-12T14:31:17.999Z</time>
      </trkpt>
      <trkpt lat="47.009331" lon="9.858184">
        <ele>1896.307269</ele>
        <time>2026-09-12T14:31:18.999Z</time>
      </trkpt>
      <trkpt lat="47.009323" lon="9.858181">
        <ele>1896.195668</ele>
        <time>2026-09-12T14:31:19.999Z</time>
      </trkpt>
      <trkpt lat="47.009317" lon="9.858178">
        <ele>1896.109993</ele>
        <time>2026-09-12T14:31:20.999Z</time>
      </trkpt>
      <trkpt lat="47.009313" lon="9.858176">
        <ele>1896.052877</ele>
        <time>2026-09-12T14:31:21.999Z</time>
      </trkpt>
      <trkpt lat="47.009310" lon="9.858176">
        <ele>1896.012331</ele>
        <time>2026-09-12T14:31:22.999Z</time>
      </trkpt>
      <trkpt lat="47.009309" lon="9.858176">
        <ele>1895.998816</ele>
        <time>2026-09-12T14:31:23.999Z</time>
      </trkpt>
      <trkpt lat="47.009308" lon="9.858178">
        <ele>1895.975960</ele>
        <time>2026-09-12T14:31:24.999Z</time>
      </trkpt>
      <trkpt lat="47.009305" lon="9.858180">
        <ele>1895.931421</ele>
        <time>2026-09-12T14:31:25.999Z</time>
      </trkpt>
      <trkpt lat="47.009300" lon="9.858183">
        <ele>1895.858408</ele>
        <time>2026-09-12T14:31:26.999Z</time>
      </trkpt>
      <trkpt lat="47.009295" lon="9.858185">
        <ele>1895.788363</ele>
        <time>2026-09-12T14:31:27.999Z</time>
      </trkpt>
      <trkpt lat="47.009292" lon="9.858185">
        <ele>1895.747818</ele>
        <time>2026-09-12T14:31:28.999Z</time>
      </trkpt>
      <trkpt lat="47.009291" lon="9.858183">
        <ele>1895.724962</ele>
        <time>2026-09-12T14:31:29.999Z</time>
      </trkpt>
      <trkpt lat="47.009291" lon="9.858181">
        <ele>1895.706530</ele>
        <time>2026-09-12T14:31:30.999Z</time>
      </trkpt>
      <trkpt lat="47.009291" lon="9.858179">
        <ele>1895.688099</ele>
        <time>2026-09-12T14:31:31.999Z</time>
      </trkpt>
      <trkpt lat="47.009290" lon="9.858179">
        <ele>1895.674584</ele>
        <time>2026-09-12T14:31:32.999Z</time>
      </trkpt>
      <trkpt lat="47.009289" lon="9.858181">
        <ele>1895.651728</ele>
        <time>2026-09-12T14:31:33.999Z</time>
      </trkpt>
      <trkpt lat="47.009285" lon="9.858185">
        <ele>1895.586295</ele>
        <time>2026-09-12T14:31:34.999Z</time>
      </trkpt>
      <trkpt lat="47.009278" lon="9.858191">
        <ele>1895.476714</ele>
        <time>2026-09-12T14:31:35.999Z</time>
      </trkpt>
      <trkpt lat="47.009267" lon="9.858199">
        <ele>1895.310769</ele>
        <time>2026-09-12T14:31:36.999Z</time>
      </trkpt>
      <trkpt lat="47.009256" lon="9.858207">
        <ele>1895.144824</ele>
        <time>2026-09-12T14:31:37.999Z</time>
      </trkpt>
      <trkpt lat="47.009244" lon="9.858213">
        <ele>1894.973474</ele>
        <time>2026-09-12T14:31:38.999Z</time>
      </trkpt>
      <trkpt lat="47.009233" lon="9.858220">
        <ele>1894.811414</ele>
        <time>2026-09-12T14:31:39.999Z</time>
      </trkpt>
      <trkpt lat="47.009223" lon="9.858226">
        <ele>1894.665387</ele>
        <time>2026-09-12T14:31:40.999Z</time>
      </trkpt>
      <trkpt lat="47.009212" lon="9.858232">
        <ele>1894.506769</ele>
        <time>2026-09-12T14:31:41.999Z</time>
      </trkpt>
      <trkpt lat="47.009200" lon="9.858237">
        <ele>1894.338167</ele>
        <time>2026-09-12T14:31:42.999Z</time>
      </trkpt>
      <trkpt lat="47.009188" lon="9.858241">
        <ele>1894.171848</ele>
        <time>2026-09-12T14:31:43.999Z</time>
      </trkpt>
      <trkpt lat="47.009175" lon="9.858244">
        <ele>1893.993988</ele>
        <time>2026-09-12T14:31:44.999Z</time>
      </trkpt>
      <trkpt lat="47.009163" lon="9.858248">
        <ele>1893.827668</ele>
        <time>2026-09-12T14:31:45.999Z</time>
      </trkpt>
      <trkpt lat="47.009151" lon="9.858251">
        <ele>1893.663145</ele>
        <time>2026-09-12T14:31:46.999Z</time>
      </trkpt>
      <trkpt lat="47.009138" lon="9.858254">
        <ele>1893.485285</ele>
        <time>2026-09-12T14:31:47.999Z</time>
      </trkpt>
      <trkpt lat="47.009125" lon="9.858256">
        <ele>1893.308623</ele>
        <time>2026-09-12T14:31:48.999Z</time>
      </trkpt>
      <trkpt lat="47.009113" lon="9.858257">
        <ele>1893.146178</ele>
        <time>2026-09-12T14:31:49.999Z</time>
      </trkpt>
      <trkpt lat="47.009101" lon="9.858256">
        <ele>1892.983733</ele>
        <time>2026-09-12T14:31:50.999Z</time>
      </trkpt>
      <trkpt lat="47.009089" lon="9.858255">
        <ele>1892.821289</ele>
        <time>2026-09-12T14:31:51.999Z</time>
      </trkpt>
      <trkpt lat="47.009080" lon="9.858255">
        <ele>1892.699651</ele>
        <time>2026-09-12T14:31:52.999Z</time>
      </trkpt>
      <trkpt lat="47.009071" lon="9.858257">
        <ele>1892.576626</ele>
        <time>2026-09-12T14:31:53.999Z</time>
      </trkpt>
      <trkpt lat="47.009058" lon="9.858262">
        <ele>1892.394985</ele>
        <time>2026-09-12T14:31:54.999Z</time>
      </trkpt>
      <trkpt lat="47.009043" lon="9.858267">
        <ele>1892.187086</ele>
        <time>2026-09-12T14:31:55.999Z</time>
      </trkpt>
      <trkpt lat="47.009026" lon="9.858272">
        <ele>1891.952751</ele>
        <time>2026-09-12T14:31:56.999Z</time>
      </trkpt>
      <trkpt lat="47.009010" lon="9.858275">
        <ele>1891.734747</ele>
        <time>2026-09-12T14:31:57.999Z</time>
      </trkpt>
      <trkpt lat="47.008996" lon="9.858277">
        <ele>1891.544638</ele>
        <time>2026-09-12T14:31:58.999Z</time>
      </trkpt>
      <trkpt lat="47.008983" lon="9.858280">
        <ele>1891.366778</ele>
        <time>2026-09-12T14:31:59.999Z</time>
      </trkpt>
      <trkpt lat="47.008971" lon="9.858282">
        <ele>1891.203551</ele>
        <time>2026-09-12T14:32:00.999Z</time>
      </trkpt>
      <trkpt lat="47.008963" lon="9.858283">
        <ele>1891.095037</ele>
        <time>2026-09-12T14:32:01.999Z</time>
      </trkpt>
      <trkpt lat="47.008959" lon="9.858283">
        <ele>1891.040976</ele>
        <time>2026-09-12T14:32:02.999Z</time>
      </trkpt>
      <trkpt lat="47.008956" lon="9.858282">
        <ele>1890.999396</ele>
        <time>2026-09-12T14:32:03.999Z</time>
      </trkpt>
      <trkpt lat="47.008954" lon="9.858280">
        <ele>1890.966679</ele>
        <time>2026-09-12T14:32:04.999Z</time>
      </trkpt>
      <trkpt lat="47.008952" lon="9.858277">
        <ele>1890.928013</ele>
        <time>2026-09-12T14:32:05.999Z</time>
      </trkpt>
      <trkpt lat="47.008950" lon="9.858272">
        <ele>1890.874591</ele>
        <time>2026-09-12T14:32:06.999Z</time>
      </trkpt>
      <trkpt lat="47.008948" lon="9.858266">
        <ele>1890.813043</ele>
        <time>2026-09-12T14:32:07.999Z</time>
      </trkpt>
      <trkpt lat="47.008946" lon="9.858265">
        <ele>1890.784484</ele>
        <time>2026-09-12T14:32:08.999Z</time>
      </trkpt>
      <trkpt lat="47.008944" lon="9.858271">
        <ele>1890.722936</ele>
        <time>2026-09-12T14:32:09.999Z</time>
      </trkpt>
      <trkpt lat="47.008940" lon="9.858281">
        <ele>1890.616092</ele>
        <time>2026-09-12T14:32:10.999Z</time>
      </trkpt>
      <trkpt lat="47.008931" lon="9.858291">
        <ele>1890.463485</ele>
        <time>2026-09-12T14:32:11.999Z</time>
      </trkpt>
      <trkpt lat="47.008918" lon="9.858299">
        <ele>1890.272945</ele>
        <time>2026-09-12T14:32:12.999Z</time>
      </trkpt>
      <trkpt lat="47.008904" lon="9.858304">
        <ele>1890.078201</ele>
        <time>2026-09-12T14:32:13.999Z</time>
      </trkpt>
      <trkpt lat="47.008892" lon="9.858306">
        <ele>1889.914974</ele>
        <time>2026-09-12T14:32:14.999Z</time>
      </trkpt>
      <trkpt lat="47.008881" lon="9.858308">
        <ele>1889.765168</ele>
        <time>2026-09-12T14:32:15.999Z</time>
      </trkpt>
      <trkpt lat="47.008871" lon="9.858309">
        <ele>1889.629702</ele>
        <time>2026-09-12T14:32:16.999Z</time>
      </trkpt>
      <trkpt lat="47.008862" lon="9.858310">
        <ele>1889.567741</ele>
        <time>2026-09-12T14:32:17.999Z</time>
      </trkpt>
      <trkpt lat="47.008856" lon="9.858312">
        <ele>1889.530104</ele>
        <time>2026-09-12T14:32:18.999Z</time>
      </trkpt>
      <trkpt lat="47.008855" lon="9.858313">
        <ele>1889.522700</ele>
        <time>2026-09-12T14:32:19.999Z</time>
      </trkpt>
      <trkpt lat="47.008854" lon="9.858313">
        <ele>1889.516583</ele>
        <time>2026-09-12T14:32:20.999Z</time>
      </trkpt>
      <trkpt lat="47.008852" lon="9.858316">
        <ele>1889.499084</ele>
        <time>2026-09-12T14:32:21.999Z</time>
      </trkpt>
      <trkpt lat="47.008847" lon="9.858317">
        <ele>1889.468216</ele>
        <time>2026-09-12T14:32:22.999Z</time>
      </trkpt>
      <trkpt lat="47.008842" lon="9.858316">
        <ele>1889.437349</ele>
        <time>2026-09-12T14:32:23.999Z</time>
      </trkpt>
      <trkpt lat="47.008835" lon="9.858313">
        <ele>1889.392740</ele>
        <time>2026-09-12T14:32:24.999Z</time>
      </trkpt>
      <trkpt lat="47.008829" lon="9.858310">
        <ele>1889.353964</ele>
        <time>2026-09-12T14:32:25.999Z</time>
      </trkpt>
      <trkpt lat="47.008826" lon="9.858309">
        <ele>1889.335145</ele>
        <time>2026-09-12T14:32:26.999Z</time>
      </trkpt>
      <trkpt lat="47.008824" lon="9.858309">
        <ele>1889.322912</ele>
        <time>2026-09-12T14:32:27.999Z</time>
      </trkpt>
      <trkpt lat="47.008820" lon="9.858307">
        <ele>1889.297061</ele>
        <time>2026-09-12T14:32:28.999Z</time>
      </trkpt>
      <trkpt lat="47.008815" lon="9.858303">
        <ele>1889.262222</ele>
        <time>2026-09-12T14:32:29.999Z</time>
      </trkpt>
      <trkpt lat="47.008813" lon="9.858301">
        <ele>1889.247415</ele>
        <time>2026-09-12T14:32:30.999Z</time>
      </trkpt>
      <trkpt lat="47.008811" lon="9.858301">
        <ele>1889.235181</ele>
        <time>2026-09-12T14:32:31.999Z</time>
      </trkpt>
      <trkpt lat="47.008807" lon="9.858302">
        <ele>1889.210361</ele>
        <time>2026-09-12T14:32:32.999Z</time>
      </trkpt>
      <trkpt lat="47.008802" lon="9.858302">
        <ele>1889.179776</ele>
        <time>2026-09-12T14:32:33.999Z</time>
      </trkpt>
      <trkpt lat="47.008796" lon="9.858302">
        <ele>1889.143075</ele>
        <time>2026-09-12T14:32:34.999Z</time>
      </trkpt>
      <trkpt lat="47.008789" lon="9.858300">
        <ele>1889.099452</ele>
        <time>2026-09-12T14:32:35.999Z</time>
      </trkpt>
      <trkpt lat="47.008781" lon="9.858297">
        <ele>1889.048943</ele>
        <time>2026-09-12T14:32:36.999Z</time>
      </trkpt>
      <trkpt lat="47.008773" lon="9.858296">
        <ele>1888.999830</ele>
        <time>2026-09-12T14:32:37.999Z</time>
      </trkpt>
      <trkpt lat="47.008764" lon="9.858297">
        <ele>1888.944621</ele>
        <time>2026-09-12T14:32:38.999Z</time>
      </trkpt>
      <trkpt lat="47.008755" lon="9.858300">
        <ele>1888.888165</ele>
        <time>2026-09-12T14:32:39.999Z</time>
      </trkpt>
      <trkpt lat="47.008745" lon="9.858305">
        <ele>1888.823539</ele>
        <time>2026-09-12T14:32:40.999Z</time>
      </trkpt>
      <trkpt lat="47.008734" lon="9.858308">
        <ele>1888.755099</ele>
        <time>2026-09-12T14:32:41.999Z</time>
      </trkpt>
      <trkpt lat="47.008727" lon="9.858308">
        <ele>1888.712281</ele>
        <time>2026-09-12T14:32:42.999Z</time>
      </trkpt>
      <trkpt lat="47.008723" lon="9.858306">
        <ele>1888.686431</ele>
        <time>2026-09-12T14:32:43.999Z</time>
      </trkpt>
      <trkpt lat="47.008718" lon="9.858303">
        <ele>1888.653386</ele>
        <time>2026-09-12T14:32:44.999Z</time>
      </trkpt>
      <trkpt lat="47.008712" lon="9.858300">
        <ele>1888.614610</ele>
        <time>2026-09-12T14:32:45.999Z</time>
      </trkpt>
      <trkpt lat="47.008706" lon="9.858297">
        <ele>1888.575834</ele>
        <time>2026-09-12T14:32:46.999Z</time>
      </trkpt>
      <trkpt lat="47.008698" lon="9.858295">
        <ele>1888.526194</ele>
        <time>2026-09-12T14:32:47.999Z</time>
      </trkpt>
      <trkpt lat="47.008691" lon="9.858295">
        <ele>1888.483375</ele>
        <time>2026-09-12T14:32:48.999Z</time>
      </trkpt>
      <trkpt lat="47.008684" lon="9.858297">
        <ele>1888.439752</ele>
        <time>2026-09-12T14:32:49.999Z</time>
      </trkpt>
      <trkpt lat="47.008679" lon="9.858299">
        <ele>1888.408051</ele>
        <time>2026-09-12T14:32:50.999Z</time>
      </trkpt>
      <trkpt lat="47.008674" lon="9.858300">
        <ele>1888.377183</ele>
        <time>2026-09-12T14:32:51.999Z</time>
      </trkpt>
      <trkpt lat="47.008668" lon="9.858300">
        <ele>1888.340482</ele>
        <time>2026-09-12T14:32:52.999Z</time>
      </trkpt>
      <trkpt lat="47.008661" lon="9.858299">
        <ele>1888.297461</ele>
        <time>2026-09-12T14:32:53.999Z</time>
      </trkpt>
      <trkpt lat="47.008653" lon="9.858298">
        <ele>1888.248349</ele>
        <time>2026-09-12T14:32:54.999Z</time>
      </trkpt>
      <trkpt lat="47.008642" lon="9.858295">
        <ele>1888.179910</ele>
        <time>2026-09-12T14:32:55.999Z</time>
      </trkpt>
      <trkpt lat="47.008631" lon="9.858291">
        <ele>1888.110587</ele>
        <time>2026-09-12T14:32:56.999Z</time>
      </trkpt>
      <trkpt lat="47.008621" lon="9.858287">
        <ele>1888.047184</ele>
        <time>2026-09-12T14:32:57.999Z</time>
      </trkpt>
      <trkpt lat="47.008612" lon="9.858282">
        <ele>1887.988314</ele>
        <time>2026-09-12T14:32:58.999Z</time>
      </trkpt>
      <trkpt lat="47.008604" lon="9.858279">
        <ele>1887.937804</ele>
        <time>2026-09-12T14:32:59.999Z</time>
      </trkpt>
      <trkpt lat="47.008595" lon="9.858275">
        <ele>1887.880280</ele>
        <time>2026-09-12T14:33:00.999Z</time>
      </trkpt>
      <trkpt lat="47.008586" lon="9.858273">
        <ele>1887.824600</ele>
        <time>2026-09-12T14:33:01.999Z</time>
      </trkpt>
      <trkpt lat="47.008578" lon="9.858273">
        <ele>1887.775665</ele>
        <time>2026-09-12T14:33:02.999Z</time>
      </trkpt>
      <trkpt lat="47.008570" lon="9.858273">
        <ele>1887.726730</ele>
        <time>2026-09-12T14:33:03.999Z</time>
      </trkpt>
      <trkpt lat="47.008559" lon="9.858272">
        <ele>1887.659315</ele>
        <time>2026-09-12T14:33:04.999Z</time>
      </trkpt>
      <trkpt lat="47.008547" lon="9.858270">
        <ele>1887.585440</ele>
        <time>2026-09-12T14:33:05.999Z</time>
      </trkpt>
      <trkpt lat="47.008536" lon="9.858266">
        <ele>1887.516117</ele>
        <time>2026-09-12T14:33:06.999Z</time>
      </trkpt>
      <trkpt lat="47.008526" lon="9.858262">
        <ele>1887.452714</ele>
        <time>2026-09-12T14:33:07.999Z</time>
      </trkpt>
      <trkpt lat="47.008517" lon="9.858258">
        <ele>1887.395190</ele>
        <time>2026-09-12T14:33:08.999Z</time>
      </trkpt>
      <trkpt lat="47.008508" lon="9.858255">
        <ele>1887.338734</ele>
        <time>2026-09-12T14:33:09.999Z</time>
      </trkpt>
      <trkpt lat="47.008497" lon="9.858253">
        <ele>1887.270933</ele>
        <time>2026-09-12T14:33:10.999Z</time>
      </trkpt>
      <trkpt lat="47.008485" lon="9.858251">
        <ele>1887.197058</ele>
        <time>2026-09-12T14:33:11.999Z</time>
      </trkpt>
      <trkpt lat="47.008474" lon="9.858249">
        <ele>1887.129257</ele>
        <time>2026-09-12T14:33:12.999Z</time>
      </trkpt>
      <trkpt lat="47.008465" lon="9.858248">
        <ele>1887.074048</ele>
        <time>2026-09-12T14:33:13.999Z</time>
      </trkpt>
      <trkpt lat="47.008458" lon="9.858246">
        <ele>1887.030425</ele>
        <time>2026-09-12T14:33:14.999Z</time>
      </trkpt>
      <trkpt lat="47.008449" lon="9.858243">
        <ele>1886.973969</ele>
        <time>2026-09-12T14:33:15.999Z</time>
      </trkpt>
      <trkpt lat="47.008441" lon="9.858237">
        <ele>1886.919006</ele>
        <time>2026-09-12T14:33:16.999Z</time>
      </trkpt>
      <trkpt lat="47.008433" lon="9.858231">
        <ele>1886.864042</ele>
        <time>2026-09-12T14:33:17.999Z</time>
      </trkpt>
      <trkpt lat="47.008425" lon="9.858228">
        <ele>1886.813533</ele>
        <time>2026-09-12T14:33:18.999Z</time>
      </trkpt>
      <trkpt lat="47.008417" lon="9.858228">
        <ele>1886.764598</ele>
        <time>2026-09-12T14:33:19.999Z</time>
      </trkpt>
      <trkpt lat="47.008408" lon="9.858229">
        <ele>1886.709388</ele>
        <time>2026-09-12T14:33:20.999Z</time>
      </trkpt>
      <trkpt lat="47.008400" lon="9.858230">
        <ele>1886.660276</ele>
        <time>2026-09-12T14:33:21.999Z</time>
      </trkpt>
      <trkpt lat="47.008395" lon="9.858230">
        <ele>1886.629692</ele>
        <time>2026-09-12T14:33:22.999Z</time>
      </trkpt>
      <trkpt lat="47.008392" lon="9.858229">
        <ele>1886.610873</ele>
        <time>2026-09-12T14:33:23.999Z</time>
      </trkpt>
      <trkpt lat="47.008388" lon="9.858227">
        <ele>1886.585023</ele>
        <time>2026-09-12T14:33:24.999Z</time>
      </trkpt>
      <trkpt lat="47.008382" lon="9.858224">
        <ele>1886.546247</ele>
        <time>2026-09-12T14:33:25.999Z</time>
      </trkpt>
      <trkpt lat="47.008374" lon="9.858219">
        <ele>1886.493053</ele>
        <time>2026-09-12T14:33:26.999Z</time>
      </trkpt>
      <trkpt lat="47.008367" lon="9.858215">
        <ele>1886.447099</ele>
        <time>2026-09-12T14:33:27.999Z</time>
      </trkpt>
      <trkpt lat="47.008361" lon="9.858211">
        <ele>1886.406784</ele>
        <time>2026-09-12T14:33:28.999Z</time>
      </trkpt>
      <trkpt lat="47.008356" lon="9.858210">
        <ele>1886.375917</ele>
        <time>2026-09-12T14:33:29.999Z</time>
      </trkpt>
      <trkpt lat="47.008350" lon="9.858209">
        <ele>1886.338979</ele>
        <time>2026-09-12T14:33:30.999Z</time>
      </trkpt>
      <trkpt lat="47.008341" lon="9.858207">
        <ele>1886.283299</ele>
        <time>2026-09-12T14:33:31.999Z</time>
      </trkpt>
      <trkpt lat="47.008330" lon="9.858204">
        <ele>1886.214860</ele>
        <time>2026-09-12T14:33:32.999Z</time>
      </trkpt>
      <trkpt lat="47.008319" lon="9.858199">
        <ele>1886.144416</ele>
        <time>2026-09-12T14:33:33.999Z</time>
      </trkpt>
      <trkpt lat="47.008311" lon="9.858192">
        <ele>1886.087433</ele>
        <time>2026-09-12T14:33:34.999Z</time>
      </trkpt>
      <trkpt lat="47.008306" lon="9.858186">
        <ele>1886.047914</ele>
        <time>2026-09-12T14:33:35.999Z</time>
      </trkpt>
      <trkpt lat="47.008301" lon="9.858182">
        <ele>1886.013075</ele>
        <time>2026-09-12T14:33:36.999Z</time>
      </trkpt>
      <trkpt lat="47.008294" lon="9.858178">
        <ele>1885.967121</ele>
        <time>2026-09-12T14:33:37.999Z</time>
      </trkpt>
      <trkpt lat="47.008284" lon="9.858173">
        <ele>1885.902495</ele>
        <time>2026-09-12T14:33:38.999Z</time>
      </trkpt>
      <trkpt lat="47.008274" lon="9.858166">
        <ele>1885.834715</ele>
        <time>2026-09-12T14:33:39.999Z</time>
      </trkpt>
      <trkpt lat="47.008267" lon="9.858161">
        <ele>1885.787088</ele>
        <time>2026-09-12T14:33:40.999Z</time>
      </trkpt>
      <trkpt lat="47.008261" lon="9.858159">
        <ele>1885.749451</ele>
        <time>2026-09-12T14:33:41.999Z</time>
      </trkpt>
      <trkpt lat="47.008254" lon="9.858157">
        <ele>1885.705828</ele>
        <time>2026-09-12T14:33:42.999Z</time>
      </trkpt>
      <trkpt lat="47.008248" lon="9.858155">
        <ele>1885.668191</ele>
        <time>2026-09-12T14:33:43.999Z</time>
      </trkpt>
      <trkpt lat="47.008241" lon="9.858153">
        <ele>1885.624568</ele>
        <time>2026-09-12T14:33:44.999Z</time>
      </trkpt>
      <trkpt lat="47.008235" lon="9.858152">
        <ele>1885.587630</ele>
        <time>2026-09-12T14:33:45.999Z</time>
      </trkpt>
      <trkpt lat="47.008229" lon="9.858151">
        <ele>1885.550693</ele>
        <time>2026-09-12T14:33:46.999Z</time>
      </trkpt>
      <trkpt lat="47.008222" lon="9.858149">
        <ele>1885.507070</ele>
        <time>2026-09-12T14:33:47.999Z</time>
      </trkpt>
      <trkpt lat="47.008214" lon="9.858145">
        <ele>1885.455369</ele>
        <time>2026-09-12T14:33:48.999Z</time>
      </trkpt>
      <trkpt lat="47.008205" lon="9.858140">
        <ele>1885.396499</ele>
        <time>2026-09-12T14:33:49.999Z</time>
      </trkpt>
      <trkpt lat="47.008196" lon="9.858133">
        <ele>1885.334184</ele>
        <time>2026-09-12T14:33:50.999Z</time>
      </trkpt>
      <trkpt lat="47.008187" lon="9.858127">
        <ele>1885.273710</ele>
        <time>2026-09-12T14:33:51.999Z</time>
      </trkpt>
      <trkpt lat="47.008178" lon="9.858119">
        <ele>1885.209335</ele>
        <time>2026-09-12T14:33:52.999Z</time>
      </trkpt>
      <trkpt lat="47.008165" lon="9.858108">
        <ele>1885.117529</ele>
        <time>2026-09-12T14:33:53.999Z</time>
      </trkpt>
      <trkpt lat="47.008153" lon="9.858097">
        <ele>1885.030966</ele>
        <time>2026-09-12T14:33:54.999Z</time>
      </trkpt>
      <trkpt lat="47.008141" lon="9.858087">
        <ele>1884.946541</ele>
        <time>2026-09-12T14:33:55.999Z</time>
      </trkpt>
      <trkpt lat="47.008129" lon="9.858079">
        <ele>1884.865910</ele>
        <time>2026-09-12T14:33:56.999Z</time>
      </trkpt>
      <trkpt lat="47.008119" lon="9.858072">
        <ele>1884.798130</ele>
        <time>2026-09-12T14:33:57.999Z</time>
      </trkpt>
      <trkpt lat="47.008110" lon="9.858066">
        <ele>1884.737657</ele>
        <time>2026-09-12T14:33:58.999Z</time>
      </trkpt>
      <trkpt lat="47.008102" lon="9.858061">
        <ele>1884.684463</ele>
        <time>2026-09-12T14:33:59.999Z</time>
      </trkpt>
      <trkpt lat="47.008091" lon="9.858057">
        <ele>1884.615140</ele>
        <time>2026-09-12T14:34:00.999Z</time>
      </trkpt>
      <trkpt lat="47.008078" lon="9.858051">
        <ele>1884.531775</ele>
        <time>2026-09-12T14:34:01.999Z</time>
      </trkpt>
      <trkpt lat="47.008066" lon="9.858045">
        <ele>1884.454224</ele>
        <time>2026-09-12T14:34:02.999Z</time>
      </trkpt>
      <trkpt lat="47.008054" lon="9.858039">
        <ele>1884.376672</ele>
        <time>2026-09-12T14:34:03.999Z</time>
      </trkpt>
      <trkpt lat="47.008045" lon="9.858037">
        <ele>1884.320992</ele>
        <time>2026-09-12T14:34:04.999Z</time>
      </trkpt>
      <trkpt lat="47.008037" lon="9.858039">
        <ele>1884.271351</ele>
        <time>2026-09-12T14:34:05.999Z</time>
      </trkpt>
      <trkpt lat="47.008027" lon="9.858042">
        <ele>1884.208916</ele>
        <time>2026-09-12T14:34:06.999Z</time>
      </trkpt>
      <trkpt lat="47.008013" lon="9.858043">
        <ele>1884.123178</ele>
        <time>2026-09-12T14:34:07.999Z</time>
      </trkpt>
      <trkpt lat="47.007999" lon="9.858040">
        <ele>1884.036633</ele>
        <time>2026-09-12T14:34:08.999Z</time>
      </trkpt>
      <trkpt lat="47.007984" lon="9.858036">
        <ele>1883.943375</ele>
        <time>2026-09-12T14:34:09.999Z</time>
      </trkpt>
      <trkpt lat="47.007970" lon="9.858031">
        <ele>1883.855236</ele>
        <time>2026-09-12T14:34:10.999Z</time>
      </trkpt>
      <trkpt lat="47.007956" lon="9.858028">
        <ele>1883.768690</ele>
        <time>2026-09-12T14:34:11.999Z</time>
      </trkpt>
      <trkpt lat="47.007943" lon="9.858024">
        <ele>1883.687440</ele>
        <time>2026-09-12T14:34:12.999Z</time>
      </trkpt>
      <trkpt lat="47.007930" lon="9.858020">
        <ele>1883.606189</ele>
        <time>2026-09-12T14:34:13.999Z</time>
      </trkpt>
      <trkpt lat="47.007917" lon="9.858016">
        <ele>1883.524938</ele>
        <time>2026-09-12T14:34:14.999Z</time>
      </trkpt>
      <trkpt lat="47.007903" lon="9.858013">
        <ele>1883.438393</ele>
        <time>2026-09-12T14:34:15.999Z</time>
      </trkpt>
      <trkpt lat="47.007889" lon="9.858013">
        <ele>1883.352757</ele>
        <time>2026-09-12T14:34:16.999Z</time>
      </trkpt>
      <trkpt lat="47.007875" lon="9.858015">
        <ele>1883.266715</ele>
        <time>2026-09-12T14:34:17.999Z</time>
      </trkpt>
      <trkpt lat="47.007863" lon="9.858017">
        <ele>1883.192840</ele>
        <time>2026-09-12T14:34:18.999Z</time>
      </trkpt>
      <trkpt lat="47.007852" lon="9.858019">
        <ele>1883.125040</ele>
        <time>2026-09-12T14:34:19.999Z</time>
      </trkpt>
      <trkpt lat="47.007843" lon="9.858022">
        <ele>1883.068584</ele>
        <time>2026-09-12T14:34:20.999Z</time>
      </trkpt>
      <trkpt lat="47.007834" lon="9.858029">
        <ele>1883.006268</ele>
        <time>2026-09-12T14:34:21.999Z</time>
      </trkpt>
      <trkpt lat="47.007821" lon="9.858038">
        <ele>1882.918333</ele>
        <time>2026-09-12T14:34:22.999Z</time>
      </trkpt>
      <trkpt lat="47.007804" lon="9.858043">
        <ele>1882.812276</ele>
        <time>2026-09-12T14:34:23.999Z</time>
      </trkpt>
      <trkpt lat="47.007787" lon="9.858041">
        <ele>1882.707955</ele>
        <time>2026-09-12T14:34:24.999Z</time>
      </trkpt>
      <trkpt lat="47.007773" lon="9.858036">
        <ele>1882.619816</ele>
        <time>2026-09-12T14:34:25.999Z</time>
      </trkpt>
      <trkpt lat="47.007760" lon="9.858029">
        <ele>1882.535106</ele>
        <time>2026-09-12T14:34:26.999Z</time>
      </trkpt>
      <trkpt lat="47.007748" lon="9.858022">
        <ele>1882.456110</ele>
        <time>2026-09-12T14:34:27.999Z</time>
      </trkpt>
      <trkpt lat="47.007736" lon="9.858020">
        <ele>1882.382235</ele>
        <time>2026-09-12T14:34:28.999Z</time>
      </trkpt>
      <trkpt lat="47.007724" lon="9.858024">
        <ele>1882.306960</ele>
        <time>2026-09-12T14:34:29.999Z</time>
      </trkpt>
      <trkpt lat="47.007713" lon="9.858029">
        <ele>1882.236516</ele>
        <time>2026-09-12T14:34:30.999Z</time>
      </trkpt>
      <trkpt lat="47.007704" lon="9.858032">
        <ele>1882.180060</ele>
        <time>2026-09-12T14:34:31.999Z</time>
      </trkpt>
      <trkpt lat="47.007698" lon="9.858033">
        <ele>1882.143123</ele>
        <time>2026-09-12T14:34:32.999Z</time>
      </trkpt>
      <trkpt lat="47.007695" lon="9.858034">
        <ele>1882.124304</ele>
        <time>2026-09-12T14:34:33.999Z</time>
      </trkpt>
      <trkpt lat="47.007688" lon="9.858039">
        <ele>1882.076677</ele>
        <time>2026-09-12T14:34:34.999Z</time>
      </trkpt>
      <trkpt lat="47.007678" lon="9.858046">
        <ele>1882.008897</ele>
        <time>2026-09-12T14:34:35.999Z</time>
      </trkpt>
      <trkpt lat="47.007666" lon="9.858055">
        <ele>1881.926452</ele>
        <time>2026-09-12T14:34:36.999Z</time>
      </trkpt>
      <trkpt lat="47.007655" lon="9.858064">
        <ele>1881.849403</ele>
        <time>2026-09-12T14:34:37.999Z</time>
      </trkpt>
      <trkpt lat="47.007643" lon="9.858072">
        <ele>1881.768772</ele>
        <time>2026-09-12T14:34:38.999Z</time>
      </trkpt>
      <trkpt lat="47.007630" lon="9.858078">
        <ele>1881.685408</ele>
        <time>2026-09-12T14:34:39.999Z</time>
      </trkpt>
      <trkpt lat="47.007617" lon="9.858082">
        <ele>1881.604157</ele>
        <time>2026-09-12T14:34:40.999Z</time>
      </trkpt>
      <trkpt lat="47.007604" lon="9.858083">
        <ele>1881.524528</ele>
        <time>2026-09-12T14:34:41.999Z</time>
      </trkpt>
      <trkpt lat="47.007592" lon="9.858083">
        <ele>1881.451126</ele>
        <time>2026-09-12T14:34:42.999Z</time>
      </trkpt>
      <trkpt lat="47.007581" lon="9.858082">
        <ele>1881.383711</ele>
        <time>2026-09-12T14:34:43.999Z</time>
      </trkpt>
      <trkpt lat="47.007571" lon="9.858083">
        <ele>1881.322400</ele>
        <time>2026-09-12T14:34:44.999Z</time>
      </trkpt>
      <trkpt lat="47.007560" lon="9.858085">
        <ele>1881.254600</ele>
        <time>2026-09-12T14:34:45.999Z</time>
      </trkpt>
      <trkpt lat="47.007547" lon="9.858086">
        <ele>1881.174971</ele>
        <time>2026-09-12T14:34:46.999Z</time>
      </trkpt>
      <trkpt lat="47.007534" lon="9.858085">
        <ele>1881.095343</ele>
        <time>2026-09-12T14:34:47.999Z</time>
      </trkpt>
      <trkpt lat="47.007522" lon="9.858081">
        <ele>1881.020068</ele>
        <time>2026-09-12T14:34:48.999Z</time>
      </trkpt>
      <trkpt lat="47.007511" lon="9.858078">
        <ele>1880.951629</ele>
        <time>2026-09-12T14:34:49.999Z</time>
      </trkpt>
      <trkpt lat="47.007502" lon="9.858076">
        <ele>1880.895948</ele>
        <time>2026-09-12T14:34:50.999Z</time>
      </trkpt>
      <trkpt lat="47.007492" lon="9.858073">
        <ele>1880.833513</ele>
        <time>2026-09-12T14:34:51.999Z</time>
      </trkpt>
      <trkpt lat="47.007481" lon="9.858070">
        <ele>1880.765074</ele>
        <time>2026-09-12T14:34:52.999Z</time>
      </trkpt>
      <trkpt lat="47.007471" lon="9.858067">
        <ele>1880.702638</ele>
        <time>2026-09-12T14:34:53.999Z</time>
      </trkpt>
      <trkpt lat="47.007462" lon="9.858062">
        <ele>1880.643768</ele>
        <time>2026-09-12T14:34:54.999Z</time>
      </trkpt>
      <trkpt lat="47.007453" lon="9.858057">
        <ele>1880.584899</ele>
        <time>2026-09-12T14:34:55.999Z</time>
      </trkpt>
      <trkpt lat="47.007444" lon="9.858054">
        <ele>1880.528443</ele>
        <time>2026-09-12T14:34:56.999Z</time>
      </trkpt>
      <trkpt lat="47.007435" lon="9.858054">
        <ele>1880.473391</ele>
        <time>2026-09-12T14:34:57.999Z</time>
      </trkpt>
      <trkpt lat="47.007426" lon="9.858058">
        <ele>1880.415866</ele>
        <time>2026-09-12T14:34:58.999Z</time>
      </trkpt>
      <trkpt lat="47.007416" lon="9.858065">
        <ele>1880.348086</ele>
        <time>2026-09-12T14:34:59.999Z</time>
      </trkpt>
      <trkpt lat="47.007405" lon="9.858071">
        <ele>1880.276297</ele>
        <time>2026-09-12T14:35:00.999Z</time>
      </trkpt>
      <trkpt lat="47.007392" lon="9.858076">
        <ele>1880.194089</ele>
        <time>2026-09-12T14:35:01.999Z</time>
      </trkpt>
      <trkpt lat="47.007380" lon="9.858076">
        <ele>1880.120686</ele>
        <time>2026-09-12T14:35:02.999Z</time>
      </trkpt>
      <trkpt lat="47.007370" lon="9.858073">
        <ele>1880.058251</ele>
        <time>2026-09-12T14:35:03.999Z</time>
      </trkpt>
      <trkpt lat="47.007361" lon="9.858067">
        <ele>1879.997777</ele>
        <time>2026-09-12T14:35:04.999Z</time>
      </trkpt>
      <trkpt lat="47.007352" lon="9.858062">
        <ele>1879.938907</ele>
        <time>2026-09-12T14:35:05.999Z</time>
      </trkpt>
      <trkpt lat="47.007342" lon="9.858057">
        <ele>1879.874281</ele>
        <time>2026-09-12T14:35:06.999Z</time>
      </trkpt>
      <trkpt lat="47.007329" lon="9.858052">
        <ele>1879.792072</ele>
        <time>2026-09-12T14:35:07.999Z</time>
      </trkpt>
      <trkpt lat="47.007316" lon="9.858046">
        <ele>1879.708708</ele>
        <time>2026-09-12T14:35:08.999Z</time>
      </trkpt>
      <trkpt lat="47.007303" lon="9.858041">
        <ele>1879.626499</ele>
        <time>2026-09-12T14:35:09.999Z</time>
      </trkpt>
      <trkpt lat="47.007291" lon="9.858034">
        <ele>1879.547503</ele>
        <time>2026-09-12T14:35:10.999Z</time>
      </trkpt>
      <trkpt lat="47.007279" lon="9.858028">
        <ele>1879.469951</ele>
        <time>2026-09-12T14:35:11.999Z</time>
      </trkpt>
      <trkpt lat="47.007269" lon="9.858026">
        <ele>1879.408216</ele>
        <time>2026-09-12T14:35:12.999Z</time>
      </trkpt>
      <trkpt lat="47.007258" lon="9.858028">
        <ele>1879.340416</ele>
        <time>2026-09-12T14:35:13.999Z</time>
      </trkpt>
      <trkpt lat="47.007245" lon="9.858027">
        <ele>1879.260787</ele>
        <time>2026-09-12T14:35:14.999Z</time>
      </trkpt>
      <trkpt lat="47.007233" lon="9.858021">
        <ele>1879.183235</ele>
        <time>2026-09-12T14:35:15.999Z</time>
      </trkpt>
      <trkpt lat="47.007221" lon="9.858009">
        <ele>1879.094391</ele>
        <time>2026-09-12T14:35:16.999Z</time>
      </trkpt>
      <trkpt lat="47.007211" lon="9.857995">
        <ele>1879.009824</ele>
        <time>2026-09-12T14:35:17.999Z</time>
      </trkpt>
      <trkpt lat="47.007202" lon="9.857979">
        <ele>1878.923310</ele>
        <time>2026-09-12T14:35:18.999Z</time>
      </trkpt>
      <trkpt lat="47.007193" lon="9.857963">
        <ele>1878.836796</ele>
        <time>2026-09-12T14:35:19.999Z</time>
      </trkpt>
      <trkpt lat="47.007185" lon="9.857947">
        <ele>1878.754039</ele>
        <time>2026-09-12T14:35:20.999Z</time>
      </trkpt>
      <trkpt lat="47.007175" lon="9.857934">
        <ele>1878.672296</ele>
        <time>2026-09-12T14:35:21.999Z</time>
      </trkpt>
      <trkpt lat="47.007162" lon="9.857927">
        <ele>1878.594822</ele>
        <time>2026-09-12T14:35:22.999Z</time>
      </trkpt>
      <trkpt lat="47.007148" lon="9.857921">
        <ele>1878.528890</ele>
        <time>2026-09-12T14:35:23.999Z</time>
      </trkpt>
      <trkpt lat="47.007136" lon="9.857913">
        <ele>1878.469304</ele>
        <time>2026-09-12T14:35:24.999Z</time>
      </trkpt>
      <trkpt lat="47.007125" lon="9.857903">
        <ele>1878.410801</ele>
        <time>2026-09-12T14:35:25.999Z</time>
      </trkpt>
      <trkpt lat="47.007116" lon="9.857891">
        <ele>1878.355816</ele>
        <time>2026-09-12T14:35:26.999Z</time>
      </trkpt>
      <trkpt lat="47.007107" lon="9.857879">
        <ele>1878.300831</ele>
        <time>2026-09-12T14:35:27.999Z</time>
      </trkpt>
      <trkpt lat="47.007098" lon="9.857871">
        <ele>1878.253258</ele>
        <time>2026-09-12T14:35:28.999Z</time>
      </trkpt>
      <trkpt lat="47.007087" lon="9.857865">
        <ele>1878.200206</ele>
        <time>2026-09-12T14:35:29.999Z</time>
      </trkpt>
      <trkpt lat="47.007073" lon="9.857859">
        <ele>1878.134275</ele>
        <time>2026-09-12T14:35:30.999Z</time>
      </trkpt>
      <trkpt lat="47.007060" lon="9.857851">
        <ele>1878.070546</ele>
        <time>2026-09-12T14:35:31.999Z</time>
      </trkpt>
      <trkpt lat="47.007048" lon="9.857841">
        <ele>1878.008155</ele>
        <time>2026-09-12T14:35:32.999Z</time>
      </trkpt>
      <trkpt lat="47.007037" lon="9.857830">
        <ele>1877.947971</ele>
        <time>2026-09-12T14:35:33.999Z</time>
      </trkpt>
      <trkpt lat="47.007027" lon="9.857818">
        <ele>1877.889563</ele>
        <time>2026-09-12T14:35:34.999Z</time>
      </trkpt>
      <trkpt lat="47.007016" lon="9.857809">
        <ele>1877.832624</ele>
        <time>2026-09-12T14:35:35.999Z</time>
      </trkpt>
      <trkpt lat="47.007006" lon="9.857803">
        <ele>1877.783783</ele>
        <time>2026-09-12T14:35:36.999Z</time>
      </trkpt>
      <trkpt lat="47.006996" lon="9.857802">
        <ele>1877.738475</ele>
        <time>2026-09-12T14:35:37.999Z</time>
      </trkpt>
      <trkpt lat="47.006985" lon="9.857807">
        <ele>1877.686417</ele>
        <time>2026-09-12T14:35:38.999Z</time>
      </trkpt>
      <trkpt lat="47.006971" lon="9.857809">
        <ele>1877.622833</ele>
        <time>2026-09-12T14:35:39.999Z</time>
      </trkpt>
      <trkpt lat="47.006956" lon="9.857805">
        <ele>1877.553916</ele>
        <time>2026-09-12T14:35:40.999Z</time>
      </trkpt>
      <trkpt lat="47.006942" lon="9.857797">
        <ele>1877.485997</ele>
        <time>2026-09-12T14:35:41.999Z</time>
      </trkpt>
      <trkpt lat="47.006930" lon="9.857787">
        <ele>1877.423606</ele>
        <time>2026-09-12T14:35:42.999Z</time>
      </trkpt>
      <trkpt lat="47.006918" lon="9.857777">
        <ele>1877.361216</ele>
        <time>2026-09-12T14:35:43.999Z</time>
      </trkpt>
      <trkpt lat="47.006906" lon="9.857771">
        <ele>1877.303905</ele>
        <time>2026-09-12T14:35:44.999Z</time>
      </trkpt>
      <trkpt lat="47.006894" lon="9.857768">
        <ele>1877.248879</ele>
        <time>2026-09-12T14:35:45.999Z</time>
      </trkpt>
      <trkpt lat="47.006882" lon="9.857768">
        <ele>1877.194635</ele>
        <time>2026-09-12T14:35:46.999Z</time>
      </trkpt>
      <trkpt lat="47.006870" lon="9.857766">
        <ele>1877.140042</ele>
        <time>2026-09-12T14:35:47.999Z</time>
      </trkpt>
      <trkpt lat="47.006859" lon="9.857763">
        <ele>1877.089465</ele>
        <time>2026-09-12T14:35:48.999Z</time>
      </trkpt>
      <trkpt lat="47.006848" lon="9.857760">
        <ele>1877.038889</ele>
        <time>2026-09-12T14:35:49.999Z</time>
      </trkpt>
      <trkpt lat="47.006836" lon="9.857760">
        <ele>1876.984645</ele>
        <time>2026-09-12T14:35:50.999Z</time>
      </trkpt>
      <trkpt lat="47.006823" lon="9.857760">
        <ele>1876.925881</ele>
        <time>2026-09-12T14:35:51.999Z</time>
      </trkpt>
      <trkpt lat="47.006809" lon="9.857759">
        <ele>1876.862521</ele>
        <time>2026-09-12T14:35:52.999Z</time>
      </trkpt>
      <trkpt lat="47.006796" lon="9.857758">
        <ele>1876.803676</ele>
        <time>2026-09-12T14:35:53.999Z</time>
      </trkpt>
      <trkpt lat="47.006782" lon="9.857756">
        <ele>1876.740092</ele>
        <time>2026-09-12T14:35:54.999Z</time>
      </trkpt>
      <trkpt lat="47.006769" lon="9.857753">
        <ele>1876.680604</ele>
        <time>2026-09-12T14:35:55.999Z</time>
      </trkpt>
      <trkpt lat="47.006756" lon="9.857745">
        <ele>1876.616875</ele>
        <time>2026-09-12T14:35:56.999Z</time>
      </trkpt>
      <trkpt lat="47.006746" lon="9.857733">
        <ele>1876.558467</ele>
        <time>2026-09-12T14:35:57.999Z</time>
      </trkpt>
      <trkpt lat="47.006736" lon="9.857721">
        <ele>1876.500058</ele>
        <time>2026-09-12T14:35:58.999Z</time>
      </trkpt>
      <trkpt lat="47.006727" lon="9.857715">
        <ele>1876.455368</ele>
        <time>2026-09-12T14:35:59.999Z</time>
      </trkpt>
      <trkpt lat="47.006718" lon="9.857712">
        <ele>1876.413647</ele>
        <time>2026-09-12T14:36:00.999Z</time>
      </trkpt>
      <trkpt lat="47.006705" lon="9.857712">
        <ele>1876.354883</ele>
        <time>2026-09-12T14:36:01.999Z</time>
      </trkpt>
      <trkpt lat="47.006691" lon="9.857713">
        <ele>1876.291523</ele>
        <time>2026-09-12T14:36:02.999Z</time>
      </trkpt>
      <trkpt lat="47.006677" lon="9.857716">
        <ele>1876.227567</ele>
        <time>2026-09-12T14:36:03.999Z</time>
      </trkpt>
      <trkpt lat="47.006664" lon="9.857721">
        <ele>1876.166815</ele>
        <time>2026-09-12T14:36:04.999Z</time>
      </trkpt>
      <trkpt lat="47.006652" lon="9.857728">
        <ele>1876.108437</ele>
        <time>2026-09-12T14:36:05.999Z</time>
      </trkpt>
      <trkpt lat="47.006640" lon="9.857733">
        <ele>1876.052046</ele>
        <time>2026-09-12T14:36:06.999Z</time>
      </trkpt>
      <trkpt lat="47.006628" lon="9.857735">
        <ele>1875.997452</ele>
        <time>2026-09-12T14:36:07.999Z</time>
      </trkpt>
      <trkpt lat="47.006616" lon="9.857734">
        <ele>1875.943121</ele>
        <time>2026-09-12T14:36:08.999Z</time>
      </trkpt>
      <trkpt lat="47.006606" lon="9.857734">
        <ele>1875.897918</ele>
        <time>2026-09-12T14:36:09.999Z</time>
      </trkpt>
      <trkpt lat="47.006597" lon="9.857736">
        <ele>1875.856770</ele>
        <time>2026-09-12T14:36:10.999Z</time>
      </trkpt>
      <trkpt lat="47.006586" lon="9.857738">
        <ele>1875.806666</ele>
        <time>2026-09-12T14:36:11.999Z</time>
      </trkpt>
      <trkpt lat="47.006572" lon="9.857739">
        <ele>1875.743306</ele>
        <time>2026-09-12T14:36:12.999Z</time>
      </trkpt>
      <trkpt lat="47.006559" lon="9.857736">
        <ele>1875.683818</ele>
        <time>2026-09-12T14:36:13.999Z</time>
      </trkpt>
      <trkpt lat="47.006546" lon="9.857730">
        <ele>1875.622212</ele>
        <time>2026-09-12T14:36:14.999Z</time>
      </trkpt>
      <trkpt lat="47.006534" lon="9.857722">
        <ele>1875.562626</ele>
        <time>2026-09-12T14:36:15.999Z</time>
      </trkpt>
      <trkpt lat="47.006524" lon="9.857716">
        <ele>1875.513786</ele>
        <time>2026-09-12T14:36:16.999Z</time>
      </trkpt>
      <trkpt lat="47.006516" lon="9.857713">
        <ele>1875.476459</ele>
        <time>2026-09-12T14:36:17.999Z</time>
      </trkpt>
      <trkpt lat="47.006506" lon="9.857714">
        <ele>1875.431151</ele>
        <time>2026-09-12T14:36:18.999Z</time>
      </trkpt>
      <trkpt lat="47.006494" lon="9.857718">
        <ele>1875.375523</ele>
        <time>2026-09-12T14:36:19.999Z</time>
      </trkpt>
      <trkpt lat="47.006481" lon="9.857721">
        <ele>1875.316036</ele>
        <time>2026-09-12T14:36:20.999Z</time>
      </trkpt>
      <trkpt lat="47.006468" lon="9.857723">
        <ele>1875.256949</ele>
        <time>2026-09-12T14:36:21.999Z</time>
      </trkpt>
      <trkpt lat="47.006455" lon="9.857722">
        <ele>1875.198104</ele>
        <time>2026-09-12T14:36:22.999Z</time>
      </trkpt>
      <trkpt lat="47.006442" lon="9.857719">
        <ele>1875.138616</ele>
        <time>2026-09-12T14:36:23.999Z</time>
      </trkpt>
      <trkpt lat="47.006428" lon="9.857712">
        <ele>1875.071754</ele>
        <time>2026-09-12T14:36:24.999Z</time>
      </trkpt>
      <trkpt lat="47.006415" lon="9.857706">
        <ele>1875.010148</ele>
        <time>2026-09-12T14:36:25.999Z</time>
      </trkpt>
      <trkpt lat="47.006402" lon="9.857702">
        <ele>1874.950104</ele>
        <time>2026-09-12T14:36:26.999Z</time>
      </trkpt>
      <trkpt lat="47.006388" lon="9.857701">
        <ele>1874.886744</ele>
        <time>2026-09-12T14:36:27.999Z</time>
      </trkpt>
      <trkpt lat="47.006374" lon="9.857698">
        <ele>1874.822788</ele>
        <time>2026-09-12T14:36:28.999Z</time>
      </trkpt>
      <trkpt lat="47.006360" lon="9.857696">
        <ele>1874.759203</ele>
        <time>2026-09-12T14:36:29.999Z</time>
      </trkpt>
      <trkpt lat="47.006346" lon="9.857694">
        <ele>1874.695619</ele>
        <time>2026-09-12T14:36:30.999Z</time>
      </trkpt>
      <trkpt lat="47.006331" lon="9.857694">
        <ele>1874.627814</ele>
        <time>2026-09-12T14:36:31.999Z</time>
      </trkpt>
      <trkpt lat="47.006318" lon="9.857695">
        <ele>1874.568969</ele>
        <time>2026-09-12T14:36:32.999Z</time>
      </trkpt>
      <trkpt lat="47.006304" lon="9.857697">
        <ele>1874.505385</ele>
        <time>2026-09-12T14:36:33.999Z</time>
      </trkpt>
      <trkpt lat="47.006289" lon="9.857698">
        <ele>1874.437510</ele>
        <time>2026-09-12T14:36:34.999Z</time>
      </trkpt>
      <trkpt lat="47.006274" lon="9.857700">
        <ele>1874.369425</ele>
        <time>2026-09-12T14:36:35.999Z</time>
      </trkpt>
      <trkpt lat="47.006260" lon="9.857702">
        <ele>1874.305841</ele>
        <time>2026-09-12T14:36:36.999Z</time>
      </trkpt>
      <trkpt lat="47.006245" lon="9.857704">
        <ele>1874.237756</ele>
        <time>2026-09-12T14:36:37.999Z</time>
      </trkpt>
      <trkpt lat="47.006231" lon="9.857706">
        <ele>1874.174172</ele>
        <time>2026-09-12T14:36:38.999Z</time>
      </trkpt>
      <trkpt lat="47.006218" lon="9.857708">
        <ele>1874.115085</ele>
        <time>2026-09-12T14:36:39.999Z</time>
      </trkpt>
      <trkpt lat="47.006204" lon="9.857712">
        <ele>1874.050610</ele>
        <time>2026-09-12T14:36:40.999Z</time>
      </trkpt>
      <trkpt lat="47.006191" lon="9.857719">
        <ele>1873.988010</ele>
        <time>2026-09-12T14:36:41.999Z</time>
      </trkpt>
      <trkpt lat="47.006178" lon="9.857727">
        <ele>1873.924281</ele>
        <time>2026-09-12T14:36:42.999Z</time>
      </trkpt>
      <trkpt lat="47.006167" lon="9.857738">
        <ele>1873.864096</ele>
        <time>2026-09-12T14:36:43.999Z</time>
      </trkpt>
      <trkpt lat="47.006157" lon="9.857752">
        <ele>1873.801601</ele>
        <time>2026-09-12T14:36:44.999Z</time>
      </trkpt>
      <trkpt lat="47.006146" lon="9.857765">
        <ele>1873.737739</ele>
        <time>2026-09-12T14:36:45.999Z</time>
      </trkpt>
      <trkpt lat="47.006134" lon="9.857777">
        <ele>1873.672084</ele>
        <time>2026-09-12T14:36:46.999Z</time>
      </trkpt>
      <trkpt lat="47.006123" lon="9.857790">
        <ele>1873.608222</ele>
        <time>2026-09-12T14:36:47.999Z</time>
      </trkpt>
      <trkpt lat="47.006114" lon="9.857804">
        <ele>1873.548914</ele>
        <time>2026-09-12T14:36:48.999Z</time>
      </trkpt>
      <trkpt lat="47.006106" lon="9.857821">
        <ele>1873.485245</ele>
        <time>2026-09-12T14:36:49.999Z</time>
      </trkpt>
      <trkpt lat="47.006100" lon="9.857839">
        <ele>1873.423486</ele>
        <time>2026-09-12T14:36:50.999Z</time>
      </trkpt>
      <trkpt lat="47.006094" lon="9.857859">
        <ele>1873.356133</ele>
        <time>2026-09-12T14:36:51.999Z</time>
      </trkpt>
      <trkpt lat="47.006088" lon="9.857878">
        <ele>1873.291590</ele>
        <time>2026-09-12T14:36:52.999Z</time>
      </trkpt>
      <trkpt lat="47.006081" lon="9.857893">
        <ele>1873.235562</ele>
        <time>2026-09-12T14:36:53.999Z</time>
      </trkpt>
      <trkpt lat="47.006074" lon="9.857908">
        <ele>1873.179534</ele>
        <time>2026-09-12T14:36:54.999Z</time>
      </trkpt>
      <trkpt lat="47.006066" lon="9.857924">
        <ele>1873.118377</ele>
        <time>2026-09-12T14:36:55.999Z</time>
      </trkpt>
      <trkpt lat="47.006058" lon="9.857942">
        <ele>1873.052147</ele>
        <time>2026-09-12T14:36:56.999Z</time>
      </trkpt>
      <trkpt lat="47.006051" lon="9.857965">
        <ele>1872.974509</ele>
        <time>2026-09-12T14:36:57.999Z</time>
      </trkpt>
      <trkpt lat="47.006046" lon="9.857985">
        <ele>1872.908846</ele>
        <time>2026-09-12T14:36:58.999Z</time>
      </trkpt>
      <trkpt lat="47.006041" lon="9.858003">
        <ele>1872.848934</ele>
        <time>2026-09-12T14:36:59.999Z</time>
      </trkpt>
      <trkpt lat="47.006037" lon="9.858020">
        <ele>1872.793500</ele>
        <time>2026-09-12T14:37:00.999Z</time>
      </trkpt>
      <trkpt lat="47.006033" lon="9.858036">
        <ele>1872.740970</ele>
        <time>2026-09-12T14:37:01.999Z</time>
      </trkpt>
      <trkpt lat="47.006028" lon="9.858053">
        <ele>1872.683900</ele>
        <time>2026-09-12T14:37:02.999Z</time>
      </trkpt>
      <trkpt lat="47.006023" lon="9.858070">
        <ele>1872.626831</ele>
        <time>2026-09-12T14:37:03.999Z</time>
      </trkpt>
      <trkpt lat="47.006018" lon="9.858088">
        <ele>1872.566919</ele>
        <time>2026-09-12T14:37:04.999Z</time>
      </trkpt>
      <trkpt lat="47.006013" lon="9.858106">
        <ele>1872.507007</ele>
        <time>2026-09-12T14:37:05.999Z</time>
      </trkpt>
      <trkpt lat="47.006010" lon="9.858125">
        <ele>1872.446890</ele>
        <time>2026-09-12T14:37:06.999Z</time>
      </trkpt>
      <trkpt lat="47.006007" lon="9.858143">
        <ele>1872.389772</ele>
        <time>2026-09-12T14:37:07.999Z</time>
      </trkpt>
      <trkpt lat="47.006003" lon="9.858162">
        <ele>1872.328476</ele>
        <time>2026-09-12T14:37:08.999Z</time>
      </trkpt>
      <trkpt lat="47.005999" lon="9.858179">
        <ele>1872.273042</ele>
        <time>2026-09-12T14:37:09.999Z</time>
      </trkpt>
      <trkpt lat="47.005994" lon="9.858196">
        <ele>1872.215973</ele>
        <time>2026-09-12T14:37:10.999Z</time>
      </trkpt>
      <trkpt lat="47.005990" lon="9.858213">
        <ele>1872.160538</ele>
        <time>2026-09-12T14:37:11.999Z</time>
      </trkpt>
      <trkpt lat="47.005986" lon="9.858229">
        <ele>1872.108008</ele>
        <time>2026-09-12T14:37:12.999Z</time>
      </trkpt>
      <trkpt lat="47.005981" lon="9.858246">
        <ele>1872.050939</ele>
        <time>2026-09-12T14:37:13.999Z</time>
      </trkpt>
      <trkpt lat="47.005975" lon="9.858263">
        <ele>1871.991933</ele>
        <time>2026-09-12T14:37:14.999Z</time>
      </trkpt>
      <trkpt lat="47.005968" lon="9.858279">
        <ele>1871.933335</ele>
        <time>2026-09-12T14:37:15.999Z</time>
      </trkpt>
      <trkpt lat="47.005958" lon="9.858295">
        <ele>1871.866434</ele>
        <time>2026-09-12T14:37:16.999Z</time>
      </trkpt>
      <trkpt lat="47.005946" lon="9.858309">
        <ele>1871.797117</ele>
        <time>2026-09-12T14:37:17.999Z</time>
      </trkpt>
      <trkpt lat="47.005933" lon="9.858321">
        <ele>1871.727680</ele>
        <time>2026-09-12T14:37:18.999Z</time>
      </trkpt>
      <trkpt lat="47.005923" lon="9.858331">
        <ele>1871.672967</ele>
        <time>2026-09-12T14:37:19.999Z</time>
      </trkpt>
      <trkpt lat="47.005914" lon="9.858341">
        <ele>1871.621925</ele>
        <time>2026-09-12T14:37:20.999Z</time>
      </trkpt>
      <trkpt lat="47.005907" lon="9.858350">
        <ele>1871.579843</ele>
        <time>2026-09-12T14:37:21.999Z</time>
      </trkpt>
      <trkpt lat="47.005901" lon="9.858356">
        <ele>1871.547015</ele>
        <time>2026-09-12T14:37:22.999Z</time>
      </trkpt>
      <trkpt lat="47.005894" lon="9.858356">
        <ele>1871.515372</ele>
        <time>2026-09-12T14:37:23.999Z</time>
      </trkpt>
      <trkpt lat="47.005891" lon="9.858351">
        <ele>1871.494843</ele>
        <time>2026-09-12T14:37:24.999Z</time>
      </trkpt>
      <trkpt lat="47.005891" lon="9.858347">
        <ele>1871.482513</ele>
        <time>2026-09-12T14:37:25.999Z</time>
      </trkpt>
      <trkpt lat="47.005894" lon="9.858344">
        <ele>1871.466099</ele>
        <time>2026-09-12T14:37:26.999Z</time>
      </trkpt>
      <trkpt lat="47.005897" lon="9.858343">
        <ele>1871.452192</ele>
        <time>2026-09-12T14:37:27.999Z</time>
      </trkpt>
      <trkpt lat="47.005899" lon="9.858342">
        <ele>1871.442640</ele>
        <time>2026-09-12T14:37:28.999Z</time>
      </trkpt>
      <trkpt lat="47.005901" lon="9.858342">
        <ele>1871.433600</ele>
        <time>2026-09-12T14:37:29.999Z</time>
      </trkpt>
      <trkpt lat="47.005903" lon="9.858342">
        <ele>1871.424559</ele>
        <time>2026-09-12T14:37:30.999Z</time>
      </trkpt>
      <trkpt lat="47.005903" lon="9.858344">
        <ele>1871.418394</ele>
        <time>2026-09-12T14:37:31.999Z</time>
      </trkpt>
      <trkpt lat="47.005902" lon="9.858347">
        <ele>1871.408101</ele>
        <time>2026-09-12T14:37:32.999Z</time>
      </trkpt>
      <trkpt lat="47.005898" lon="9.858353">
        <ele>1871.382236</ele>
        <time>2026-09-12T14:37:33.999Z</time>
      </trkpt>
      <trkpt lat="47.005892" lon="9.858362">
        <ele>1871.343438</ele>
        <time>2026-09-12T14:37:34.999Z</time>
      </trkpt>
      <trkpt lat="47.005883" lon="9.858373">
        <ele>1871.290477</ele>
        <time>2026-09-12T14:37:35.999Z</time>
      </trkpt>
      <trkpt lat="47.005871" lon="9.858385">
        <ele>1871.224821</ele>
        <time>2026-09-12T14:37:36.999Z</time>
      </trkpt>
      <trkpt lat="47.005858" lon="9.858395">
        <ele>1871.158463</ele>
        <time>2026-09-12T14:37:37.999Z</time>
      </trkpt>
      <trkpt lat="47.005846" lon="9.858402">
        <ele>1871.100085</ele>
        <time>2026-09-12T14:37:38.999Z</time>
      </trkpt>
      <trkpt lat="47.005836" lon="9.858408">
        <ele>1871.051244</ele>
        <time>2026-09-12T14:37:39.999Z</time>
      </trkpt>
      <trkpt lat="47.005826" lon="9.858413">
        <ele>1871.003486</ele>
        <time>2026-09-12T14:37:40.999Z</time>
      </trkpt>
      <trkpt lat="47.005817" lon="9.858419">
        <ele>1870.958796</ele>
        <time>2026-09-12T14:37:41.999Z</time>
      </trkpt>
      <trkpt lat="47.005807" lon="9.858427">
        <ele>1870.907303</ele>
        <time>2026-09-12T14:37:42.999Z</time>
      </trkpt>
      <trkpt lat="47.005796" lon="9.858433">
        <ele>1870.854251</ele>
        <time>2026-09-12T14:37:43.999Z</time>
      </trkpt>
      <trkpt lat="47.005786" lon="9.858437">
        <ele>1870.807396</ele>
        <time>2026-09-12T14:37:44.999Z</time>
      </trkpt>
      <trkpt lat="47.005774" lon="9.858439">
        <ele>1870.752803</ele>
        <time>2026-09-12T14:37:45.999Z</time>
      </trkpt>
      <trkpt lat="47.005762" lon="9.858439">
        <ele>1870.698559</ele>
        <time>2026-09-12T14:37:46.999Z</time>
      </trkpt>
      <trkpt lat="47.005750" lon="9.858438">
        <ele>1870.644228</ele>
        <time>2026-09-12T14:37:47.999Z</time>
      </trkpt>
      <trkpt lat="47.005736" lon="9.858437">
        <ele>1870.580868</ele>
        <time>2026-09-12T14:37:48.999Z</time>
      </trkpt>
      <trkpt lat="47.005724" lon="9.858437">
        <ele>1870.526624</ele>
        <time>2026-09-12T14:37:49.999Z</time>
      </trkpt>
      <trkpt lat="47.005712" lon="9.858438">
        <ele>1870.464389</ele>
        <time>2026-09-12T14:37:50.999Z</time>
      </trkpt>
      <trkpt lat="47.005700" lon="9.858440">
        <ele>1870.375405</ele>
        <time>2026-09-12T14:37:51.999Z</time>
      </trkpt>
      <trkpt lat="47.005688" lon="9.858442">
        <ele>1870.286422</ele>
        <time>2026-09-12T14:37:52.999Z</time>
      </trkpt>
      <trkpt lat="47.005674" lon="9.858442">
        <ele>1870.183272</ele>
        <time>2026-09-12T14:37:53.999Z</time>
      </trkpt>
      <trkpt lat="47.005661" lon="9.858441">
        <ele>1870.087358</ele>
        <time>2026-09-12T14:37:54.999Z</time>
      </trkpt>
      <trkpt lat="47.005648" lon="9.858440">
        <ele>1869.991444</ele>
        <time>2026-09-12T14:37:55.999Z</time>
      </trkpt>
      <trkpt lat="47.005635" lon="9.858438">
        <ele>1869.895136</ele>
        <time>2026-09-12T14:37:56.999Z</time>
      </trkpt>
      <trkpt lat="47.005623" lon="9.858437">
        <ele>1869.806580</ele>
        <time>2026-09-12T14:37:57.999Z</time>
      </trkpt>
      <trkpt lat="47.005611" lon="9.858436">
        <ele>1869.718023</ele>
        <time>2026-09-12T14:37:58.999Z</time>
      </trkpt>
      <trkpt lat="47.005599" lon="9.858436">
        <ele>1869.629608</ele>
        <time>2026-09-12T14:37:59.999Z</time>
      </trkpt>
      <trkpt lat="47.005587" lon="9.858439">
        <ele>1869.539919</ele>
        <time>2026-09-12T14:38:00.999Z</time>
      </trkpt>
      <trkpt lat="47.005575" lon="9.858444">
        <ele>1869.448005</ele>
        <time>2026-09-12T14:38:01.999Z</time>
      </trkpt>
      <trkpt lat="47.005562" lon="9.858450">
        <ele>1869.347591</ele>
        <time>2026-09-12T14:38:02.999Z</time>
      </trkpt>
      <trkpt lat="47.005550" lon="9.858456">
        <ele>1869.254178</ele>
        <time>2026-09-12T14:38:03.999Z</time>
      </trkpt>
      <trkpt lat="47.005538" lon="9.858462">
        <ele>1869.160766</ele>
        <time>2026-09-12T14:38:04.999Z</time>
      </trkpt>
      <trkpt lat="47.005526" lon="9.858467">
        <ele>1869.068852</ele>
        <time>2026-09-12T14:38:05.999Z</time>
      </trkpt>
      <trkpt lat="47.005513" lon="9.858472">
        <ele>1868.969830</ele>
        <time>2026-09-12T14:38:06.999Z</time>
      </trkpt>
      <trkpt lat="47.005498" lon="9.858476">
        <ele>1868.857500</ele>
        <time>2026-09-12T14:38:07.999Z</time>
      </trkpt>
      <trkpt lat="47.005483" lon="9.858477">
        <ele>1868.746868</ele>
        <time>2026-09-12T14:38:08.999Z</time>
      </trkpt>
      <trkpt lat="47.005469" lon="9.858478">
        <ele>1868.643596</ele>
        <time>2026-09-12T14:38:09.999Z</time>
      </trkpt>
      <trkpt lat="47.005455" lon="9.858481">
        <ele>1868.539350</ele>
        <time>2026-09-12T14:38:10.999Z</time>
      </trkpt>
      <trkpt lat="47.005441" lon="9.858485">
        <ele>1868.434261</ele>
        <time>2026-09-12T14:38:11.999Z</time>
      </trkpt>
      <trkpt lat="47.005426" lon="9.858488">
        <ele>1868.322720</ele>
        <time>2026-09-12T14:38:12.999Z</time>
      </trkpt>
      <trkpt lat="47.005412" lon="9.858490">
        <ele>1868.219082</ele>
        <time>2026-09-12T14:38:13.999Z</time>
      </trkpt>
      <trkpt lat="47.005398" lon="9.858493">
        <ele>1868.114836</ele>
        <time>2026-09-12T14:38:14.999Z</time>
      </trkpt>
      <trkpt lat="47.005384" lon="9.858495">
        <ele>1868.011198</ele>
        <time>2026-09-12T14:38:15.999Z</time>
      </trkpt>
      <trkpt lat="47.005369" lon="9.858497">
        <ele>1867.900224</ele>
        <time>2026-09-12T14:38:16.999Z</time>
      </trkpt>
      <trkpt lat="47.005352" lon="9.858498">
        <ele>1867.774870</ele>
        <time>2026-09-12T14:38:17.999Z</time>
      </trkpt>
      <trkpt lat="47.005335" lon="9.858499">
        <ele>1867.649516</ele>
        <time>2026-09-12T14:38:18.999Z</time>
      </trkpt>
      <trkpt lat="47.005318" lon="9.858501">
        <ele>1867.523860</ele>
        <time>2026-09-12T14:38:19.999Z</time>
      </trkpt>
      <trkpt lat="47.005303" lon="9.858505">
        <ele>1867.411530</ele>
        <time>2026-09-12T14:38:20.999Z</time>
      </trkpt>
      <trkpt lat="47.005288" lon="9.858511">
        <ele>1867.296974</ele>
        <time>2026-09-12T14:38:21.999Z</time>
      </trkpt>
      <trkpt lat="47.005274" lon="9.858518">
        <ele>1867.187993</ele>
        <time>2026-09-12T14:38:22.999Z</time>
      </trkpt>
      <trkpt lat="47.005264" lon="9.858524">
        <ele>1867.108386</ele>
        <time>2026-09-12T14:38:23.999Z</time>
      </trkpt>
      <trkpt lat="47.005255" lon="9.858530">
        <ele>1867.035544</ele>
        <time>2026-09-12T14:38:24.999Z</time>
      </trkpt>
      <trkpt lat="47.005248" lon="9.858542">
        <ele>1866.956202</ele>
        <time>2026-09-12T14:38:25.999Z</time>
      </trkpt>
      <trkpt lat="47.005241" lon="9.858563">
        <ele>1866.838760</ele>
        <time>2026-09-12T14:38:26.999Z</time>
      </trkpt>
      <trkpt lat="47.005232" lon="9.858586">
        <ele>1866.705525</ele>
        <time>2026-09-12T14:38:27.999Z</time>
      </trkpt>
      <trkpt lat="47.005220" lon="9.858603">
        <ele>1866.582592</ele>
        <time>2026-09-12T14:38:28.999Z</time>
      </trkpt>
      <trkpt lat="47.005206" lon="9.858614">
        <ele>1866.465568</ele>
        <time>2026-09-12T14:38:29.999Z</time>
      </trkpt>
      <trkpt lat="47.005192" lon="9.858622">
        <ele>1866.354864</ele>
        <time>2026-09-12T14:38:30.999Z</time>
      </trkpt>
      <trkpt lat="47.005178" lon="9.858628">
        <ele>1866.247399</ele>
        <time>2026-09-12T14:38:31.999Z</time>
      </trkpt>
      <trkpt lat="47.005165" lon="9.858635">
        <ele>1866.145364</ele>
        <time>2026-09-12T14:38:32.999Z</time>
      </trkpt>
      <trkpt lat="47.005152" lon="9.858640">
        <ele>1866.046342</ele>
        <time>2026-09-12T14:38:33.999Z</time>
      </trkpt>
      <trkpt lat="47.005139" lon="9.858642">
        <ele>1865.950034</ele>
        <time>2026-09-12T14:38:34.999Z</time>
      </trkpt>
      <trkpt lat="47.005124" lon="9.858642">
        <ele>1865.839516</ele>
        <time>2026-09-12T14:38:35.999Z</time>
      </trkpt>
      <trkpt lat="47.005110" lon="9.858640">
        <ele>1865.735878</ele>
        <time>2026-09-12T14:38:36.999Z</time>
      </trkpt>
      <trkpt lat="47.005096" lon="9.858636">
        <ele>1865.630788</ele>
        <time>2026-09-12T14:38:37.999Z</time>
      </trkpt>
      <trkpt lat="47.005082" lon="9.858630">
        <ele>1865.523323</ele>
        <time>2026-09-12T14:38:38.999Z</time>
      </trkpt>
      <trkpt lat="47.005068" lon="9.858624">
        <ele>1865.415858</ele>
        <time>2026-09-12T14:38:39.999Z</time>
      </trkpt>
      <trkpt lat="47.005055" lon="9.858619">
        <ele>1865.316837</ele>
        <time>2026-09-12T14:38:40.999Z</time>
      </trkpt>
      <trkpt lat="47.005041" lon="9.858615">
        <ele>1865.211747</ele>
        <time>2026-09-12T14:38:41.999Z</time>
      </trkpt>
      <trkpt lat="47.005028" lon="9.858612">
        <ele>1865.114786</ele>
        <time>2026-09-12T14:38:42.999Z</time>
      </trkpt>
      <trkpt lat="47.005015" lon="9.858611">
        <ele>1865.018872</ele>
        <time>2026-09-12T14:38:43.999Z</time>
      </trkpt>
      <trkpt lat="47.005004" lon="9.858611">
        <ele>1864.937826</ele>
        <time>2026-09-12T14:38:44.999Z</time>
      </trkpt>
      <trkpt lat="47.004993" lon="9.858611">
        <ele>1864.856780</ele>
        <time>2026-09-12T14:38:45.999Z</time>
      </trkpt>
      <trkpt lat="47.004983" lon="9.858613">
        <ele>1864.782419</ele>
        <time>2026-09-12T14:38:46.999Z</time>
      </trkpt>
      <trkpt lat="47.004975" lon="9.858614">
        <ele>1864.723262</ele>
        <time>2026-09-12T14:38:47.999Z</time>
      </trkpt>
      <trkpt lat="47.004971" lon="9.858615">
        <ele>1864.693366</ele>
        <time>2026-09-12T14:38:48.999Z</time>
      </trkpt>
      <trkpt lat="47.004968" lon="9.858614">
        <ele>1864.670698</ele>
        <time>2026-09-12T14:38:49.999Z</time>
      </trkpt>
      <trkpt lat="47.004959" lon="9.858614">
        <ele>1864.604388</ele>
        <time>2026-09-12T14:38:50.999Z</time>
      </trkpt>
      <trkpt lat="47.004949" lon="9.858613">
        <ele>1864.530538</ele>
        <time>2026-09-12T14:38:51.999Z</time>
      </trkpt>
      <trkpt lat="47.004939" lon="9.858615">
        <ele>1864.456177</ele>
        <time>2026-09-12T14:38:52.999Z</time>
      </trkpt>
      <trkpt lat="47.004932" lon="9.858619">
        <ele>1864.400825</ele>
        <time>2026-09-12T14:38:53.999Z</time>
      </trkpt>
      <trkpt lat="47.004931" lon="9.858624">
        <ele>1864.374645</ele>
        <time>2026-09-12T14:38:54.999Z</time>
      </trkpt>
      <trkpt lat="47.004935" lon="9.858627">
        <ele>1864.341543</ele>
        <time>2026-09-12T14:38:55.999Z</time>
      </trkpt>
      <trkpt lat="47.004938" lon="9.858632">
        <ele>1864.308081</ele>
        <time>2026-09-12T14:38:56.999Z</time>
      </trkpt>
      <trkpt lat="47.004938" lon="9.858635">
        <ele>1864.293008</ele>
        <time>2026-09-12T14:38:57.999Z</time>
      </trkpt>
      <trkpt lat="47.004937" lon="9.858635">
        <ele>1864.285640</ele>
        <time>2026-09-12T14:38:58.999Z</time>
      </trkpt>
      <trkpt lat="47.004933" lon="9.858634">
        <ele>1864.255743</ele>
        <time>2026-09-12T14:38:59.999Z</time>
      </trkpt>
      <trkpt lat="47.004929" lon="9.858631">
        <ele>1864.222641</ele>
        <time>2026-09-12T14:39:00.999Z</time>
      </trkpt>
      <trkpt lat="47.004926" lon="9.858627">
        <ele>1864.192766</ele>
        <time>2026-09-12T14:39:01.999Z</time>
      </trkpt>
      <trkpt lat="47.004923" lon="9.858621">
        <ele>1864.155385</ele>
        <time>2026-09-12T14:39:02.999Z</time>
      </trkpt>
      <trkpt lat="47.004919" lon="9.858615">
        <ele>1864.113226</ele>
        <time>2026-09-12T14:39:03.999Z</time>
      </trkpt>
      <trkpt lat="47.004913" lon="9.858608">
        <ele>1864.056735</ele>
        <time>2026-09-12T14:39:04.999Z</time>
      </trkpt>
      <trkpt lat="47.004909" lon="9.858601">
        <ele>1864.010849</ele>
        <time>2026-09-12T14:39:05.999Z</time>
      </trkpt>
      <trkpt lat="47.004905" lon="9.858594">
        <ele>1863.964962</ele>
        <time>2026-09-12T14:39:06.999Z</time>
      </trkpt>
      <trkpt lat="47.004899" lon="9.858590">
        <ele>1863.916401</ele>
        <time>2026-09-12T14:39:07.999Z</time>
      </trkpt>
      <trkpt lat="47.004891" lon="9.858589">
        <ele>1863.857245</ele>
        <time>2026-09-12T14:39:08.999Z</time>
      </trkpt>
      <trkpt lat="47.004881" lon="9.858591">
        <ele>1863.782884</ele>
        <time>2026-09-12T14:39:09.999Z</time>
      </trkpt>
      <trkpt lat="47.004869" lon="9.858596">
        <ele>1863.690970</ele>
        <time>2026-09-12T14:39:10.999Z</time>
      </trkpt>
      <trkpt lat="47.004855" lon="9.858603">
        <ele>1863.581989</ele>
        <time>2026-09-12T14:39:11.999Z</time>
      </trkpt>
      <trkpt lat="47.004841" lon="9.858609">
        <ele>1863.474524</ele>
        <time>2026-09-12T14:39:12.999Z</time>
      </trkpt>
      <trkpt lat="47.004827" lon="9.858614">
        <ele>1863.368359</ele>
        <time>2026-09-12T14:39:13.999Z</time>
      </trkpt>
      <trkpt lat="47.004813" lon="9.858618">
        <ele>1863.263269</ele>
        <time>2026-09-12T14:39:14.999Z</time>
      </trkpt>
      <trkpt lat="47.004799" lon="9.858621">
        <ele>1863.159024</ele>
        <time>2026-09-12T14:39:15.999Z</time>
      </trkpt>
      <trkpt lat="47.004784" lon="9.858624">
        <ele>1863.047483</ele>
        <time>2026-09-12T14:39:16.999Z</time>
      </trkpt>
      <trkpt lat="47.004770" lon="9.858628">
        <ele>1862.942393</ele>
        <time>2026-09-12T14:39:17.999Z</time>
      </trkpt>
      <trkpt lat="47.004756" lon="9.858631">
        <ele>1862.838148</ele>
        <time>2026-09-12T14:39:18.999Z</time>
      </trkpt>
      <trkpt lat="47.004742" lon="9.858635">
        <ele>1862.733058</ele>
        <time>2026-09-12T14:39:19.999Z</time>
      </trkpt>
      <trkpt lat="47.004728" lon="9.858639">
        <ele>1862.627968</ele>
        <time>2026-09-12T14:39:20.999Z</time>
      </trkpt>
      <trkpt lat="47.004714" lon="9.858640">
        <ele>1862.524696</ele>
        <time>2026-09-12T14:39:21.999Z</time>
      </trkpt>
      <trkpt lat="47.004699" lon="9.858639">
        <ele>1862.414064</ele>
        <time>2026-09-12T14:39:22.999Z</time>
      </trkpt>
      <trkpt lat="47.004684" lon="9.858635">
        <ele>1862.301734</ele>
        <time>2026-09-12T14:39:23.999Z</time>
      </trkpt>
      <trkpt lat="47.004669" lon="9.858629">
        <ele>1862.187178</ele>
        <time>2026-09-12T14:39:24.999Z</time>
      </trkpt>
      <trkpt lat="47.004654" lon="9.858622">
        <ele>1862.071199</ele>
        <time>2026-09-12T14:39:25.999Z</time>
      </trkpt>
      <trkpt lat="47.004639" lon="9.858614">
        <ele>1861.953599</ele>
        <time>2026-09-12T14:39:26.999Z</time>
      </trkpt>
      <trkpt lat="47.004624" lon="9.858607">
        <ele>1861.837619</ele>
        <time>2026-09-12T14:39:27.999Z</time>
      </trkpt>
      <trkpt lat="47.004610" lon="9.858602">
        <ele>1861.731454</ele>
        <time>2026-09-12T14:39:28.999Z</time>
      </trkpt>
      <trkpt lat="47.004595" lon="9.858599">
        <ele>1861.619913</ele>
        <time>2026-09-12T14:39:29.999Z</time>
      </trkpt>
      <trkpt lat="47.004581" lon="9.858596">
        <ele>1861.515668</ele>
        <time>2026-09-12T14:39:30.999Z</time>
      </trkpt>
      <trkpt lat="47.004567" lon="9.858594">
        <ele>1861.412030</ele>
        <time>2026-09-12T14:39:31.999Z</time>
      </trkpt>
      <trkpt lat="47.004552" lon="9.858593">
        <ele>1861.301398</ele>
        <time>2026-09-12T14:39:32.999Z</time>
      </trkpt>
      <trkpt lat="47.004538" lon="9.858591">
        <ele>1861.197759</ele>
        <time>2026-09-12T14:39:33.999Z</time>
      </trkpt>
      <trkpt lat="47.004525" lon="9.858590">
        <ele>1861.101846</ele>
        <time>2026-09-12T14:39:34.999Z</time>
      </trkpt>
      <trkpt lat="47.004512" lon="9.858590">
        <ele>1861.006064</ele>
        <time>2026-09-12T14:39:35.999Z</time>
      </trkpt>
      <trkpt lat="47.004499" lon="9.858591">
        <ele>1860.910150</ele>
        <time>2026-09-12T14:39:36.999Z</time>
      </trkpt>
      <trkpt lat="47.004486" lon="9.858593">
        <ele>1860.813842</ele>
        <time>2026-09-12T14:39:37.999Z</time>
      </trkpt>
      <trkpt lat="47.004473" lon="9.858595">
        <ele>1860.717534</ele>
        <time>2026-09-12T14:39:38.999Z</time>
      </trkpt>
      <trkpt lat="47.004461" lon="9.858597">
        <ele>1860.628551</ele>
        <time>2026-09-12T14:39:39.999Z</time>
      </trkpt>
      <trkpt lat="47.004449" lon="9.858600">
        <ele>1860.538861</ele>
        <time>2026-09-12T14:39:40.999Z</time>
      </trkpt>
      <trkpt lat="47.004437" lon="9.858603">
        <ele>1860.449171</ele>
        <time>2026-09-12T14:39:41.999Z</time>
      </trkpt>
      <trkpt lat="47.004425" lon="9.858608">
        <ele>1860.357257</ele>
        <time>2026-09-12T14:39:42.999Z</time>
      </trkpt>
      <trkpt lat="47.004413" lon="9.858613">
        <ele>1860.265343</ele>
        <time>2026-09-12T14:39:43.999Z</time>
      </trkpt>
      <trkpt lat="47.004400" lon="9.858619">
        <ele>1860.164928</ele>
        <time>2026-09-12T14:39:44.999Z</time>
      </trkpt>
      <trkpt lat="47.004388" lon="9.858625">
        <ele>1860.071516</ele>
        <time>2026-09-12T14:39:45.999Z</time>
      </trkpt>
      <trkpt lat="47.004375" lon="9.858631">
        <ele>1859.971102</ele>
        <time>2026-09-12T14:39:46.999Z</time>
      </trkpt>
      <trkpt lat="47.004362" lon="9.858636">
        <ele>1859.872080</ele>
        <time>2026-09-12T14:39:47.999Z</time>
      </trkpt>
      <trkpt lat="47.004348" lon="9.858641">
        <ele>1859.765914</ele>
        <time>2026-09-12T14:39:48.999Z</time>
      </trkpt>
      <trkpt lat="47.004334" lon="9.858646">
        <ele>1859.659749</ele>
        <time>2026-09-12T14:39:49.999Z</time>
      </trkpt>
      <trkpt lat="47.004320" lon="9.858651">
        <ele>1859.553584</ele>
        <time>2026-09-12T14:39:50.999Z</time>
      </trkpt>
      <trkpt lat="47.004306" lon="9.858656">
        <ele>1859.447419</ele>
        <time>2026-09-12T14:39:51.999Z</time>
      </trkpt>
      <trkpt lat="47.004291" lon="9.858660">
        <ele>1859.335089</ele>
        <time>2026-09-12T14:39:52.999Z</time>
      </trkpt>
      <trkpt lat="47.004276" lon="9.858663">
        <ele>1859.223548</ele>
        <time>2026-09-12T14:39:53.999Z</time>
      </trkpt>
      <trkpt lat="47.004261" lon="9.858665">
        <ele>1859.112574</ele>
        <time>2026-09-12T14:39:54.999Z</time>
      </trkpt>
      <trkpt lat="47.004245" lon="9.858666">
        <ele>1858.994581</ele>
        <time>2026-09-12T14:39:55.999Z</time>
      </trkpt>
      <trkpt lat="47.004230" lon="9.858666">
        <ele>1858.884064</ele>
        <time>2026-09-12T14:39:56.999Z</time>
      </trkpt>
      <trkpt lat="47.004215" lon="9.858663">
        <ele>1858.772523</ele>
        <time>2026-09-12T14:39:57.999Z</time>
      </trkpt>
      <trkpt lat="47.004200" lon="9.858658">
        <ele>1858.659185</ele>
        <time>2026-09-12T14:39:58.999Z</time>
      </trkpt>
      <trkpt lat="47.004185" lon="9.858650">
        <ele>1858.541585</ele>
        <time>2026-09-12T14:39:59.999Z</time>
      </trkpt>
      <trkpt lat="47.004171" lon="9.858642">
        <ele>1858.430880</ele>
        <time>2026-09-12T14:40:00.999Z</time>
      </trkpt>
      <trkpt lat="47.004157" lon="9.858634">
        <ele>1858.320175</ele>
        <time>2026-09-12T14:40:01.999Z</time>
      </trkpt>
      <trkpt lat="47.004142" lon="9.858627">
        <ele>1858.204195</ele>
        <time>2026-09-12T14:40:02.999Z</time>
      </trkpt>
      <trkpt lat="47.004128" lon="9.858620">
        <ele>1858.095214</ele>
        <time>2026-09-12T14:40:03.999Z</time>
      </trkpt>
      <trkpt lat="47.004114" lon="9.858613">
        <ele>1857.986233</ele>
        <time>2026-09-12T14:40:04.999Z</time>
      </trkpt>
      <trkpt lat="47.004099" lon="9.858607">
        <ele>1857.871677</ele>
        <time>2026-09-12T14:40:05.999Z</time>
      </trkpt>
      <trkpt lat="47.004085" lon="9.858601">
        <ele>1857.764212</ele>
        <time>2026-09-12T14:40:06.999Z</time>
      </trkpt>
      <trkpt lat="47.004071" lon="9.858599">
        <ele>1857.660574</ele>
        <time>2026-09-12T14:40:07.999Z</time>
      </trkpt>
      <trkpt lat="47.004057" lon="9.858596">
        <ele>1857.556328</ele>
        <time>2026-09-12T14:40:08.999Z</time>
      </trkpt>
      <trkpt lat="47.004043" lon="9.858593">
        <ele>1857.452083</ele>
        <time>2026-09-12T14:40:09.999Z</time>
      </trkpt>
      <trkpt lat="47.004030" lon="9.858590">
        <ele>1857.355122</ele>
        <time>2026-09-12T14:40:10.999Z</time>
      </trkpt>
      <trkpt lat="47.004017" lon="9.858587">
        <ele>1857.258161</ele>
        <time>2026-09-12T14:40:11.999Z</time>
      </trkpt>
      <trkpt lat="47.004004" lon="9.858586">
        <ele>1857.067530</ele>
        <time>2026-09-12T14:40:12.999Z</time>
      </trkpt>
      <trkpt lat="47.003991" lon="9.858587">
        <ele>1856.842670</ele>
        <time>2026-09-12T14:40:13.999Z</time>
      </trkpt>
      <trkpt lat="47.003978" lon="9.858589">
        <ele>1856.616887</ele>
        <time>2026-09-12T14:40:14.999Z</time>
      </trkpt>
      <trkpt lat="47.003965" lon="9.858590">
        <ele>1856.392028</ele>
        <time>2026-09-12T14:40:15.999Z</time>
      </trkpt>
      <trkpt lat="47.003952" lon="9.858589">
        <ele>1856.167168</ele>
        <time>2026-09-12T14:40:16.999Z</time>
      </trkpt>
      <trkpt lat="47.003939" lon="9.858588">
        <ele>1855.942309</ele>
        <time>2026-09-12T14:40:17.999Z</time>
      </trkpt>
      <trkpt lat="47.003925" lon="9.858587">
        <ele>1855.700199</ele>
        <time>2026-09-12T14:40:18.999Z</time>
      </trkpt>
      <trkpt lat="47.003911" lon="9.858588">
        <ele>1855.458088</ele>
        <time>2026-09-12T14:40:19.999Z</time>
      </trkpt>
      <trkpt lat="47.003897" lon="9.858590">
        <ele>1855.215120</ele>
        <time>2026-09-12T14:40:20.999Z</time>
      </trkpt>
      <trkpt lat="47.003883" lon="9.858591">
        <ele>1854.973009</ele>
        <time>2026-09-12T14:40:21.999Z</time>
      </trkpt>
      <trkpt lat="47.003868" lon="9.858590">
        <ele>1854.713645</ele>
        <time>2026-09-12T14:40:22.999Z</time>
      </trkpt>
      <trkpt lat="47.003855" lon="9.858586">
        <ele>1854.484204</ele>
        <time>2026-09-12T14:40:23.999Z</time>
      </trkpt>
      <trkpt lat="47.003842" lon="9.858581">
        <ele>1854.252058</ele>
        <time>2026-09-12T14:40:24.999Z</time>
      </trkpt>
      <trkpt lat="47.003829" lon="9.858575">
        <ele>1854.016647</ele>
        <time>2026-09-12T14:40:25.999Z</time>
      </trkpt>
      <trkpt lat="47.003816" lon="9.858570">
        <ele>1853.784501</ele>
        <time>2026-09-12T14:40:26.999Z</time>
      </trkpt>
      <trkpt lat="47.003803" lon="9.858566">
        <ele>1853.555060</ele>
        <time>2026-09-12T14:40:27.999Z</time>
      </trkpt>
      <trkpt lat="47.003791" lon="9.858561">
        <ele>1853.339578</ele>
        <time>2026-09-12T14:40:28.999Z</time>
      </trkpt>
      <trkpt lat="47.003779" lon="9.858556">
        <ele>1853.124095</ele>
        <time>2026-09-12T14:40:29.999Z</time>
      </trkpt>
      <trkpt lat="47.003767" lon="9.858551">
        <ele>1852.908612</ele>
        <time>2026-09-12T14:40:30.999Z</time>
      </trkpt>
      <trkpt lat="47.003756" lon="9.858545">
        <ele>1852.705888</ele>
        <time>2026-09-12T14:40:31.999Z</time>
      </trkpt>
      <trkpt lat="47.003744" lon="9.858540">
        <ele>1852.490406</ele>
        <time>2026-09-12T14:40:32.999Z</time>
      </trkpt>
      <trkpt lat="47.003732" lon="9.858535">
        <ele>1852.274923</ele>
        <time>2026-09-12T14:40:33.999Z</time>
      </trkpt>
      <trkpt lat="47.003721" lon="9.858531">
        <ele>1852.079164</ele>
        <time>2026-09-12T14:40:34.999Z</time>
      </trkpt>
      <trkpt lat="47.003709" lon="9.858529">
        <ele>1851.870552</ele>
        <time>2026-09-12T14:40:35.999Z</time>
      </trkpt>
      <trkpt lat="47.003698" lon="9.858529">
        <ele>1851.680547</ele>
        <time>2026-09-12T14:40:36.999Z</time>
      </trkpt>
      <trkpt lat="47.003687" lon="9.858533">
        <ele>1851.484788</ele>
        <time>2026-09-12T14:40:37.999Z</time>
      </trkpt>
      <trkpt lat="47.003676" lon="9.858540">
        <ele>1851.277663</ele>
        <time>2026-09-12T14:40:38.999Z</time>
      </trkpt>
      <trkpt lat="47.003664" lon="9.858548">
        <ele>1851.049970</ele>
        <time>2026-09-12T14:40:39.999Z</time>
      </trkpt>
      <trkpt lat="47.003651" lon="9.858553">
        <ele>1850.817823</ele>
        <time>2026-09-12T14:40:40.999Z</time>
      </trkpt>
      <trkpt lat="47.003637" lon="9.858554">
        <ele>1850.575713</ele>
        <time>2026-09-12T14:40:41.999Z</time>
      </trkpt>
      <trkpt lat="47.003624" lon="9.858552">
        <ele>1850.349930</ele>
        <time>2026-09-12T14:40:42.999Z</time>
      </trkpt>
      <trkpt lat="47.003611" lon="9.858550">
        <ele>1850.124147</ele>
        <time>2026-09-12T14:40:43.999Z</time>
      </trkpt>
      <trkpt lat="47.003597" lon="9.858552">
        <ele>1849.881178</ele>
        <time>2026-09-12T14:40:44.999Z</time>
      </trkpt>
      <trkpt lat="47.003584" lon="9.858556">
        <ele>1849.651737</ele>
        <time>2026-09-12T14:40:45.999Z</time>
      </trkpt>
      <trkpt lat="47.003571" lon="9.858561">
        <ele>1849.419591</ele>
        <time>2026-09-12T14:40:46.999Z</time>
      </trkpt>
      <trkpt lat="47.003558" lon="9.858563">
        <ele>1849.193808</ele>
        <time>2026-09-12T14:40:47.999Z</time>
      </trkpt>
      <trkpt lat="47.003544" lon="9.858561">
        <ele>1848.950839</ele>
        <time>2026-09-12T14:40:48.999Z</time>
      </trkpt>
      <trkpt lat="47.003531" lon="9.858558">
        <ele>1848.723525</ele>
        <time>2026-09-12T14:40:49.999Z</time>
      </trkpt>
      <trkpt lat="47.003517" lon="9.858556">
        <ele>1848.480557</ele>
        <time>2026-09-12T14:40:50.999Z</time>
      </trkpt>
      <trkpt lat="47.003504" lon="9.858554">
        <ele>1848.254774</ele>
        <time>2026-09-12T14:40:51.999Z</time>
      </trkpt>
      <trkpt lat="47.003491" lon="9.858548">
        <ele>1848.019363</ele>
        <time>2026-09-12T14:40:52.999Z</time>
      </trkpt>
      <trkpt lat="47.003479" lon="9.858539">
        <ele>1847.786547</ele>
        <time>2026-09-12T14:40:53.999Z</time>
      </trkpt>
      <trkpt lat="47.003468" lon="9.858528">
        <ele>1847.556566</ele>
        <time>2026-09-12T14:40:54.999Z</time>
      </trkpt>
      <trkpt lat="47.003457" lon="9.858520">
        <ele>1847.344477</ele>
        <time>2026-09-12T14:40:55.999Z</time>
      </trkpt>
      <trkpt lat="47.003445" lon="9.858515">
        <ele>1847.128994</ele>
        <time>2026-09-12T14:40:56.999Z</time>
      </trkpt>
      <trkpt lat="47.003432" lon="9.858516">
        <ele>1846.904134</ele>
        <time>2026-09-12T14:40:57.999Z</time>
      </trkpt>
      <trkpt lat="47.003420" lon="9.858522">
        <ele>1846.685138</ele>
        <time>2026-09-12T14:40:58.999Z</time>
      </trkpt>
      <trkpt lat="47.003407" lon="9.858530">
        <ele>1846.441616</ele>
        <time>2026-09-12T14:40:59.999Z</time>
      </trkpt>
      <trkpt lat="47.003395" lon="9.858538">
        <ele>1846.213922</ele>
        <time>2026-09-12T14:41:00.999Z</time>
      </trkpt>
      <trkpt lat="47.003382" lon="9.858543">
        <ele>1845.981776</ele>
        <time>2026-09-12T14:41:01.999Z</time>
      </trkpt>
      <trkpt lat="47.003370" lon="9.858544">
        <ele>1845.774164</ele>
        <time>2026-09-12T14:41:02.999Z</time>
      </trkpt>
      <trkpt lat="47.003358" lon="9.858542">
        <ele>1845.565552</ele>
        <time>2026-09-12T14:41:03.999Z</time>
      </trkpt>
      <trkpt lat="47.003347" lon="9.858539">
        <ele>1845.372289</ele>
        <time>2026-09-12T14:41:04.999Z</time>
      </trkpt>
      <trkpt lat="47.003337" lon="9.858534">
        <ele>1845.189792</ele>
        <time>2026-09-12T14:41:05.999Z</time>
      </trkpt>
      <trkpt lat="47.003326" lon="9.858530">
        <ele>1844.994033</ele>
        <time>2026-09-12T14:41:06.999Z</time>
      </trkpt>
      <trkpt lat="47.003316" lon="9.858525">
        <ele>1844.811536</ele>
        <time>2026-09-12T14:41:07.999Z</time>
      </trkpt>
      <trkpt lat="47.003306" lon="9.858523">
        <ele>1844.637206</ele>
        <time>2026-09-12T14:41:08.999Z</time>
      </trkpt>
      <trkpt lat="47.003294" lon="9.858524">
        <ele>1844.429594</ele>
        <time>2026-09-12T14:41:09.999Z</time>
      </trkpt>
      <trkpt lat="47.003281" lon="9.858527">
        <ele>1844.202280</ele>
        <time>2026-09-12T14:41:10.999Z</time>
      </trkpt>
      <trkpt lat="47.003269" lon="9.858529">
        <ele>1843.993668</ele>
        <time>2026-09-12T14:41:11.999Z</time>
      </trkpt>
      <trkpt lat="47.003257" lon="9.858526">
        <ele>1843.783399</ele>
        <time>2026-09-12T14:41:12.999Z</time>
      </trkpt>
      <trkpt lat="47.003245" lon="9.858522">
        <ele>1843.570834</ele>
        <time>2026-09-12T14:41:13.999Z</time>
      </trkpt>
      <trkpt lat="47.003235" lon="9.858514">
        <ele>1843.374069</ele>
        <time>2026-09-12T14:41:14.999Z</time>
      </trkpt>
      <trkpt lat="47.003224" lon="9.858506">
        <ele>1843.161979</ele>
        <time>2026-09-12T14:41:15.999Z</time>
      </trkpt>
      <trkpt lat="47.003213" lon="9.858500">
        <ele>1842.959255</ele>
        <time>2026-09-12T14:41:16.999Z</time>
      </trkpt>
      <trkpt lat="47.003202" lon="9.858497">
        <ele>1842.765992</ele>
        <time>2026-09-12T14:41:18.000Z</time>
      </trkpt>
      <trkpt lat="47.003190" lon="9.858496">
        <ele>1842.558380</ele>
        <time>2026-09-12T14:41:18.999Z</time>
      </trkpt>
      <trkpt lat="47.003177" lon="9.858496">
        <ele>1842.333830</ele>
        <time>2026-09-12T14:41:19.999Z</time>
      </trkpt>
      <trkpt lat="47.003165" lon="9.858498">
        <ele>1842.125218</ele>
        <time>2026-09-12T14:41:20.999Z</time>
      </trkpt>
      <trkpt lat="47.003154" lon="9.858499">
        <ele>1841.934848</ele>
        <time>2026-09-12T14:41:21.999Z</time>
      </trkpt>
      <trkpt lat="47.003142" lon="9.858502">
        <ele>1841.724580</ele>
        <time>2026-09-12T14:41:22.999Z</time>
      </trkpt>
      <trkpt lat="47.003130" lon="9.858506">
        <ele>1841.512015</ele>
        <time>2026-09-12T14:41:23.999Z</time>
      </trkpt>
      <trkpt lat="47.003120" lon="9.858512">
        <ele>1841.325383</ele>
        <time>2026-09-12T14:41:24.999Z</time>
      </trkpt>
      <trkpt lat="47.003109" lon="9.858519">
        <ele>1841.118258</ele>
        <time>2026-09-12T14:41:25.999Z</time>
      </trkpt>
      <trkpt lat="47.003099" lon="9.858527">
        <ele>1840.921493</ele>
        <time>2026-09-12T14:41:26.999Z</time>
      </trkpt>
      <trkpt lat="47.003088" lon="9.858536">
        <ele>1840.703913</ele>
        <time>2026-09-12T14:41:27.999Z</time>
      </trkpt>
      <trkpt lat="47.003077" lon="9.858543">
        <ele>1840.496787</ele>
        <time>2026-09-12T14:41:28.999Z</time>
      </trkpt>
      <trkpt lat="47.003065" lon="9.858550">
        <ele>1840.273711</ele>
        <time>2026-09-12T14:41:29.999Z</time>
      </trkpt>
      <trkpt lat="47.003052" lon="9.858556">
        <ele>1840.038300</ele>
        <time>2026-09-12T14:41:30.999Z</time>
      </trkpt>
      <trkpt lat="47.003039" lon="9.858561">
        <ele>1839.806154</ele>
        <time>2026-09-12T14:41:31.999Z</time>
      </trkpt>
      <trkpt lat="47.003025" lon="9.858563">
        <ele>1839.563185</ele>
        <time>2026-09-12T14:41:32.999Z</time>
      </trkpt>
      <trkpt lat="47.003010" lon="9.858562">
        <ele>1839.303821</ele>
        <time>2026-09-12T14:41:33.999Z</time>
      </trkpt>
      <trkpt lat="47.002996" lon="9.858558">
        <ele>1839.057449</ele>
        <time>2026-09-12T14:41:34.999Z</time>
      </trkpt>
      <trkpt lat="47.002981" lon="9.858554">
        <ele>1838.794103</ele>
        <time>2026-09-12T14:41:35.999Z</time>
      </trkpt>
      <trkpt lat="47.002966" lon="9.858548">
        <ele>1838.525539</ele>
        <time>2026-09-12T14:41:36.999Z</time>
      </trkpt>
      <trkpt lat="47.002952" lon="9.858540">
        <ele>1838.266002</ele>
        <time>2026-09-12T14:41:37.999Z</time>
      </trkpt>
      <trkpt lat="47.002938" lon="9.858532">
        <ele>1838.006466</ele>
        <time>2026-09-12T14:41:38.999Z</time>
      </trkpt>
      <trkpt lat="47.002925" lon="9.858524">
        <ele>1837.762943</ele>
        <time>2026-09-12T14:41:39.999Z</time>
      </trkpt>
      <trkpt lat="47.002911" lon="9.858518">
        <ele>1837.511002</ele>
        <time>2026-09-12T14:41:40.999Z</time>
      </trkpt>
      <trkpt lat="47.002897" lon="9.858513">
        <ele>1837.262109</ele>
        <time>2026-09-12T14:41:41.999Z</time>
      </trkpt>
      <trkpt lat="47.002882" lon="9.858510">
        <ele>1837.000613</ele>
        <time>2026-09-12T14:41:42.999Z</time>
      </trkpt>
      <trkpt lat="47.002868" lon="9.858508">
        <ele>1836.757645</ele>
        <time>2026-09-12T14:41:43.999Z</time>
      </trkpt>
      <trkpt lat="47.002854" lon="9.858506">
        <ele>1836.514676</ele>
        <time>2026-09-12T14:41:44.999Z</time>
      </trkpt>
      <trkpt lat="47.002841" lon="9.858504">
        <ele>1836.288893</ele>
        <time>2026-09-12T14:41:45.999Z</time>
      </trkpt>
      <trkpt lat="47.002827" lon="9.858502">
        <ele>1836.045924</ele>
        <time>2026-09-12T14:41:46.999Z</time>
      </trkpt>
      <trkpt lat="47.002813" lon="9.858498">
        <ele>1835.799553</ele>
        <time>2026-09-12T14:41:47.999Z</time>
      </trkpt>
      <trkpt lat="47.002800" lon="9.858493">
        <ele>1835.567406</ele>
        <time>2026-09-12T14:41:48.999Z</time>
      </trkpt>
      <trkpt lat="47.002787" lon="9.858485">
        <ele>1835.323883</ele>
        <time>2026-09-12T14:41:49.999Z</time>
      </trkpt>
      <trkpt lat="47.002776" lon="9.858473">
        <ele>1835.087064</ele>
        <time>2026-09-12T14:41:50.999Z</time>
      </trkpt>
      <trkpt lat="47.002769" lon="9.858457">
        <ele>1834.863140</ele>
        <time>2026-09-12T14:41:51.999Z</time>
      </trkpt>
      <trkpt lat="47.002764" lon="9.858441">
        <ele>1834.655820</ele>
        <time>2026-09-12T14:41:52.999Z</time>
      </trkpt>
      <trkpt lat="47.002759" lon="9.858426">
        <ele>1834.459148</ele>
        <time>2026-09-12T14:41:53.999Z</time>
      </trkpt>
      <trkpt lat="47.002751" lon="9.858413">
        <ele>1834.252882</ele>
        <time>2026-09-12T14:41:54.999Z</time>
      </trkpt>
      <trkpt lat="47.002741" lon="9.858400">
        <ele>1834.022044</ele>
        <time>2026-09-12T14:41:55.999Z</time>
      </trkpt>
      <trkpt lat="47.002731" lon="9.858388">
        <ele>1833.798845</ele>
        <time>2026-09-12T14:41:56.999Z</time>
      </trkpt>
      <trkpt lat="47.002722" lon="9.858376">
        <ele>1833.588729</ele>
        <time>2026-09-12T14:41:57.999Z</time>
      </trkpt>
      <trkpt lat="47.002713" lon="9.858363">
        <ele>1833.370515</ele>
        <time>2026-09-12T14:41:58.999Z</time>
      </trkpt>
      <trkpt lat="47.002703" lon="9.858352">
        <ele>1833.154584</ele>
        <time>2026-09-12T14:41:59.999Z</time>
      </trkpt>
      <trkpt lat="47.002693" lon="9.858341">
        <ele>1832.938653</ele>
        <time>2026-09-12T14:42:00.999Z</time>
      </trkpt>
      <trkpt lat="47.002682" lon="9.858332">
        <ele>1832.721073</ele>
        <time>2026-09-12T14:42:01.999Z</time>
      </trkpt>
      <trkpt lat="47.002671" lon="9.858322">
        <ele>1832.497516</ele>
        <time>2026-09-12T14:42:02.999Z</time>
      </trkpt>
      <trkpt lat="47.002661" lon="9.858312">
        <ele>1832.288442</ele>
        <time>2026-09-12T14:42:03.999Z</time>
      </trkpt>
      <trkpt lat="47.002651" lon="9.858300">
        <ele>1832.065243</ele>
        <time>2026-09-12T14:42:04.999Z</time>
      </trkpt>
      <trkpt lat="47.002641" lon="9.858288">
        <ele>1831.842045</ele>
        <time>2026-09-12T14:42:05.999Z</time>
      </trkpt>
      <trkpt lat="47.002631" lon="9.858276">
        <ele>1831.618846</ele>
        <time>2026-09-12T14:42:06.999Z</time>
      </trkpt>
      <trkpt lat="47.002620" lon="9.858264">
        <ele>1831.382027</ele>
        <time>2026-09-12T14:42:07.999Z</time>
      </trkpt>
      <trkpt lat="47.002610" lon="9.858252">
        <ele>1831.158829</ele>
        <time>2026-09-12T14:42:08.999Z</time>
      </trkpt>
      <trkpt lat="47.002601" lon="9.858239">
        <ele>1830.940614</ele>
        <time>2026-09-12T14:42:09.999Z</time>
      </trkpt>
      <trkpt lat="47.002591" lon="9.858225">
        <ele>1830.701798</ele>
        <time>2026-09-12T14:42:10.999Z</time>
      </trkpt>
      <trkpt lat="47.002582" lon="9.858210">
        <ele>1830.466450</ele>
        <time>2026-09-12T14:42:11.999Z</time>
      </trkpt>
      <trkpt lat="47.002573" lon="9.858195">
        <ele>1830.231103</ele>
        <time>2026-09-12T14:42:12.999Z</time>
      </trkpt>
      <trkpt lat="47.002565" lon="9.858178">
        <ele>1829.987799</ele>
        <time>2026-09-12T14:42:13.999Z</time>
      </trkpt>
      <trkpt lat="47.002558" lon="9.858161">
        <ele>1829.753872</ele>
        <time>2026-09-12T14:42:14.999Z</time>
      </trkpt>
      <trkpt lat="47.002551" lon="9.858144">
        <ele>1829.519946</ele>
        <time>2026-09-12T14:42:15.999Z</time>
      </trkpt>
      <trkpt lat="47.002543" lon="9.858129">
        <ele>1829.295633</ele>
        <time>2026-09-12T14:42:17.000Z</time>
      </trkpt>
      <trkpt lat="47.002534" lon="9.858115">
        <ele>1829.068996</ele>
        <time>2026-09-12T14:42:18.000Z</time>
      </trkpt>
      <trkpt lat="47.002524" lon="9.858103">
        <ele>1828.845797</ele>
        <time>2026-09-12T14:42:19.000Z</time>
      </trkpt>
      <trkpt lat="47.002515" lon="9.858090">
        <ele>1828.627582</ele>
        <time>2026-09-12T14:42:20.000Z</time>
      </trkpt>
      <trkpt lat="47.002507" lon="9.858075">
        <ele>1828.403269</ele>
        <time>2026-09-12T14:42:21.000Z</time>
      </trkpt>
      <trkpt lat="47.002501" lon="9.858059">
        <ele>1828.188179</ele>
        <time>2026-09-12T14:42:22.000Z</time>
      </trkpt>
      <trkpt lat="47.002495" lon="9.858043">
        <ele>1827.973088</ele>
        <time>2026-09-12T14:42:23.000Z</time>
      </trkpt>
      <trkpt lat="47.002487" lon="9.858030">
        <ele>1827.766822</ele>
        <time>2026-09-12T14:42:24.000Z</time>
      </trkpt>
      <trkpt lat="47.002477" lon="9.858019">
        <ele>1827.550891</ele>
        <time>2026-09-12T14:42:25.000Z</time>
      </trkpt>
      <trkpt lat="47.002466" lon="9.858011">
        <ele>1827.338801</ele>
        <time>2026-09-12T14:42:26.000Z</time>
      </trkpt>
      <trkpt lat="47.002453" lon="9.858007">
        <ele>1827.109360</ele>
        <time>2026-09-12T14:42:27.000Z</time>
      </trkpt>
      <trkpt lat="47.002439" lon="9.858007">
        <ele>1826.867536</ele>
        <time>2026-09-12T14:42:28.000Z</time>
      </trkpt>
      <trkpt lat="47.002426" lon="9.858008">
        <ele>1826.642677</ele>
        <time>2026-09-12T14:42:29.000Z</time>
      </trkpt>
      <trkpt lat="47.002412" lon="9.858010">
        <ele>1826.399708</ele>
        <time>2026-09-12T14:42:30.000Z</time>
      </trkpt>
      <trkpt lat="47.002399" lon="9.858010">
        <ele>1826.175157</ele>
        <time>2026-09-12T14:42:31.000Z</time>
      </trkpt>
      <trkpt lat="47.002386" lon="9.858010">
        <ele>1826.052613</ele>
        <time>2026-09-12T14:42:32.000Z</time>
      </trkpt>
      <trkpt lat="47.002373" lon="9.858011">
        <ele>1825.934984</ele>
        <time>2026-09-12T14:42:33.000Z</time>
      </trkpt>
      <trkpt lat="47.002360" lon="9.858014">
        <ele>1825.816070</ele>
        <time>2026-09-12T14:42:34.000Z</time>
      </trkpt>
      <trkpt lat="47.002348" lon="9.858017">
        <ele>1825.706074</ele>
        <time>2026-09-12T14:42:35.000Z</time>
      </trkpt>
      <trkpt lat="47.002335" lon="9.858020">
        <ele>1825.587160</ele>
        <time>2026-09-12T14:42:36.000Z</time>
      </trkpt>
      <trkpt lat="47.002323" lon="9.858022">
        <ele>1825.478030</ele>
        <time>2026-09-12T14:42:37.000Z</time>
      </trkpt>
      <trkpt lat="47.002311" lon="9.858024">
        <ele>1825.368900</ele>
        <time>2026-09-12T14:42:38.000Z</time>
      </trkpt>
      <trkpt lat="47.002299" lon="9.858025">
        <ele>1825.260293</ele>
        <time>2026-09-12T14:42:39.000Z</time>
      </trkpt>
      <trkpt lat="47.002287" lon="9.858027">
        <ele>1825.151163</ele>
        <time>2026-09-12T14:42:40.000Z</time>
      </trkpt>
      <trkpt lat="47.002276" lon="9.858028">
        <ele>1825.051576</ele>
        <time>2026-09-12T14:42:41.000Z</time>
      </trkpt>
      <trkpt lat="47.002265" lon="9.858027">
        <ele>1824.951990</ele>
        <time>2026-09-12T14:42:42.000Z</time>
      </trkpt>
      <trkpt lat="47.002254" lon="9.858024">
        <ele>1824.850889</ele>
        <time>2026-09-12T14:42:43.000Z</time>
      </trkpt>
      <trkpt lat="47.002245" lon="9.858020">
        <ele>1824.765912</ele>
        <time>2026-09-12T14:42:44.000Z</time>
      </trkpt>
      <trkpt lat="47.002236" lon="9.858016">
        <ele>1824.680935</ele>
        <time>2026-09-12T14:42:45.000Z</time>
      </trkpt>
      <trkpt lat="47.002225" lon="9.858011">
        <ele>1824.576873</ele>
        <time>2026-09-12T14:42:46.000Z</time>
      </trkpt>
      <trkpt lat="47.002214" lon="9.858006">
        <ele>1824.472811</ele>
        <time>2026-09-12T14:42:47.000Z</time>
      </trkpt>
      <trkpt lat="47.002202" lon="9.858002">
        <ele>1824.361612</ele>
        <time>2026-09-12T14:42:48.000Z</time>
      </trkpt>
      <trkpt lat="47.002190" lon="9.857998">
        <ele>1824.250414</ele>
        <time>2026-09-12T14:42:49.000Z</time>
      </trkpt>
      <trkpt lat="47.002178" lon="9.857995">
        <ele>1824.140418</ele>
        <time>2026-09-12T14:42:50.000Z</time>
      </trkpt>
      <trkpt lat="47.002167" lon="9.857993">
        <ele>1824.040261</ele>
        <time>2026-09-12T14:42:51.000Z</time>
      </trkpt>
      <trkpt lat="47.002157" lon="9.857991">
        <ele>1823.949064</ele>
        <time>2026-09-12T14:42:52.000Z</time>
      </trkpt>
      <trkpt lat="47.002146" lon="9.857990">
        <ele>1823.849477</ele>
        <time>2026-09-12T14:42:53.000Z</time>
      </trkpt>
      <trkpt lat="47.002136" lon="9.857990">
        <ele>1823.759117</ele>
        <time>2026-09-12T14:42:54.000Z</time>
      </trkpt>
      <trkpt lat="47.002127" lon="9.857992">
        <ele>1823.676865</ele>
        <time>2026-09-12T14:42:55.000Z</time>
      </trkpt>
      <trkpt lat="47.002117" lon="9.857995">
        <ele>1823.584633</ele>
        <time>2026-09-12T14:42:56.000Z</time>
      </trkpt>
      <trkpt lat="47.002106" lon="9.857999">
        <ele>1823.482227</ele>
        <time>2026-09-12T14:42:57.000Z</time>
      </trkpt>
      <trkpt lat="47.002093" lon="9.858003">
        <ele>1823.362200</ele>
        <time>2026-09-12T14:42:58.000Z</time>
      </trkpt>
      <trkpt lat="47.002081" lon="9.858006">
        <ele>1823.252204</ele>
        <time>2026-09-12T14:42:59.000Z</time>
      </trkpt>
      <trkpt lat="47.002068" lon="9.858010">
        <ele>1823.132178</ele>
        <time>2026-09-12T14:43:00.000Z</time>
      </trkpt>
      <trkpt lat="47.002055" lon="9.858013">
        <ele>1823.013264</ele>
        <time>2026-09-12T14:43:01.000Z</time>
      </trkpt>
      <trkpt lat="47.002043" lon="9.858017">
        <ele>1822.902066</ele>
        <time>2026-09-12T14:43:02.000Z</time>
      </trkpt>
      <trkpt lat="47.002030" lon="9.858020">
        <ele>1822.783152</ele>
        <time>2026-09-12T14:43:03.000Z</time>
      </trkpt>
      <trkpt lat="47.002018" lon="9.858023">
        <ele>1822.673156</ele>
        <time>2026-09-12T14:43:04.000Z</time>
      </trkpt>
      <trkpt lat="47.002006" lon="9.858026">
        <ele>1822.563159</ele>
        <time>2026-09-12T14:43:05.000Z</time>
      </trkpt>
      <trkpt lat="47.001994" lon="9.858029">
        <ele>1822.453163</ele>
        <time>2026-09-12T14:43:06.000Z</time>
      </trkpt>
      <trkpt lat="47.001984" lon="9.858031">
        <ele>1822.361966</ele>
        <time>2026-09-12T14:43:07.000Z</time>
      </trkpt>
      <trkpt lat="47.001974" lon="9.858034">
        <ele>1822.269734</ele>
        <time>2026-09-12T14:43:08.000Z</time>
      </trkpt>
      <trkpt lat="47.001963" lon="9.858036">
        <ele>1822.169577</ele>
        <time>2026-09-12T14:43:09.000Z</time>
      </trkpt>
      <trkpt lat="47.001950" lon="9.858039">
        <ele>1822.050664</ele>
        <time>2026-09-12T14:43:10.000Z</time>
      </trkpt>
      <trkpt lat="47.001938" lon="9.858042">
        <ele>1821.940667</ele>
        <time>2026-09-12T14:43:11.000Z</time>
      </trkpt>
      <trkpt lat="47.001924" lon="9.858043">
        <ele>1821.814013</ele>
        <time>2026-09-12T14:43:12.000Z</time>
      </trkpt>
      <trkpt lat="47.001909" lon="9.858043">
        <ele>1821.678473</ele>
        <time>2026-09-12T14:43:13.000Z</time>
      </trkpt>
      <trkpt lat="47.001895" lon="9.858044">
        <ele>1821.551820</ele>
        <time>2026-09-12T14:43:14.000Z</time>
      </trkpt>
      <trkpt lat="47.001881" lon="9.858045">
        <ele>1821.425166</ele>
        <time>2026-09-12T14:43:15.000Z</time>
      </trkpt>
      <trkpt lat="47.001867" lon="9.858047">
        <ele>1821.298063</ele>
        <time>2026-09-12T14:43:16.000Z</time>
      </trkpt>
      <trkpt lat="47.001854" lon="9.858049">
        <ele>1821.179950</ele>
        <time>2026-09-12T14:43:17.000Z</time>
      </trkpt>
      <trkpt lat="47.001841" lon="9.858052">
        <ele>1821.061037</ele>
        <time>2026-09-12T14:43:18.000Z</time>
      </trkpt>
      <trkpt lat="47.001827" lon="9.858055">
        <ele>1820.933189</ele>
        <time>2026-09-12T14:43:19.000Z</time>
      </trkpt>
      <trkpt lat="47.001814" lon="9.858060">
        <ele>1820.811747</ele>
        <time>2026-09-12T14:43:20.000Z</time>
      </trkpt>
      <trkpt lat="47.001802" lon="9.858065">
        <ele>1820.699023</ele>
        <time>2026-09-12T14:43:21.000Z</time>
      </trkpt>
      <trkpt lat="47.001789" lon="9.858070">
        <ele>1820.577581</ele>
        <time>2026-09-12T14:43:22.000Z</time>
      </trkpt>
      <trkpt lat="47.001777" lon="9.858077">
        <ele>1820.460884</ele>
        <time>2026-09-12T14:43:23.000Z</time>
      </trkpt>
      <trkpt lat="47.001765" lon="9.858085">
        <ele>1820.341772</ele>
        <time>2026-09-12T14:43:24.000Z</time>
      </trkpt>
      <trkpt lat="47.001754" lon="9.858095">
        <ele>1820.224823</ele>
        <time>2026-09-12T14:43:25.000Z</time>
      </trkpt>
      <trkpt lat="47.001743" lon="9.858105">
        <ele>1820.107874</ele>
        <time>2026-09-12T14:43:26.000Z</time>
      </trkpt>
      <trkpt lat="47.001732" lon="9.858116">
        <ele>1819.987565</ele>
        <time>2026-09-12T14:43:27.000Z</time>
      </trkpt>
      <trkpt lat="47.001720" lon="9.858126">
        <ele>1819.862845</ele>
        <time>2026-09-12T14:43:28.000Z</time>
      </trkpt>
      <trkpt lat="47.001708" lon="9.858137">
        <ele>1819.734969</ele>
        <time>2026-09-12T14:43:29.000Z</time>
      </trkpt>
      <trkpt lat="47.001697" lon="9.858147">
        <ele>1819.618020</ele>
        <time>2026-09-12T14:43:30.000Z</time>
      </trkpt>
      <trkpt lat="47.001684" lon="9.858157">
        <ele>1819.485370</ele>
        <time>2026-09-12T14:43:31.000Z</time>
      </trkpt>
      <trkpt lat="47.001672" lon="9.858165">
        <ele>1819.366257</ele>
        <time>2026-09-12T14:43:32.000Z</time>
      </trkpt>
      <trkpt lat="47.001660" lon="9.858173">
        <ele>1819.247145</ele>
        <time>2026-09-12T14:43:33.000Z</time>
      </trkpt>
      <trkpt lat="47.001647" lon="9.858179">
        <ele>1819.123995</ele>
        <time>2026-09-12T14:43:34.000Z</time>
      </trkpt>
      <trkpt lat="47.001635" lon="9.858184">
        <ele>1819.011271</ele>
        <time>2026-09-12T14:43:35.000Z</time>
      </trkpt>
      <trkpt lat="47.001622" lon="9.858187">
        <ele>1818.892357</ele>
        <time>2026-09-12T14:43:36.000Z</time>
      </trkpt>
      <trkpt lat="47.001609" lon="9.858190">
        <ele>1818.773443</ele>
        <time>2026-09-12T14:43:37.000Z</time>
      </trkpt>
      <trkpt lat="47.001596" lon="9.858192">
        <ele>1818.655330</ele>
        <time>2026-09-12T14:43:38.000Z</time>
      </trkpt>
      <trkpt lat="47.001584" lon="9.858194">
        <ele>1818.546200</ele>
        <time>2026-09-12T14:43:39.000Z</time>
      </trkpt>
      <trkpt lat="47.001572" lon="9.858197">
        <ele>1818.436204</ele>
        <time>2026-09-12T14:43:40.000Z</time>
      </trkpt>
      <trkpt lat="47.001561" lon="9.858201">
        <ele>1818.333797</ele>
        <time>2026-09-12T14:43:41.000Z</time>
      </trkpt>
      <trkpt lat="47.001549" lon="9.858208">
        <ele>1818.217100</ele>
        <time>2026-09-12T14:43:42.000Z</time>
      </trkpt>
      <trkpt lat="47.001536" lon="9.858216">
        <ele>1818.089707</ele>
        <time>2026-09-12T14:43:43.000Z</time>
      </trkpt>
      <trkpt lat="47.001524" lon="9.858224">
        <ele>1817.970594</ele>
        <time>2026-09-12T14:43:44.000Z</time>
      </trkpt>
      <trkpt lat="47.001512" lon="9.858231">
        <ele>1817.853897</ele>
        <time>2026-09-12T14:43:45.000Z</time>
      </trkpt>
      <trkpt lat="47.001500" lon="9.858238">
        <ele>1817.737200</ele>
        <time>2026-09-12T14:43:46.000Z</time>
      </trkpt>
      <trkpt lat="47.001488" lon="9.858244">
        <ele>1817.622637</ele>
        <time>2026-09-12T14:43:47.000Z</time>
      </trkpt>
      <trkpt lat="47.001476" lon="9.858251">
        <ele>1817.505940</ele>
        <time>2026-09-12T14:43:48.000Z</time>
      </trkpt>
      <trkpt lat="47.001464" lon="9.858260">
        <ele>1817.384147</ele>
        <time>2026-09-12T14:43:49.000Z</time>
      </trkpt>
      <trkpt lat="47.001452" lon="9.858269">
        <ele>1817.262355</ele>
        <time>2026-09-12T14:43:50.000Z</time>
      </trkpt>
      <trkpt lat="47.001441" lon="9.858278">
        <ele>1817.148533</ele>
        <time>2026-09-12T14:43:51.000Z</time>
      </trkpt>
      <trkpt lat="47.001429" lon="9.858287">
        <ele>1817.026740</ele>
        <time>2026-09-12T14:43:52.000Z</time>
      </trkpt>
      <trkpt lat="47.001418" lon="9.858296">
        <ele>1816.912918</ele>
        <time>2026-09-12T14:43:53.000Z</time>
      </trkpt>
      <trkpt lat="47.001407" lon="9.858306">
        <ele>1816.795969</ele>
        <time>2026-09-12T14:43:54.000Z</time>
      </trkpt>
      <trkpt lat="47.001396" lon="9.858317">
        <ele>1816.675659</ele>
        <time>2026-09-12T14:43:55.000Z</time>
      </trkpt>
      <trkpt lat="47.001386" lon="9.858328">
        <ele>1816.562699</ele>
        <time>2026-09-12T14:43:56.000Z</time>
      </trkpt>
      <trkpt lat="47.001375" lon="9.858339">
        <ele>1816.442389</ele>
        <time>2026-09-12T14:43:57.000Z</time>
      </trkpt>
      <trkpt lat="47.001364" lon="9.858349">
        <ele>1816.325441</ele>
        <time>2026-09-12T14:43:58.000Z</time>
      </trkpt>
      <trkpt lat="47.001352" lon="9.858357">
        <ele>1816.206328</ele>
        <time>2026-09-12T14:43:59.000Z</time>
      </trkpt>
      <trkpt lat="47.001339" lon="9.858363">
        <ele>1816.083178</ele>
        <time>2026-09-12T14:44:00.000Z</time>
      </trkpt>
      <trkpt lat="47.001326" lon="9.858367">
        <ele>1815.963152</ele>
        <time>2026-09-12T14:44:01.000Z</time>
      </trkpt>
      <trkpt lat="47.001311" lon="9.858367">
        <ele>1815.827612</ele>
        <time>2026-09-12T14:44:02.000Z</time>
      </trkpt>
      <trkpt lat="47.001296" lon="9.858364">
        <ele>1815.690817</ele>
        <time>2026-09-12T14:44:03.000Z</time>
      </trkpt>
      <trkpt lat="47.001281" lon="9.858357">
        <ele>1815.548579</ele>
        <time>2026-09-12T14:44:04.000Z</time>
      </trkpt>
      <trkpt lat="47.001267" lon="9.858347">
        <ele>1815.407864</ele>
        <time>2026-09-12T14:44:05.000Z</time>
      </trkpt>
      <trkpt lat="47.001253" lon="9.858337">
        <ele>1815.267149</ele>
        <time>2026-09-12T14:44:06.000Z</time>
      </trkpt>
      <trkpt lat="47.001239" lon="9.858327">
        <ele>1815.126434</ele>
        <time>2026-09-12T14:44:07.000Z</time>
      </trkpt>
      <trkpt lat="47.001225" lon="9.858317">
        <ele>1814.985719</ele>
        <time>2026-09-12T14:44:08.000Z</time>
      </trkpt>
      <trkpt lat="47.001212" lon="9.858307">
        <ele>1814.853068</ele>
        <time>2026-09-12T14:44:09.000Z</time>
      </trkpt>
      <trkpt lat="47.001199" lon="9.858298">
        <ele>1814.723165</ele>
        <time>2026-09-12T14:44:10.000Z</time>
      </trkpt>
      <trkpt lat="47.001185" lon="9.858290">
        <ele>1814.587395</ele>
        <time>2026-09-12T14:44:11.000Z</time>
      </trkpt>
      <trkpt lat="47.001171" lon="9.858283">
        <ele>1814.453739</ele>
        <time>2026-09-12T14:44:12.000Z</time>
      </trkpt>
      <trkpt lat="47.001157" lon="9.858277">
        <ele>1814.321942</ele>
        <time>2026-09-12T14:44:13.000Z</time>
      </trkpt>
      <trkpt lat="47.001142" lon="9.858271">
        <ele>1814.181449</ele>
        <time>2026-09-12T14:44:14.000Z</time>
      </trkpt>
      <trkpt lat="47.001127" lon="9.858264">
        <ele>1814.039211</ele>
        <time>2026-09-12T14:44:15.000Z</time>
      </trkpt>
      <trkpt lat="47.001112" lon="9.858257">
        <ele>1813.896972</ele>
        <time>2026-09-12T14:44:16.000Z</time>
      </trkpt>
      <trkpt lat="47.001098" lon="9.858250">
        <ele>1813.763316</ele>
        <time>2026-09-12T14:44:17.000Z</time>
      </trkpt>
      <trkpt lat="47.001084" lon="9.858242">
        <ele>1813.627545</ele>
        <time>2026-09-12T14:44:18.000Z</time>
      </trkpt>
      <trkpt lat="47.001070" lon="9.858234">
        <ele>1813.491775</ele>
        <time>2026-09-12T14:44:19.000Z</time>
      </trkpt>
      <trkpt lat="47.001056" lon="9.858226">
        <ele>1813.356004</ele>
        <time>2026-09-12T14:44:20.000Z</time>
      </trkpt>
      <trkpt lat="47.001041" lon="9.858218">
        <ele>1813.211777</ele>
        <time>2026-09-12T14:44:21.000Z</time>
      </trkpt>
      <trkpt lat="47.001027" lon="9.858209">
        <ele>1813.073650</ele>
        <time>2026-09-12T14:44:22.000Z</time>
      </trkpt>
      <trkpt lat="47.001014" lon="9.858199">
        <ele>1812.940999</ele>
        <time>2026-09-12T14:44:23.000Z</time>
      </trkpt>
      <trkpt lat="47.001002" lon="9.858188">
        <ele>1812.813122</ele>
        <time>2026-09-12T14:44:24.000Z</time>
      </trkpt>
      <trkpt lat="47.000990" lon="9.858178">
        <ele>1812.688402</ele>
        <time>2026-09-12T14:44:25.000Z</time>
      </trkpt>
      <trkpt lat="47.000978" lon="9.858168">
        <ele>1812.563682</ele>
        <time>2026-09-12T14:44:26.000Z</time>
      </trkpt>
      <trkpt lat="47.000965" lon="9.858159">
        <ele>1812.433780</ele>
        <time>2026-09-12T14:44:27.000Z</time>
      </trkpt>
      <trkpt lat="47.000951" lon="9.858154">
        <ele>1812.303578</ele>
        <time>2026-09-12T14:44:28.000Z</time>
      </trkpt>
      <trkpt lat="47.000938" lon="9.858148">
        <ele>1812.180428</ele>
        <time>2026-09-12T14:44:29.000Z</time>
      </trkpt>
      <trkpt lat="47.000925" lon="9.858142">
        <ele>1812.057278</ele>
        <time>2026-09-12T14:44:30.000Z</time>
      </trkpt>
      <trkpt lat="47.000911" lon="9.858136">
        <ele>1811.925482</ele>
        <time>2026-09-12T14:44:31.000Z</time>
      </trkpt>
      <trkpt lat="47.000897" lon="9.858130">
        <ele>1811.793685</ele>
        <time>2026-09-12T14:44:32.000Z</time>
      </trkpt>
      <trkpt lat="47.000883" lon="9.858124">
        <ele>1811.661889</ele>
        <time>2026-09-12T14:44:33.000Z</time>
      </trkpt>
      <trkpt lat="47.000869" lon="9.858116">
        <ele>1811.526118</ele>
        <time>2026-09-12T14:44:34.000Z</time>
      </trkpt>
      <trkpt lat="47.000856" lon="9.858107">
        <ele>1811.396215</ele>
        <time>2026-09-12T14:44:35.000Z</time>
      </trkpt>
      <trkpt lat="47.000843" lon="9.858095">
        <ele>1811.257409</ele>
        <time>2026-09-12T14:44:36.000Z</time>
      </trkpt>
      <trkpt lat="47.000831" lon="9.858083">
        <ele>1811.126161</ele>
        <time>2026-09-12T14:44:37.000Z</time>
      </trkpt>
      <trkpt lat="47.000819" lon="9.858070">
        <ele>1810.991345</ele>
        <time>2026-09-12T14:44:38.000Z</time>
      </trkpt>
      <trkpt lat="47.000806" lon="9.858059">
        <ele>1810.855722</ele>
        <time>2026-09-12T14:44:39.000Z</time>
      </trkpt>
      <trkpt lat="47.000794" lon="9.858048">
        <ele>1810.727845</ele>
        <time>2026-09-12T14:44:40.000Z</time>
      </trkpt>
      <trkpt lat="47.000781" lon="9.858039">
        <ele>1810.597942</ele>
        <time>2026-09-12T14:44:41.000Z</time>
      </trkpt>
      <trkpt lat="47.000769" lon="9.858030">
        <ele>1810.476149</ele>
        <time>2026-09-12T14:44:42.000Z</time>
      </trkpt>
      <trkpt lat="47.000756" lon="9.858020">
        <ele>1810.343498</ele>
        <time>2026-09-12T14:44:43.000Z</time>
      </trkpt>
      <trkpt lat="47.000743" lon="9.858008">
        <ele>1810.204692</ele>
        <time>2026-09-12T14:44:44.000Z</time>
      </trkpt>
      <trkpt lat="47.000729" lon="9.857997">
        <ele>1810.061171</ele>
        <time>2026-09-12T14:44:45.000Z</time>
      </trkpt>
      <trkpt lat="47.000716" lon="9.857985">
        <ele>1809.922364</ele>
        <time>2026-09-12T14:44:46.000Z</time>
      </trkpt>
      <trkpt lat="47.000703" lon="9.857973">
        <ele>1809.789043</ele>
        <time>2026-09-12T14:44:47.000Z</time>
      </trkpt>
      <trkpt lat="47.000691" lon="9.857960">
        <ele>1809.659985</ele>
        <time>2026-09-12T14:44:48.000Z</time>
      </trkpt>
      <trkpt lat="47.000678" lon="9.857948">
        <ele>1809.527107</ele>
        <time>2026-09-12T14:44:49.000Z</time>
      </trkpt>
      <trkpt lat="47.000665" lon="9.857935">
        <ele>1809.390994</ele>
        <time>2026-09-12T14:44:50.000Z</time>
      </trkpt>
      <trkpt lat="47.000652" lon="9.857922">
        <ele>1809.254881</ele>
        <time>2026-09-12T14:44:51.000Z</time>
      </trkpt>
      <trkpt lat="47.000638" lon="9.857910">
        <ele>1809.114607</ele>
        <time>2026-09-12T14:44:52.000Z</time>
      </trkpt>
      <trkpt lat="47.000625" lon="9.857899">
        <ele>1808.984775</ele>
        <time>2026-09-12T14:44:53.000Z</time>
      </trkpt>
      <trkpt lat="47.000611" lon="9.857888">
        <ele>1808.847384</ele>
        <time>2026-09-12T14:44:54.000Z</time>
      </trkpt>
      <trkpt lat="47.000597" lon="9.857878">
        <ele>1808.712678</ele>
        <time>2026-09-12T14:44:55.000Z</time>
      </trkpt>
      <trkpt lat="47.000582" lon="9.857867">
        <ele>1808.567604</ele>
        <time>2026-09-12T14:44:56.000Z</time>
      </trkpt>
      <trkpt lat="47.000568" lon="9.857857">
        <ele>1808.432899</ele>
        <time>2026-09-12T14:44:57.000Z</time>
      </trkpt>
      <trkpt lat="47.000554" lon="9.857847">
        <ele>1808.298193</ele>
        <time>2026-09-12T14:44:58.000Z</time>
      </trkpt>
      <trkpt lat="47.000540" lon="9.857839">
        <ele>1808.168221</ele>
        <time>2026-09-12T14:44:59.000Z</time>
      </trkpt>
      <trkpt lat="47.000526" lon="9.857830">
        <ele>1808.035992</ele>
        <time>2026-09-12T14:45:00.000Z</time>
      </trkpt>
      <trkpt lat="47.000511" lon="9.857822">
        <ele>1807.897924</ele>
        <time>2026-09-12T14:45:01.000Z</time>
      </trkpt>
      <trkpt lat="47.000497" lon="9.857814">
        <ele>1807.767952</ele>
        <time>2026-09-12T14:45:02.000Z</time>
      </trkpt>
      <trkpt lat="47.000483" lon="9.857806">
        <ele>1807.637980</ele>
        <time>2026-09-12T14:45:03.000Z</time>
      </trkpt>
      <trkpt lat="47.000468" lon="9.857798">
        <ele>1807.499912</ele>
        <time>2026-09-12T14:45:04.000Z</time>
      </trkpt>
      <trkpt lat="47.000454" lon="9.857788">
        <ele>1807.365206</ele>
        <time>2026-09-12T14:45:05.000Z</time>
      </trkpt>
      <trkpt lat="47.000441" lon="9.857778">
        <ele>1807.238220</ele>
        <time>2026-09-12T14:45:06.000Z</time>
      </trkpt>
      <trkpt lat="47.000428" lon="9.857765">
        <ele>1807.102108</ele>
        <time>2026-09-12T14:45:07.000Z</time>
      </trkpt>
      <trkpt lat="47.000415" lon="9.857753">
        <ele>1806.969229</ele>
        <time>2026-09-12T14:45:08.000Z</time>
      </trkpt>
      <trkpt lat="47.000402" lon="9.857742">
        <ele>1806.839397</ele>
        <time>2026-09-12T14:45:09.000Z</time>
      </trkpt>
      <trkpt lat="47.000389" lon="9.857733">
        <ele>1806.715042</ele>
        <time>2026-09-12T14:45:10.000Z</time>
      </trkpt>
      <trkpt lat="47.000375" lon="9.857723">
        <ele>1806.580337</ele>
        <time>2026-09-12T14:45:11.000Z</time>
      </trkpt>
      <trkpt lat="47.000362" lon="9.857712">
        <ele>1806.450505</ele>
        <time>2026-09-12T14:45:12.000Z</time>
      </trkpt>
      <trkpt lat="47.000349" lon="9.857702">
        <ele>1806.323519</ele>
        <time>2026-09-12T14:45:13.000Z</time>
      </trkpt>
      <trkpt lat="47.000335" lon="9.857694">
        <ele>1806.193547</ele>
        <time>2026-09-12T14:45:14.000Z</time>
      </trkpt>
      <trkpt lat="47.000321" lon="9.857687">
        <ele>1806.065598</ele>
        <time>2026-09-12T14:45:15.000Z</time>
      </trkpt>
      <trkpt lat="47.000306" lon="9.857683">
        <ele>1805.933719</ele>
        <time>2026-09-12T14:45:16.000Z</time>
      </trkpt>
      <trkpt lat="47.000290" lon="9.857680">
        <ele>1805.794191</ele>
        <time>2026-09-12T14:45:17.000Z</time>
      </trkpt>
      <trkpt lat="47.000274" lon="9.857678">
        <ele>1805.655287</ele>
        <time>2026-09-12T14:45:18.000Z</time>
      </trkpt>
      <trkpt lat="47.000259" lon="9.857678">
        <ele>1805.525536</ele>
        <time>2026-09-12T14:45:19.000Z</time>
      </trkpt>
      <trkpt lat="47.000244" lon="9.857678">
        <ele>1805.395785</ele>
        <time>2026-09-12T14:45:20.000Z</time>
      </trkpt>
      <trkpt lat="47.000229" lon="9.857680">
        <ele>1805.265498</ele>
        <time>2026-09-12T14:45:21.000Z</time>
      </trkpt>
      <trkpt lat="47.000214" lon="9.857681">
        <ele>1805.135613</ele>
        <time>2026-09-12T14:45:22.000Z</time>
      </trkpt>
      <trkpt lat="47.000200" lon="9.857681">
        <ele>1805.014512</ele>
        <time>2026-09-12T14:45:23.000Z</time>
      </trkpt>
      <trkpt lat="47.000186" lon="9.857678">
        <ele>1804.892124</ele>
        <time>2026-09-12T14:45:24.000Z</time>
      </trkpt>
      <trkpt lat="47.000172" lon="9.857672">
        <ele>1804.765956</ele>
        <time>2026-09-12T14:45:25.000Z</time>
      </trkpt>
      <trkpt lat="47.000159" lon="9.857663">
        <ele>1804.641601</ele>
        <time>2026-09-12T14:45:26.000Z</time>
      </trkpt>
      <trkpt lat="47.000146" lon="9.857653">
        <ele>1804.514615</ele>
        <time>2026-09-12T14:45:27.000Z</time>
      </trkpt>
      <trkpt lat="47.000133" lon="9.857643">
        <ele>1804.387629</ele>
        <time>2026-09-12T14:45:28.000Z</time>
      </trkpt>
      <trkpt lat="47.000119" lon="9.857634">
        <ele>1804.255400</ele>
        <time>2026-09-12T14:45:29.000Z</time>
      </trkpt>
      <trkpt lat="47.000106" lon="9.857626">
        <ele>1804.133447</ele>
        <time>2026-09-12T14:45:30.000Z</time>
      </trkpt>
      <trkpt lat="47.000092" lon="9.857620">
        <ele>1804.007279</ele>
        <time>2026-09-12T14:45:31.000Z</time>
      </trkpt>
      <trkpt lat="47.000078" lon="9.857615">
        <ele>1803.882638</ele>
        <time>2026-09-12T14:45:32.000Z</time>
      </trkpt>
      <trkpt lat="47.000063" lon="9.857611">
        <ele>1803.750758</ele>
        <time>2026-09-12T14:45:33.000Z</time>
      </trkpt>
      <trkpt lat="47.000048" lon="9.857610">
        <ele>1803.620873</ele>
        <time>2026-09-12T14:45:34.000Z</time>
      </trkpt>
      <trkpt lat="47.000033" lon="9.857610">
        <ele>1803.491122</ele>
        <time>2026-09-12T14:45:35.000Z</time>
      </trkpt>
      <trkpt lat="47.000018" lon="9.857610">
        <ele>1803.361370</ele>
        <time>2026-09-12T14:45:36.000Z</time>
      </trkpt>
      <trkpt lat="47.000003" lon="9.857609">
        <ele>1803.231485</ele>
        <time>2026-09-12T14:45:37.000Z</time>
      </trkpt>
      <trkpt lat="46.999987" lon="9.857608">
        <ele>1803.092958</ele>
        <time>2026-09-12T14:45:38.000Z</time>
      </trkpt>
      <trkpt lat="46.999972" lon="9.857607">
        <ele>1802.963073</ele>
        <time>2026-09-12T14:45:39.000Z</time>
      </trkpt>
      <trkpt lat="46.999957" lon="9.857605">
        <ele>1802.832786</ele>
        <time>2026-09-12T14:45:40.000Z</time>
      </trkpt>
      <trkpt lat="46.999942" lon="9.857604">
        <ele>1802.702901</ele>
        <time>2026-09-12T14:45:41.000Z</time>
      </trkpt>
      <trkpt lat="46.999927" lon="9.857604">
        <ele>1802.573150</ele>
        <time>2026-09-12T14:45:42.000Z</time>
      </trkpt>
      <trkpt lat="46.999912" lon="9.857605">
        <ele>1802.443264</ele>
        <time>2026-09-12T14:45:43.000Z</time>
      </trkpt>
      <trkpt lat="46.999898" lon="9.857605">
        <ele>1802.322163</ele>
        <time>2026-09-12T14:45:44.000Z</time>
      </trkpt>
      <trkpt lat="46.999883" lon="9.857605">
        <ele>1802.192412</ele>
        <time>2026-09-12T14:45:45.000Z</time>
      </trkpt>
      <trkpt lat="46.999869" lon="9.857606">
        <ele>1802.071167</ele>
        <time>2026-09-12T14:45:46.000Z</time>
      </trkpt>
      <trkpt lat="46.999856" lon="9.857608">
        <ele>1801.958099</ele>
        <time>2026-09-12T14:45:47.000Z</time>
      </trkpt>
      <trkpt lat="46.999843" lon="9.857611">
        <ele>1801.844264</ele>
        <time>2026-09-12T14:45:48.000Z</time>
      </trkpt>
      <trkpt lat="46.999831" lon="9.857613">
        <ele>1801.739794</ele>
        <time>2026-09-12T14:45:49.000Z</time>
      </trkpt>
      <trkpt lat="46.999819" lon="9.857616">
        <ele>1801.634495</ele>
        <time>2026-09-12T14:45:50.000Z</time>
      </trkpt>
      <trkpt lat="46.999807" lon="9.857620">
        <ele>1801.528046</ele>
        <time>2026-09-12T14:45:51.000Z</time>
      </trkpt>
      <trkpt lat="46.999794" lon="9.857622">
        <ele>1801.414978</ele>
        <time>2026-09-12T14:45:52.000Z</time>
      </trkpt>
      <trkpt lat="46.999781" lon="9.857623">
        <ele>1801.302372</ele>
        <time>2026-09-12T14:45:53.000Z</time>
      </trkpt>
      <trkpt lat="46.999767" lon="9.857623">
        <ele>1801.181271</ele>
        <time>2026-09-12T14:45:54.000Z</time>
      </trkpt>
      <trkpt lat="46.999754" lon="9.857624">
        <ele>1801.068665</ele>
        <time>2026-09-12T14:45:55.000Z</time>
      </trkpt>
      <trkpt lat="46.999740" lon="9.857626">
        <ele>1800.946991</ele>
        <time>2026-09-12T14:45:56.000Z</time>
      </trkpt>
      <trkpt lat="46.999726" lon="9.857629">
        <ele>1800.824603</ele>
        <time>2026-09-12T14:45:57.000Z</time>
      </trkpt>
      <trkpt lat="46.999712" lon="9.857633">
        <ele>1800.701224</ele>
        <time>2026-09-12T14:45:58.000Z</time>
      </trkpt>
      <trkpt lat="46.999698" lon="9.857638">
        <ele>1800.576583</ele>
        <time>2026-09-12T14:45:59.000Z</time>
      </trkpt>
      <trkpt lat="46.999683" lon="9.857643">
        <ele>1800.443521</ele>
        <time>2026-09-12T14:46:00.000Z</time>
      </trkpt>
      <trkpt lat="46.999669" lon="9.857647">
        <ele>1800.320142</ele>
        <time>2026-09-12T14:46:01.000Z</time>
      </trkpt>
      <trkpt lat="46.999654" lon="9.857651">
        <ele>1800.188262</ele>
        <time>2026-09-12T14:46:02.000Z</time>
      </trkpt>
      <trkpt lat="46.999640" lon="9.857654">
        <ele>1800.065875</ele>
        <time>2026-09-12T14:46:03.000Z</time>
      </trkpt>
      <trkpt lat="46.999626" lon="9.857656">
        <ele>1799.944200</ele>
        <time>2026-09-12T14:46:04.000Z</time>
      </trkpt>
      <trkpt lat="46.999612" lon="9.857658">
        <ele>1799.822526</ele>
        <time>2026-09-12T14:46:05.000Z</time>
      </trkpt>
      <trkpt lat="46.999599" lon="9.857661">
        <ele>1799.708690</ele>
        <time>2026-09-12T14:46:06.000Z</time>
      </trkpt>
      <trkpt lat="46.999585" lon="9.857664">
        <ele>1799.586303</ele>
        <time>2026-09-12T14:46:07.000Z</time>
      </trkpt>
      <trkpt lat="46.999572" lon="9.857666">
        <ele>1799.473234</ele>
        <time>2026-09-12T14:46:08.000Z</time>
      </trkpt>
      <trkpt lat="46.999558" lon="9.857669">
        <ele>1799.350847</ele>
        <time>2026-09-12T14:46:09.000Z</time>
      </trkpt>
      <trkpt lat="46.999544" lon="9.857670">
        <ele>1799.229602</ele>
        <time>2026-09-12T14:46:10.000Z</time>
      </trkpt>
      <trkpt lat="46.999530" lon="9.857670">
        <ele>1799.108501</ele>
        <time>2026-09-12T14:46:11.000Z</time>
      </trkpt>
      <trkpt lat="46.999517" lon="9.857670">
        <ele>1798.996050</ele>
        <time>2026-09-12T14:46:12.000Z</time>
      </trkpt>
      <trkpt lat="46.999502" lon="9.857670">
        <ele>1798.866299</ele>
        <time>2026-09-12T14:46:13.000Z</time>
      </trkpt>
      <trkpt lat="46.999488" lon="9.857671">
        <ele>1798.745054</ele>
        <time>2026-09-12T14:46:14.000Z</time>
      </trkpt>
      <trkpt lat="46.999473" lon="9.857672">
        <ele>1798.615169</ele>
        <time>2026-09-12T14:46:15.000Z</time>
      </trkpt>
      <trkpt lat="46.999459" lon="9.857675">
        <ele>1798.492781</ele>
        <time>2026-09-12T14:46:16.000Z</time>
      </trkpt>
      <trkpt lat="46.999444" lon="9.857680">
        <ele>1798.359719</ele>
        <time>2026-09-12T14:46:17.000Z</time>
      </trkpt>
      <trkpt lat="46.999430" lon="9.857687">
        <ele>1798.231771</ele>
        <time>2026-09-12T14:46:18.000Z</time>
      </trkpt>
      <trkpt lat="46.999415" lon="9.857694">
        <ele>1798.095606</ele>
        <time>2026-09-12T14:46:19.000Z</time>
      </trkpt>
      <trkpt lat="46.999400" lon="9.857699">
        <ele>1797.962545</ele>
        <time>2026-09-12T14:46:20.000Z</time>
      </trkpt>
      <trkpt lat="46.999384" lon="9.857703">
        <ele>1797.822146</ele>
        <time>2026-09-12T14:46:21.000Z</time>
      </trkpt>
      <trkpt lat="46.999369" lon="9.857706">
        <ele>1797.691193</ele>
        <time>2026-09-12T14:46:22.000Z</time>
      </trkpt>
      <trkpt lat="46.999353" lon="9.857708">
        <ele>1797.552290</ele>
        <time>2026-09-12T14:46:23.000Z</time>
      </trkpt>
      <trkpt lat="46.999338" lon="9.857710">
        <ele>1797.422003</ele>
        <time>2026-09-12T14:46:24.000Z</time>
      </trkpt>
      <trkpt lat="46.999322" lon="9.857712">
        <ele>1797.283100</ele>
        <time>2026-09-12T14:46:25.000Z</time>
      </trkpt>
      <trkpt lat="46.999307" lon="9.857715">
        <ele>1797.152147</ele>
        <time>2026-09-12T14:46:26.000Z</time>
      </trkpt>
      <trkpt lat="46.999291" lon="9.857717">
        <ele>1797.013244</ele>
        <time>2026-09-12T14:46:27.000Z</time>
      </trkpt>
      <trkpt lat="46.999276" lon="9.857721">
        <ele>1796.881364</ele>
        <time>2026-09-12T14:46:28.000Z</time>
      </trkpt>
      <trkpt lat="46.999261" lon="9.857727">
        <ele>1796.746872</ele>
        <time>2026-09-12T14:46:29.000Z</time>
      </trkpt>
      <trkpt lat="46.999246" lon="9.857732">
        <ele>1796.613810</ele>
        <time>2026-09-12T14:46:30.000Z</time>
      </trkpt>
      <trkpt lat="46.999231" lon="9.857738">
        <ele>1796.479317</ele>
        <time>2026-09-12T14:46:31.000Z</time>
      </trkpt>
      <trkpt lat="46.999216" lon="9.857744">
        <ele>1796.344824</ele>
        <time>2026-09-12T14:46:32.000Z</time>
      </trkpt>
      <trkpt lat="46.999202" lon="9.857750">
        <ele>1796.218656</ele>
        <time>2026-09-12T14:46:33.000Z</time>
      </trkpt>
      <trkpt lat="46.999188" lon="9.857755">
        <ele>1796.094014</ele>
        <time>2026-09-12T14:46:34.000Z</time>
      </trkpt>
      <trkpt lat="46.999174" lon="9.857762">
        <ele>1795.966066</ele>
        <time>2026-09-12T14:46:35.000Z</time>
      </trkpt>
      <trkpt lat="46.999160" lon="9.857768">
        <ele>1795.839898</ele>
        <time>2026-09-12T14:46:36.000Z</time>
      </trkpt>
      <trkpt lat="46.999146" lon="9.857776">
        <ele>1795.709925</ele>
        <time>2026-09-12T14:46:37.000Z</time>
      </trkpt>
      <trkpt lat="46.999132" lon="9.857785">
        <ele>1795.577696</ele>
        <time>2026-09-12T14:46:38.000Z</time>
      </trkpt>
      <trkpt lat="46.999119" lon="9.857794">
        <ele>1795.453340</ele>
        <time>2026-09-12T14:46:39.000Z</time>
      </trkpt>
      <trkpt lat="46.999106" lon="9.857805">
        <ele>1795.323508</ele>
        <time>2026-09-12T14:46:40.000Z</time>
      </trkpt>
      <trkpt lat="46.999093" lon="9.857816">
        <ele>1795.193675</ele>
        <time>2026-09-12T14:46:41.000Z</time>
      </trkpt>
      <trkpt lat="46.999079" lon="9.857826">
        <ele>1795.058969</ele>
        <time>2026-09-12T14:46:42.000Z</time>
      </trkpt>
      <trkpt lat="46.999066" lon="9.857836">
        <ele>1794.931982</ele>
        <time>2026-09-12T14:46:43.000Z</time>
      </trkpt>
      <trkpt lat="46.999052" lon="9.857845">
        <ele>1794.799753</ele>
        <time>2026-09-12T14:46:44.000Z</time>
      </trkpt>
      <trkpt lat="46.999039" lon="9.857854">
        <ele>1794.675397</ele>
        <time>2026-09-12T14:46:45.000Z</time>
      </trkpt>
      <trkpt lat="46.999026" lon="9.857863">
        <ele>1794.551042</ele>
        <time>2026-09-12T14:46:46.000Z</time>
      </trkpt>
      <trkpt lat="46.999012" lon="9.857870">
        <ele>1794.423093</ele>
        <time>2026-09-12T14:46:47.000Z</time>
      </trkpt>
      <trkpt lat="46.998998" lon="9.857874">
        <ele>1794.353580</ele>
        <time>2026-09-12T14:46:48.000Z</time>
      </trkpt>
      <trkpt lat="46.998984" lon="9.857873">
        <ele>1794.353580</ele>
        <time>2026-09-12T14:46:49.000Z</time>
      </trkpt>
      <trkpt lat="46.998971" lon="9.857871">
        <ele>1794.353580</ele>
        <time>2026-09-12T14:46:50.000Z</time>
      </trkpt>
      <trkpt lat="46.998957" lon="9.857872">
        <ele>1794.353580</ele>
        <time>2026-09-12T14:46:51.000Z</time>
      </trkpt>
      <trkpt lat="46.998944" lon="9.857877">
        <ele>1794.353580</ele>
        <time>2026-09-12T14:46:52.000Z</time>
      </trkpt>
      <trkpt lat="46.998931" lon="9.857885">
        <ele>1794.353580</ele>
        <time>2026-09-12T14:46:53.000Z</time>
      </trkpt>
      <trkpt lat="46.998918" lon="9.857895">
        <ele>1794.353580</ele>
        <time>2026-09-12T14:46:54.000Z</time>
      </trkpt>
      <trkpt lat="46.998905" lon="9.857904">
        <ele>1794.353580</ele>
        <time>2026-09-12T14:46:55.000Z</time>
      </trkpt>
      <trkpt lat="46.998893" lon="9.857912">
        <ele>1794.353580</ele>
        <time>2026-09-12T14:46:56.000Z</time>
      </trkpt>
      <trkpt lat="46.998880" lon="9.857921">
        <ele>1794.353580</ele>
        <time>2026-09-12T14:46:57.000Z</time>
      </trkpt>
      <trkpt lat="46.998867" lon="9.857930">
        <ele>1794.353580</ele>
        <time>2026-09-12T14:46:58.000Z</time>
      </trkpt>
      <trkpt lat="46.998854" lon="9.857939">
        <ele>1794.353580</ele>
        <time>2026-09-12T14:46:59.000Z</time>
      </trkpt>
      <trkpt lat="46.998841" lon="9.857949">
        <ele>1794.353580</ele>
        <time>2026-09-12T14:47:00.000Z</time>
      </trkpt>
      <trkpt lat="46.998829" lon="9.857959">
        <ele>1794.353580</ele>
        <time>2026-09-12T14:47:01.000Z</time>
      </trkpt>
      <trkpt lat="46.998816" lon="9.857968">
        <ele>1794.353580</ele>
        <time>2026-09-12T14:47:02.000Z</time>
      </trkpt>
      <trkpt lat="46.998802" lon="9.857978">
        <ele>1794.353580</ele>
        <time>2026-09-12T14:47:03.000Z</time>
      </trkpt>
      <trkpt lat="46.998789" lon="9.857987">
        <ele>1794.353580</ele>
        <time>2026-09-12T14:47:04.000Z</time>
      </trkpt>
      <trkpt lat="46.998775" lon="9.857997">
        <ele>1794.353580</ele>
        <time>2026-09-12T14:47:05.000Z</time>
      </trkpt>
      <trkpt lat="46.998762" lon="9.858009">
        <ele>1794.353580</ele>
        <time>2026-09-12T14:47:06.000Z</time>
      </trkpt>
      <trkpt lat="46.998749" lon="9.858022">
        <ele>1794.353580</ele>
        <time>2026-09-12T14:47:07.000Z</time>
      </trkpt>
      <trkpt lat="46.998736" lon="9.858037">
        <ele>1794.353580</ele>
        <time>2026-09-12T14:47:08.000Z</time>
      </trkpt>
      <trkpt lat="46.998722" lon="9.858051">
        <ele>1794.353580</ele>
        <time>2026-09-12T14:47:09.000Z</time>
      </trkpt>
      <trkpt lat="46.998708" lon="9.858064">
        <ele>1794.353580</ele>
        <time>2026-09-12T14:47:10.000Z</time>
      </trkpt>
      <trkpt lat="46.998694" lon="9.858074">
        <ele>1794.353580</ele>
        <time>2026-09-12T14:47:11.000Z</time>
      </trkpt>
      <trkpt lat="46.998679" lon="9.858082">
        <ele>1794.353580</ele>
        <time>2026-09-12T14:47:12.000Z</time>
      </trkpt>
      <trkpt lat="46.998664" lon="9.858091">
        <ele>1794.353580</ele>
        <time>2026-09-12T14:47:13.000Z</time>
      </trkpt>
      <trkpt lat="46.998649" lon="9.858100">
        <ele>1794.353580</ele>
        <time>2026-09-12T14:47:14.000Z</time>
      </trkpt>
      <trkpt lat="46.998634" lon="9.858108">
        <ele>1794.353580</ele>
        <time>2026-09-12T14:47:15.000Z</time>
      </trkpt>
      <trkpt lat="46.998619" lon="9.858117">
        <ele>1794.353580</ele>
        <time>2026-09-12T14:47:16.000Z</time>
      </trkpt>
      <trkpt lat="46.998604" lon="9.858128">
        <ele>1794.353580</ele>
        <time>2026-09-12T14:47:17.000Z</time>
      </trkpt>
      <trkpt lat="46.998591" lon="9.858142">
        <ele>1794.353580</ele>
        <time>2026-09-12T14:47:18.000Z</time>
      </trkpt>
      <trkpt lat="46.998578" lon="9.858156">
        <ele>1794.353580</ele>
        <time>2026-09-12T14:47:19.000Z</time>
      </trkpt>
      <trkpt lat="46.998565" lon="9.858170">
        <ele>1794.353580</ele>
        <time>2026-09-12T14:47:20.000Z</time>
      </trkpt>
      <trkpt lat="46.998552" lon="9.858182">
        <ele>1794.353580</ele>
        <time>2026-09-12T14:47:21.000Z</time>
      </trkpt>
      <trkpt lat="46.998538" lon="9.858194">
        <ele>1794.353580</ele>
        <time>2026-09-12T14:47:22.000Z</time>
      </trkpt>
      <trkpt lat="46.998525" lon="9.858203">
        <ele>1794.353580</ele>
        <time>2026-09-12T14:47:23.000Z</time>
      </trkpt>
      <trkpt lat="46.998510" lon="9.858209">
        <ele>1794.353580</ele>
        <time>2026-09-12T14:47:24.000Z</time>
      </trkpt>
      <trkpt lat="46.998496" lon="9.858213">
        <ele>1794.353580</ele>
        <time>2026-09-12T14:47:25.000Z</time>
      </trkpt>
      <trkpt lat="46.998482" lon="9.858215">
        <ele>1794.353580</ele>
        <time>2026-09-12T14:47:26.000Z</time>
      </trkpt>
      <trkpt lat="46.998467" lon="9.858216">
        <ele>1794.353580</ele>
        <time>2026-09-12T14:47:27.000Z</time>
      </trkpt>
      <trkpt lat="46.998453" lon="9.858218">
        <ele>1794.353580</ele>
        <time>2026-09-12T14:47:28.000Z</time>
      </trkpt>
      <trkpt lat="46.998439" lon="9.858222">
        <ele>1794.353580</ele>
        <time>2026-09-12T14:47:29.000Z</time>
      </trkpt>
      <trkpt lat="46.998425" lon="9.858226">
        <ele>1794.353580</ele>
        <time>2026-09-12T14:47:30.000Z</time>
      </trkpt>
      <trkpt lat="46.998411" lon="9.858232">
        <ele>1794.353580</ele>
        <time>2026-09-12T14:47:31.000Z</time>
      </trkpt>
      <trkpt lat="46.998398" lon="9.858240">
        <ele>1794.353580</ele>
        <time>2026-09-12T14:47:32.000Z</time>
      </trkpt>
      <trkpt lat="46.998386" lon="9.858248">
        <ele>1794.353580</ele>
        <time>2026-09-12T14:47:33.000Z</time>
      </trkpt>
      <trkpt lat="46.998373" lon="9.858252">
        <ele>1794.353580</ele>
        <time>2026-09-12T14:47:34.000Z</time>
      </trkpt>
      <trkpt lat="46.998360" lon="9.858252">
        <ele>1794.353580</ele>
        <time>2026-09-12T14:47:35.000Z</time>
      </trkpt>
      <trkpt lat="46.998348" lon="9.858250">
        <ele>1794.353580</ele>
        <time>2026-09-12T14:47:36.000Z</time>
      </trkpt>
      <trkpt lat="46.998336" lon="9.858247">
        <ele>1794.353580</ele>
        <time>2026-09-12T14:47:37.000Z</time>
      </trkpt>
      <trkpt lat="46.998325" lon="9.858242">
        <ele>1794.353580</ele>
        <time>2026-09-12T14:47:38.000Z</time>
      </trkpt>
      <trkpt lat="46.998314" lon="9.858236">
        <ele>1794.353580</ele>
        <time>2026-09-12T14:47:39.000Z</time>
      </trkpt>
      <trkpt lat="46.998304" lon="9.858231">
        <ele>1794.353580</ele>
        <time>2026-09-12T14:47:40.000Z</time>
      </trkpt>
      <trkpt lat="46.998294" lon="9.858226">
        <ele>1794.353580</ele>
        <time>2026-09-12T14:47:41.000Z</time>
      </trkpt>
      <trkpt lat="46.998284" lon="9.858218">
        <ele>1794.353580</ele>
        <time>2026-09-12T14:47:42.000Z</time>
      </trkpt>
      <trkpt lat="46.998278" lon="9.858204">
        <ele>1794.353580</ele>
        <time>2026-09-12T14:47:43.000Z</time>
      </trkpt>
      <trkpt lat="46.998276" lon="9.858188">
        <ele>1794.353580</ele>
        <time>2026-09-12T14:47:44.000Z</time>
      </trkpt>
      <trkpt lat="46.998276" lon="9.858176">
        <ele>1794.353580</ele>
        <time>2026-09-12T14:47:45.000Z</time>
      </trkpt>
      <trkpt lat="46.998277" lon="9.858172">
        <ele>1794.353580</ele>
        <time>2026-09-12T14:47:46.000Z</time>
      </trkpt>
      <trkpt lat="46.998282" lon="9.858176">
        <ele>1794.353580</ele>
        <time>2026-09-12T14:47:47.000Z</time>
      </trkpt>
      <trkpt lat="46.998286" lon="9.858181">
        <ele>1794.353580</ele>
        <time>2026-09-12T14:47:48.000Z</time>
      </trkpt>
      <trkpt lat="46.998292" lon="9.858185">
        <ele>1794.353580</ele>
        <time>2026-09-12T14:47:49.000Z</time>
      </trkpt>
      <trkpt lat="46.998295" lon="9.858187">
        <ele>1794.353580</ele>
        <time>2026-09-12T14:47:50.000Z</time>
      </trkpt>
      <trkpt lat="46.998293" lon="9.858186">
        <ele>1794.353580</ele>
        <time>2026-09-12T14:47:51.000Z</time>
      </trkpt>
      <trkpt lat="46.998290" lon="9.858185">
        <ele>1794.353580</ele>
        <time>2026-09-12T14:47:52.000Z</time>
      </trkpt>
      <trkpt lat="46.998290" lon="9.858184">
        <ele>1794.353580</ele>
        <time>2026-09-12T14:47:53.000Z</time>
      </trkpt>
      <trkpt lat="46.998290" lon="9.858184">
        <ele>1794.353580</ele>
        <time>2026-09-12T14:47:54.000Z</time>
      </trkpt>
      <trkpt lat="46.998290" lon="9.858184">
        <ele>1794.353580</ele>
        <time>2026-09-12T14:47:55.000Z</time>
      </trkpt>
      <trkpt lat="46.998291" lon="9.858185">
        <ele>1794.353580</ele>
        <time>2026-09-12T14:47:56.000Z</time>
      </trkpt>
      <trkpt lat="46.998291" lon="9.858187">
        <ele>1794.353580</ele>
        <time>2026-09-12T14:47:57.000Z</time>
      </trkpt>
      <trkpt lat="46.998292" lon="9.858189">
        <ele>1794.353580</ele>
        <time>2026-09-12T14:47:58.000Z</time>
      </trkpt>
      <trkpt lat="46.998293" lon="9.858189">
        <ele>1794.353580</ele>
        <time>2026-09-12T14:47:59.000Z</time>
      </trkpt>
      <trkpt lat="46.998293" lon="9.858189">
        <ele>1794.353580</ele>
        <time>2026-09-12T14:48:00.000Z</time>
      </trkpt>
      <trkpt lat="46.998293" lon="9.858189">
        <ele>1794.353580</ele>
        <time>2026-09-12T14:48:01.000Z</time>
      </trkpt>
      <trkpt lat="46.998294" lon="9.858189">
        <ele>1794.353580</ele>
        <time>2026-09-12T14:48:02.000Z</time>
      </trkpt>
      <trkpt lat="46.998294" lon="9.858189">
        <ele>1794.353580</ele>
        <time>2026-09-12T14:48:03.000Z</time>
      </trkpt>
      <trkpt lat="46.998293" lon="9.858188">
        <ele>1794.353580</ele>
        <time>2026-09-12T14:48:04.000Z</time>
      </trkpt>
      <trkpt lat="46.998293" lon="9.858187">
        <ele>1794.353580</ele>
        <time>2026-09-12T14:48:05.000Z</time>
      </trkpt>
      <trkpt lat="46.998293" lon="9.858185">
        <ele>1794.353580</ele>
        <time>2026-09-12T14:48:06.000Z</time>
      </trkpt>
      <trkpt lat="46.998292" lon="9.858184">
        <ele>1794.353580</ele>
        <time>2026-09-12T14:48:07.000Z</time>
      </trkpt>
      <trkpt lat="46.998292" lon="9.858183">
        <ele>1794.353580</ele>
        <time>2026-09-12T14:48:08.000Z</time>
      </trkpt>
      <trkpt lat="46.998292" lon="9.858182">
        <ele>1794.353580</ele>
        <time>2026-09-12T14:48:09.000Z</time>
      </trkpt>
      <trkpt lat="46.998292" lon="9.858181">
        <ele>1794.353580</ele>
        <time>2026-09-12T14:48:10.000Z</time>
      </trkpt>
      <trkpt lat="46.998292" lon="9.858180">
        <ele>1794.353580</ele>
        <time>2026-09-12T14:48:11.000Z</time>
      </trkpt>
      <trkpt lat="46.998293" lon="9.858179">
        <ele>1794.353580</ele>
        <time>2026-09-12T14:48:12.000Z</time>
      </trkpt>
      <trkpt lat="46.998294" lon="9.858179">
        <ele>1794.353580</ele>
        <time>2026-09-12T14:48:13.000Z</time>
      </trkpt>
      <trkpt lat="46.998297" lon="9.858180">
        <ele>1794.353580</ele>
        <time>2026-09-12T14:48:14.000Z</time>
      </trkpt>
      <trkpt lat="46.998300" lon="9.858182">
        <ele>1794.353580</ele>
        <time>2026-09-12T14:48:15.000Z</time>
      </trkpt>
      <trkpt lat="46.998302" lon="9.858182">
        <ele>1794.353580</ele>
        <time>2026-09-12T14:48:16.000Z</time>
      </trkpt>
      <trkpt lat="46.998302" lon="9.858182">
        <ele>1794.353580</ele>
        <time>2026-09-12T14:48:17.000Z</time>
      </trkpt>
      <trkpt lat="46.998302" lon="9.858181">
        <ele>1794.353580</ele>
        <time>2026-09-12T14:48:18.000Z</time>
      </trkpt>
      <trkpt lat="46.998302" lon="9.858181">
        <ele>1794.353580</ele>
        <time>2026-09-12T14:48:19.000Z</time>
      </trkpt>
      <trkpt lat="46.998302" lon="9.858181">
        <ele>1794.353580</ele>
        <time>2026-09-12T14:48:20.000Z</time>
      </trkpt>
      <trkpt lat="46.998302" lon="9.858180">
        <ele>1794.353580</ele>
        <time>2026-09-12T14:48:21.000Z</time>
      </trkpt>
      <trkpt lat="46.998303" lon="9.858181">
        <ele>1794.353580</ele>
        <time>2026-09-12T14:48:22.000Z</time>
      </trkpt>
      <trkpt lat="46.998304" lon="9.858181">
        <ele>1794.353580</ele>
        <time>2026-09-12T14:48:23.000Z</time>
      </trkpt>
      <trkpt lat="46.998305" lon="9.858183">
        <ele>1794.353580</ele>
        <time>2026-09-12T14:48:24.000Z</time>
      </trkpt>
      <trkpt lat="46.998307" lon="9.858184">
        <ele>1794.353580</ele>
        <time>2026-09-12T14:48:25.000Z</time>
      </trkpt>
      <trkpt lat="46.998307" lon="9.858185">
        <ele>1794.353580</ele>
        <time>2026-09-12T14:48:26.000Z</time>
      </trkpt>
      <trkpt lat="46.998306" lon="9.858186">
        <ele>1794.353580</ele>
        <time>2026-09-12T14:48:27.000Z</time>
      </trkpt>
      <trkpt lat="46.998304" lon="9.858186">
        <ele>1794.353580</ele>
        <time>2026-09-12T14:48:28.000Z</time>
      </trkpt>
      <trkpt lat="46.998300" lon="9.858185">
        <ele>1794.353580</ele>
        <time>2026-09-12T14:48:29.000Z</time>
      </trkpt>
      <trkpt lat="46.998293" lon="9.858182">
        <ele>1794.353580</ele>
        <time>2026-09-12T14:48:30.000Z</time>
      </trkpt>
      <trkpt lat="46.998283" lon="9.858177">
        <ele>1794.353580</ele>
        <time>2026-09-12T14:48:31.000Z</time>
      </trkpt>
      <trkpt lat="46.998272" lon="9.858172">
        <ele>1794.353580</ele>
        <time>2026-09-12T14:48:32.000Z</time>
      </trkpt>
      <trkpt lat="46.998262" lon="9.858167">
        <ele>1794.353580</ele>
        <time>2026-09-12T14:48:33.000Z</time>
      </trkpt>
      <trkpt lat="46.998253" lon="9.858161">
        <ele>1794.353580</ele>
        <time>2026-09-12T14:48:34.000Z</time>
      </trkpt>
      <trkpt lat="46.998245" lon="9.858154">
        <ele>1794.353580</ele>
        <time>2026-09-12T14:48:35.000Z</time>
      </trkpt>
      <trkpt lat="46.998235" lon="9.858147">
        <ele>1794.353580</ele>
        <time>2026-09-12T14:48:36.000Z</time>
      </trkpt>
      <trkpt lat="46.998225" lon="9.858138">
        <ele>1794.353580</ele>
        <time>2026-09-12T14:48:37.000Z</time>
      </trkpt>
      <trkpt lat="46.998213" lon="9.858128">
        <ele>1794.353580</ele>
        <time>2026-09-12T14:48:38.000Z</time>
      </trkpt>
      <trkpt lat="46.998203" lon="9.858115">
        <ele>1794.353580</ele>
        <time>2026-09-12T14:48:39.000Z</time>
      </trkpt>
      <trkpt lat="46.998193" lon="9.858100">
        <ele>1794.353580</ele>
        <time>2026-09-12T14:48:40.000Z</time>
      </trkpt>
      <trkpt lat="46.998187" lon="9.858084">
        <ele>1794.353580</ele>
        <time>2026-09-12T14:48:41.000Z</time>
      </trkpt>
      <trkpt lat="46.998183" lon="9.858069">
        <ele>1794.353580</ele>
        <time>2026-09-12T14:48:42.000Z</time>
      </trkpt>
      <trkpt lat="46.998180" lon="9.858053">
        <ele>1794.353580</ele>
        <time>2026-09-12T14:48:43.000Z</time>
      </trkpt>
      <trkpt lat="46.998178" lon="9.858038">
        <ele>1794.353580</ele>
        <time>2026-09-12T14:48:44.000Z</time>
      </trkpt>
      <trkpt lat="46.998178" lon="9.858021">
        <ele>1794.353580</ele>
        <time>2026-09-12T14:48:45.000Z</time>
      </trkpt>
      <trkpt lat="46.998178" lon="9.858003">
        <ele>1794.353580</ele>
        <time>2026-09-12T14:48:46.000Z</time>
      </trkpt>
      <trkpt lat="46.998176" lon="9.857985">
        <ele>1794.353580</ele>
        <time>2026-09-12T14:48:47.000Z</time>
      </trkpt>
      <trkpt lat="46.998173" lon="9.857968">
        <ele>1794.353580</ele>
        <time>2026-09-12T14:48:48.000Z</time>
      </trkpt>
      <trkpt lat="46.998172" lon="9.857953">
        <ele>1794.353580</ele>
        <time>2026-09-12T14:48:49.000Z</time>
      </trkpt>
      <trkpt lat="46.998171" lon="9.857939">
        <ele>1794.353580</ele>
        <time>2026-09-12T14:48:50.000Z</time>
      </trkpt>
      <trkpt lat="46.998172" lon="9.857934">
        <ele>1794.353580</ele>
        <time>2026-09-12T14:48:51.000Z</time>
      </trkpt>
      <trkpt lat="46.998175" lon="9.857935">
        <ele>1794.353580</ele>
        <time>2026-09-12T14:48:52.000Z</time>
      </trkpt>
      <trkpt lat="46.998179" lon="9.857937">
        <ele>1794.353580</ele>
        <time>2026-09-12T14:48:53.000Z</time>
      </trkpt>
      <trkpt lat="46.998186" lon="9.857938">
        <ele>1794.353580</ele>
        <time>2026-09-12T14:48:54.000Z</time>
      </trkpt>
      <trkpt lat="46.998195" lon="9.857939">
        <ele>1794.353580</ele>
        <time>2026-09-12T14:48:55.000Z</time>
      </trkpt>
      <trkpt lat="46.998205" lon="9.857940">
        <ele>1794.353580</ele>
        <time>2026-09-12T14:48:56.000Z</time>
      </trkpt>
      <trkpt lat="46.998216" lon="9.857939">
        <ele>1794.353580</ele>
        <time>2026-09-12T14:48:57.000Z</time>
      </trkpt>
      <trkpt lat="46.998225" lon="9.857938">
        <ele>1794.353580</ele>
        <time>2026-09-12T14:48:58.000Z</time>
      </trkpt>
      <trkpt lat="46.998233" lon="9.857935">
        <ele>1794.353580</ele>
        <time>2026-09-12T14:48:59.000Z</time>
      </trkpt>
      <trkpt lat="46.998238" lon="9.857931">
        <ele>1794.353580</ele>
        <time>2026-09-12T14:49:00.000Z</time>
      </trkpt>
      <trkpt lat="46.998242" lon="9.857927">
        <ele>1794.353580</ele>
        <time>2026-09-12T14:49:01.000Z</time>
      </trkpt>
      <trkpt lat="46.998247" lon="9.857923">
        <ele>1794.353580</ele>
        <time>2026-09-12T14:49:02.000Z</time>
      </trkpt>
      <trkpt lat="46.998251" lon="9.857919">
        <ele>1794.353580</ele>
        <time>2026-09-12T14:49:03.000Z</time>
      </trkpt>
      <trkpt lat="46.998256" lon="9.857914">
        <ele>1794.353580</ele>
        <time>2026-09-12T14:49:04.000Z</time>
      </trkpt>
      <trkpt lat="46.998261" lon="9.857909">
        <ele>1794.353580</ele>
        <time>2026-09-12T14:49:05.000Z</time>
      </trkpt>
      <trkpt lat="46.998264" lon="9.857905">
        <ele>1794.353580</ele>
        <time>2026-09-12T14:49:06.000Z</time>
      </trkpt>
      <trkpt lat="46.998266" lon="9.857902">
        <ele>1794.353580</ele>
        <time>2026-09-12T14:49:07.000Z</time>
      </trkpt>
      <trkpt lat="46.998267" lon="9.857901">
        <ele>1794.353580</ele>
        <time>2026-09-12T14:49:08.000Z</time>
      </trkpt>
      <trkpt lat="46.998268" lon="9.857901">
        <ele>1794.353580</ele>
        <time>2026-09-12T14:49:09.000Z</time>
      </trkpt>
      <trkpt lat="46.998269" lon="9.857901">
        <ele>1794.353580</ele>
        <time>2026-09-12T14:49:10.000Z</time>
      </trkpt>
      <trkpt lat="46.998268" lon="9.857902">
        <ele>1794.353580</ele>
        <time>2026-09-12T14:49:11.000Z</time>
      </trkpt>
      <trkpt lat="46.998266" lon="9.857903">
        <ele>1794.353580</ele>
        <time>2026-09-12T14:49:12.000Z</time>
      </trkpt>
      <trkpt lat="46.998265" lon="9.857905">
        <ele>1794.353580</ele>
        <time>2026-09-12T14:49:13.000Z</time>
      </trkpt>
      <trkpt lat="46.998263" lon="9.857906">
        <ele>1794.353580</ele>
        <time>2026-09-12T14:49:14.000Z</time>
      </trkpt>
      <trkpt lat="46.998262" lon="9.857905">
        <ele>1794.353580</ele>
        <time>2026-09-12T14:49:15.000Z</time>
      </trkpt>
      <trkpt lat="46.998261" lon="9.857899">
        <ele>1794.353580</ele>
        <time>2026-09-12T14:49:16.000Z</time>
      </trkpt>
      <trkpt lat="46.998259" lon="9.857891">
        <ele>1794.353580</ele>
        <time>2026-09-12T14:49:17.000Z</time>
      </trkpt>
      <trkpt lat="46.998258" lon="9.857886">
        <ele>1794.353580</ele>
        <time>2026-09-12T14:49:18.000Z</time>
      </trkpt>
      <trkpt lat="46.998258" lon="9.857886">
        <ele>1794.353580</ele>
        <time>2026-09-12T14:49:19.000Z</time>
      </trkpt>
      <trkpt lat="46.998259" lon="9.857889">
        <ele>1794.353580</ele>
        <time>2026-09-12T14:49:20.000Z</time>
      </trkpt>
      <trkpt lat="46.998260" lon="9.857892">
        <ele>1794.353580</ele>
        <time>2026-09-12T14:49:21.000Z</time>
      </trkpt>
      <trkpt lat="46.998260" lon="9.857895">
        <ele>1794.353580</ele>
        <time>2026-09-12T14:49:22.000Z</time>
      </trkpt>
      <trkpt lat="46.998261" lon="9.857897">
        <ele>1794.353580</ele>
        <time>2026-09-12T14:49:23.000Z</time>
      </trkpt>
      <trkpt lat="46.998262" lon="9.857899">
        <ele>1794.353580</ele>
        <time>2026-09-12T14:49:24.000Z</time>
      </trkpt>
      <trkpt lat="46.998262" lon="9.857901">
        <ele>1794.353580</ele>
        <time>2026-09-12T14:49:25.000Z</time>
      </trkpt>
      <trkpt lat="46.998262" lon="9.857903">
        <ele>1794.353580</ele>
        <time>2026-09-12T14:49:26.000Z</time>
      </trkpt>
      <trkpt lat="46.998261" lon="9.857905">
        <ele>1794.353580</ele>
        <time>2026-09-12T14:49:27.000Z</time>
      </trkpt>
      <trkpt lat="46.998261" lon="9.857907">
        <ele>1794.353580</ele>
        <time>2026-09-12T14:49:28.000Z</time>
      </trkpt>
      <trkpt lat="46.998261" lon="9.857909">
        <ele>1794.353580</ele>
        <time>2026-09-12T14:49:29.000Z</time>
      </trkpt>
      <trkpt lat="46.998261" lon="9.857911">
        <ele>1794.353580</ele>
        <time>2026-09-12T14:49:30.000Z</time>
      </trkpt>
      <trkpt lat="46.998261" lon="9.857912">
        <ele>1794.353580</ele>
        <time>2026-09-12T14:49:31.000Z</time>
      </trkpt>
      <trkpt lat="46.998263" lon="9.857912">
        <ele>1794.353580</ele>
        <time>2026-09-12T14:49:32.000Z</time>
      </trkpt>
      <trkpt lat="46.998264" lon="9.857911">
        <ele>1794.353580</ele>
        <time>2026-09-12T14:49:33.000Z</time>
      </trkpt>
      <trkpt lat="46.998267" lon="9.857909">
        <ele>1794.353580</ele>
        <time>2026-09-12T14:49:34.000Z</time>
      </trkpt>
      <trkpt lat="46.998270" lon="9.857907">
        <ele>1794.353580</ele>
        <time>2026-09-12T14:49:35.000Z</time>
      </trkpt>
      <trkpt lat="46.998275" lon="9.857905">
        <ele>1794.353580</ele>
        <time>2026-09-12T14:49:36.000Z</time>
      </trkpt>
      <trkpt lat="46.998283" lon="9.857903">
        <ele>1794.353580</ele>
        <time>2026-09-12T14:49:37.000Z</time>
      </trkpt>
      <trkpt lat="46.998291" lon="9.857901">
        <ele>1794.353580</ele>
        <time>2026-09-12T14:49:38.000Z</time>
      </trkpt>
      <trkpt lat="46.998298" lon="9.857900">
        <ele>1794.353580</ele>
        <time>2026-09-12T14:49:39.000Z</time>
      </trkpt>
      <trkpt lat="46.998302" lon="9.857898">
        <ele>1794.353580</ele>
        <time>2026-09-12T14:49:40.000Z</time>
      </trkpt>
      <trkpt lat="46.998304" lon="9.857897">
        <ele>1794.353580</ele>
        <time>2026-09-12T14:49:41.000Z</time>
      </trkpt>
      <trkpt lat="46.998302" lon="9.857896">
        <ele>1794.353580</ele>
        <time>2026-09-12T14:49:42.000Z</time>
      </trkpt>
      <trkpt lat="46.998298" lon="9.857896">
        <ele>1794.353580</ele>
        <time>2026-09-12T14:49:43.000Z</time>
      </trkpt>
      <trkpt lat="46.998292" lon="9.857895">
        <ele>1794.353580</ele>
        <time>2026-09-12T14:49:44.000Z</time>
      </trkpt>
      <trkpt lat="46.998285" lon="9.857892">
        <ele>1794.353580</ele>
        <time>2026-09-12T14:49:45.000Z</time>
      </trkpt>
      <trkpt lat="46.998279" lon="9.857887">
        <ele>1794.353580</ele>
        <time>2026-09-12T14:49:46.000Z</time>
      </trkpt>
      <trkpt lat="46.998273" lon="9.857883">
        <ele>1794.353580</ele>
        <time>2026-09-12T14:49:47.000Z</time>
      </trkpt>
      <trkpt lat="46.998270" lon="9.857880">
        <ele>1794.353580</ele>
        <time>2026-09-12T14:49:48.000Z</time>
      </trkpt>
      <trkpt lat="46.998271" lon="9.857879">
        <ele>1794.353580</ele>
        <time>2026-09-12T14:49:49.000Z</time>
      </trkpt>
      <trkpt lat="46.998273" lon="9.857880">
        <ele>1794.353580</ele>
        <time>2026-09-12T14:49:50.000Z</time>
      </trkpt>
      <trkpt lat="46.998275" lon="9.857881">
        <ele>1794.353580</ele>
        <time>2026-09-12T14:49:51.000Z</time>
      </trkpt>
      <trkpt lat="46.998277" lon="9.857882">
        <ele>1794.353580</ele>
        <time>2026-09-12T14:49:52.000Z</time>
      </trkpt>
      <trkpt lat="46.998277" lon="9.857883">
        <ele>1794.353580</ele>
        <time>2026-09-12T14:49:53.000Z</time>
      </trkpt>
      <trkpt lat="46.998277" lon="9.857883">
        <ele>1794.353580</ele>
        <time>2026-09-12T14:49:54.000Z</time>
      </trkpt>
      <trkpt lat="46.998276" lon="9.857884">
        <ele>1794.353580</ele>
        <time>2026-09-12T14:49:55.000Z</time>
      </trkpt>
      <trkpt lat="46.998276" lon="9.857885">
        <ele>1794.353580</ele>
        <time>2026-09-12T14:49:56.000Z</time>
      </trkpt>
      <trkpt lat="46.998275" lon="9.857887">
        <ele>1794.353580</ele>
        <time>2026-09-12T14:49:57.000Z</time>
      </trkpt>
      <trkpt lat="46.998275" lon="9.857888">
        <ele>1794.353580</ele>
        <time>2026-09-12T14:49:58.000Z</time>
      </trkpt>
      <trkpt lat="46.998276" lon="9.857889">
        <ele>1794.353580</ele>
        <time>2026-09-12T14:49:59.000Z</time>
      </trkpt>
      <trkpt lat="46.998278" lon="9.857889">
        <ele>1794.353580</ele>
        <time>2026-09-12T14:50:00.000Z</time>
      </trkpt>
      <trkpt lat="46.998279" lon="9.857889">
        <ele>1794.353580</ele>
        <time>2026-09-12T14:50:01.000Z</time>
      </trkpt>
      <trkpt lat="46.998282" lon="9.857887">
        <ele>1794.353580</ele>
        <time>2026-09-12T14:50:02.000Z</time>
      </trkpt>
      <trkpt lat="46.998284" lon="9.857886">
        <ele>1794.353580</ele>
        <time>2026-09-12T14:50:03.000Z</time>
      </trkpt>
      <trkpt lat="46.998287" lon="9.857884">
        <ele>1794.353580</ele>
        <time>2026-09-12T14:50:04.000Z</time>
      </trkpt>
      <trkpt lat="46.998289" lon="9.857882">
        <ele>1794.353580</ele>
        <time>2026-09-12T14:50:05.000Z</time>
      </trkpt>
      <trkpt lat="46.998291" lon="9.857880">
        <ele>1794.353580</ele>
        <time>2026-09-12T14:50:06.000Z</time>
      </trkpt>
      <trkpt lat="46.998295" lon="9.857878">
        <ele>1794.353580</ele>
        <time>2026-09-12T14:50:07.077Z</time>
      </trkpt>
      <trkpt lat="46.998319" lon="9.857869">
        <ele>1794.353580</ele>
        <time>2026-09-12T14:50:16.075Z</time>
      </trkpt>
      <trkpt lat="46.998320" lon="9.857870">
        <ele>1794.353580</ele>
        <time>2026-09-12T14:50:17.074Z</time>
      </trkpt>
      <trkpt lat="46.998320" lon="9.857874">
        <ele>1794.353580</ele>
        <time>2026-09-12T14:50:18.075Z</time>
      </trkpt>
      <trkpt lat="46.998320" lon="9.857878">
        <ele>1794.353580</ele>
        <time>2026-09-12T14:50:19.077Z</time>
      </trkpt>
      <trkpt lat="46.998319" lon="9.857884">
        <ele>1794.353580</ele>
        <time>2026-09-12T14:50:20.074Z</time>
      </trkpt>
      <trkpt lat="46.998318" lon="9.857889">
        <ele>1794.353580</ele>
        <time>2026-09-12T14:50:21.079Z</time>
      </trkpt>
      <trkpt lat="46.998316" lon="9.857896">
        <ele>1794.353580</ele>
        <time>2026-09-12T14:50:22.079Z</time>
      </trkpt>
      <trkpt lat="46.998314" lon="9.857903">
        <ele>1794.353580</ele>
        <time>2026-09-12T14:50:23.073Z</time>
      </trkpt>
      <trkpt lat="46.998311" lon="9.857912">
        <ele>1794.353580</ele>
        <time>2026-09-12T14:50:24.077Z</time>
      </trkpt>
      <trkpt lat="46.998307" lon="9.857921">
        <ele>1794.353580</ele>
        <time>2026-09-12T14:50:25.074Z</time>
      </trkpt>
      <trkpt lat="46.998304" lon="9.857930">
        <ele>1794.353580</ele>
        <time>2026-09-12T14:50:26.077Z</time>
      </trkpt>
      <trkpt lat="46.998302" lon="9.857939">
        <ele>1794.353580</ele>
        <time>2026-09-12T14:50:27.079Z</time>
      </trkpt>
      <trkpt lat="46.998298" lon="9.857949">
        <ele>1794.353580</ele>
        <time>2026-09-12T14:50:28.074Z</time>
      </trkpt>
      <trkpt lat="46.998294" lon="9.857960">
        <ele>1794.353580</ele>
        <time>2026-09-12T14:50:29.079Z</time>
      </trkpt>
      <trkpt lat="46.998291" lon="9.857969">
        <ele>1794.353580</ele>
        <time>2026-09-12T14:50:30.077Z</time>
      </trkpt>
      <trkpt lat="46.998287" lon="9.857978">
        <ele>1794.353580</ele>
        <time>2026-09-12T14:50:31.074Z</time>
      </trkpt>
      <trkpt lat="46.998282" lon="9.857986">
        <ele>1794.353580</ele>
        <time>2026-09-12T14:50:32.075Z</time>
      </trkpt>
      <trkpt lat="46.998277" lon="9.857993">
        <ele>1794.353580</ele>
        <time>2026-09-12T14:50:33.073Z</time>
      </trkpt>
      <trkpt lat="46.998272" lon="9.857998">
        <ele>1794.353580</ele>
        <time>2026-09-12T14:50:34.075Z</time>
      </trkpt>
      <trkpt lat="46.998267" lon="9.858003">
        <ele>1794.353580</ele>
        <time>2026-09-12T14:50:35.069Z</time>
      </trkpt>
      <trkpt lat="46.998262" lon="9.858004">
        <ele>1794.353580</ele>
        <time>2026-09-12T14:50:36.065Z</time>
      </trkpt>
      <trkpt lat="46.998259" lon="9.858011">
        <ele>1794.353580</ele>
        <time>2026-09-12T14:50:37.059Z</time>
      </trkpt>
      <trkpt lat="46.998256" lon="9.858016">
        <ele>1794.353580</ele>
        <time>2026-09-12T14:50:38.060Z</time>
      </trkpt>
      <trkpt lat="46.998254" lon="9.858016">
        <ele>1794.353580</ele>
        <time>2026-09-12T14:50:39.060Z</time>
      </trkpt>
      <trkpt lat="46.998254" lon="9.858011">
        <ele>1794.353580</ele>
        <time>2026-09-12T14:50:40.053Z</time>
      </trkpt>
      <trkpt lat="46.998258" lon="9.857995">
        <ele>1794.353580</ele>
        <time>2026-09-12T14:50:41.047Z</time>
      </trkpt>
      <trkpt lat="46.998260" lon="9.857978">
        <ele>1794.353580</ele>
        <time>2026-09-12T14:50:42.050Z</time>
      </trkpt>
      <trkpt lat="46.998263" lon="9.857957">
        <ele>1794.353580</ele>
        <time>2026-09-12T14:50:43.040Z</time>
      </trkpt>
      <trkpt lat="46.998268" lon="9.857936">
        <ele>1794.353580</ele>
        <time>2026-09-12T14:50:44.041Z</time>
      </trkpt>
      <trkpt lat="46.998273" lon="9.857917">
        <ele>1794.353580</ele>
        <time>2026-09-12T14:50:45.039Z</time>
      </trkpt>
      <trkpt lat="46.998280" lon="9.857903">
        <ele>1794.353580</ele>
        <time>2026-09-12T14:50:46.037Z</time>
      </trkpt>
      <trkpt lat="46.998287" lon="9.857902">
        <ele>1794.353580</ele>
        <time>2026-09-12T14:50:53.000Z</time>
      </trkpt>
      <trkpt lat="46.998281" lon="9.857910">
        <ele>1794.353580</ele>
        <time>2026-09-12T14:50:54.000Z</time>
      </trkpt>
      <trkpt lat="46.998273" lon="9.857912">
        <ele>1794.353580</ele>
        <time>2026-09-12T14:50:55.000Z</time>
      </trkpt>
      <trkpt lat="46.998266" lon="9.857910">
        <ele>1794.353580</ele>
        <time>2026-09-12T14:50:56.000Z</time>
      </trkpt>
      <trkpt lat="46.998258" lon="9.857905">
        <ele>1794.353580</ele>
        <time>2026-09-12T14:50:57.000Z</time>
      </trkpt>
      <trkpt lat="46.998251" lon="9.857900">
        <ele>1794.353580</ele>
        <time>2026-09-12T14:50:58.000Z</time>
      </trkpt>
      <trkpt lat="46.998246" lon="9.857897">
        <ele>1794.353580</ele>
        <time>2026-09-12T14:50:59.000Z</time>
      </trkpt>
      <trkpt lat="46.998247" lon="9.857895">
        <ele>1794.353580</ele>
        <time>2026-09-12T14:51:00.000Z</time>
      </trkpt>
      <trkpt lat="46.998251" lon="9.857894">
        <ele>1794.353580</ele>
        <time>2026-09-12T14:51:01.000Z</time>
      </trkpt>
      <trkpt lat="46.998255" lon="9.857893">
        <ele>1794.353580</ele>
        <time>2026-09-12T14:51:02.000Z</time>
      </trkpt>
      <trkpt lat="46.998260" lon="9.857892">
        <ele>1794.353580</ele>
        <time>2026-09-12T14:51:03.000Z</time>
      </trkpt>
      <trkpt lat="46.998263" lon="9.857893">
        <ele>1794.353580</ele>
        <time>2026-09-12T14:51:04.000Z</time>
      </trkpt>
      <trkpt lat="46.998265" lon="9.857895">
        <ele>1794.353580</ele>
        <time>2026-09-12T14:51:05.000Z</time>
      </trkpt>
      <trkpt lat="46.998267" lon="9.857898">
        <ele>1794.353580</ele>
        <time>2026-09-12T14:51:06.000Z</time>
      </trkpt>
      <trkpt lat="46.998270" lon="9.857901">
        <ele>1794.353580</ele>
        <time>2026-09-12T14:51:07.000Z</time>
      </trkpt>
      <trkpt lat="46.998273" lon="9.857905">
        <ele>1794.353580</ele>
        <time>2026-09-12T14:51:08.000Z</time>
      </trkpt>
      <trkpt lat="46.998274" lon="9.857907">
        <ele>1794.353580</ele>
        <time>2026-09-12T14:51:09.000Z</time>
      </trkpt>
      <trkpt lat="46.998274" lon="9.857909">
        <ele>1794.353580</ele>
        <time>2026-09-12T14:51:10.000Z</time>
      </trkpt>
      <trkpt lat="46.998273" lon="9.857911">
        <ele>1794.353580</ele>
        <time>2026-09-12T14:51:11.000Z</time>
      </trkpt>
      <trkpt lat="46.998273" lon="9.857912">
        <ele>1794.353580</ele>
        <time>2026-09-12T14:51:12.000Z</time>
      </trkpt>
      <trkpt lat="46.998272" lon="9.857914">
        <ele>1794.353580</ele>
        <time>2026-09-12T14:51:13.000Z</time>
      </trkpt>
      <trkpt lat="46.998271" lon="9.857915">
        <ele>1794.353580</ele>
        <time>2026-09-12T14:51:14.000Z</time>
      </trkpt>
      <trkpt lat="46.998271" lon="9.857916">
        <ele>1794.353580</ele>
        <time>2026-09-12T14:51:15.000Z</time>
      </trkpt>
      <trkpt lat="46.998271" lon="9.857917">
        <ele>1794.353580</ele>
        <time>2026-09-12T14:51:16.000Z</time>
      </trkpt>
      <trkpt lat="46.998271" lon="9.857917">
        <ele>1794.353580</ele>
        <time>2026-09-12T14:51:17.000Z</time>
      </trkpt>
      <trkpt lat="46.998272" lon="9.857918">
        <ele>1794.353580</ele>
        <time>2026-09-12T14:51:18.000Z</time>
      </trkpt>
      <trkpt lat="46.998272" lon="9.857918">
        <ele>1794.353580</ele>
        <time>2026-09-12T14:51:19.000Z</time>
      </trkpt>
      <trkpt lat="46.998271" lon="9.857918">
        <ele>1794.353580</ele>
        <time>2026-09-12T14:51:20.000Z</time>
      </trkpt>
      <trkpt lat="46.998270" lon="9.857919">
        <ele>1794.353580</ele>
        <time>2026-09-12T14:51:21.000Z</time>
      </trkpt>
      <trkpt lat="46.998269" lon="9.857919">
        <ele>1794.353580</ele>
        <time>2026-09-12T14:51:22.000Z</time>
      </trkpt>
      <trkpt lat="46.998268" lon="9.857919">
        <ele>1794.353580</ele>
        <time>2026-09-12T14:51:23.000Z</time>
      </trkpt>
      <trkpt lat="46.998267" lon="9.857920">
        <ele>1794.353580</ele>
        <time>2026-09-12T14:51:24.000Z</time>
      </trkpt>
      <trkpt lat="46.998267" lon="9.857920">
        <ele>1794.353580</ele>
        <time>2026-09-12T14:51:25.000Z</time>
      </trkpt>
      <trkpt lat="46.998267" lon="9.857920">
        <ele>1794.353580</ele>
        <time>2026-09-12T14:51:26.000Z</time>
      </trkpt>
      <trkpt lat="46.998267" lon="9.857920">
        <ele>1794.353580</ele>
        <time>2026-09-12T14:51:27.000Z</time>
      </trkpt>
      <trkpt lat="46.998267" lon="9.857920">
        <ele>1794.353580</ele>
        <time>2026-09-12T14:51:28.000Z</time>
      </trkpt>
      <trkpt lat="46.998267" lon="9.857920">
        <ele>1794.353580</ele>
        <time>2026-09-12T14:51:29.000Z</time>
      </trkpt>
      <trkpt lat="46.998267" lon="9.857920">
        <ele>1794.353580</ele>
        <time>2026-09-12T14:51:30.000Z</time>
      </trkpt>
      <trkpt lat="46.998267" lon="9.857920">
        <ele>1794.353580</ele>
        <time>2026-09-12T14:51:31.000Z</time>
      </trkpt>
      <trkpt lat="46.998267" lon="9.857920">
        <ele>1794.353580</ele>
        <time>2026-09-12T14:51:32.000Z</time>
      </trkpt>
      <trkpt lat="46.998267" lon="9.857920">
        <ele>1794.353580</ele>
        <time>2026-09-12T14:51:33.000Z</time>
      </trkpt>
      <trkpt lat="46.998268" lon="9.857920">
        <ele>1794.353580</ele>
        <time>2026-09-12T14:51:33.999Z</time>
      </trkpt>
      <trkpt lat="46.998269" lon="9.857919">
        <ele>1794.353580</ele>
        <time>2026-09-12T14:51:34.999Z</time>
      </trkpt>
      <trkpt lat="46.998270" lon="9.857919">
        <ele>1794.353580</ele>
        <time>2026-09-12T14:51:35.999Z</time>
      </trkpt>
      <trkpt lat="46.998272" lon="9.857919">
        <ele>1794.353580</ele>
        <time>2026-09-12T14:51:36.999Z</time>
      </trkpt>
      <trkpt lat="46.998273" lon="9.857919">
        <ele>1794.353580</ele>
        <time>2026-09-12T14:51:37.999Z</time>
      </trkpt>
      <trkpt lat="46.998274" lon="9.857918">
        <ele>1794.353580</ele>
        <time>2026-09-12T14:51:38.999Z</time>
      </trkpt>
      <trkpt lat="46.998275" lon="9.857918">
        <ele>1794.353580</ele>
        <time>2026-09-12T14:51:39.999Z</time>
      </trkpt>
      <trkpt lat="46.998275" lon="9.857918">
        <ele>1794.353580</ele>
        <time>2026-09-12T14:51:40.999Z</time>
      </trkpt>
      <trkpt lat="46.998275" lon="9.857918">
        <ele>1794.353580</ele>
        <time>2026-09-12T14:51:41.999Z</time>
      </trkpt>
      <trkpt lat="46.998275" lon="9.857918">
        <ele>1794.353580</ele>
        <time>2026-09-12T14:51:42.999Z</time>
      </trkpt>
      <trkpt lat="46.998275" lon="9.857918">
        <ele>1794.353580</ele>
        <time>2026-09-12T14:51:43.999Z</time>
      </trkpt>
      <trkpt lat="46.998275" lon="9.857918">
        <ele>1794.353580</ele>
        <time>2026-09-12T14:51:44.999Z</time>
      </trkpt>
      <trkpt lat="46.998275" lon="9.857918">
        <ele>1794.353580</ele>
        <time>2026-09-12T14:51:45.999Z</time>
      </trkpt>
      <trkpt lat="46.998275" lon="9.857918">
        <ele>1794.353580</ele>
        <time>2026-09-12T14:51:46.999Z</time>
      </trkpt>
      <trkpt lat="46.998274" lon="9.857917">
        <ele>1794.353580</ele>
        <time>2026-09-12T14:51:47.999Z</time>
      </trkpt>
      <trkpt lat="46.998274" lon="9.857916">
        <ele>1794.353580</ele>
        <time>2026-09-12T14:51:48.999Z</time>
      </trkpt>
      <trkpt lat="46.998273" lon="9.857915">
        <ele>1794.353580</ele>
        <time>2026-09-12T14:51:49.999Z</time>
      </trkpt>
      <trkpt lat="46.998272" lon="9.857914">
        <ele>1794.353580</ele>
        <time>2026-09-12T14:51:50.999Z</time>
      </trkpt>
      <trkpt lat="46.998271" lon="9.857912">
        <ele>1794.353580</ele>
        <time>2026-09-12T14:51:51.999Z</time>
      </trkpt>
      <trkpt lat="46.998271" lon="9.857910">
        <ele>1794.353580</ele>
        <time>2026-09-12T14:51:52.999Z</time>
      </trkpt>
      <trkpt lat="46.998271" lon="9.857909">
        <ele>1794.353580</ele>
        <time>2026-09-12T14:51:53.999Z</time>
      </trkpt>
      <trkpt lat="46.998271" lon="9.857908">
        <ele>1794.353580</ele>
        <time>2026-09-12T14:51:54.999Z</time>
      </trkpt>
      <trkpt lat="46.998270" lon="9.857908">
        <ele>1794.353580</ele>
        <time>2026-09-12T14:51:55.999Z</time>
      </trkpt>
      <trkpt lat="46.998270" lon="9.857907">
        <ele>1794.353580</ele>
        <time>2026-09-12T14:51:56.999Z</time>
      </trkpt>
      <trkpt lat="46.998269" lon="9.857907">
        <ele>1794.353580</ele>
        <time>2026-09-12T14:51:57.999Z</time>
      </trkpt>
      <trkpt lat="46.998268" lon="9.857906">
        <ele>1794.353580</ele>
        <time>2026-09-12T14:51:58.999Z</time>
      </trkpt>
      <trkpt lat="46.998267" lon="9.857906">
        <ele>1794.353580</ele>
        <time>2026-09-12T14:51:59.999Z</time>
      </trkpt>
      <trkpt lat="46.998266" lon="9.857905">
        <ele>1794.353580</ele>
        <time>2026-09-12T14:52:00.999Z</time>
      </trkpt>
      <trkpt lat="46.998265" lon="9.857904">
        <ele>1794.353580</ele>
        <time>2026-09-12T14:52:01.999Z</time>
      </trkpt>
      <trkpt lat="46.998265" lon="9.857903">
        <ele>1794.353580</ele>
        <time>2026-09-12T14:52:02.999Z</time>
      </trkpt>
      <trkpt lat="46.998263" lon="9.857902">
        <ele>1794.353580</ele>
        <time>2026-09-12T14:52:03.999Z</time>
      </trkpt>
      <trkpt lat="46.998262" lon="9.857901">
        <ele>1794.353580</ele>
        <time>2026-09-12T14:52:04.999Z</time>
      </trkpt>
      <trkpt lat="46.998260" lon="9.857900">
        <ele>1794.353580</ele>
        <time>2026-09-12T14:52:05.999Z</time>
      </trkpt>
      <trkpt lat="46.998258" lon="9.857900">
        <ele>1794.353580</ele>
        <time>2026-09-12T14:52:06.999Z</time>
      </trkpt>
      <trkpt lat="46.998257" lon="9.857900">
        <ele>1794.353580</ele>
        <time>2026-09-12T14:52:07.999Z</time>
      </trkpt>
      <trkpt lat="46.998257" lon="9.857900">
        <ele>1794.353580</ele>
        <time>2026-09-12T14:52:08.999Z</time>
      </trkpt>
      <trkpt lat="46.998256" lon="9.857901">
        <ele>1794.353580</ele>
        <time>2026-09-12T14:52:09.999Z</time>
      </trkpt>
      <trkpt lat="46.998255" lon="9.857902">
        <ele>1794.353580</ele>
        <time>2026-09-12T14:52:10.999Z</time>
      </trkpt>
      <trkpt lat="46.998254" lon="9.857903">
        <ele>1794.353580</ele>
        <time>2026-09-12T14:52:11.999Z</time>
      </trkpt>
      <trkpt lat="46.998254" lon="9.857904">
        <ele>1794.353580</ele>
        <time>2026-09-12T14:52:12.999Z</time>
      </trkpt>
      <trkpt lat="46.998253" lon="9.857905">
        <ele>1794.353580</ele>
        <time>2026-09-12T14:52:13.999Z</time>
      </trkpt>
      <trkpt lat="46.998253" lon="9.857906">
        <ele>1794.353580</ele>
        <time>2026-09-12T14:52:14.999Z</time>
      </trkpt>
      <trkpt lat="46.998253" lon="9.857907">
        <ele>1794.353580</ele>
        <time>2026-09-12T14:52:15.999Z</time>
      </trkpt>
      <trkpt lat="46.998253" lon="9.857907">
        <ele>1794.353580</ele>
        <time>2026-09-12T14:52:16.999Z</time>
      </trkpt>
      <trkpt lat="46.998254" lon="9.857905">
        <ele>1794.353580</ele>
        <time>2026-09-12T14:52:17.999Z</time>
      </trkpt>
      <trkpt lat="46.998255" lon="9.857904">
        <ele>1794.353580</ele>
        <time>2026-09-12T14:52:18.999Z</time>
      </trkpt>
      <trkpt lat="46.998256" lon="9.857903">
        <ele>1794.353580</ele>
        <time>2026-09-12T14:52:19.999Z</time>
      </trkpt>
      <trkpt lat="46.998257" lon="9.857902">
        <ele>1794.353580</ele>
        <time>2026-09-12T14:52:20.999Z</time>
      </trkpt>
      <trkpt lat="46.998257" lon="9.857900">
        <ele>1794.353580</ele>
        <time>2026-09-12T14:52:21.999Z</time>
      </trkpt>
      <trkpt lat="46.998257" lon="9.857899">
        <ele>1794.353580</ele>
        <time>2026-09-12T14:52:22.999Z</time>
      </trkpt>
      <trkpt lat="46.998257" lon="9.857897">
        <ele>1794.353580</ele>
        <time>2026-09-12T14:52:23.999Z</time>
      </trkpt>
      <trkpt lat="46.998257" lon="9.857896">
        <ele>1794.353580</ele>
        <time>2026-09-12T14:52:24.999Z</time>
      </trkpt>
      <trkpt lat="46.998257" lon="9.857895">
        <ele>1794.353580</ele>
        <time>2026-09-12T14:52:25.999Z</time>
      </trkpt>
      <trkpt lat="46.998257" lon="9.857894">
        <ele>1794.353580</ele>
        <time>2026-09-12T14:52:26.999Z</time>
      </trkpt>
      <trkpt lat="46.998258" lon="9.857893">
        <ele>1794.353580</ele>
        <time>2026-09-12T14:52:27.999Z</time>
      </trkpt>
      <trkpt lat="46.998259" lon="9.857892">
        <ele>1794.353580</ele>
        <time>2026-09-12T14:52:28.999Z</time>
      </trkpt>
      <trkpt lat="46.998260" lon="9.857891">
        <ele>1794.353580</ele>
        <time>2026-09-12T14:52:29.999Z</time>
      </trkpt>
      <trkpt lat="46.998260" lon="9.857891">
        <ele>1794.353580</ele>
        <time>2026-09-12T14:52:30.999Z</time>
      </trkpt>
      <trkpt lat="46.998259" lon="9.857891">
        <ele>1794.353580</ele>
        <time>2026-09-12T14:52:31.999Z</time>
      </trkpt>
    </trkseg>
  </trk>
</gpx>